order_id,customer_id,store_id,ordered_at,updated_at,status
1,15,7,2024-01-20 06:46:52,2024-01-21 23:46:52,returned
2,400,11,2024-01-04 10:56:06,2024-01-09 11:56:06,cancelled
3,459,7,2024-11-26 17:21:30,2024-11-30 10:21:30,completed
4,332,10,2024-08-24 12:45:30,2024-08-27 12:45:30,completed
5,142,5,2024-09-11 19:28:40,2024-09-19 09:28:40,cancelled
6,255,5,2024-04-10 18:01:41,2024-04-20 10:01:41,completed
7,433,3,2024-11-22 11:19:13,2024-11-29 11:19:13,returned
8,349,6,2024-09-11 03:46:22,2024-09-12 01:46:22,shipped
9,61,8,2024-01-21 20:18:19,2024-01-31 01:18:19,completed
10,162,12,2024-03-11 01:02:48,2024-03-19 08:02:48,placed
11,315,7,2024-09-03 00:31:54,2024-09-07 13:31:54,completed
12,356,6,2024-05-01 04:54:38,2024-05-02 13:54:38,shipped
13,486,7,2024-01-08 10:15:19,2024-01-10 20:15:19,shipped
14,449,11,2024-04-09 08:07:40,2024-04-17 13:07:40,completed
15,354,2,2024-06-10 20:37:47,2024-06-15 13:37:47,completed
16,402,2,2024-07-12 07:15:51,2024-07-14 09:15:51,completed
17,121,1,2024-01-05 22:49:58,2024-01-13 01:49:58,placed
18,371,12,2024-02-09 08:05:44,2024-02-18 23:05:44,completed
19,379,2,2024-02-06 21:26:59,2024-02-15 22:26:59,completed
20,225,10,2024-04-14 04:49:29,2024-04-23 12:49:29,completed
21,454,3,2024-02-13 21:45:48,2024-02-15 06:45:48,completed
22,225,3,2024-08-25 09:56:41,2024-08-29 10:56:41,completed
23,268,12,2024-09-29 01:52:50,2024-10-05 15:52:50,placed
24,6,11,2024-12-28 20:58:22,2024-12-30 12:58:22,completed
25,411,10,2024-06-23 00:34:53,2024-06-23 22:34:53,returned
26,106,11,2024-09-17 18:35:41,2024-09-22 14:35:41,cancelled
27,50,11,2024-03-27 02:49:58,2024-03-27 02:49:58,completed
28,477,7,2024-03-24 17:26:23,2024-03-29 14:26:23,returned
29,396,8,2024-06-26 15:09:50,2024-07-03 15:09:50,completed
30,165,9,2024-12-08 07:09:19,2024-12-12 09:09:19,completed
31,366,5,2024-09-23 15:40:52,2024-09-27 07:40:52,cancelled
32,299,10,2024-09-16 02:21:22,2024-09-23 15:21:22,completed
33,402,5,2024-03-20 05:25:34,2024-03-28 05:25:34,completed
34,341,1,2024-12-25 19:27:51,2024-12-29 20:27:51,completed
35,379,10,2024-03-17 07:13:28,2024-03-25 13:13:28,completed
36,194,1,2024-06-15 09:58:56,2024-06-18 08:58:56,completed
37,339,5,2024-07-09 12:15:58,2024-07-17 22:15:58,completed
38,453,4,2024-09-14 14:43:31,2024-09-18 02:43:31,completed
39,491,1,2024-09-22 01:50:23,2024-10-01 11:50:23,completed
40,395,6,2024-07-18 17:42:28,2024-07-27 06:42:28,completed
41,351,7,2024-11-20 12:57:47,2024-11-21 14:57:47,shipped
42,117,5,2024-06-07 07:24:46,2024-06-11 10:24:46,completed
43,149,11,2024-04-27 00:47:31,2024-05-03 11:47:31,placed
44,6,9,2024-12-05 17:25:07,2024-12-11 15:25:07,shipped
45,212,11,2024-11-26 16:10:18,2024-12-02 03:10:18,shipped
46,149,11,2024-01-27 03:51:59,2024-01-29 19:51:59,placed
47,414,6,2024-06-15 08:06:51,2024-06-17 03:06:51,placed
48,246,8,2024-06-21 23:02:13,2024-06-25 18:02:13,completed
49,10,9,2024-09-02 07:11:08,2024-09-02 14:11:08,returned
50,187,9,2024-01-05 02:43:17,2024-01-12 03:43:17,shipped
51,343,4,2024-07-20 03:02:24,2024-07-29 19:02:24,completed
52,460,2,2024-07-19 15:38:50,2024-07-22 07:38:50,completed
53,257,3,2024-06-19 20:09:11,2024-06-21 14:09:11,shipped
54,125,1,2024-02-19 15:58:32,2024-02-25 17:58:32,completed
55,327,1,2024-12-07 04:17:49,2024-12-14 20:17:49,completed
56,338,9,2024-04-12 17:30:41,2024-04-14 11:30:41,completed
57,215,3,2024-08-23 03:46:18,2024-08-24 03:46:18,shipped
58,272,7,2024-03-30 02:58:00,2024-04-09 02:58:00,returned
59,268,2,2024-07-20 20:31:53,2024-07-20 21:31:53,completed
60,275,7,2024-08-07 07:06:29,2024-08-11 04:06:29,completed
61,443,11,2024-02-16 05:57:35,2024-02-24 04:57:35,shipped
62,200,11,2024-01-03 01:18:44,2024-01-11 14:18:44,placed
63,206,10,2024-09-11 19:59:47,2024-09-17 08:59:47,completed
64,142,7,2024-05-17 03:23:18,2024-05-24 06:23:18,completed
65,209,9,2024-02-11 08:19:31,2024-02-17 07:19:31,placed
66,236,10,2024-11-30 18:38:21,2024-12-01 01:38:21,completed
67,148,2,2024-06-03 22:18:10,2024-06-11 02:18:10,completed
68,378,4,2024-04-01 05:03:59,2024-04-09 01:03:59,shipped
69,4,9,2024-01-17 09:55:15,2024-01-26 10:55:15,completed
70,202,11,2024-10-28 07:56:56,2024-10-30 03:56:56,completed
71,298,2,2024-05-06 09:17:06,2024-05-10 05:17:06,completed
72,438,7,2024-04-18 14:20:10,2024-04-23 09:20:10,shipped
73,75,12,2024-02-28 01:53:20,2024-03-04 02:53:20,returned
74,291,1,2024-06-03 17:22:29,2024-06-04 18:22:29,completed
75,172,5,2024-05-20 04:24:35,2024-05-24 00:24:35,completed
76,262,8,2024-10-27 21:08:27,2024-11-04 17:08:27,completed
77,324,10,2024-08-10 00:02:54,2024-08-14 07:02:54,returned
78,137,10,2024-09-07 08:31:13,2024-09-11 13:31:13,completed
79,86,7,2024-02-10 00:06:59,2024-02-11 00:06:59,placed
80,321,3,2024-02-20 23:35:28,2024-02-26 13:35:28,returned
81,500,9,2024-12-29 01:30:14,2024-12-31 22:30:14,completed
82,178,8,2024-07-28 14:04:17,2024-07-31 00:04:17,returned
83,5,7,2024-11-05 21:34:14,2024-11-08 23:34:14,completed
84,367,12,2024-09-07 21:04:14,2024-09-12 00:04:14,returned
85,97,2,2024-03-11 20:09:29,2024-03-13 06:09:29,completed
86,367,8,2024-10-09 09:07:44,2024-10-09 11:07:44,shipped
87,357,1,2024-05-08 06:08:25,2024-05-09 02:08:25,returned
88,7,2,2024-10-25 07:38:11,2024-11-01 21:38:11,shipped
89,63,5,2024-07-05 21:23:05,2024-07-12 16:23:05,completed
90,203,4,2024-01-04 11:13:56,2024-01-04 21:13:56,completed
91,55,3,2024-07-08 11:01:30,2024-07-10 22:01:30,completed
92,279,6,2024-05-05 16:55:27,2024-05-13 11:55:27,completed
93,165,12,2024-01-25 14:23:16,2024-02-01 14:23:16,cancelled
94,55,8,2024-03-15 09:59:47,2024-03-16 10:59:47,placed
95,286,12,2024-12-30 09:03:59,2025-01-08 20:03:59,completed
96,52,12,2024-03-30 17:14:37,2024-04-05 09:14:37,completed
97,346,8,2024-09-29 20:14:40,2024-10-06 22:14:40,completed
98,308,8,2024-12-28 13:02:12,2025-01-01 07:02:12,cancelled
99,372,1,2024-04-20 11:33:57,2024-04-26 19:33:57,placed
100,284,9,2024-08-04 01:18:25,2024-08-10 03:18:25,cancelled
101,154,2,2024-08-09 13:19:32,2024-08-13 19:19:32,completed
102,465,2,2024-08-19 03:57:24,2024-08-25 23:57:24,completed
103,269,1,2024-05-04 00:14:45,2024-05-09 18:14:45,completed
104,68,6,2024-02-02 01:22:34,2024-02-07 02:22:34,completed
105,358,3,2024-10-22 22:39:41,2024-10-24 08:39:41,completed
106,351,10,2024-02-04 19:04:57,2024-02-05 23:04:57,completed
107,351,6,2024-03-01 13:56:36,2024-03-09 14:56:36,completed
108,427,5,2024-01-06 08:00:12,2024-01-09 23:00:12,completed
109,105,9,2024-07-22 05:11:29,2024-07-30 05:11:29,completed
110,239,11,2024-01-04 05:40:48,2024-01-04 22:40:48,completed
111,162,8,2024-12-02 14:54:27,2024-12-08 22:54:27,completed
112,382,3,2024-01-08 03:14:29,2024-01-11 19:14:29,completed
113,144,4,2024-02-28 22:01:21,2024-03-03 13:01:21,returned
114,466,10,2024-05-07 21:09:22,2024-05-12 15:09:22,completed
115,70,7,2024-12-19 00:30:48,2024-12-27 05:30:48,shipped
116,399,4,2024-02-11 11:10:54,2024-02-12 20:10:54,shipped
117,243,3,2024-03-04 14:35:58,2024-03-06 15:35:58,shipped
118,235,4,2024-06-15 01:06:28,2024-06-19 08:06:28,completed
119,150,8,2024-06-03 14:00:02,2024-06-13 00:00:02,completed
120,257,2,2024-03-10 19:35:26,2024-03-19 02:35:26,completed
121,231,11,2024-05-20 22:52:39,2024-05-21 19:52:39,completed
122,158,5,2024-10-10 13:36:02,2024-10-18 17:36:02,cancelled
123,414,1,2024-08-24 02:49:15,2024-09-02 11:49:15,completed
124,318,11,2024-08-04 12:43:48,2024-08-13 05:43:48,returned
125,17,11,2024-08-12 12:12:52,2024-08-21 10:12:52,completed
126,19,2,2024-10-25 11:03:03,2024-10-28 15:03:03,completed
127,30,2,2024-08-09 21:31:37,2024-08-17 15:31:37,cancelled
128,93,10,2024-03-31 09:07:22,2024-04-07 22:07:22,completed
129,212,1,2024-05-09 15:10:09,2024-05-13 08:10:09,completed
130,4,2,2024-09-23 08:27:10,2024-09-26 21:27:10,completed
131,402,7,2024-12-26 07:37:45,2025-01-03 05:37:45,placed
132,200,3,2024-08-19 03:35:25,2024-08-20 08:35:25,returned
133,269,5,2024-03-08 23:14:13,2024-03-10 03:14:13,completed
134,248,9,2024-02-29 20:06:32,2024-03-02 20:06:32,completed
135,23,11,2024-11-25 09:05:19,2024-12-01 17:05:19,returned
136,147,5,2024-07-25 17:10:12,2024-07-29 02:10:12,completed
137,264,2,2024-03-21 05:26:26,2024-03-26 23:26:26,completed
138,15,8,2024-12-16 19:17:43,2024-12-23 23:17:43,placed
139,68,2,2024-11-11 16:19:14,2024-11-20 05:19:14,cancelled
140,441,6,2024-06-25 00:54:15,2024-06-30 04:54:15,placed
141,237,7,2024-08-17 08:11:38,2024-08-21 17:11:38,shipped
142,402,7,2024-08-08 06:47:29,2024-08-16 15:47:29,completed
143,50,8,2024-03-09 10:03:38,2024-03-12 16:03:38,cancelled
144,254,11,2024-09-13 09:10:53,2024-09-14 00:10:53,placed
145,229,4,2024-03-20 20:54:20,2024-03-28 02:54:20,returned
146,207,3,2024-11-27 01:55:27,2024-11-30 04:55:27,placed
147,89,8,2024-02-24 00:12:56,2024-02-26 00:12:56,completed
148,329,7,2024-11-30 01:12:17,2024-12-04 21:12:17,returned
149,211,9,2024-08-11 19:59:35,2024-08-15 16:59:35,placed
150,41,3,2024-10-10 13:49:18,2024-10-18 08:49:18,completed
151,314,1,2024-12-16 22:01:30,2024-12-20 13:01:30,completed
152,181,5,2024-04-22 07:37:05,2024-04-24 01:37:05,placed
153,436,5,2024-04-07 21:17:07,2024-04-09 06:17:07,completed
154,401,12,2024-04-01 17:30:18,2024-04-06 21:30:18,shipped
155,432,6,2024-01-22 02:21:10,2024-01-28 22:21:10,completed
156,486,9,2024-03-31 17:52:52,2024-04-04 18:52:52,completed
157,222,10,2024-12-22 12:46:18,2024-12-29 10:46:18,returned
158,173,11,2024-09-25 01:51:37,2024-09-26 23:51:37,completed
159,54,11,2024-06-22 04:28:57,2024-06-25 21:28:57,shipped
160,439,10,2024-02-20 10:49:24,2024-02-24 10:49:24,completed
161,32,7,2024-05-30 21:55:31,2024-06-03 10:55:31,cancelled
162,394,7,2024-03-25 19:30:34,2024-04-01 08:30:34,completed
163,200,5,2024-02-28 21:05:02,2024-03-07 08:05:02,completed
164,291,9,2024-12-29 03:13:29,2025-01-01 22:13:29,completed
165,104,3,2024-08-03 08:05:09,2024-08-03 18:05:09,cancelled
166,19,4,2024-01-10 20:24:54,2024-01-18 12:24:54,cancelled
167,29,6,2024-11-01 22:37:41,2024-11-09 14:37:41,placed
168,474,2,2024-01-15 07:43:29,2024-01-23 03:43:29,shipped
169,324,1,2024-12-17 08:03:51,2024-12-20 14:03:51,returned
170,255,10,2024-11-06 08:51:10,2024-11-12 21:51:10,shipped
171,429,4,2024-10-23 19:07:12,2024-10-24 06:07:12,completed
172,434,11,2024-08-25 20:22:06,2024-08-29 20:22:06,completed
173,334,10,2024-12-10 10:38:53,2024-12-13 10:38:53,completed
174,46,11,2024-11-16 23:23:07,2024-11-25 07:23:07,completed
175,433,8,2024-07-12 05:10:27,2024-07-14 02:10:27,shipped
176,413,8,2024-01-17 19:44:53,2024-01-18 21:44:53,completed
177,122,12,2024-06-09 05:40:06,2024-06-18 11:40:06,shipped
178,70,8,2024-10-06 13:13:12,2024-10-08 14:13:12,completed
179,454,5,2024-08-22 10:17:42,2024-08-24 02:17:42,completed
180,168,7,2024-08-13 01:01:27,2024-08-15 09:01:27,returned
181,7,12,2024-10-11 04:44:33,2024-10-15 12:44:33,cancelled
182,293,12,2024-08-14 16:06:23,2024-08-14 22:06:23,cancelled
183,152,7,2024-10-19 09:25:29,2024-10-22 06:25:29,completed
184,35,9,2024-10-02 11:30:04,2024-10-10 17:30:04,shipped
185,28,2,2024-05-24 18:52:34,2024-05-28 10:52:34,completed
186,357,3,2024-07-11 18:07:08,2024-07-13 08:07:08,returned
187,297,6,2024-09-11 16:07:51,2024-09-18 13:07:51,completed
188,181,5,2024-06-26 01:32:35,2024-06-27 19:32:35,completed
189,65,8,2024-04-11 03:10:15,2024-04-15 01:10:15,shipped
190,170,11,2024-09-30 23:16:59,2024-10-04 02:16:59,completed
191,158,1,2024-06-04 23:27:43,2024-06-11 13:27:43,returned
192,163,10,2024-08-22 23:44:02,2024-08-28 09:44:02,cancelled
193,288,2,2024-03-24 18:25:28,2024-04-01 12:25:28,returned
194,34,10,2024-10-20 15:29:37,2024-10-24 15:29:37,placed
195,300,5,2024-07-10 21:21:01,2024-07-16 20:21:01,completed
196,92,8,2024-12-18 03:55:30,2024-12-25 11:55:30,completed
197,247,10,2024-06-18 08:27:11,2024-06-27 14:27:11,completed
198,326,6,2024-01-19 22:03:20,2024-01-23 00:03:20,completed
199,386,3,2024-07-30 03:45:58,2024-08-02 13:45:58,returned
200,175,3,2024-02-09 18:36:13,2024-02-12 01:36:13,shipped
201,9,8,2024-05-15 05:33:05,2024-05-18 12:33:05,completed
202,66,12,2024-02-25 06:53:06,2024-03-03 14:53:06,shipped
203,101,2,2024-01-13 17:39:00,2024-01-22 04:39:00,completed
204,434,12,2024-04-17 17:19:42,2024-04-23 21:19:42,completed
205,367,4,2024-04-19 11:05:44,2024-04-21 06:05:44,cancelled
206,161,2,2024-06-29 22:31:06,2024-07-01 02:31:06,completed
207,209,5,2024-11-28 04:35:09,2024-12-02 17:35:09,shipped
208,252,11,2024-02-10 20:16:22,2024-02-15 01:16:22,completed
209,474,3,2024-01-26 03:08:41,2024-01-30 00:08:41,cancelled
210,244,11,2024-08-22 05:54:33,2024-08-26 12:54:33,cancelled
211,310,11,2024-05-06 23:26:59,2024-05-08 14:26:59,completed
212,469,2,2024-05-28 23:41:22,2024-06-02 18:41:22,completed
213,284,11,2024-07-28 11:30:05,2024-08-03 13:30:05,completed
214,392,11,2024-05-12 12:44:28,2024-05-16 13:44:28,placed
215,173,3,2024-01-08 15:43:44,2024-01-14 08:43:44,completed
216,251,2,2024-09-25 07:19:07,2024-10-02 11:19:07,shipped
217,25,5,2024-08-10 17:36:01,2024-08-14 23:36:01,returned
218,340,9,2024-05-01 16:39:40,2024-05-03 19:39:40,completed
219,480,11,2024-07-25 21:18:14,2024-08-03 12:18:14,completed
220,422,5,2024-09-07 21:33:14,2024-09-09 14:33:14,completed
221,405,5,2024-09-12 19:15:21,2024-09-18 15:15:21,shipped
222,309,5,2024-12-02 18:37:36,2024-12-03 10:37:36,cancelled
223,255,2,2024-04-02 11:02:13,2024-04-08 20:02:13,shipped
224,210,5,2024-12-01 02:48:37,2024-12-07 08:48:37,placed
225,470,11,2024-04-03 01:56:26,2024-04-05 17:56:26,completed
226,47,4,2024-04-25 12:10:56,2024-04-27 17:10:56,returned
227,400,8,2024-07-01 22:53:20,2024-07-09 18:53:20,completed
228,417,9,2024-10-13 12:39:34,2024-10-16 23:39:34,completed
229,329,3,2024-01-02 04:40:06,2024-01-06 10:40:06,shipped
230,377,3,2024-04-11 05:42:45,2024-04-13 01:42:45,completed
231,286,11,2024-08-25 16:16:58,2024-09-01 08:16:58,shipped
232,308,5,2024-02-27 23:07:19,2024-02-28 21:07:19,cancelled
233,105,4,2024-11-30 17:49:57,2024-12-09 09:49:57,completed
234,406,3,2024-01-12 04:11:05,2024-01-15 06:11:05,cancelled
235,204,11,2024-03-23 10:00:43,2024-03-31 00:00:43,completed
236,203,11,2024-05-24 01:02:59,2024-05-25 10:02:59,cancelled
237,185,7,2024-04-19 21:03:24,2024-04-29 12:03:24,returned
238,362,8,2024-06-18 11:49:16,2024-06-19 16:49:16,cancelled
239,261,5,2024-08-06 17:50:46,2024-08-16 05:50:46,completed
240,49,6,2024-01-11 01:59:05,2024-01-14 01:59:05,completed
241,236,12,2024-09-13 03:21:07,2024-09-18 05:21:07,completed
242,409,1,2024-10-15 20:43:06,2024-10-16 14:43:06,completed
243,153,8,2024-11-07 02:47:49,2024-11-11 16:47:49,completed
244,217,2,2024-10-20 19:00:13,2024-10-25 07:00:13,returned
245,77,3,2024-09-22 18:16:05,2024-10-02 09:16:05,completed
246,212,2,2024-06-29 10:54:44,2024-07-06 11:54:44,completed
247,43,7,2024-12-06 11:57:07,2024-12-13 23:57:07,completed
248,88,11,2024-07-04 07:04:46,2024-07-09 04:04:46,completed
249,14,4,2024-07-05 20:20:14,2024-07-12 18:20:14,shipped
250,463,3,2024-10-13 21:56:22,2024-10-21 08:56:22,completed
251,254,12,2024-08-12 17:30:50,2024-08-19 01:30:50,completed
252,458,11,2024-06-11 00:00:10,2024-06-20 11:00:10,completed
253,309,12,2024-09-12 03:17:37,2024-09-17 02:17:37,shipped
254,248,3,2024-03-08 07:11:24,2024-03-10 10:11:24,shipped
255,414,2,2024-05-11 03:54:57,2024-05-15 17:54:57,shipped
256,459,3,2024-11-27 10:20:25,2024-12-04 18:20:25,returned
257,186,3,2024-10-09 20:42:26,2024-10-12 22:42:26,completed
258,191,12,2024-10-20 03:40:02,2024-10-24 13:40:02,completed
259,437,9,2024-11-04 14:16:38,2024-11-11 20:16:38,completed
260,36,2,2024-05-11 09:13:06,2024-05-14 17:13:06,completed
261,215,7,2024-12-10 00:05:40,2024-12-17 06:05:40,completed
262,279,10,2024-11-02 03:52:33,2024-11-08 17:52:33,completed
263,277,5,2024-03-24 00:09:00,2024-03-24 23:09:00,completed
264,57,12,2024-01-24 06:44:05,2024-02-02 05:44:05,completed
265,168,9,2024-08-14 04:04:22,2024-08-16 05:04:22,returned
266,190,11,2024-07-23 09:03:27,2024-07-27 16:03:27,completed
267,271,2,2024-09-26 16:56:10,2024-09-28 22:56:10,completed
268,437,7,2024-02-12 20:24:27,2024-02-14 02:24:27,completed
269,25,5,2024-12-11 06:36:49,2024-12-14 06:36:49,shipped
270,391,3,2024-07-15 00:44:24,2024-07-21 18:44:24,completed
271,143,11,2024-02-04 09:09:30,2024-02-13 14:09:30,shipped
272,99,10,2024-07-29 10:15:43,2024-08-04 13:15:43,completed
273,302,1,2024-07-09 20:51:38,2024-07-19 00:51:38,cancelled
274,94,5,2024-10-25 09:07:07,2024-10-26 07:07:07,shipped
275,424,2,2024-01-21 03:32:20,2024-01-23 06:32:20,shipped
276,346,2,2024-04-05 15:49:56,2024-04-13 18:49:56,completed
277,401,4,2024-07-27 18:11:42,2024-08-01 06:11:42,cancelled
278,431,9,2024-04-19 06:00:40,2024-04-19 17:00:40,shipped
279,340,6,2024-05-12 16:13:14,2024-05-14 21:13:14,completed
280,16,11,2024-06-21 21:20:53,2024-06-29 01:20:53,shipped
281,47,10,2024-08-30 19:37:37,2024-09-03 00:37:37,returned
282,4,4,2024-11-14 21:25:31,2024-11-21 16:25:31,completed
283,401,5,2024-03-15 12:11:09,2024-03-24 13:11:09,completed
284,265,1,2024-12-09 05:38:08,2024-12-16 21:38:08,shipped
285,217,2,2024-12-22 03:00:53,2024-12-24 18:00:53,shipped
286,129,4,2024-02-11 21:08:51,2024-02-16 22:08:51,shipped
287,44,1,2024-12-22 00:23:50,2024-12-22 08:23:50,completed
288,313,11,2024-06-16 17:01:52,2024-06-17 09:01:52,shipped
289,386,7,2024-03-31 12:45:40,2024-04-09 17:45:40,completed
290,405,4,2024-12-17 05:20:21,2024-12-23 07:20:21,shipped
291,309,6,2024-04-23 00:54:45,2024-04-26 22:54:45,cancelled
292,297,10,2024-05-10 08:34:56,2024-05-16 21:34:56,completed
293,110,4,2024-07-05 16:52:45,2024-07-13 12:52:45,completed
294,100,11,2024-08-15 10:59:34,2024-08-25 03:59:34,completed
295,90,6,2024-11-25 03:35:28,2024-12-01 00:35:28,shipped
296,404,2,2024-05-11 09:57:38,2024-05-21 08:57:38,shipped
297,356,6,2024-05-03 11:31:25,2024-05-09 20:31:25,completed
298,127,1,2024-09-01 10:59:03,2024-09-09 21:59:03,completed
299,199,11,2024-10-18 17:05:50,2024-10-24 03:05:50,completed
300,218,7,2024-08-09 21:33:28,2024-08-11 13:33:28,cancelled
301,219,8,2024-06-30 13:53:27,2024-07-05 03:53:27,completed
302,142,4,2024-02-08 05:14:21,2024-02-09 11:14:21,placed
303,382,11,2024-11-24 08:08:55,2024-11-27 06:08:55,shipped
304,120,9,2024-08-15 23:16:13,2024-08-24 08:16:13,completed
305,483,12,2024-01-04 18:14:05,2024-01-10 01:14:05,returned
306,72,3,2024-05-08 06:09:28,2024-05-14 07:09:28,completed
307,424,12,2024-08-22 07:45:33,2024-08-27 12:45:33,placed
308,266,1,2024-03-07 17:31:54,2024-03-11 04:31:54,returned
309,364,11,2024-07-03 09:16:14,2024-07-05 01:16:14,completed
310,127,9,2024-05-07 17:29:26,2024-05-17 10:29:26,completed
311,128,3,2024-12-15 12:16:41,2024-12-22 02:16:41,completed
312,372,12,2024-12-16 09:26:13,2024-12-18 16:26:13,cancelled
313,328,12,2024-09-19 09:15:14,2024-09-27 08:15:14,completed
314,35,2,2024-07-31 23:43:28,2024-08-07 23:43:28,shipped
315,140,3,2024-06-20 03:13:48,2024-06-23 22:13:48,shipped
316,340,12,2024-09-13 08:01:20,2024-09-22 21:01:20,shipped
317,216,1,2024-01-06 15:42:31,2024-01-10 05:42:31,returned
318,86,1,2024-06-10 10:25:06,2024-06-15 21:25:06,shipped
319,206,11,2024-05-02 19:34:21,2024-05-02 22:34:21,completed
320,473,10,2024-03-07 14:06:53,2024-03-10 06:06:53,cancelled
321,301,12,2024-01-06 03:53:14,2024-01-08 14:53:14,placed
322,31,3,2024-05-25 10:48:47,2024-05-30 17:48:47,completed
323,330,1,2024-07-21 06:53:12,2024-07-29 16:53:12,cancelled
324,352,12,2024-10-06 10:14:48,2024-10-08 18:14:48,completed
325,282,4,2024-04-01 18:34:12,2024-04-07 03:34:12,placed
326,498,6,2024-06-03 15:54:27,2024-06-07 15:54:27,shipped
327,195,8,2024-04-28 18:42:11,2024-05-03 14:42:11,completed
328,329,10,2024-01-28 15:57:08,2024-02-01 23:57:08,returned
329,468,12,2024-05-15 08:59:19,2024-05-20 18:59:19,completed
330,341,11,2024-02-27 10:22:53,2024-03-01 04:22:53,completed
331,362,10,2024-12-15 21:53:17,2024-12-16 17:53:17,completed
332,454,7,2024-08-15 14:39:33,2024-08-18 20:39:33,completed
333,384,7,2024-09-28 11:14:09,2024-10-01 17:14:09,placed
334,91,6,2024-03-13 09:22:27,2024-03-20 21:22:27,shipped
335,445,11,2024-03-05 12:24:28,2024-03-06 08:24:28,completed
336,109,9,2024-11-03 11:59:07,2024-11-03 12:59:07,completed
337,170,2,2024-01-02 04:45:04,2024-01-07 00:45:04,returned
338,491,6,2024-01-07 11:00:20,2024-01-14 05:00:20,completed
339,379,10,2024-11-04 08:14:49,2024-11-05 04:14:49,completed
340,240,3,2024-12-14 03:08:00,2024-12-18 21:08:00,cancelled
341,132,11,2024-07-03 23:27:33,2024-07-13 12:27:33,completed
342,467,12,2024-10-15 12:57:43,2024-10-23 08:57:43,completed
343,378,1,2024-04-30 16:51:21,2024-05-01 07:51:21,completed
344,114,2,2024-06-02 12:34:42,2024-06-02 14:34:42,completed
345,435,12,2024-08-10 21:48:22,2024-08-15 23:48:22,completed
346,376,4,2024-09-29 00:16:12,2024-10-06 20:16:12,placed
347,348,8,2024-05-15 06:27:28,2024-05-23 07:27:28,completed
348,166,10,2024-12-02 06:21:27,2024-12-10 20:21:27,placed
349,372,10,2024-02-09 14:13:21,2024-02-16 19:13:21,completed
350,264,11,2024-05-11 10:54:59,2024-05-17 17:54:59,completed
351,335,12,2024-05-25 18:43:02,2024-06-03 00:43:02,completed
352,335,8,2024-05-22 15:41:56,2024-05-22 17:41:56,shipped
353,294,8,2024-04-16 07:18:00,2024-04-23 16:18:00,completed
354,33,9,2024-11-21 02:44:49,2024-11-27 07:44:49,completed
355,93,1,2024-08-03 10:22:53,2024-08-08 04:22:53,returned
356,132,1,2024-02-02 20:37:31,2024-02-04 03:37:31,completed
357,356,6,2024-07-21 23:36:09,2024-07-31 16:36:09,cancelled
358,283,4,2024-08-17 19:49:07,2024-08-21 14:49:07,completed
359,191,10,2024-09-12 06:38:53,2024-09-19 03:38:53,returned
360,140,3,2024-12-03 10:19:08,2024-12-11 22:19:08,shipped
361,474,2,2024-03-09 05:56:06,2024-03-14 19:56:06,completed
362,177,12,2024-09-20 05:39:52,2024-09-28 14:39:52,completed
363,399,4,2024-09-20 09:25:26,2024-09-26 20:25:26,completed
364,47,11,2024-01-31 20:45:34,2024-02-01 15:45:34,completed
365,448,1,2024-06-13 15:48:49,2024-06-20 20:48:49,completed
366,218,12,2024-07-26 12:16:05,2024-08-03 11:16:05,completed
367,277,2,2024-04-22 15:35:57,2024-04-25 19:35:57,completed
368,316,8,2024-05-07 14:19:29,2024-05-10 18:19:29,completed
369,102,2,2024-07-24 11:32:14,2024-07-29 22:32:14,returned
370,430,8,2024-03-03 20:24:18,2024-03-05 07:24:18,completed
371,246,11,2024-04-13 05:25:55,2024-04-14 11:25:55,completed
372,500,10,2024-10-13 09:21:37,2024-10-13 11:21:37,completed
373,127,11,2024-11-14 16:38:02,2024-11-19 05:38:02,shipped
374,206,1,2024-04-16 08:34:31,2024-04-18 09:34:31,cancelled
375,57,5,2024-05-21 04:46:31,2024-05-24 03:46:31,cancelled
376,486,8,2024-05-21 04:49:22,2024-05-24 17:49:22,completed
377,185,12,2024-11-10 14:04:32,2024-11-14 10:04:32,completed
378,483,9,2024-08-28 09:35:41,2024-09-01 00:35:41,completed
379,224,2,2024-07-06 12:12:51,2024-07-10 23:12:51,completed
380,261,7,2024-08-06 10:52:00,2024-08-14 17:52:00,completed
381,24,9,2024-04-02 12:20:28,2024-04-05 14:20:28,placed
382,60,1,2024-09-08 21:48:51,2024-09-12 13:48:51,completed
383,183,4,2024-10-10 16:32:09,2024-10-13 15:32:09,shipped
384,321,11,2024-08-22 16:52:22,2024-08-28 13:52:22,shipped
385,442,3,2024-03-14 08:18:07,2024-03-20 09:18:07,completed
386,74,2,2024-06-14 14:17:23,2024-06-17 04:17:23,completed
387,128,2,2024-04-13 22:44:21,2024-04-15 10:44:21,cancelled
388,137,11,2024-07-30 02:50:22,2024-07-31 09:50:22,placed
389,115,1,2024-03-29 00:45:55,2024-04-02 13:45:55,completed
390,40,10,2024-05-09 14:32:25,2024-05-10 20:32:25,completed
391,308,3,2024-09-20 20:46:38,2024-09-25 08:46:38,shipped
392,2,3,2024-10-29 01:28:21,2024-11-05 00:28:21,shipped
393,143,3,2024-02-05 03:01:38,2024-02-08 13:01:38,cancelled
394,411,11,2024-12-23 21:58:49,2024-12-26 11:58:49,completed
395,491,3,2024-12-23 15:26:54,2024-12-24 19:26:54,placed
396,376,1,2024-09-27 08:19:56,2024-10-01 20:19:56,completed
397,76,6,2024-02-24 20:48:06,2024-02-25 16:48:06,shipped
398,271,12,2024-04-26 07:36:50,2024-05-01 07:36:50,completed
399,486,8,2024-08-03 05:06:27,2024-08-10 19:06:27,returned
400,431,2,2024-11-13 02:52:47,2024-11-20 11:52:47,completed
401,309,6,2024-01-11 21:26:03,2024-01-14 10:26:03,completed
402,183,5,2024-06-03 14:54:00,2024-06-08 22:54:00,shipped
403,445,1,2024-04-22 16:06:31,2024-04-24 09:06:31,shipped
404,320,7,2024-01-16 12:56:50,2024-01-26 00:56:50,completed
405,49,8,2024-05-01 20:04:12,2024-05-03 15:04:12,cancelled
406,243,5,2024-10-23 09:02:22,2024-11-01 17:02:22,completed
407,433,10,2024-05-01 19:23:13,2024-05-05 18:23:13,placed
408,292,7,2024-11-27 14:15:53,2024-11-28 08:15:53,shipped
409,163,6,2024-08-22 17:07:52,2024-08-27 21:07:52,shipped
410,110,1,2024-03-23 03:15:23,2024-04-01 09:15:23,placed
411,426,1,2024-02-05 21:36:53,2024-02-15 10:36:53,cancelled
412,422,1,2024-08-05 20:02:44,2024-08-14 04:02:44,returned
413,406,11,2024-06-06 19:47:52,2024-06-09 14:47:52,completed
414,19,4,2024-10-16 14:29:52,2024-10-18 14:29:52,completed
415,211,6,2024-05-16 18:50:47,2024-05-25 14:50:47,completed
416,413,2,2024-02-04 19:29:10,2024-02-11 17:29:10,placed
417,59,4,2024-11-28 13:41:30,2024-12-03 13:41:30,cancelled
418,430,7,2024-09-18 11:37:06,2024-09-21 00:37:06,placed
419,27,10,2024-06-15 15:31:28,2024-06-16 23:31:28,cancelled
420,284,3,2024-05-05 05:01:44,2024-05-07 09:01:44,placed
421,363,9,2024-12-23 12:33:41,2024-12-24 08:33:41,completed
422,123,11,2024-12-14 17:07:14,2024-12-17 01:07:14,completed
423,135,3,2024-02-06 00:44:44,2024-02-06 19:44:44,completed
424,466,8,2024-11-10 00:13:24,2024-11-11 17:13:24,shipped
425,500,6,2024-05-14 16:15:30,2024-05-19 19:15:30,cancelled
426,43,12,2024-09-25 14:11:42,2024-10-05 14:11:42,shipped
427,352,12,2024-04-19 03:52:52,2024-04-23 07:52:52,shipped
428,324,2,2024-06-23 12:44:35,2024-06-25 06:44:35,returned
429,5,6,2024-09-24 07:21:01,2024-09-24 09:21:01,completed
430,53,9,2024-04-17 23:35:58,2024-04-25 14:35:58,completed
431,101,1,2024-11-07 17:56:27,2024-11-12 23:56:27,completed
432,467,8,2024-04-20 10:28:53,2024-04-21 19:28:53,returned
433,161,8,2024-08-25 19:14:31,2024-08-26 07:14:31,completed
434,463,9,2024-01-02 22:03:24,2024-01-12 21:03:24,completed
435,314,7,2024-04-14 19:45:45,2024-04-22 05:45:45,shipped
436,63,9,2024-07-23 21:29:06,2024-07-26 10:29:06,completed
437,40,2,2024-07-11 02:03:35,2024-07-11 17:03:35,shipped
438,440,6,2024-10-22 08:15:41,2024-10-25 15:15:41,completed
439,104,7,2024-03-13 23:51:12,2024-03-14 16:51:12,completed
440,236,3,2024-04-13 14:21:08,2024-04-13 21:21:08,completed
441,151,4,2024-06-05 09:21:44,2024-06-07 06:21:44,completed
442,367,7,2024-06-01 04:50:53,2024-06-05 08:50:53,shipped
443,359,10,2024-07-04 03:42:34,2024-07-12 00:42:34,completed
444,243,7,2024-05-09 17:36:37,2024-05-09 22:36:37,shipped
445,420,1,2024-08-08 07:18:32,2024-08-15 13:18:32,cancelled
446,252,12,2024-05-16 05:30:58,2024-05-22 00:30:58,completed
447,73,6,2024-07-12 08:07:57,2024-07-12 15:07:57,shipped
448,302,7,2024-04-17 06:48:35,2024-04-20 13:48:35,shipped
449,286,11,2024-03-04 03:36:19,2024-03-07 08:36:19,completed
450,304,2,2024-01-21 15:47:50,2024-01-26 20:47:50,completed
451,471,2,2024-04-22 22:28:16,2024-04-25 06:28:16,placed
452,449,6,2024-11-08 09:22:02,2024-11-14 13:22:02,shipped
453,94,7,2024-10-30 20:32:59,2024-11-09 04:32:59,returned
454,182,7,2024-06-30 04:35:06,2024-07-04 15:35:06,cancelled
455,151,1,2024-10-20 08:14:02,2024-10-29 08:14:02,completed
456,247,12,2024-05-08 16:00:38,2024-05-17 21:00:38,placed
457,35,1,2024-02-29 10:16:09,2024-03-06 20:16:09,returned
458,225,11,2024-08-27 16:20:03,2024-08-28 23:20:03,completed
459,380,12,2024-07-31 07:26:11,2024-08-02 10:26:11,completed
460,218,3,2024-01-11 20:42:19,2024-01-14 20:42:19,completed
461,263,2,2024-03-08 18:25:43,2024-03-15 17:25:43,shipped
462,166,10,2024-08-13 12:44:48,2024-08-17 05:44:48,completed
463,461,3,2024-10-09 18:58:21,2024-10-19 06:58:21,completed
464,69,11,2024-08-10 20:00:50,2024-08-16 18:00:50,shipped
465,18,3,2024-12-12 22:04:32,2024-12-12 23:04:32,completed
466,37,10,2024-01-31 08:21:11,2024-02-01 16:21:11,completed
467,447,3,2024-04-21 20:59:51,2024-04-22 15:59:51,completed
468,174,7,2024-04-11 07:35:17,2024-04-13 10:35:17,completed
469,253,2,2024-11-08 21:18:53,2024-11-14 21:18:53,cancelled
470,42,9,2024-07-04 22:28:25,2024-07-06 07:28:25,completed
471,245,5,2024-10-30 12:29:52,2024-11-08 13:29:52,returned
472,199,7,2024-09-27 01:58:32,2024-09-28 09:58:32,completed
473,386,9,2024-08-08 14:35:48,2024-08-09 01:35:48,cancelled
474,93,5,2024-01-17 23:29:40,2024-01-21 07:29:40,completed
475,254,12,2024-10-12 12:44:03,2024-10-21 04:44:03,completed
476,358,9,2024-07-14 12:27:04,2024-07-15 14:27:04,placed
477,121,12,2024-06-19 23:40:58,2024-06-26 21:40:58,completed
478,154,2,2024-01-24 04:37:52,2024-01-27 03:37:52,returned
479,14,10,2024-10-20 00:14:43,2024-10-29 12:14:43,completed
480,481,9,2024-06-29 00:09:24,2024-07-03 12:09:24,completed
481,293,7,2024-01-15 23:50:09,2024-01-22 12:50:09,completed
482,9,8,2024-01-04 10:40:51,2024-01-09 09:40:51,placed
483,403,5,2024-04-10 19:05:44,2024-04-20 01:05:44,completed
484,260,8,2024-08-13 04:58:23,2024-08-16 13:58:23,placed
485,56,2,2024-07-15 21:00:14,2024-07-20 14:00:14,shipped
486,329,7,2024-12-06 03:32:34,2024-12-09 03:32:34,shipped
487,303,1,2024-02-11 06:09:17,2024-02-17 17:09:17,shipped
488,115,10,2024-07-14 12:55:18,2024-07-20 15:55:18,completed
489,234,6,2024-10-17 13:37:12,2024-10-18 18:37:12,completed
490,276,4,2024-10-28 13:01:20,2024-11-07 05:01:20,completed
491,135,9,2024-10-03 06:33:34,2024-10-13 04:33:34,completed
492,68,9,2024-12-02 15:54:25,2024-12-08 06:54:25,cancelled
493,379,6,2024-06-23 08:00:28,2024-07-03 01:00:28,completed
494,91,9,2024-10-07 14:29:50,2024-10-13 20:29:50,completed
495,269,10,2024-07-16 09:01:38,2024-07-25 09:01:38,cancelled
496,51,6,2024-04-20 14:26:38,2024-04-22 08:26:38,shipped
497,106,9,2024-11-21 18:05:21,2024-11-27 04:05:21,completed
498,251,1,2024-05-23 12:22:03,2024-05-25 16:22:03,completed
499,412,2,2024-10-16 01:10:09,2024-10-24 12:10:09,shipped
500,398,2,2024-10-01 11:56:41,2024-10-08 19:56:41,completed
501,431,9,2024-09-13 18:10:55,2024-09-22 16:10:55,returned
502,101,5,2024-07-01 13:47:35,2024-07-03 03:47:35,completed
503,252,9,2024-08-25 08:57:25,2024-08-27 13:57:25,completed
504,179,8,2024-07-25 00:15:22,2024-08-01 00:15:22,cancelled
505,113,2,2024-12-08 02:32:17,2024-12-17 15:32:17,completed
506,66,8,2024-11-22 06:29:37,2024-11-30 20:29:37,returned
507,468,1,2024-04-14 04:53:52,2024-04-19 08:53:52,completed
508,169,3,2024-08-22 22:38:49,2024-08-28 16:38:49,placed
509,393,9,2024-01-25 15:32:04,2024-02-01 14:32:04,placed
510,192,6,2024-06-09 13:07:23,2024-06-11 20:07:23,completed
511,145,5,2024-01-10 09:58:25,2024-01-12 19:58:25,completed
512,44,2,2024-01-29 16:42:25,2024-02-04 01:42:25,completed
513,141,8,2024-03-19 16:59:25,2024-03-20 17:59:25,completed
514,115,10,2024-01-10 16:00:32,2024-01-14 21:00:32,completed
515,73,7,2024-08-27 10:05:20,2024-09-05 08:05:20,completed
516,288,8,2024-07-30 21:15:20,2024-08-05 04:15:20,completed
517,66,1,2024-03-03 22:49:02,2024-03-09 11:49:02,completed
518,72,12,2024-12-05 12:16:29,2024-12-11 08:16:29,completed
519,166,10,2024-12-11 11:09:40,2024-12-15 10:09:40,completed
520,480,6,2024-12-26 01:00:29,2025-01-03 00:00:29,completed
521,360,4,2024-03-18 09:18:32,2024-03-25 18:18:32,placed
522,374,5,2024-05-22 15:14:57,2024-05-29 06:14:57,completed
523,331,7,2024-05-08 05:18:57,2024-05-14 08:18:57,completed
524,226,7,2024-09-15 04:46:43,2024-09-20 04:46:43,completed
525,224,9,2024-06-20 12:26:48,2024-06-25 17:26:48,completed
526,218,4,2024-08-27 14:36:58,2024-09-02 13:36:58,returned
527,301,5,2024-05-07 13:23:25,2024-05-08 13:23:25,cancelled
528,30,10,2024-11-15 17:57:06,2024-11-16 00:57:06,returned
529,228,11,2024-10-02 23:11:13,2024-10-03 14:11:13,completed
530,99,9,2024-02-27 06:55:46,2024-03-06 00:55:46,completed
531,141,9,2024-05-16 04:37:08,2024-05-17 10:37:08,completed
532,42,12,2024-04-05 19:42:36,2024-04-09 01:42:36,returned
533,116,4,2024-04-15 22:40:29,2024-04-25 08:40:29,shipped
534,487,10,2024-05-29 18:48:16,2024-05-31 09:48:16,completed
535,425,12,2024-11-04 11:21:58,2024-11-07 07:21:58,placed
536,240,10,2024-05-05 10:29:38,2024-05-09 09:29:38,completed
537,96,1,2024-06-19 11:51:27,2024-06-28 02:51:27,completed
538,397,5,2024-08-12 06:34:41,2024-08-16 12:34:41,completed
539,340,6,2024-11-02 05:59:58,2024-11-02 18:59:58,cancelled
540,95,4,2024-11-29 02:55:23,2024-12-01 06:55:23,completed
541,109,8,2024-09-16 14:16:58,2024-09-20 14:16:58,returned
542,346,12,2024-12-04 22:00:09,2024-12-09 10:00:09,completed
543,118,3,2024-07-13 03:52:07,2024-07-15 03:52:07,placed
544,491,7,2024-03-10 17:13:43,2024-03-12 10:13:43,completed
545,395,1,2024-04-27 15:44:26,2024-05-02 03:44:26,completed
546,274,6,2024-02-13 08:51:35,2024-02-21 17:51:35,shipped
547,445,8,2024-06-27 17:50:51,2024-07-01 14:50:51,placed
548,19,9,2024-10-13 20:59:58,2024-10-18 01:59:58,shipped
549,458,5,2024-05-14 03:14:00,2024-05-19 00:14:00,completed
550,263,12,2024-01-31 14:08:30,2024-02-04 04:08:30,cancelled
551,99,10,2024-04-11 08:28:12,2024-04-14 13:28:12,completed
552,107,1,2024-10-30 17:14:22,2024-11-04 03:14:22,completed
553,373,12,2024-08-24 15:14:17,2024-09-02 10:14:17,completed
554,88,11,2024-05-31 11:38:03,2024-06-03 04:38:03,completed
555,290,7,2024-06-10 07:44:35,2024-06-18 10:44:35,placed
556,149,3,2024-12-01 21:23:23,2024-12-03 13:23:23,completed
557,275,9,2024-06-01 07:19:14,2024-06-03 16:19:14,returned
558,298,11,2024-06-11 08:58:24,2024-06-15 19:58:24,completed
559,293,12,2024-06-07 18:03:41,2024-06-07 23:03:41,completed
560,99,3,2024-06-26 18:42:55,2024-06-30 16:42:55,completed
561,296,8,2024-06-27 07:59:17,2024-06-29 21:59:17,completed
562,384,1,2024-09-21 20:55:14,2024-09-29 01:55:14,completed
563,205,12,2024-12-26 03:54:01,2024-12-31 13:54:01,completed
564,248,4,2024-04-12 17:23:25,2024-04-13 17:23:25,completed
565,353,8,2024-05-08 09:59:09,2024-05-16 18:59:09,completed
566,150,5,2024-10-05 00:04:53,2024-10-06 16:04:53,completed
567,156,3,2024-08-14 21:27:46,2024-08-15 00:27:46,completed
568,195,1,2024-09-16 17:09:12,2024-09-17 09:09:12,completed
569,117,12,2024-03-19 15:42:58,2024-03-23 12:42:58,completed
570,379,3,2024-09-24 20:27:39,2024-10-04 19:27:39,completed
571,426,2,2024-12-17 21:50:45,2024-12-27 12:50:45,shipped
572,60,8,2024-02-02 09:12:56,2024-02-07 10:12:56,shipped
573,139,8,2024-09-02 02:32:28,2024-09-03 23:32:28,completed
574,4,6,2024-12-12 22:47:08,2024-12-18 08:47:08,completed
575,94,4,2024-10-29 10:51:56,2024-10-30 13:51:56,completed
576,293,11,2024-03-01 00:57:16,2024-03-04 10:57:16,shipped
577,479,5,2024-05-24 00:01:25,2024-05-25 13:01:25,completed
578,393,5,2024-01-08 13:33:47,2024-01-17 06:33:47,completed
579,287,12,2024-03-18 11:01:43,2024-03-26 23:01:43,shipped
580,29,11,2024-05-13 02:07:13,2024-05-16 00:07:13,completed
581,225,4,2024-05-07 07:42:35,2024-05-13 09:42:35,completed
582,453,4,2024-03-12 12:18:34,2024-03-15 22:18:34,completed
583,271,1,2024-12-20 13:36:39,2024-12-26 00:36:39,completed
584,409,9,2024-11-24 16:04:53,2024-12-03 17:04:53,placed
585,233,9,2024-10-30 08:30:00,2024-11-06 17:30:00,completed
586,235,11,2024-09-15 09:59:41,2024-09-17 12:59:41,completed
587,446,6,2024-12-26 13:55:32,2024-12-28 23:55:32,completed
588,71,8,2024-02-17 19:28:09,2024-02-26 16:28:09,cancelled
589,106,7,2024-08-17 05:13:22,2024-08-25 21:13:22,shipped
590,163,7,2024-03-15 04:04:23,2024-03-17 09:04:23,cancelled
591,360,2,2024-09-09 14:28:17,2024-09-16 10:28:17,returned
592,20,1,2024-08-19 13:01:42,2024-08-28 02:01:42,shipped
593,451,2,2024-11-01 11:14:26,2024-11-03 04:14:26,placed
594,15,8,2024-01-14 06:58:45,2024-01-22 02:58:45,returned
595,213,9,2024-06-20 00:58:23,2024-06-21 10:58:23,returned
596,490,10,2024-09-16 14:14:14,2024-09-24 05:14:14,placed
597,128,4,2024-04-07 08:25:13,2024-04-09 07:25:13,completed
598,479,1,2024-10-17 11:16:05,2024-10-27 02:16:05,completed
599,407,4,2024-03-03 20:52:46,2024-03-08 01:52:46,completed
600,282,8,2024-09-14 13:55:12,2024-09-15 13:55:12,completed
601,152,3,2024-12-05 03:48:31,2024-12-08 19:48:31,completed
602,308,3,2024-08-06 14:26:59,2024-08-15 18:26:59,completed
603,192,3,2024-02-08 21:21:16,2024-02-16 03:21:16,shipped
604,481,5,2024-01-01 03:17:45,2024-01-01 22:17:45,completed
605,303,4,2024-04-06 12:52:15,2024-04-15 09:52:15,completed
606,168,1,2024-09-04 07:00:06,2024-09-05 13:00:06,completed
607,300,3,2024-12-06 07:10:13,2024-12-13 20:10:13,completed
608,395,5,2024-11-23 03:02:16,2024-11-30 20:02:16,completed
609,254,4,2024-08-17 13:18:22,2024-08-22 04:18:22,completed
610,266,11,2024-05-28 13:58:17,2024-05-28 23:58:17,completed
611,482,7,2024-11-11 19:12:24,2024-11-20 09:12:24,completed
612,420,11,2024-05-13 14:46:33,2024-05-17 08:46:33,cancelled
613,286,9,2024-09-08 18:28:19,2024-09-12 04:28:19,completed
614,208,6,2024-08-29 11:35:36,2024-09-03 18:35:36,completed
615,260,12,2024-09-06 10:44:31,2024-09-12 09:44:31,completed
616,292,2,2024-05-05 18:22:22,2024-05-08 03:22:22,completed
617,427,12,2024-03-26 00:59:47,2024-03-28 14:59:47,returned
618,322,10,2024-12-11 02:23:27,2024-12-20 16:23:27,cancelled
619,441,12,2024-04-05 21:13:53,2024-04-14 08:13:53,completed
620,115,8,2024-04-14 12:30:19,2024-04-20 15:30:19,returned
621,350,6,2024-01-26 09:41:27,2024-02-03 01:41:27,completed
622,346,5,2024-05-08 08:47:35,2024-05-10 19:47:35,completed
623,308,3,2024-11-20 13:39:21,2024-11-22 11:39:21,placed
624,182,3,2024-10-01 16:10:06,2024-10-06 06:10:06,returned
625,286,1,2024-09-22 03:19:09,2024-09-26 02:19:09,placed
626,464,10,2024-08-06 18:56:22,2024-08-10 17:56:22,returned
627,192,10,2024-03-09 17:05:28,2024-03-19 05:05:28,completed
628,150,2,2024-05-15 13:25:09,2024-05-22 19:25:09,shipped
629,252,4,2024-11-04 09:07:09,2024-11-08 16:07:09,placed
630,340,11,2024-05-04 11:46:15,2024-05-14 04:46:15,completed
631,248,10,2024-05-30 23:57:33,2024-06-03 05:57:33,completed
632,25,5,2024-05-29 11:32:27,2024-05-31 11:32:27,completed
633,106,10,2024-09-05 17:09:27,2024-09-12 05:09:27,placed
634,73,10,2024-04-05 14:30:00,2024-04-12 05:30:00,completed
635,308,1,2024-08-31 07:44:56,2024-09-07 16:44:56,completed
636,275,5,2024-04-20 13:38:28,2024-04-29 16:38:28,completed
637,434,8,2024-03-18 23:28:53,2024-03-20 07:28:53,completed
638,43,12,2024-11-09 04:16:39,2024-11-09 21:16:39,shipped
639,462,11,2024-01-22 21:56:54,2024-01-27 01:56:54,completed
640,271,5,2024-08-04 06:14:50,2024-08-05 23:14:50,shipped
641,120,1,2024-05-28 01:09:58,2024-05-28 01:09:58,completed
642,316,7,2024-06-23 15:14:21,2024-07-03 08:14:21,completed
643,132,3,2024-05-22 22:44:11,2024-05-30 19:44:11,placed
644,376,8,2024-06-21 09:22:53,2024-06-25 12:22:53,completed
645,442,7,2024-05-25 13:32:39,2024-06-01 09:32:39,completed
646,265,7,2024-03-11 00:39:35,2024-03-15 17:39:35,placed
647,211,6,2024-06-30 23:28:47,2024-07-03 13:28:47,returned
648,5,1,2024-05-08 17:53:03,2024-05-17 19:53:03,placed
649,361,3,2024-04-22 12:34:56,2024-04-25 17:34:56,shipped
650,451,7,2024-07-02 14:56:14,2024-07-06 15:56:14,completed
651,458,1,2024-07-09 23:36:03,2024-07-17 02:36:03,completed
652,365,2,2024-05-17 18:09:14,2024-05-24 04:09:14,cancelled
653,230,7,2024-05-11 01:53:39,2024-05-11 11:53:39,completed
654,345,5,2024-09-27 15:10:10,2024-10-01 15:10:10,completed
655,261,2,2024-01-09 22:26:42,2024-01-18 13:26:42,shipped
656,122,2,2024-12-01 10:10:40,2024-12-02 05:10:40,placed
657,321,8,2024-09-02 01:22:24,2024-09-11 08:22:24,completed
658,47,12,2024-02-05 13:38:33,2024-02-05 13:38:33,completed
659,254,10,2024-10-01 06:57:02,2024-10-03 05:57:02,completed
660,203,11,2024-11-20 16:27:40,2024-11-26 23:27:40,completed
661,253,6,2024-12-16 13:42:46,2024-12-24 08:42:46,placed
662,184,12,2024-11-10 22:44:42,2024-11-16 00:44:42,completed
663,473,7,2024-06-29 01:17:15,2024-07-08 07:17:15,returned
664,304,3,2024-03-25 06:31:43,2024-03-26 06:31:43,placed
665,493,2,2024-01-26 23:36:35,2024-01-30 09:36:35,completed
666,192,12,2024-12-01 13:58:22,2024-12-02 21:58:22,completed
667,175,10,2024-11-04 06:55:12,2024-11-07 18:55:12,completed
668,456,1,2024-05-01 17:39:33,2024-05-07 03:39:33,returned
669,435,1,2024-07-02 23:38:29,2024-07-05 14:38:29,shipped
670,140,6,2024-07-07 05:42:36,2024-07-10 13:42:36,completed
671,152,1,2024-01-12 04:38:00,2024-01-19 02:38:00,completed
672,362,10,2024-06-25 01:22:27,2024-06-28 01:22:27,shipped
673,369,7,2024-08-01 15:33:23,2024-08-01 21:33:23,completed
674,33,2,2024-02-24 08:04:08,2024-02-25 22:04:08,shipped
675,206,9,2024-01-25 03:17:03,2024-01-30 17:17:03,completed
676,22,1,2024-03-26 01:14:10,2024-04-03 03:14:10,shipped
677,392,5,2024-07-10 03:53:26,2024-07-10 09:53:26,completed
678,109,3,2024-07-27 06:01:32,2024-07-27 07:01:32,cancelled
679,208,4,2024-03-12 18:45:34,2024-03-13 22:45:34,placed
680,354,11,2024-03-24 05:48:58,2024-04-02 15:48:58,completed
681,425,3,2024-11-30 03:07:04,2024-12-03 16:07:04,shipped
682,16,10,2024-01-20 10:17:42,2024-01-29 13:17:42,placed
683,335,1,2024-04-25 12:37:14,2024-05-03 17:37:14,placed
684,477,8,2024-03-08 19:12:56,2024-03-08 22:12:56,shipped
685,204,11,2024-05-26 13:51:22,2024-05-26 20:51:22,placed
686,97,4,2024-09-24 20:14:19,2024-09-29 14:14:19,returned
687,435,12,2024-01-19 08:49:01,2024-01-22 09:49:01,completed
688,178,5,2024-02-27 08:02:27,2024-03-07 00:02:27,completed
689,22,6,2024-07-15 15:33:03,2024-07-25 10:33:03,returned
690,355,7,2024-02-01 17:54:13,2024-02-10 11:54:13,completed
691,282,11,2024-03-04 23:07:58,2024-03-12 20:07:58,shipped
692,385,2,2024-03-28 16:44:47,2024-04-04 11:44:47,completed
693,423,4,2024-07-29 11:29:50,2024-08-05 06:29:50,placed
694,130,8,2024-02-16 04:43:18,2024-02-20 16:43:18,cancelled
695,131,12,2024-07-02 22:14:54,2024-07-12 02:14:54,completed
696,371,12,2024-09-02 04:07:53,2024-09-12 00:07:53,placed
697,260,8,2024-01-27 20:03:18,2024-02-02 04:03:18,shipped
698,149,10,2024-05-08 17:01:02,2024-05-13 06:01:02,shipped
699,193,1,2024-04-27 09:25:20,2024-04-29 07:25:20,shipped
700,279,2,2024-06-11 13:51:50,2024-06-16 14:51:50,placed
701,293,3,2024-09-15 02:54:09,2024-09-17 04:54:09,completed
702,269,11,2024-04-13 06:15:04,2024-04-19 11:15:04,completed
703,284,11,2024-08-31 12:20:28,2024-09-06 06:20:28,returned
704,263,2,2024-08-07 20:58:10,2024-08-09 14:58:10,shipped
705,231,10,2024-11-20 19:33:22,2024-11-30 00:33:22,shipped
706,39,7,2024-08-20 22:44:39,2024-08-21 05:44:39,completed
707,388,12,2024-08-16 23:06:27,2024-08-24 08:06:27,completed
708,498,5,2024-03-15 12:08:21,2024-03-24 07:08:21,completed
709,165,4,2024-11-05 22:11:04,2024-11-10 20:11:04,completed
710,126,7,2024-07-07 02:24:24,2024-07-14 17:24:24,completed
711,219,11,2024-07-09 03:01:34,2024-07-15 11:01:34,shipped
712,50,12,2024-09-23 16:44:02,2024-09-28 04:44:02,shipped
713,113,3,2024-11-08 21:45:51,2024-11-17 16:45:51,completed
714,344,5,2024-06-18 00:17:43,2024-06-24 04:17:43,returned
715,392,5,2024-03-20 15:56:19,2024-03-30 00:56:19,completed
716,404,7,2024-03-21 10:36:00,2024-03-23 17:36:00,completed
717,293,6,2024-05-19 14:58:28,2024-05-23 15:58:28,placed
718,265,10,2024-07-25 04:41:14,2024-08-02 19:41:14,shipped
719,316,12,2024-08-02 16:41:36,2024-08-03 04:41:36,completed
720,281,8,2024-06-13 09:06:23,2024-06-22 22:06:23,shipped
721,419,3,2024-07-26 08:48:20,2024-07-27 15:48:20,completed
722,434,3,2024-04-03 22:54:34,2024-04-13 02:54:34,completed
723,194,3,2024-01-01 05:20:39,2024-01-04 06:20:39,completed
724,258,8,2024-02-19 00:38:26,2024-02-27 14:38:26,placed
725,193,5,2024-05-25 02:25:21,2024-05-25 08:25:21,completed
726,407,5,2024-06-02 22:21:00,2024-06-05 12:21:00,shipped
727,67,7,2024-01-20 22:34:54,2024-01-23 12:34:54,cancelled
728,335,7,2024-01-31 08:09:48,2024-02-06 17:09:48,completed
729,261,4,2024-09-01 22:18:44,2024-09-07 11:18:44,completed
730,264,1,2024-09-15 18:33:09,2024-09-24 01:33:09,completed
731,22,1,2024-04-27 15:19:42,2024-04-27 18:19:42,cancelled
732,34,3,2024-11-29 12:58:30,2024-11-29 21:58:30,completed
733,281,12,2024-05-08 09:24:50,2024-05-15 02:24:50,completed
734,422,3,2024-08-03 13:06:22,2024-08-05 22:06:22,returned
735,205,7,2024-08-08 00:50:30,2024-08-11 12:50:30,completed
736,222,3,2024-06-09 20:50:14,2024-06-14 21:50:14,cancelled
737,313,3,2024-05-10 12:47:03,2024-05-12 04:47:03,completed
738,352,12,2024-05-18 17:48:57,2024-05-25 19:48:57,completed
739,21,10,2024-01-01 01:59:10,2024-01-09 19:59:10,cancelled
740,426,10,2024-04-20 11:13:05,2024-04-21 22:13:05,placed
741,151,11,2024-10-01 01:12:14,2024-10-09 17:12:14,completed
742,31,10,2024-12-05 20:54:40,2024-12-07 02:54:40,shipped
743,301,5,2024-12-30 01:32:19,2025-01-06 14:32:19,shipped
744,495,7,2024-10-31 08:50:39,2024-11-07 21:50:39,returned
745,172,3,2024-01-17 07:42:20,2024-01-26 17:42:20,shipped
746,109,3,2024-05-09 03:17:29,2024-05-16 09:17:29,completed
747,322,2,2024-07-03 06:49:27,2024-07-12 02:49:27,returned
748,114,8,2024-04-02 19:27:17,2024-04-07 00:27:17,placed
749,488,12,2024-11-04 14:29:08,2024-11-12 18:29:08,completed
750,280,11,2024-03-18 18:31:52,2024-03-18 21:31:52,completed
751,384,12,2024-04-10 06:32:06,2024-04-12 01:32:06,completed
752,36,2,2024-03-01 10:00:16,2024-03-10 17:00:16,shipped
753,59,8,2024-05-11 02:00:22,2024-05-12 09:00:22,completed
754,84,3,2024-05-12 20:36:51,2024-05-14 13:36:51,completed
755,301,12,2024-09-27 19:49:00,2024-09-28 12:49:00,cancelled
756,232,4,2024-01-02 10:41:20,2024-01-08 12:41:20,completed
757,288,2,2024-08-18 06:05:36,2024-08-19 16:05:36,completed
758,133,7,2024-02-29 10:24:21,2024-03-03 09:24:21,completed
759,59,2,2024-04-12 14:31:15,2024-04-20 18:31:15,completed
760,160,9,2024-10-20 03:37:28,2024-10-25 21:37:28,cancelled
761,207,1,2024-05-01 03:02:45,2024-05-10 22:02:45,returned
762,486,10,2024-01-02 13:22:14,2024-01-03 16:22:14,returned
763,482,9,2024-12-13 14:13:59,2024-12-22 01:13:59,shipped
764,491,11,2024-07-16 22:36:12,2024-07-19 11:36:12,cancelled
765,281,4,2024-01-24 01:23:02,2024-01-28 15:23:02,shipped
766,1,2,2024-06-06 11:57:10,2024-06-12 18:57:10,shipped
767,24,12,2024-01-29 00:56:44,2024-02-05 07:56:44,completed
768,55,6,2024-03-21 03:10:01,2024-03-25 21:10:01,shipped
769,141,8,2024-09-14 12:43:26,2024-09-16 15:43:26,returned
770,222,8,2024-03-02 14:18:24,2024-03-03 05:18:24,completed
771,148,3,2024-04-20 01:54:35,2024-04-23 00:54:35,shipped
772,103,12,2024-12-01 11:38:42,2024-12-04 09:38:42,returned
773,354,2,2024-04-15 13:28:20,2024-04-24 17:28:20,completed
774,315,10,2024-11-06 07:10:11,2024-11-16 03:10:11,completed
775,291,6,2024-01-01 13:36:46,2024-01-06 16:36:46,shipped
776,103,11,2024-06-05 02:28:47,2024-06-12 05:28:47,returned
777,354,2,2024-02-10 01:49:22,2024-02-16 01:49:22,returned
778,378,4,2024-03-25 20:17:32,2024-03-29 18:17:32,placed
779,129,10,2024-07-27 12:11:15,2024-08-04 11:11:15,completed
780,432,8,2024-11-13 07:36:05,2024-11-15 14:36:05,completed
781,85,1,2024-10-13 23:03:13,2024-10-14 23:03:13,cancelled
782,61,12,2024-12-20 06:42:16,2024-12-27 23:42:16,shipped
783,44,3,2024-03-23 05:58:51,2024-03-23 23:58:51,shipped
784,285,11,2024-07-25 04:01:40,2024-08-03 18:01:40,cancelled
785,208,5,2024-05-25 20:09:25,2024-06-03 01:09:25,completed
786,378,12,2024-07-26 04:58:48,2024-08-04 07:58:48,shipped
787,276,2,2024-04-10 20:11:24,2024-04-13 14:11:24,completed
788,76,10,2024-06-20 18:58:44,2024-06-21 12:58:44,completed
789,85,12,2024-11-09 18:50:46,2024-11-16 13:50:46,completed
790,458,9,2024-09-08 11:34:55,2024-09-12 10:34:55,placed
791,252,9,2024-12-19 12:10:42,2024-12-27 16:10:42,placed
792,240,1,2024-01-18 03:28:27,2024-01-24 12:28:27,placed
793,121,7,2024-02-27 23:19:32,2024-03-07 11:19:32,completed
794,22,9,2024-10-04 09:38:51,2024-10-04 19:38:51,completed
795,236,10,2024-05-17 21:33:29,2024-05-26 06:33:29,cancelled
796,486,8,2024-07-12 13:51:53,2024-07-21 22:51:53,cancelled
797,153,3,2024-01-09 01:01:31,2024-01-11 15:01:31,returned
798,182,6,2024-10-21 05:53:04,2024-10-24 07:53:04,returned
799,279,11,2024-03-13 14:32:59,2024-03-16 17:32:59,shipped
800,149,9,2024-08-11 14:00:02,2024-08-20 06:00:02,completed
801,257,9,2024-03-10 07:19:03,2024-03-19 03:19:03,cancelled
802,105,4,2024-03-22 03:26:08,2024-03-30 06:26:08,returned
803,53,2,2024-02-06 17:30:06,2024-02-14 07:30:06,completed
804,259,8,2024-10-21 12:47:05,2024-10-24 23:47:05,cancelled
805,5,1,2024-12-19 23:53:50,2024-12-21 22:53:50,shipped
806,282,3,2024-11-21 06:58:03,2024-11-27 14:58:03,completed
807,374,5,2024-11-15 15:17:50,2024-11-21 23:17:50,shipped
808,270,11,2024-10-26 18:19:32,2024-11-01 21:19:32,completed
809,38,4,2024-06-24 06:20:44,2024-06-27 04:20:44,completed
810,253,7,2024-06-15 11:29:22,2024-06-20 02:29:22,cancelled
811,22,4,2024-12-05 17:59:53,2024-12-06 07:59:53,completed
812,351,8,2024-01-29 05:25:16,2024-02-01 15:25:16,cancelled
813,94,7,2024-08-10 03:48:47,2024-08-11 06:48:47,completed
814,245,11,2024-12-20 11:12:24,2024-12-26 07:12:24,completed
815,149,5,2024-08-10 22:52:59,2024-08-12 20:52:59,cancelled
816,374,11,2024-09-20 10:01:16,2024-09-28 12:01:16,cancelled
817,317,4,2024-03-09 00:16:14,2024-03-18 11:16:14,shipped
818,319,12,2024-01-09 22:00:32,2024-01-15 20:00:32,completed
819,186,11,2024-04-04 17:53:19,2024-04-14 07:53:19,cancelled
820,223,6,2024-01-12 15:03:36,2024-01-18 11:03:36,returned
821,294,7,2024-05-13 20:59:57,2024-05-18 04:59:57,completed
822,173,2,2024-04-07 20:09:46,2024-04-16 19:09:46,shipped
823,386,4,2024-01-01 09:07:02,2024-01-01 10:07:02,completed
824,485,2,2024-05-25 17:02:15,2024-05-31 08:02:15,placed
825,227,11,2024-06-08 16:03:20,2024-06-15 08:03:20,shipped
826,72,12,2024-06-05 14:16:32,2024-06-13 17:16:32,returned
827,197,1,2024-03-03 12:21:57,2024-03-09 12:21:57,completed
828,240,9,2024-12-26 01:49:15,2024-12-26 21:49:15,completed
829,423,9,2024-09-17 01:25:50,2024-09-20 10:25:50,shipped
830,25,3,2024-12-01 14:12:30,2024-12-05 19:12:30,completed
831,232,4,2024-09-21 21:09:18,2024-09-24 13:09:18,returned
832,421,10,2024-07-27 06:09:22,2024-08-05 01:09:22,shipped
833,120,7,2024-12-02 13:08:38,2024-12-11 08:08:38,shipped
834,32,7,2024-11-30 08:12:25,2024-12-10 08:12:25,completed
835,82,2,2024-06-01 18:21:02,2024-06-08 23:21:02,returned
836,293,3,2024-05-07 03:31:10,2024-05-13 04:31:10,completed
837,170,1,2024-08-23 00:33:39,2024-08-30 09:33:39,completed
838,385,1,2024-09-27 00:28:57,2024-10-03 23:28:57,completed
839,141,7,2024-10-30 00:26:16,2024-10-30 19:26:16,cancelled
840,77,10,2024-08-11 03:35:36,2024-08-20 21:35:36,completed
841,321,4,2024-05-23 04:21:18,2024-05-23 17:21:18,completed
842,352,8,2024-08-09 01:16:04,2024-08-09 10:16:04,placed
843,192,5,2024-04-07 13:24:25,2024-04-09 11:24:25,cancelled
844,482,4,2024-07-31 02:47:09,2024-08-09 16:47:09,cancelled
845,273,6,2024-10-07 13:27:00,2024-10-17 11:27:00,completed
846,115,9,2024-02-11 05:57:17,2024-02-17 04:57:17,completed
847,349,5,2024-11-16 08:16:15,2024-11-19 02:16:15,shipped
848,248,3,2024-01-19 05:02:41,2024-01-21 07:02:41,completed
849,168,6,2024-03-19 13:32:47,2024-03-20 16:32:47,shipped
850,9,10,2024-04-13 05:00:38,2024-04-22 05:00:38,shipped
851,316,9,2024-02-17 09:15:00,2024-02-24 19:15:00,completed
852,30,6,2024-12-01 13:23:04,2024-12-09 18:23:04,completed
853,302,7,2024-05-21 06:01:14,2024-05-29 17:01:14,returned
854,118,10,2024-09-08 09:38:47,2024-09-17 17:38:47,shipped
855,18,9,2024-03-20 06:16:06,2024-03-27 00:16:06,completed
856,212,3,2024-10-17 01:36:49,2024-10-17 02:36:49,shipped
857,157,10,2024-02-05 23:07:57,2024-02-06 14:07:57,completed
858,105,12,2024-08-02 15:57:57,2024-08-07 13:57:57,completed
859,80,10,2024-01-13 16:43:41,2024-01-17 03:43:41,shipped
860,53,7,2024-01-21 14:53:41,2024-01-27 10:53:41,returned
861,296,10,2024-12-19 06:28:24,2024-12-25 19:28:24,shipped
862,494,4,2024-11-02 13:17:27,2024-11-08 16:17:27,returned
863,130,10,2024-11-10 20:51:47,2024-11-19 02:51:47,completed
864,2,3,2024-08-09 18:30:30,2024-08-11 14:30:30,completed
865,459,6,2024-02-23 16:49:11,2024-02-29 20:49:11,cancelled
866,311,11,2024-12-09 15:10:14,2024-12-14 14:10:14,completed
867,473,7,2024-09-07 15:37:40,2024-09-08 11:37:40,returned
868,142,11,2024-12-03 01:00:47,2024-12-10 21:00:47,completed
869,108,11,2024-08-18 11:40:50,2024-08-23 18:40:50,placed
870,107,3,2024-02-15 20:34:40,2024-02-25 01:34:40,completed
871,17,8,2024-02-22 19:29:18,2024-03-01 12:29:18,completed
872,77,5,2024-03-09 09:43:02,2024-03-10 10:43:02,placed
873,5,10,2024-09-15 05:32:09,2024-09-18 16:32:09,cancelled
874,195,2,2024-11-10 18:04:39,2024-11-18 15:04:39,completed
875,399,12,2024-08-14 14:13:51,2024-08-19 21:13:51,returned
876,184,9,2024-05-06 20:29:44,2024-05-12 14:29:44,completed
877,315,3,2024-07-05 03:29:51,2024-07-07 14:29:51,completed
878,67,3,2024-11-29 23:52:57,2024-12-02 23:52:57,completed
879,128,1,2024-02-18 10:14:19,2024-02-18 14:14:19,completed
880,127,5,2024-07-05 05:55:49,2024-07-14 04:55:49,shipped
881,118,2,2024-06-23 12:01:11,2024-06-27 18:01:11,completed
882,50,12,2024-09-17 06:39:54,2024-09-21 03:39:54,completed
883,22,7,2024-06-24 21:55:20,2024-06-25 23:55:20,shipped
884,290,7,2024-03-11 13:48:28,2024-03-15 06:48:28,completed
885,131,7,2024-12-11 12:00:47,2024-12-15 16:00:47,completed
886,17,1,2024-04-13 07:20:25,2024-04-17 14:20:25,completed
887,60,1,2024-06-22 13:42:08,2024-06-28 19:42:08,completed
888,402,3,2024-01-17 10:14:09,2024-01-20 03:14:09,completed
889,285,12,2024-04-23 15:22:44,2024-04-24 17:22:44,completed
890,353,9,2024-09-17 02:21:00,2024-09-23 09:21:00,completed
891,88,2,2024-02-04 13:45:10,2024-02-08 22:45:10,placed
892,190,11,2024-09-29 13:24:30,2024-10-07 13:24:30,completed
893,134,5,2024-07-26 19:31:49,2024-07-28 06:31:49,shipped
894,226,9,2024-05-25 04:03:42,2024-05-29 20:03:42,cancelled
895,81,9,2024-12-12 00:37:41,2024-12-17 07:37:41,completed
896,464,2,2024-11-02 20:25:13,2024-11-09 00:25:13,completed
897,477,8,2024-08-13 15:37:37,2024-08-22 03:37:37,returned
898,262,5,2024-02-28 21:50:51,2024-02-29 13:50:51,completed
899,323,7,2024-04-16 21:12:37,2024-04-22 15:12:37,completed
900,315,1,2024-12-07 21:18:36,2024-12-12 12:18:36,shipped
901,38,4,2024-11-18 05:19:46,2024-11-19 09:19:46,completed
902,369,7,2024-12-13 08:48:29,2024-12-13 08:48:29,completed
903,85,6,2024-12-18 00:31:52,2024-12-20 23:31:52,completed
904,387,12,2024-07-07 01:26:24,2024-07-16 14:26:24,cancelled
905,280,11,2024-01-17 05:53:32,2024-01-23 00:53:32,completed
906,41,8,2024-04-15 04:41:31,2024-04-19 13:41:31,completed
907,193,5,2024-07-31 00:17:48,2024-08-04 12:17:48,completed
908,338,1,2024-02-12 23:17:43,2024-02-14 06:17:43,completed
909,306,9,2024-10-19 07:43:53,2024-10-27 12:43:53,completed
910,336,11,2024-08-10 07:09:11,2024-08-13 12:09:11,returned
911,223,7,2024-07-12 05:04:05,2024-07-16 14:04:05,placed
912,488,5,2024-10-25 06:19:44,2024-10-28 15:19:44,cancelled
913,67,11,2024-03-12 14:02:12,2024-03-20 19:02:12,completed
914,96,2,2024-03-08 22:15:35,2024-03-10 12:15:35,completed
915,191,9,2024-11-12 15:00:42,2024-11-15 07:00:42,completed
916,411,5,2024-06-22 06:05:47,2024-06-23 16:05:47,cancelled
917,117,7,2024-05-14 06:20:12,2024-05-21 16:20:12,completed
918,17,11,2024-06-15 16:46:52,2024-06-18 09:46:52,completed
919,395,9,2024-08-26 18:08:00,2024-09-03 21:08:00,completed
920,195,11,2024-03-06 21:52:02,2024-03-15 14:52:02,placed
921,406,4,2024-05-06 05:13:00,2024-05-13 21:13:00,completed
922,447,7,2024-06-20 02:08:42,2024-06-25 03:08:42,completed
923,231,12,2024-10-31 14:00:10,2024-11-06 11:00:10,shipped
924,271,9,2024-10-28 12:40:37,2024-10-30 03:40:37,returned
925,383,7,2024-10-02 22:05:04,2024-10-05 14:05:04,shipped
926,291,2,2024-02-28 14:56:10,2024-02-29 18:56:10,cancelled
927,95,4,2024-03-09 05:54:51,2024-03-18 16:54:51,placed
928,16,9,2024-11-22 17:15:06,2024-11-29 10:15:06,completed
929,125,11,2024-02-03 00:44:44,2024-02-09 06:44:44,completed
930,71,4,2024-05-02 06:43:30,2024-05-05 13:43:30,completed
931,39,6,2024-01-08 14:10:26,2024-01-18 05:10:26,completed
932,1,8,2024-07-29 08:34:47,2024-08-01 18:34:47,shipped
933,291,10,2024-08-29 11:52:35,2024-09-02 18:52:35,shipped
934,186,8,2024-11-23 17:39:08,2024-11-24 12:39:08,completed
935,438,1,2024-10-22 13:31:21,2024-11-01 02:31:21,completed
936,149,12,2024-02-05 00:50:23,2024-02-12 03:50:23,completed
937,73,10,2024-07-04 10:52:58,2024-07-07 23:52:58,completed
938,470,3,2024-02-10 20:52:07,2024-02-19 14:52:07,completed
939,446,6,2024-07-11 23:51:45,2024-07-20 19:51:45,placed
940,287,10,2024-05-07 10:05:53,2024-05-16 21:05:53,completed
941,200,9,2024-12-24 22:07:51,2025-01-03 20:07:51,completed
942,92,8,2024-12-10 01:15:59,2024-12-18 15:15:59,shipped
943,186,4,2024-11-13 06:26:13,2024-11-22 10:26:13,completed
944,221,10,2024-05-01 21:51:15,2024-05-09 03:51:15,placed
945,285,10,2024-03-23 20:27:33,2024-04-02 01:27:33,returned
946,73,8,2024-03-19 12:29:48,2024-03-28 02:29:48,completed
947,132,9,2024-10-23 16:26:42,2024-11-02 01:26:42,returned
948,281,4,2024-10-05 17:53:39,2024-10-08 09:53:39,returned
949,318,6,2024-05-16 20:58:17,2024-05-17 16:58:17,completed
950,15,11,2024-08-21 01:13:45,2024-08-22 03:13:45,returned
951,308,11,2024-01-08 09:59:35,2024-01-09 21:59:35,completed
952,419,5,2024-09-28 07:43:39,2024-10-08 07:43:39,placed
953,447,1,2024-01-05 02:34:20,2024-01-06 18:34:20,returned
954,450,6,2024-11-05 21:24:39,2024-11-12 20:24:39,completed
955,477,6,2024-10-02 01:48:23,2024-10-09 23:48:23,completed
956,370,1,2024-03-19 22:33:09,2024-03-27 06:33:09,returned
957,314,12,2024-10-22 06:40:07,2024-10-25 06:40:07,placed
958,199,2,2024-01-13 21:59:02,2024-01-14 12:59:02,completed
959,257,5,2024-09-26 16:10:01,2024-10-03 22:10:01,shipped
960,2,7,2024-07-09 14:22:07,2024-07-14 11:22:07,completed
961,161,5,2024-02-20 11:45:40,2024-03-01 01:45:40,completed
962,49,2,2024-01-06 21:59:06,2024-01-14 17:59:06,completed
963,70,10,2024-12-26 05:05:52,2024-12-26 06:05:52,completed
964,217,5,2024-03-06 01:05:34,2024-03-10 06:05:34,placed
965,131,8,2024-06-28 22:53:46,2024-07-08 09:53:46,placed
966,181,9,2024-11-01 03:02:03,2024-11-02 10:02:03,completed
967,161,10,2024-10-18 03:00:29,2024-10-23 01:00:29,completed
968,466,10,2024-07-05 06:07:12,2024-07-14 20:07:12,shipped
969,321,4,2024-02-22 12:48:37,2024-02-29 13:48:37,cancelled
970,109,12,2024-02-21 03:20:17,2024-03-01 23:20:17,completed
971,437,3,2024-02-20 17:08:08,2024-02-28 08:08:08,completed
972,214,6,2024-12-10 05:14:57,2024-12-10 17:14:57,completed
973,313,9,2024-03-28 02:06:52,2024-03-29 11:06:52,completed
974,153,7,2024-12-02 00:08:49,2024-12-08 11:08:49,placed
975,142,2,2024-08-28 19:38:45,2024-09-01 22:38:45,completed
976,208,9,2024-12-09 14:54:57,2024-12-13 12:54:57,cancelled
977,399,5,2024-04-26 16:53:30,2024-05-03 15:53:30,placed
978,69,7,2024-12-08 13:26:03,2024-12-17 10:26:03,shipped
979,345,3,2024-02-09 09:13:37,2024-02-16 14:13:37,completed
980,113,4,2024-08-05 08:50:04,2024-08-08 22:50:04,returned
981,126,5,2024-03-19 13:38:12,2024-03-28 05:38:12,placed
982,443,8,2024-10-29 06:51:35,2024-11-06 00:51:35,completed
983,198,12,2024-08-18 22:30:50,2024-08-27 04:30:50,completed
984,147,6,2024-01-09 14:13:45,2024-01-15 07:13:45,completed
985,175,3,2024-10-22 07:36:28,2024-10-26 13:36:28,completed
986,142,3,2024-04-03 01:12:32,2024-04-06 23:12:32,completed
987,163,5,2024-03-23 21:52:48,2024-03-31 12:52:48,returned
988,86,3,2024-12-27 22:08:06,2024-12-29 04:08:06,placed
989,137,11,2024-09-09 14:58:36,2024-09-19 01:58:36,completed
990,408,6,2024-12-05 22:29:59,2024-12-13 19:29:59,returned
991,240,1,2024-02-13 07:01:24,2024-02-16 06:01:24,cancelled
992,13,6,2024-05-06 09:43:38,2024-05-13 07:43:38,completed
993,66,2,2024-04-30 01:50:53,2024-05-02 00:50:53,completed
994,471,4,2024-10-23 08:16:13,2024-10-27 13:16:13,completed
995,319,6,2024-05-16 08:09:27,2024-05-23 21:09:27,shipped
996,87,3,2024-09-05 12:38:30,2024-09-12 21:38:30,completed
997,219,2,2024-07-16 00:09:14,2024-07-19 17:09:14,cancelled
998,20,2,2024-01-06 11:58:32,2024-01-11 16:58:32,shipped
999,363,5,2024-07-26 10:28:28,2024-08-04 14:28:28,completed
1000,312,5,2024-04-08 13:10:48,2024-04-10 04:10:48,completed
1001,29,5,2024-06-03 02:37:41,2024-06-10 09:37:41,completed
1002,7,11,2024-01-28 20:38:17,2024-01-31 04:38:17,completed
1003,188,7,2024-01-25 13:36:11,2024-01-28 21:36:11,completed
1004,220,5,2024-01-07 13:35:04,2024-01-13 14:35:04,cancelled
1005,281,8,2024-05-18 22:29:48,2024-05-27 12:29:48,shipped
1006,158,2,2024-03-19 08:46:32,2024-03-25 10:46:32,shipped
1007,309,3,2024-02-21 04:56:45,2024-02-25 20:56:45,completed
1008,279,7,2024-05-16 20:45:48,2024-05-19 08:45:48,returned
1009,16,9,2024-09-18 00:33:06,2024-09-25 17:33:06,completed
1010,194,5,2024-04-19 19:46:40,2024-04-25 19:46:40,completed
1011,206,5,2024-08-10 07:06:57,2024-08-15 01:06:57,completed
1012,126,6,2024-05-02 05:32:24,2024-05-09 15:32:24,shipped
1013,326,10,2024-09-09 11:07:39,2024-09-13 06:07:39,shipped
1014,106,7,2024-04-26 09:29:47,2024-04-28 21:29:47,cancelled
1015,386,5,2024-12-05 16:24:45,2024-12-15 06:24:45,cancelled
1016,427,12,2024-11-29 02:34:30,2024-12-01 20:34:30,completed
1017,479,4,2024-08-11 13:09:45,2024-08-18 16:09:45,returned
1018,99,5,2024-09-01 18:47:46,2024-09-09 07:47:46,completed
1019,476,2,2024-02-27 15:01:03,2024-03-06 08:01:03,completed
1020,299,6,2024-08-31 21:25:32,2024-09-08 02:25:32,returned
1021,112,2,2024-04-11 09:32:55,2024-04-18 21:32:55,completed
1022,105,5,2024-12-11 17:43:13,2024-12-13 15:43:13,shipped
1023,297,7,2024-07-14 21:40:19,2024-07-22 18:40:19,completed
1024,340,8,2024-06-19 03:53:34,2024-06-28 14:53:34,completed
1025,484,5,2024-06-12 22:29:01,2024-06-17 02:29:01,completed
1026,56,4,2024-03-20 09:15:00,2024-03-29 17:15:00,placed
1027,355,2,2024-09-17 07:54:19,2024-09-26 21:54:19,completed
1028,190,4,2024-01-22 18:25:27,2024-01-23 14:25:27,cancelled
1029,139,12,2024-12-22 11:26:46,2024-12-30 21:26:46,shipped
1030,409,3,2024-04-23 15:55:12,2024-04-24 04:55:12,returned
1031,374,2,2024-11-18 23:58:41,2024-11-28 17:58:41,completed
1032,76,6,2024-07-15 10:17:50,2024-07-24 17:17:50,cancelled
1033,131,9,2024-10-08 10:45:34,2024-10-16 07:45:34,shipped
1034,25,2,2024-07-25 04:29:39,2024-07-30 01:29:39,cancelled
1035,343,2,2024-06-25 11:27:03,2024-07-04 13:27:03,placed
1036,454,2,2024-07-10 20:20:12,2024-07-11 22:20:12,shipped
1037,11,6,2024-11-28 21:15:49,2024-12-01 23:15:49,shipped
1038,451,11,2024-05-28 13:09:34,2024-06-06 14:09:34,cancelled
1039,450,1,2024-04-28 08:19:11,2024-05-03 16:19:11,returned
1040,404,11,2024-06-23 01:28:50,2024-06-28 08:28:50,completed
1041,120,5,2024-03-12 20:11:57,2024-03-17 15:11:57,cancelled
1042,372,3,2024-02-28 14:34:38,2024-03-05 21:34:38,completed
1043,388,11,2024-09-29 07:01:06,2024-10-05 11:01:06,completed
1044,264,1,2024-09-08 00:01:08,2024-09-15 03:01:08,completed
1045,436,1,2024-01-17 22:28:08,2024-01-20 19:28:08,completed
1046,40,6,2024-10-17 22:53:39,2024-10-21 01:53:39,completed
1047,206,5,2024-12-13 01:13:50,2024-12-13 03:13:50,shipped
1048,327,9,2024-07-05 14:02:23,2024-07-08 04:02:23,returned
1049,75,3,2024-01-30 04:01:02,2024-02-01 05:01:02,shipped
1050,451,10,2024-10-27 00:05:15,2024-11-05 04:05:15,completed
1051,313,10,2024-08-26 01:15:34,2024-08-29 00:15:34,completed
1052,101,12,2024-03-03 15:21:56,2024-03-09 09:21:56,completed
1053,415,10,2024-03-07 09:03:12,2024-03-14 09:03:12,completed
1054,405,4,2024-03-24 07:11:35,2024-04-01 23:11:35,completed
1055,204,8,2024-02-10 16:23:09,2024-02-13 07:23:09,completed
1056,51,11,2024-07-28 22:25:26,2024-08-06 23:25:26,completed
1057,488,8,2024-07-10 11:10:14,2024-07-14 13:10:14,placed
1058,52,11,2024-11-11 19:44:50,2024-11-14 15:44:50,shipped
1059,236,9,2024-09-26 19:56:43,2024-09-27 23:56:43,completed
1060,392,3,2024-08-25 12:51:23,2024-09-03 18:51:23,completed
1061,290,3,2024-05-13 08:59:11,2024-05-16 19:59:11,shipped
1062,322,8,2024-02-25 10:14:27,2024-03-04 13:14:27,completed
1063,181,11,2024-08-27 22:22:40,2024-09-05 23:22:40,completed
1064,274,2,2024-05-27 21:30:20,2024-05-30 23:30:20,completed
1065,204,7,2024-04-22 13:51:31,2024-04-28 10:51:31,completed
1066,54,4,2024-01-01 05:04:39,2024-01-07 03:04:39,returned
1067,77,8,2024-11-02 03:30:52,2024-11-06 01:30:52,cancelled
1068,348,7,2024-02-09 13:03:16,2024-02-15 20:03:16,returned
1069,246,12,2024-12-20 06:56:14,2024-12-20 10:56:14,completed
1070,23,7,2024-07-06 22:43:19,2024-07-09 20:43:19,completed
1071,245,3,2024-05-02 11:59:12,2024-05-12 09:59:12,completed
1072,256,5,2024-07-05 13:39:19,2024-07-15 03:39:19,completed
1073,86,12,2024-11-17 21:54:10,2024-11-27 01:54:10,returned
1074,445,2,2024-12-26 21:39:49,2025-01-03 12:39:49,completed
1075,280,12,2024-04-05 16:26:06,2024-04-12 06:26:06,completed
1076,208,2,2024-07-14 02:18:26,2024-07-17 13:18:26,completed
1077,110,6,2024-10-26 23:04:40,2024-10-28 11:04:40,completed
1078,16,4,2024-03-16 19:43:43,2024-03-18 02:43:43,completed
1079,90,8,2024-07-29 23:58:12,2024-08-04 00:58:12,shipped
1080,168,12,2024-03-28 22:26:42,2024-04-03 01:26:42,returned
1081,415,7,2024-08-16 16:28:58,2024-08-26 14:28:58,placed
1082,300,1,2024-09-24 18:32:50,2024-09-25 03:32:50,shipped
1083,142,12,2024-12-30 05:42:11,2025-01-04 16:42:11,completed
1084,387,9,2024-02-19 02:18:17,2024-02-24 14:18:17,completed
1085,298,9,2024-04-26 05:12:00,2024-05-05 23:12:00,cancelled
1086,43,3,2024-10-08 23:55:25,2024-10-11 06:55:25,completed
1087,428,9,2024-01-31 23:39:46,2024-02-03 21:39:46,cancelled
1088,442,7,2024-12-25 02:00:19,2024-12-29 14:00:19,completed
1089,370,8,2024-10-17 21:12:25,2024-10-18 00:12:25,completed
1090,158,3,2024-09-08 00:07:23,2024-09-17 05:07:23,completed
1091,424,9,2024-11-05 18:10:51,2024-11-06 19:10:51,returned
1092,206,2,2024-12-17 18:27:08,2024-12-21 09:27:08,cancelled
1093,171,9,2024-05-04 22:59:37,2024-05-14 05:59:37,cancelled
1094,178,2,2024-02-09 07:49:48,2024-02-13 08:49:48,completed
1095,176,4,2024-04-24 13:27:43,2024-04-26 10:27:43,completed
1096,275,11,2024-12-22 22:07:50,2024-12-26 02:07:50,completed
1097,215,4,2024-06-12 23:22:55,2024-06-14 09:22:55,cancelled
1098,134,12,2024-10-20 16:01:43,2024-10-29 20:01:43,cancelled
1099,384,8,2024-02-22 17:36:21,2024-03-02 17:36:21,completed
1100,157,4,2024-08-17 09:14:05,2024-08-22 17:14:05,completed
1101,114,12,2024-03-31 21:22:39,2024-04-03 03:22:39,completed
1102,96,9,2024-02-19 14:24:07,2024-02-23 19:24:07,shipped
1103,18,12,2024-09-10 08:33:20,2024-09-14 03:33:20,completed
1104,361,5,2024-02-08 17:18:57,2024-02-14 17:18:57,shipped
1105,385,5,2024-07-30 06:19:05,2024-08-04 05:19:05,placed
1106,215,2,2024-02-11 21:32:09,2024-02-17 13:32:09,returned
1107,196,4,2024-01-20 12:27:43,2024-01-25 13:27:43,placed
1108,210,9,2024-08-14 13:36:40,2024-08-14 20:36:40,placed
1109,232,3,2024-03-03 05:37:00,2024-03-04 04:37:00,shipped
1110,58,8,2024-02-13 02:12:57,2024-02-19 03:12:57,shipped
1111,75,4,2024-10-21 23:45:50,2024-10-25 04:45:50,completed
1112,301,5,2024-10-20 08:10:29,2024-10-21 05:10:29,shipped
1113,93,7,2024-08-27 15:04:52,2024-08-27 20:04:52,shipped
1114,419,5,2024-10-06 16:45:05,2024-10-12 14:45:05,placed
1115,295,11,2024-02-12 21:22:35,2024-02-16 06:22:35,cancelled
1116,110,8,2024-05-27 07:58:37,2024-05-27 22:58:37,cancelled
1117,44,7,2024-04-26 19:25:52,2024-04-27 06:25:52,placed
1118,115,10,2024-07-23 23:18:14,2024-07-28 08:18:14,completed
1119,450,4,2024-10-22 16:24:46,2024-10-24 23:24:46,placed
1120,123,10,2024-02-13 04:44:15,2024-02-19 16:44:15,placed
1121,273,10,2024-10-09 05:51:14,2024-10-14 02:51:14,completed
1122,431,10,2024-07-19 00:36:49,2024-07-21 22:36:49,completed
1123,452,2,2024-05-03 15:09:03,2024-05-04 14:09:03,completed
1124,212,7,2024-01-12 15:21:10,2024-01-17 09:21:10,completed
1125,395,9,2024-12-19 12:08:36,2024-12-20 11:08:36,completed
1126,493,7,2024-02-24 15:46:37,2024-02-24 23:46:37,completed
1127,45,3,2024-08-28 16:32:05,2024-08-29 16:32:05,cancelled
1128,89,4,2024-01-22 12:11:31,2024-01-25 07:11:31,completed
1129,45,1,2024-02-04 20:21:15,2024-02-12 13:21:15,returned
1130,464,5,2024-07-25 17:52:35,2024-08-02 08:52:35,completed
1131,74,8,2024-06-11 17:00:29,2024-06-14 01:00:29,returned
1132,159,8,2024-11-24 07:10:47,2024-11-25 21:10:47,completed
1133,488,3,2024-06-02 02:35:35,2024-06-06 21:35:35,cancelled
1134,262,5,2024-11-02 20:19:48,2024-11-09 11:19:48,completed
1135,155,3,2024-02-18 18:14:55,2024-02-21 06:14:55,completed
1136,327,7,2024-11-23 13:46:19,2024-11-26 05:46:19,completed
1137,64,2,2024-09-17 10:15:51,2024-09-24 23:15:51,completed
1138,116,6,2024-09-19 23:39:54,2024-09-26 05:39:54,completed
1139,47,3,2024-11-12 14:00:19,2024-11-21 22:00:19,completed
1140,160,10,2024-10-15 22:20:30,2024-10-21 13:20:30,completed
1141,358,4,2024-02-10 18:59:35,2024-02-17 02:59:35,completed
1142,422,8,2024-10-22 21:40:47,2024-10-29 19:40:47,completed
1143,482,6,2024-09-22 12:56:44,2024-09-30 03:56:44,completed
1144,269,6,2024-12-02 20:09:16,2024-12-06 17:09:16,cancelled
1145,85,12,2024-02-16 08:42:03,2024-02-16 13:42:03,completed
1146,117,8,2024-02-13 11:27:35,2024-02-17 21:27:35,shipped
1147,458,4,2024-09-19 20:39:46,2024-09-26 04:39:46,returned
1148,8,11,2024-10-07 16:56:09,2024-10-15 07:56:09,completed
1149,84,2,2024-05-31 17:36:59,2024-06-06 22:36:59,placed
1150,354,2,2024-04-05 12:01:37,2024-04-11 15:01:37,returned
1151,476,1,2024-03-25 12:02:41,2024-03-27 14:02:41,completed
1152,468,2,2024-10-13 20:09:34,2024-10-18 08:09:34,completed
1153,189,2,2024-05-26 10:25:33,2024-05-31 11:25:33,completed
1154,133,3,2024-07-09 12:34:26,2024-07-14 21:34:26,returned
1155,120,10,2024-05-24 12:22:21,2024-06-01 15:22:21,completed
1156,389,12,2024-11-23 05:22:33,2024-11-27 03:22:33,completed
1157,334,8,2024-07-25 10:29:08,2024-08-01 06:29:08,completed
1158,434,6,2024-10-01 01:23:38,2024-10-05 22:23:38,completed
1159,230,7,2024-06-15 10:56:31,2024-06-18 02:56:31,shipped
1160,65,4,2024-12-12 20:26:56,2024-12-18 11:26:56,completed
1161,14,11,2024-07-22 19:44:08,2024-07-31 16:44:08,completed
1162,488,5,2024-10-28 13:36:47,2024-10-28 15:36:47,completed
1163,361,1,2024-04-03 16:31:13,2024-04-12 12:31:13,completed
1164,484,11,2024-02-27 04:14:12,2024-03-03 07:14:12,shipped
1165,311,2,2024-07-10 00:05:34,2024-07-11 03:05:34,completed
1166,429,9,2024-06-05 22:56:07,2024-06-12 01:56:07,completed
1167,107,10,2024-11-28 14:57:09,2024-12-07 04:57:09,shipped
1168,49,5,2024-03-12 14:35:24,2024-03-19 19:35:24,completed
1169,474,4,2024-06-22 01:44:32,2024-07-01 12:44:32,completed
1170,58,8,2024-03-03 02:27:58,2024-03-09 02:27:58,completed
1171,282,6,2024-02-12 05:23:49,2024-02-19 15:23:49,completed
1172,220,1,2024-02-18 17:10:22,2024-02-27 13:10:22,completed
1173,12,8,2024-10-07 16:51:12,2024-10-07 16:51:12,completed
1174,24,3,2024-03-13 07:14:14,2024-03-21 12:14:14,placed
1175,491,4,2024-04-06 00:41:16,2024-04-08 04:41:16,shipped
1176,499,1,2024-02-14 02:06:09,2024-02-20 16:06:09,returned
1177,284,9,2024-04-20 14:52:25,2024-04-27 23:52:25,completed
1178,65,5,2024-10-19 07:17:11,2024-10-22 04:17:11,placed
1179,191,5,2024-03-03 03:48:11,2024-03-03 19:48:11,cancelled
1180,191,4,2024-10-07 14:37:38,2024-10-11 20:37:38,shipped
1181,3,10,2024-08-18 08:00:48,2024-08-20 00:00:48,completed
1182,298,11,2024-02-10 19:17:59,2024-02-13 23:17:59,shipped
1183,239,10,2024-02-19 06:19:33,2024-02-23 05:19:33,completed
1184,93,12,2024-12-26 06:31:11,2024-12-26 07:31:11,completed
1185,30,3,2024-05-12 03:45:48,2024-05-17 02:45:48,completed
1186,499,6,2024-09-28 15:32:23,2024-10-03 06:32:23,completed
1187,192,2,2024-11-01 03:35:11,2024-11-07 08:35:11,completed
1188,390,5,2024-12-08 01:45:42,2024-12-09 23:45:42,completed
1189,148,10,2024-08-10 16:27:13,2024-08-12 12:27:13,completed
1190,69,7,2024-06-03 18:18:25,2024-06-03 18:18:25,completed
1191,119,10,2024-01-30 01:50:59,2024-01-30 13:50:59,completed
1192,91,3,2024-03-03 06:18:37,2024-03-06 10:18:37,returned
1193,495,1,2024-12-27 20:40:19,2025-01-02 11:40:19,shipped
1194,270,12,2024-12-30 19:46:36,2025-01-03 13:46:36,placed
1195,145,12,2024-02-06 04:15:12,2024-02-10 19:15:12,completed
1196,238,8,2024-09-12 17:35:36,2024-09-22 06:35:36,completed
1197,500,1,2024-11-13 23:40:15,2024-11-16 22:40:15,returned
1198,11,2,2024-11-20 15:05:29,2024-11-29 15:05:29,completed
1199,220,6,2024-11-05 04:28:29,2024-11-07 06:28:29,completed
1200,291,1,2024-04-19 01:56:06,2024-04-26 09:56:06,completed
1201,257,6,2024-08-31 01:04:43,2024-09-09 11:04:43,completed
1202,274,2,2024-04-11 16:37:16,2024-04-18 20:37:16,completed
1203,193,2,2024-07-29 13:58:13,2024-08-06 13:58:13,completed
1204,338,5,2024-12-08 15:20:03,2024-12-16 00:20:03,placed
1205,172,1,2024-09-27 21:12:40,2024-10-02 17:12:40,completed
1206,109,1,2024-06-02 22:19:29,2024-06-08 01:19:29,completed
1207,211,8,2024-12-19 21:13:42,2024-12-26 00:13:42,completed
1208,169,4,2024-07-14 02:32:01,2024-07-22 04:32:01,completed
1209,344,11,2024-04-27 13:12:46,2024-05-03 15:12:46,shipped
1210,392,12,2024-10-24 00:50:50,2024-10-24 19:50:50,completed
1211,429,9,2024-11-21 22:53:36,2024-11-28 11:53:36,placed
1212,135,3,2024-06-06 08:58:19,2024-06-12 14:58:19,completed
1213,155,11,2024-09-05 10:44:59,2024-09-11 19:44:59,completed
1214,14,7,2024-08-20 13:21:17,2024-08-22 10:21:17,placed
1215,263,12,2024-10-28 06:44:08,2024-10-31 05:44:08,completed
1216,258,1,2024-05-30 01:10:45,2024-06-05 19:10:45,completed
1217,436,11,2024-07-17 10:53:09,2024-07-18 09:53:09,completed
1218,25,4,2024-01-13 01:45:34,2024-01-18 12:45:34,completed
1219,308,7,2024-08-01 16:52:03,2024-08-03 12:52:03,completed
1220,488,10,2024-03-12 09:36:46,2024-03-19 05:36:46,completed
1221,410,8,2024-06-06 17:32:28,2024-06-10 21:32:28,shipped
1222,323,11,2024-03-12 09:53:23,2024-03-19 05:53:23,completed
1223,481,3,2024-03-27 12:54:57,2024-04-01 09:54:57,completed
1224,313,7,2024-09-09 01:21:11,2024-09-17 03:21:11,completed
1225,114,12,2024-10-23 17:54:43,2024-10-28 05:54:43,completed
1226,9,4,2024-12-05 07:30:40,2024-12-09 13:30:40,returned
1227,102,3,2024-03-30 15:24:30,2024-04-04 04:24:30,placed
1228,132,3,2024-08-22 21:26:40,2024-08-28 11:26:40,completed
1229,209,3,2024-03-14 10:56:52,2024-03-23 22:56:52,completed
1230,63,4,2024-04-08 22:58:22,2024-04-14 12:58:22,shipped
1231,153,1,2024-09-10 08:32:33,2024-09-17 08:32:33,completed
1232,416,10,2024-07-11 12:18:58,2024-07-14 22:18:58,shipped
1233,266,3,2024-03-31 16:40:41,2024-04-04 06:40:41,returned
1234,483,5,2024-08-04 23:27:18,2024-08-14 14:27:18,completed
1235,243,11,2024-05-21 13:20:34,2024-05-24 03:20:34,completed
1236,79,11,2024-12-21 11:41:53,2024-12-29 06:41:53,completed
1237,436,7,2024-02-07 15:28:56,2024-02-07 18:28:56,placed
1238,319,12,2024-11-20 14:27:16,2024-11-26 19:27:16,completed
1239,98,5,2024-10-11 04:31:11,2024-10-13 03:31:11,returned
1240,444,3,2024-10-27 18:33:15,2024-10-30 03:33:15,completed
1241,399,10,2024-01-28 16:29:37,2024-02-06 01:29:37,completed
1242,276,10,2024-05-14 19:19:49,2024-05-15 15:19:49,completed
1243,428,8,2024-04-11 04:42:26,2024-04-14 01:42:26,completed
1244,458,5,2024-02-15 12:39:34,2024-02-21 06:39:34,completed
1245,92,2,2024-11-08 08:21:26,2024-11-14 02:21:26,placed
1246,205,11,2024-04-18 05:41:00,2024-04-24 21:41:00,cancelled
1247,81,10,2024-09-28 00:06:09,2024-10-01 14:06:09,placed
1248,11,9,2024-12-18 14:05:00,2024-12-23 23:05:00,cancelled
1249,371,12,2024-09-01 08:34:58,2024-09-10 18:34:58,cancelled
1250,276,5,2024-08-02 23:24:42,2024-08-06 13:24:42,completed
1251,116,10,2024-12-17 11:03:38,2024-12-22 11:03:38,completed
1252,200,12,2024-01-29 12:24:19,2024-02-07 06:24:19,completed
1253,389,10,2024-05-25 23:53:34,2024-06-04 19:53:34,placed
1254,230,1,2024-03-24 22:01:42,2024-04-03 14:01:42,completed
1255,329,2,2024-09-08 06:17:04,2024-09-15 00:17:04,completed
1256,61,3,2024-01-23 19:08:40,2024-02-01 09:08:40,completed
1257,353,4,2024-10-25 00:37:02,2024-10-29 21:37:02,completed
1258,152,11,2024-05-04 22:16:54,2024-05-07 15:16:54,returned
1259,180,9,2024-03-23 02:01:50,2024-03-26 02:01:50,returned
1260,162,12,2024-06-07 05:15:16,2024-06-11 06:15:16,placed
1261,181,2,2024-05-22 03:06:38,2024-05-27 12:06:38,completed
1262,372,11,2024-02-05 00:24:33,2024-02-09 12:24:33,completed
1263,192,3,2024-03-10 14:39:48,2024-03-13 07:39:48,completed
1264,382,6,2024-03-24 00:42:21,2024-03-25 00:42:21,completed
1265,494,12,2024-12-29 18:57:03,2025-01-01 22:57:03,returned
1266,489,1,2024-05-25 08:18:44,2024-06-01 15:18:44,completed
1267,329,2,2024-08-06 21:42:36,2024-08-08 20:42:36,shipped
1268,69,6,2024-04-03 05:38:35,2024-04-11 08:38:35,shipped
1269,73,1,2024-02-23 01:46:11,2024-02-25 14:46:11,completed
1270,117,3,2024-07-19 11:56:42,2024-07-22 10:56:42,completed
1271,420,6,2024-11-30 18:35:14,2024-12-01 15:35:14,completed
1272,104,9,2024-03-26 21:08:54,2024-03-28 04:08:54,placed
1273,112,4,2024-12-30 18:17:24,2024-12-31 13:17:24,completed
1274,408,5,2024-02-22 12:49:36,2024-02-29 05:49:36,completed
1275,460,8,2024-04-14 22:53:59,2024-04-15 02:53:59,completed
1276,413,9,2024-09-14 05:38:24,2024-09-18 00:38:24,completed
1277,249,12,2024-08-11 01:00:27,2024-08-19 23:00:27,completed
1278,360,11,2024-03-21 14:23:11,2024-03-23 02:23:11,returned
1279,334,2,2024-09-13 12:36:45,2024-09-22 17:36:45,cancelled
1280,466,4,2024-11-13 03:27:14,2024-11-19 10:27:14,cancelled
1281,263,9,2024-07-23 09:59:19,2024-07-24 21:59:19,cancelled
1282,199,9,2024-01-20 05:08:55,2024-01-24 07:08:55,completed
1283,275,5,2024-06-01 00:15:08,2024-06-01 06:15:08,completed
1284,439,10,2024-11-29 05:53:08,2024-12-09 00:53:08,completed
1285,206,3,2024-01-03 21:03:25,2024-01-04 22:03:25,completed
1286,168,6,2024-12-11 01:07:01,2024-12-16 07:07:01,completed
1287,403,7,2024-11-09 22:25:47,2024-11-15 13:25:47,returned
1288,263,10,2024-08-25 12:44:00,2024-08-30 12:44:00,cancelled
1289,9,9,2024-10-28 04:28:39,2024-10-30 15:28:39,returned
1290,330,7,2024-01-24 14:21:12,2024-01-26 10:21:12,placed
1291,299,7,2024-09-04 18:18:42,2024-09-05 10:18:42,returned
1292,270,1,2024-04-26 01:14:33,2024-04-29 10:14:33,cancelled
1293,425,11,2024-10-22 15:32:07,2024-10-28 11:32:07,placed
1294,267,5,2024-08-25 02:29:51,2024-09-03 01:29:51,returned
1295,159,2,2024-07-18 10:01:47,2024-07-28 00:01:47,completed
1296,293,7,2024-03-02 19:36:16,2024-03-05 09:36:16,completed
1297,144,3,2024-06-27 08:29:19,2024-07-01 19:29:19,returned
1298,48,9,2024-12-24 13:59:36,2025-01-03 01:59:36,completed
1299,186,6,2024-08-06 16:43:07,2024-08-09 23:43:07,completed
1300,19,12,2024-11-11 13:31:40,2024-11-20 00:31:40,completed
1301,255,6,2024-05-01 21:31:21,2024-05-04 00:31:21,completed
1302,34,6,2024-08-14 11:40:59,2024-08-15 03:40:59,completed
1303,122,10,2024-06-04 00:19:48,2024-06-11 06:19:48,shipped
1304,450,9,2024-02-08 17:54:28,2024-02-10 08:54:28,cancelled
1305,113,8,2024-10-29 15:56:09,2024-10-31 04:56:09,completed
1306,24,4,2024-10-04 05:32:48,2024-10-07 13:32:48,placed
1307,88,11,2024-12-15 01:24:14,2024-12-24 10:24:14,shipped
1308,317,10,2024-09-19 08:08:01,2024-09-28 16:08:01,completed
1309,79,4,2024-09-08 17:26:37,2024-09-17 04:26:37,completed
1310,385,7,2024-11-14 02:53:46,2024-11-24 01:53:46,completed
1311,500,8,2024-08-11 02:46:28,2024-08-19 17:46:28,completed
1312,69,10,2024-05-04 00:04:23,2024-05-09 02:04:23,shipped
1313,493,9,2024-10-27 14:25:08,2024-11-04 12:25:08,shipped
1314,84,4,2024-03-29 00:25:47,2024-03-30 20:25:47,completed
1315,242,12,2024-04-08 21:07:10,2024-04-13 00:07:10,shipped
1316,380,10,2024-02-14 14:59:17,2024-02-19 02:59:17,placed
1317,290,9,2024-01-28 21:16:25,2024-02-04 18:16:25,returned
1318,356,8,2024-11-10 21:46:30,2024-11-15 16:46:30,completed
1319,78,7,2024-11-27 04:07:28,2024-12-03 22:07:28,completed
1320,97,7,2024-05-26 10:56:04,2024-05-31 05:56:04,completed
1321,349,12,2024-03-26 12:13:42,2024-03-29 08:13:42,completed
1322,77,11,2024-04-28 05:29:05,2024-05-01 03:29:05,returned
1323,440,6,2024-01-25 08:05:59,2024-01-30 05:05:59,completed
1324,291,10,2024-10-30 19:30:57,2024-11-07 19:30:57,completed
1325,111,9,2024-05-05 14:05:10,2024-05-05 14:05:10,cancelled
1326,274,9,2024-03-29 19:34:51,2024-04-04 21:34:51,placed
1327,102,3,2024-05-18 21:03:21,2024-05-19 20:03:21,shipped
1328,27,12,2024-07-24 04:27:10,2024-08-01 17:27:10,completed
1329,160,4,2024-08-14 03:24:08,2024-08-15 00:24:08,completed
1330,54,1,2024-07-07 16:46:43,2024-07-16 04:46:43,completed
1331,102,4,2024-12-25 00:56:35,2025-01-02 15:56:35,completed
1332,448,6,2024-09-08 06:46:28,2024-09-15 14:46:28,cancelled
1333,49,2,2024-04-22 08:14:55,2024-04-30 17:14:55,shipped
1334,66,3,2024-11-27 05:25:22,2024-11-28 15:25:22,completed
1335,91,1,2024-05-24 15:22:33,2024-05-28 15:22:33,shipped
1336,274,5,2024-03-22 04:43:43,2024-03-24 13:43:43,completed
1337,125,12,2024-08-20 03:00:47,2024-08-22 20:00:47,completed
1338,263,7,2024-06-15 18:17:11,2024-06-17 19:17:11,completed
1339,464,4,2024-04-17 11:17:27,2024-04-24 12:17:27,completed
1340,434,2,2024-04-13 21:23:02,2024-04-19 01:23:02,completed
1341,435,10,2024-09-28 01:32:39,2024-10-01 23:32:39,shipped
1342,455,6,2024-10-17 11:17:03,2024-10-20 02:17:03,shipped
1343,329,8,2024-12-01 07:34:35,2024-12-08 04:34:35,completed
1344,152,10,2024-07-01 16:20:32,2024-07-07 23:20:32,completed
1345,67,7,2024-01-23 21:16:27,2024-01-28 21:16:27,completed
1346,463,12,2024-01-08 10:00:55,2024-01-14 08:00:55,returned
1347,329,5,2024-11-21 13:47:20,2024-11-23 01:47:20,completed
1348,72,12,2024-12-27 11:11:51,2025-01-02 16:11:51,returned
1349,210,8,2024-09-18 01:41:01,2024-09-18 07:41:01,completed
1350,390,2,2024-03-16 14:37:05,2024-03-18 23:37:05,shipped
1351,289,9,2024-11-05 13:54:21,2024-11-12 21:54:21,completed
1352,466,9,2024-02-05 09:29:41,2024-02-06 11:29:41,completed
1353,426,7,2024-11-27 08:32:51,2024-12-01 18:32:51,cancelled
1354,455,3,2024-01-24 06:26:10,2024-01-26 11:26:10,completed
1355,429,10,2024-02-08 17:10:19,2024-02-10 21:10:19,cancelled
1356,350,5,2024-12-25 17:01:20,2025-01-03 17:01:20,returned
1357,48,2,2024-02-21 11:10:33,2024-03-01 10:10:33,completed
1358,252,7,2024-04-24 09:32:08,2024-05-03 13:32:08,completed
1359,146,1,2024-01-30 13:37:51,2024-02-07 02:37:51,shipped
1360,86,6,2024-03-09 03:46:54,2024-03-17 04:46:54,completed
1361,361,10,2024-04-17 03:44:06,2024-04-22 16:44:06,completed
1362,481,11,2024-12-22 03:11:41,2024-12-26 09:11:41,shipped
1363,335,6,2024-06-06 07:44:46,2024-06-10 04:44:46,placed
1364,93,5,2024-01-16 17:43:21,2024-01-25 02:43:21,completed
1365,209,3,2024-03-15 15:11:28,2024-03-20 23:11:28,completed
1366,90,9,2024-03-01 04:55:15,2024-03-04 04:55:15,placed
1367,385,9,2024-04-14 01:43:22,2024-04-18 20:43:22,completed
1368,127,6,2024-09-16 01:01:10,2024-09-16 08:01:10,returned
1369,61,11,2024-09-28 22:25:10,2024-10-08 21:25:10,completed
1370,155,2,2024-08-26 04:02:19,2024-08-29 17:02:19,returned
1371,376,11,2024-02-20 01:22:05,2024-02-25 21:22:05,placed
1372,468,9,2024-09-06 12:18:17,2024-09-14 01:18:17,cancelled
1373,477,4,2024-11-15 05:46:30,2024-11-22 21:46:30,completed
1374,494,7,2024-08-07 23:35:29,2024-08-14 18:35:29,placed
1375,232,5,2024-05-24 04:20:38,2024-05-28 21:20:38,returned
1376,340,9,2024-01-27 20:10:17,2024-01-31 00:10:17,completed
1377,466,3,2024-05-05 11:35:26,2024-05-14 00:35:26,returned
1378,129,3,2024-03-23 13:29:59,2024-03-26 18:29:59,completed
1379,170,6,2024-04-05 18:29:00,2024-04-15 01:29:00,completed
1380,15,7,2024-03-08 14:53:22,2024-03-17 11:53:22,completed
1381,114,2,2024-05-05 02:44:05,2024-05-11 21:44:05,completed
1382,95,12,2024-08-27 17:03:44,2024-09-03 02:03:44,placed
1383,238,9,2024-12-26 05:57:46,2025-01-03 09:57:46,shipped
1384,440,1,2024-06-02 20:59:32,2024-06-05 04:59:32,cancelled
1385,95,3,2024-01-18 12:12:23,2024-01-22 23:12:23,placed
1386,175,7,2024-02-08 14:56:28,2024-02-12 14:56:28,shipped
1387,461,3,2024-03-29 02:54:11,2024-03-29 02:54:11,completed
1388,170,7,2024-04-22 11:30:12,2024-04-27 03:30:12,completed
1389,468,2,2024-12-23 06:59:26,2024-12-24 02:59:26,completed
1390,284,2,2024-11-14 23:41:39,2024-11-22 10:41:39,completed
1391,198,11,2024-11-16 17:59:54,2024-11-21 19:59:54,completed
1392,445,3,2024-05-27 00:20:56,2024-06-04 17:20:56,completed
1393,481,12,2024-04-05 02:05:07,2024-04-09 22:05:07,returned
1394,338,11,2024-07-14 00:53:18,2024-07-23 01:53:18,completed
1395,399,5,2024-09-16 03:40:36,2024-09-25 09:40:36,placed
1396,94,5,2024-05-02 16:36:45,2024-05-06 08:36:45,shipped
1397,151,10,2024-06-14 09:18:26,2024-06-16 01:18:26,shipped
1398,216,3,2024-10-18 12:58:24,2024-10-23 06:58:24,returned
1399,155,7,2024-12-03 08:39:07,2024-12-11 16:39:07,completed
1400,282,12,2024-12-29 02:04:07,2025-01-07 04:04:07,completed
1401,450,3,2024-05-25 02:01:15,2024-05-26 07:01:15,returned
1402,125,4,2024-06-21 16:58:23,2024-06-28 13:58:23,completed
1403,205,12,2024-06-21 22:11:22,2024-06-22 01:11:22,completed
1404,258,5,2024-02-19 03:04:01,2024-02-23 06:04:01,returned
1405,106,7,2024-01-04 09:20:31,2024-01-13 11:20:31,completed
1406,444,4,2024-02-26 12:49:23,2024-02-29 06:49:23,completed
1407,56,6,2024-04-23 07:31:34,2024-04-27 11:31:34,shipped
1408,32,5,2024-04-03 23:30:46,2024-04-04 15:30:46,completed
1409,26,4,2024-01-17 08:03:12,2024-01-23 23:03:12,completed
1410,57,8,2024-11-22 12:46:36,2024-12-01 04:46:36,completed
1411,361,4,2024-07-06 20:43:00,2024-07-14 07:43:00,shipped
1412,58,2,2024-08-08 21:08:10,2024-08-14 23:08:10,completed
1413,98,5,2024-05-18 11:09:58,2024-05-25 07:09:58,completed
1414,287,1,2024-01-26 20:09:32,2024-02-03 02:09:32,completed
1415,81,8,2024-03-10 10:15:09,2024-03-15 12:15:09,completed
1416,412,9,2024-06-30 09:50:03,2024-07-09 02:50:03,shipped
1417,234,4,2024-08-03 18:17:11,2024-08-12 23:17:11,completed
1418,164,3,2024-09-26 05:58:08,2024-10-04 00:58:08,completed
1419,455,11,2024-01-21 03:04:54,2024-01-24 20:04:54,completed
1420,152,1,2024-08-23 20:01:58,2024-08-30 08:01:58,completed
1421,400,8,2024-08-30 09:26:03,2024-09-01 12:26:03,cancelled
1422,11,6,2024-09-26 05:49:58,2024-09-29 05:49:58,completed
1423,484,6,2024-01-15 10:11:14,2024-01-23 08:11:14,completed
1424,17,3,2024-06-04 20:37:36,2024-06-08 13:37:36,completed
1425,260,9,2024-10-04 04:26:44,2024-10-06 08:26:44,completed
1426,47,5,2024-05-29 06:54:14,2024-05-31 20:54:14,cancelled
1427,399,9,2024-02-25 03:24:53,2024-02-28 10:24:53,completed
1428,280,7,2024-09-14 21:35:19,2024-09-15 09:35:19,placed
1429,30,11,2024-09-27 07:52:47,2024-10-05 00:52:47,shipped
1430,7,2,2024-12-18 06:32:49,2024-12-18 20:32:49,placed
1431,284,8,2024-07-21 08:27:19,2024-07-22 13:27:19,completed
1432,350,1,2024-08-29 10:04:54,2024-09-06 07:04:54,shipped
1433,404,2,2024-02-24 11:58:31,2024-02-25 22:58:31,completed
1434,179,11,2024-08-01 00:12:19,2024-08-03 06:12:19,completed
1435,286,10,2024-02-18 11:08:44,2024-02-26 10:08:44,completed
1436,446,3,2024-09-12 14:53:15,2024-09-18 05:53:15,completed
1437,398,11,2024-03-03 16:57:47,2024-03-08 13:57:47,cancelled
1438,292,12,2024-09-24 02:38:07,2024-09-26 03:38:07,completed
1439,166,6,2024-08-29 17:59:53,2024-09-03 19:59:53,completed
1440,286,6,2024-10-15 04:25:35,2024-10-20 20:25:35,placed
1441,457,7,2024-05-08 00:40:02,2024-05-13 03:40:02,completed
1442,273,8,2024-02-01 04:15:09,2024-02-08 01:15:09,shipped
1443,486,8,2024-08-05 22:33:33,2024-08-14 19:33:33,returned
1444,450,3,2024-05-12 00:03:17,2024-05-18 18:03:17,placed
1445,197,3,2024-12-10 06:10:40,2024-12-10 16:10:40,placed
1446,123,8,2024-11-03 19:36:51,2024-11-11 15:36:51,completed
1447,329,5,2024-04-28 11:30:36,2024-05-02 15:30:36,cancelled
1448,34,5,2024-05-27 21:28:25,2024-06-03 20:28:25,completed
1449,82,7,2024-11-19 03:58:01,2024-11-24 09:58:01,shipped
1450,125,3,2024-10-27 06:10:58,2024-11-05 16:10:58,completed
1451,410,1,2024-05-20 06:25:27,2024-05-27 22:25:27,placed
1452,389,10,2024-10-21 13:36:48,2024-10-23 15:36:48,completed
1453,15,2,2024-06-12 18:37:23,2024-06-14 05:37:23,completed
1454,117,2,2024-02-24 02:04:57,2024-03-04 18:04:57,completed
1455,73,4,2024-09-12 02:00:34,2024-09-15 20:00:34,completed
1456,342,6,2024-02-13 02:41:00,2024-02-20 11:41:00,placed
1457,310,11,2024-02-01 09:18:45,2024-02-07 14:18:45,shipped
1458,387,11,2024-03-26 09:47:54,2024-04-02 17:47:54,completed
1459,234,4,2024-04-06 02:24:28,2024-04-10 19:24:28,completed
1460,494,7,2024-10-06 06:53:14,2024-10-13 22:53:14,completed
1461,61,9,2024-10-31 07:05:09,2024-11-07 06:05:09,completed
1462,433,4,2024-12-24 10:29:27,2024-12-31 00:29:27,completed
1463,169,12,2024-08-27 01:17:52,2024-09-04 19:17:52,completed
1464,89,4,2024-04-18 21:29:22,2024-04-27 05:29:22,shipped
1465,370,4,2024-02-11 13:56:11,2024-02-14 04:56:11,completed
1466,44,9,2024-11-26 10:23:57,2024-12-03 23:23:57,shipped
1467,348,11,2024-02-11 15:12:17,2024-02-15 01:12:17,placed
1468,33,8,2024-03-23 23:10:15,2024-04-02 02:10:15,shipped
1469,258,8,2024-03-29 18:35:40,2024-04-07 11:35:40,completed
1470,399,8,2024-02-14 05:42:09,2024-02-22 10:42:09,placed
1471,374,2,2024-05-24 22:06:15,2024-06-03 03:06:15,shipped
1472,285,10,2024-01-14 06:54:29,2024-01-23 17:54:29,shipped
1473,5,10,2024-10-30 06:14:46,2024-11-06 22:14:46,completed
1474,23,2,2024-12-11 02:57:56,2024-12-13 16:57:56,returned
1475,52,9,2024-04-30 14:06:38,2024-05-02 06:06:38,shipped
1476,282,12,2024-03-17 12:03:02,2024-03-24 19:03:02,completed
1477,195,10,2024-01-05 21:43:24,2024-01-10 20:43:24,completed
1478,138,9,2024-05-21 19:45:36,2024-05-31 02:45:36,completed
1479,316,7,2024-05-13 15:24:15,2024-05-17 05:24:15,completed
1480,229,12,2024-09-22 18:39:14,2024-10-01 09:39:14,shipped
1481,235,2,2024-03-16 23:05:52,2024-03-22 18:05:52,returned
1482,152,11,2024-02-12 21:28:06,2024-02-13 15:28:06,returned
1483,129,7,2024-05-01 15:10:37,2024-05-05 15:10:37,completed
1484,177,10,2024-03-11 08:12:25,2024-03-19 07:12:25,cancelled
1485,66,9,2024-03-01 22:12:38,2024-03-04 21:12:38,completed
1486,315,8,2024-08-30 10:43:52,2024-09-05 19:43:52,placed
1487,378,2,2024-08-02 17:19:35,2024-08-09 07:19:35,completed
1488,442,4,2024-02-06 18:47:17,2024-02-11 02:47:17,shipped
1489,419,3,2024-10-16 06:28:18,2024-10-25 11:28:18,completed
1490,37,2,2024-08-10 21:40:59,2024-08-19 19:40:59,returned
1491,472,2,2024-11-07 14:15:41,2024-11-16 12:15:41,shipped
1492,398,6,2024-07-14 13:09:59,2024-07-16 22:09:59,completed
1493,225,5,2024-01-28 02:01:20,2024-02-05 23:01:20,completed
1494,361,3,2024-10-01 10:37:37,2024-10-03 10:37:37,completed
1495,51,4,2024-10-07 21:54:16,2024-10-16 02:54:16,completed
1496,491,10,2024-01-18 22:04:10,2024-01-25 20:04:10,completed
1497,334,2,2024-06-11 13:02:52,2024-06-15 19:02:52,completed
1498,220,8,2024-01-12 04:16:32,2024-01-17 06:16:32,completed
1499,88,11,2024-03-07 07:22:29,2024-03-15 03:22:29,returned
1500,8,2,2024-12-12 05:56:32,2024-12-18 00:56:32,placed
1501,358,10,2024-04-29 11:30:32,2024-05-04 03:30:32,completed
1502,411,10,2024-04-20 16:27:33,2024-04-21 18:27:33,completed
1503,325,10,2024-01-22 16:07:02,2024-01-28 02:07:02,cancelled
1504,316,5,2024-03-11 09:15:58,2024-03-19 08:15:58,completed
1505,89,3,2024-08-09 07:21:45,2024-08-12 23:21:45,shipped
1506,2,7,2024-06-13 21:55:49,2024-06-21 01:55:49,shipped
1507,122,5,2024-03-22 01:06:12,2024-03-27 01:06:12,completed
1508,169,6,2024-01-09 02:05:22,2024-01-13 21:05:22,completed
1509,292,7,2024-11-09 06:41:46,2024-11-18 21:41:46,completed
1510,20,10,2024-11-05 23:28:51,2024-11-12 05:28:51,completed
1511,194,9,2024-06-17 09:48:06,2024-06-21 23:48:06,completed
1512,269,5,2024-11-05 04:21:18,2024-11-12 19:21:18,cancelled
1513,50,7,2024-07-09 20:07:52,2024-07-16 21:07:52,completed
1514,439,12,2024-08-11 22:26:00,2024-08-20 08:26:00,cancelled
1515,491,1,2024-11-23 23:09:56,2024-11-25 08:09:56,completed
1516,405,2,2024-09-01 08:25:45,2024-09-05 17:25:45,completed
1517,180,4,2024-01-08 08:34:59,2024-01-16 00:34:59,returned
1518,194,10,2024-05-09 12:06:19,2024-05-10 09:06:19,cancelled
1519,100,12,2024-06-13 01:37:53,2024-06-15 08:37:53,completed
1520,114,6,2024-06-19 18:42:54,2024-06-26 23:42:54,completed
1521,70,7,2024-04-05 03:35:36,2024-04-09 07:35:36,completed
1522,123,5,2024-11-21 22:56:37,2024-11-27 06:56:37,completed
1523,200,8,2024-06-12 01:40:23,2024-06-17 23:40:23,completed
1524,158,10,2024-06-21 21:07:07,2024-06-25 14:07:07,shipped
1525,319,10,2024-01-23 14:21:33,2024-01-31 23:21:33,placed
1526,183,12,2024-07-15 14:30:17,2024-07-17 04:30:17,shipped
1527,211,7,2024-01-13 09:15:06,2024-01-20 02:15:06,completed
1528,41,2,2024-01-24 06:35:17,2024-02-01 02:35:17,shipped
1529,455,6,2024-07-14 02:32:36,2024-07-16 09:32:36,completed
1530,237,12,2024-08-14 15:05:01,2024-08-19 00:05:01,completed
1531,368,3,2024-09-29 09:22:09,2024-10-01 20:22:09,completed
1532,147,1,2024-05-02 13:05:58,2024-05-05 12:05:58,returned
1533,46,9,2024-05-30 21:32:47,2024-06-03 21:32:47,placed
1534,168,10,2024-04-11 22:15:49,2024-04-14 22:15:49,shipped
1535,159,8,2024-07-05 01:13:07,2024-07-08 06:13:07,placed
1536,182,9,2024-05-25 04:53:21,2024-05-27 06:53:21,completed
1537,319,10,2024-01-23 11:32:06,2024-02-01 02:32:06,completed
1538,111,9,2024-03-20 19:42:57,2024-03-29 21:42:57,placed
1539,198,4,2024-04-10 15:08:00,2024-04-11 23:08:00,completed
1540,434,1,2024-11-22 09:14:57,2024-11-28 15:14:57,completed
1541,47,2,2024-04-24 20:20:15,2024-05-02 13:20:15,completed
1542,115,1,2024-03-14 17:09:03,2024-03-15 08:09:03,returned
1543,234,7,2024-10-14 22:33:25,2024-10-23 20:33:25,completed
1544,303,2,2024-02-24 21:33:43,2024-02-29 05:33:43,cancelled
1545,341,5,2024-02-22 00:56:53,2024-03-01 12:56:53,completed
1546,399,7,2024-02-26 16:55:02,2024-02-26 23:55:02,completed
1547,234,1,2024-09-30 04:42:53,2024-10-02 07:42:53,shipped
1548,253,12,2024-02-20 00:40:10,2024-02-22 17:40:10,returned
1549,15,3,2024-11-03 07:24:11,2024-11-13 06:24:11,returned
1550,22,12,2024-08-13 02:00:03,2024-08-13 07:00:03,completed
1551,462,7,2024-05-07 20:38:08,2024-05-14 12:38:08,returned
1552,106,7,2024-09-12 22:20:34,2024-09-13 11:20:34,completed
1553,196,1,2024-12-24 02:38:26,2024-12-27 01:38:26,completed
1554,158,2,2024-08-16 19:00:31,2024-08-24 09:00:31,completed
1555,29,10,2024-05-08 16:41:46,2024-05-16 10:41:46,shipped
1556,397,11,2024-12-30 18:32:51,2025-01-06 19:32:51,completed
1557,126,6,2024-03-22 10:15:10,2024-03-22 20:15:10,completed
1558,499,5,2024-10-12 01:59:28,2024-10-15 00:59:28,completed
1559,496,11,2024-01-25 23:58:19,2024-02-02 11:58:19,completed
1560,393,6,2024-10-29 09:32:29,2024-11-05 05:32:29,completed
1561,370,1,2024-12-20 18:34:35,2024-12-29 09:34:35,placed
1562,378,6,2024-08-11 13:02:52,2024-08-16 14:02:52,completed
1563,396,11,2024-08-21 02:17:30,2024-08-22 20:17:30,completed
1564,154,9,2024-01-02 22:40:42,2024-01-03 16:40:42,returned
1565,178,6,2024-04-11 10:41:50,2024-04-14 07:41:50,completed
1566,439,5,2024-12-27 17:13:49,2025-01-04 16:13:49,returned
1567,179,7,2024-06-21 14:33:02,2024-06-29 11:33:02,completed
1568,126,1,2024-09-18 14:11:54,2024-09-23 21:11:54,completed
1569,263,5,2024-04-22 01:40:48,2024-04-30 00:40:48,completed
1570,347,12,2024-04-17 16:57:58,2024-04-20 20:57:58,placed
1571,400,11,2024-05-10 14:57:15,2024-05-17 15:57:15,completed
1572,333,12,2024-03-22 15:38:33,2024-03-29 10:38:33,returned
1573,2,10,2024-04-13 03:51:53,2024-04-21 07:51:53,completed
1574,58,6,2024-03-22 18:05:11,2024-03-26 14:05:11,completed
1575,340,2,2024-11-13 22:20:41,2024-11-23 10:20:41,completed
1576,333,6,2024-06-30 14:16:57,2024-07-02 20:16:57,completed
1577,496,6,2024-07-07 17:42:10,2024-07-15 16:42:10,completed
1578,1,5,2024-01-08 02:02:09,2024-01-13 01:02:09,shipped
1579,164,10,2024-05-12 01:27:18,2024-05-12 11:27:18,completed
1580,423,7,2024-02-09 03:16:19,2024-02-09 07:16:19,placed
1581,18,8,2024-07-29 21:05:23,2024-08-03 11:05:23,completed
1582,415,4,2024-09-15 02:21:27,2024-09-20 22:21:27,completed
1583,30,8,2024-02-19 17:51:30,2024-02-21 03:51:30,completed
1584,39,5,2024-03-14 14:50:29,2024-03-15 02:50:29,completed
1585,227,2,2024-09-26 17:14:50,2024-09-29 13:14:50,completed
1586,322,7,2024-11-23 13:48:42,2024-11-27 10:48:42,completed
1587,303,5,2024-10-01 18:46:09,2024-10-10 01:46:09,completed
1588,408,3,2024-01-30 08:15:33,2024-02-02 03:15:33,completed
1589,413,3,2024-11-23 08:24:53,2024-11-26 21:24:53,returned
1590,147,2,2024-02-12 11:27:10,2024-02-18 00:27:10,placed
1591,400,2,2024-07-27 13:44:30,2024-08-04 20:44:30,returned
1592,50,2,2024-03-12 16:26:54,2024-03-17 09:26:54,shipped
1593,465,8,2024-01-18 22:42:26,2024-01-26 17:42:26,completed
1594,214,3,2024-02-06 10:21:52,2024-02-11 17:21:52,shipped
1595,169,7,2024-04-09 16:38:30,2024-04-16 05:38:30,completed
1596,495,10,2024-10-06 08:31:51,2024-10-13 21:31:51,completed
1597,493,10,2024-06-24 00:09:45,2024-07-01 06:09:45,placed
1598,462,7,2024-10-09 23:16:54,2024-10-11 10:16:54,completed
1599,142,9,2024-01-05 01:32:11,2024-01-06 13:32:11,returned
1600,160,6,2024-12-22 14:57:18,2024-12-25 06:57:18,completed
1601,467,9,2024-04-04 23:18:37,2024-04-06 23:18:37,placed
1602,14,4,2024-01-13 16:23:51,2024-01-17 08:23:51,completed
1603,165,4,2024-04-02 20:16:24,2024-04-07 14:16:24,completed
1604,159,6,2024-09-11 18:52:35,2024-09-20 17:52:35,completed
1605,468,8,2024-12-14 00:36:07,2024-12-16 19:36:07,cancelled
1606,48,6,2024-05-30 07:15:26,2024-05-30 12:15:26,returned
1607,56,1,2024-07-07 00:17:44,2024-07-13 03:17:44,completed
1608,199,11,2024-08-11 22:26:35,2024-08-14 03:26:35,completed
1609,432,7,2024-05-27 04:07:36,2024-06-03 21:07:36,completed
1610,335,4,2024-08-09 04:09:12,2024-08-15 04:09:12,returned
1611,64,3,2024-08-03 02:42:34,2024-08-09 10:42:34,completed
1612,483,4,2024-01-21 03:36:36,2024-01-29 12:36:36,shipped
1613,175,8,2024-07-27 19:35:39,2024-08-06 04:35:39,completed
1614,403,7,2024-11-30 13:37:49,2024-12-10 13:37:49,completed
1615,211,5,2024-02-21 06:26:34,2024-02-25 03:26:34,completed
1616,204,1,2024-09-20 14:16:26,2024-09-22 12:16:26,placed
1617,416,8,2024-08-07 18:12:00,2024-08-13 08:12:00,completed
1618,186,7,2024-03-08 10:49:32,2024-03-14 13:49:32,returned
1619,22,3,2024-07-23 16:39:29,2024-07-28 20:39:29,completed
1620,371,8,2024-05-20 03:23:14,2024-05-23 07:23:14,completed
1621,239,6,2024-09-09 12:37:10,2024-09-17 09:37:10,placed
1622,142,3,2024-11-16 11:45:47,2024-11-17 00:45:47,shipped
1623,285,4,2024-06-03 12:39:48,2024-06-09 04:39:48,completed
1624,118,3,2024-06-04 20:43:19,2024-06-10 00:43:19,placed
1625,435,9,2024-03-01 02:15:25,2024-03-06 22:15:25,completed
1626,83,10,2024-12-19 05:04:20,2024-12-20 07:04:20,completed
1627,404,8,2024-05-09 19:24:23,2024-05-18 15:24:23,cancelled
1628,67,6,2024-08-21 12:25:48,2024-08-22 08:25:48,completed
1629,453,6,2024-11-29 23:06:33,2024-12-03 04:06:33,completed
1630,81,10,2024-12-21 15:46:36,2024-12-27 17:46:36,placed
1631,26,10,2024-04-21 11:47:02,2024-04-21 13:47:02,completed
1632,17,4,2024-06-09 05:37:49,2024-06-17 13:37:49,completed
1633,52,11,2024-05-08 23:16:55,2024-05-10 12:16:55,completed
1634,160,2,2024-04-10 10:33:23,2024-04-15 15:33:23,cancelled
1635,140,8,2024-11-07 03:02:53,2024-11-10 09:02:53,shipped
1636,221,3,2024-10-15 01:38:49,2024-10-18 06:38:49,completed
1637,361,11,2024-01-22 14:14:57,2024-01-27 04:14:57,completed
1638,472,5,2024-03-09 08:46:31,2024-03-16 04:46:31,shipped
1639,295,7,2024-08-16 03:43:47,2024-08-16 07:43:47,completed
1640,234,4,2024-04-06 08:38:44,2024-04-15 03:38:44,completed
1641,389,8,2024-12-28 11:57:42,2024-12-31 03:57:42,placed
1642,363,2,2024-05-21 23:59:19,2024-05-25 18:59:19,completed
1643,417,6,2024-11-28 09:06:31,2024-11-29 07:06:31,shipped
1644,11,6,2024-10-04 20:54:49,2024-10-12 18:54:49,shipped
1645,63,7,2024-06-16 20:47:38,2024-06-25 08:47:38,shipped
1646,68,1,2024-12-05 10:16:40,2024-12-13 17:16:40,placed
1647,98,11,2024-03-24 19:08:23,2024-04-01 04:08:23,cancelled
1648,41,5,2024-10-24 05:01:27,2024-11-01 06:01:27,completed
1649,263,9,2024-07-13 12:08:07,2024-07-19 10:08:07,placed
1650,216,10,2024-01-18 18:22:58,2024-01-22 11:22:58,completed
1651,99,8,2024-03-22 20:35:47,2024-03-26 14:35:47,completed
1652,114,1,2024-10-25 12:18:17,2024-10-29 18:18:17,completed
1653,214,8,2024-05-24 16:38:37,2024-05-25 09:38:37,returned
1654,206,4,2024-04-27 22:24:41,2024-04-30 13:24:41,cancelled
1655,478,3,2024-01-07 07:31:51,2024-01-14 23:31:51,placed
1656,194,8,2024-09-24 00:05:02,2024-09-29 22:05:02,completed
1657,337,1,2024-05-12 20:37:02,2024-05-15 23:37:02,completed
1658,107,10,2024-11-24 19:13:06,2024-11-30 01:13:06,completed
1659,16,10,2024-01-31 20:41:39,2024-02-03 22:41:39,shipped
1660,290,11,2024-06-09 07:21:23,2024-06-12 15:21:23,cancelled
1661,168,11,2024-06-05 23:36:27,2024-06-06 13:36:27,placed
1662,437,2,2024-03-12 15:13:08,2024-03-16 11:13:08,placed
1663,364,9,2024-11-07 02:12:58,2024-11-08 07:12:58,returned
1664,299,9,2024-05-28 04:55:54,2024-06-05 16:55:54,shipped
1665,416,5,2024-04-27 13:47:54,2024-04-30 18:47:54,shipped
1666,37,4,2024-12-03 05:12:06,2024-12-08 03:12:06,shipped
1667,357,3,2024-05-27 16:16:15,2024-06-03 21:16:15,completed
1668,53,10,2024-11-08 08:02:10,2024-11-16 20:02:10,completed
1669,33,1,2024-03-26 14:41:28,2024-03-29 09:41:28,placed
1670,54,5,2024-01-04 18:28:48,2024-01-08 09:28:48,cancelled
1671,213,1,2024-08-10 08:18:58,2024-08-18 06:18:58,completed
1672,270,4,2024-01-27 21:04:27,2024-01-28 02:04:27,shipped
1673,138,1,2024-06-25 16:51:03,2024-07-03 09:51:03,completed
1674,118,7,2024-10-17 09:56:41,2024-10-23 22:56:41,completed
1675,389,8,2024-05-16 03:45:45,2024-05-18 14:45:45,cancelled
1676,20,7,2024-12-27 13:44:39,2024-12-30 14:44:39,placed
1677,140,9,2024-04-07 23:50:43,2024-04-13 11:50:43,placed
1678,457,8,2024-11-05 21:16:08,2024-11-10 20:16:08,placed
1679,247,6,2024-08-10 23:12:17,2024-08-20 15:12:17,completed
1680,55,10,2024-09-30 04:56:55,2024-10-08 06:56:55,completed
1681,147,5,2024-02-03 10:47:56,2024-02-12 01:47:56,completed
1682,246,11,2024-01-11 07:07:32,2024-01-20 00:07:32,shipped
1683,93,7,2024-08-31 07:28:31,2024-09-04 14:28:31,cancelled
1684,111,10,2024-12-03 12:09:46,2024-12-06 17:09:46,completed
1685,270,7,2024-11-29 03:29:10,2024-12-02 15:29:10,cancelled
1686,41,4,2024-04-16 05:00:51,2024-04-22 08:00:51,shipped
1687,4,6,2024-05-21 07:12:41,2024-05-27 06:12:41,completed
1688,97,6,2024-10-18 07:34:55,2024-10-21 02:34:55,completed
1689,277,7,2024-06-03 09:16:25,2024-06-11 08:16:25,completed
1690,28,1,2024-01-19 14:33:27,2024-01-26 16:33:27,placed
1691,37,10,2024-06-27 12:27:50,2024-06-29 13:27:50,completed
1692,498,7,2024-11-19 04:44:29,2024-11-25 06:44:29,completed
1693,311,3,2024-02-19 02:33:16,2024-02-19 20:33:16,completed
1694,392,2,2024-09-25 01:51:23,2024-10-01 17:51:23,completed
1695,429,4,2024-02-27 05:19:34,2024-02-29 14:19:34,completed
1696,454,11,2024-11-08 15:31:42,2024-11-12 21:31:42,returned
1697,310,10,2024-08-08 11:04:20,2024-08-11 21:04:20,returned
1698,390,4,2024-11-07 05:54:49,2024-11-17 00:54:49,completed
1699,288,8,2024-07-04 23:41:51,2024-07-05 20:41:51,returned
1700,246,10,2024-01-21 05:53:28,2024-01-23 00:53:28,cancelled
1701,261,5,2024-01-29 03:22:42,2024-02-03 20:22:42,completed
1702,408,10,2024-03-16 22:48:04,2024-03-23 08:48:04,returned
1703,234,1,2024-03-25 19:48:11,2024-04-02 08:48:11,completed
1704,374,3,2024-03-20 17:24:25,2024-03-22 22:24:25,placed
1705,75,10,2024-03-05 12:25:41,2024-03-12 04:25:41,completed
1706,471,5,2024-07-30 13:36:39,2024-08-03 06:36:39,shipped
1707,152,3,2024-07-30 13:37:27,2024-08-04 13:37:27,completed
1708,203,6,2024-01-26 17:14:15,2024-01-28 09:14:15,completed
1709,276,5,2024-10-02 17:43:44,2024-10-04 01:43:44,shipped
1710,20,3,2024-10-16 15:34:01,2024-10-23 14:34:01,completed
1711,234,6,2024-11-09 08:39:12,2024-11-11 12:39:12,completed
1712,286,8,2024-10-09 07:02:35,2024-10-16 12:02:35,completed
1713,201,5,2024-08-13 08:38:48,2024-08-18 06:38:48,placed
1714,61,6,2024-01-03 08:35:15,2024-01-06 17:35:15,returned
1715,407,9,2024-12-29 07:00:40,2024-12-29 19:00:40,completed
1716,187,1,2024-10-26 15:43:27,2024-10-27 18:43:27,placed
1717,21,4,2024-02-02 00:32:45,2024-02-06 17:32:45,completed
1718,312,4,2024-05-22 21:47:11,2024-05-30 08:47:11,completed
1719,307,10,2024-11-27 02:42:42,2024-11-28 00:42:42,shipped
1720,211,3,2024-06-20 17:09:16,2024-06-30 00:09:16,completed
1721,293,8,2024-12-20 00:23:22,2024-12-20 09:23:22,completed
1722,195,12,2024-07-21 14:29:01,2024-07-27 22:29:01,completed
1723,344,9,2024-09-03 20:24:22,2024-09-09 23:24:22,returned
1724,325,6,2024-09-27 06:33:12,2024-10-01 10:33:12,cancelled
1725,330,9,2024-11-30 07:03:13,2024-12-06 20:03:13,completed
1726,146,10,2024-08-14 04:17:27,2024-08-20 16:17:27,returned
1727,425,3,2024-10-15 20:52:48,2024-10-20 09:52:48,shipped
1728,175,10,2024-09-10 07:29:54,2024-09-20 02:29:54,completed
1729,409,9,2024-01-28 23:29:34,2024-02-01 23:29:34,completed
1730,352,8,2024-06-29 20:33:41,2024-07-03 23:33:41,placed
1731,77,4,2024-03-17 15:38:00,2024-03-25 06:38:00,completed
1732,96,4,2024-02-03 18:53:00,2024-02-11 21:53:00,cancelled
1733,61,5,2024-08-29 23:25:24,2024-09-03 18:25:24,shipped
1734,232,1,2024-12-20 16:04:44,2024-12-22 06:04:44,placed
1735,283,10,2024-04-06 19:28:20,2024-04-16 16:28:20,completed
1736,215,6,2024-01-12 12:29:09,2024-01-17 04:29:09,completed
1737,122,11,2024-10-02 18:28:08,2024-10-09 11:28:08,placed
1738,362,6,2024-06-15 11:48:36,2024-06-15 12:48:36,completed
1739,267,3,2024-09-26 15:10:01,2024-10-04 12:10:01,returned
1740,173,11,2024-01-10 01:45:58,2024-01-14 07:45:58,shipped
1741,17,8,2024-06-18 11:45:47,2024-06-24 20:45:47,completed
1742,352,4,2024-08-16 10:06:22,2024-08-24 06:06:22,completed
1743,58,1,2024-11-26 03:30:51,2024-11-29 17:30:51,shipped
1744,233,1,2024-05-02 13:12:00,2024-05-05 14:12:00,completed
1745,86,7,2024-08-12 01:17:52,2024-08-17 22:17:52,placed
1746,420,12,2024-11-15 04:48:30,2024-11-15 08:48:30,completed
1747,254,9,2024-12-17 21:50:19,2024-12-23 14:50:19,completed
1748,489,3,2024-07-30 22:48:48,2024-08-03 04:48:48,shipped
1749,172,7,2024-10-09 23:22:40,2024-10-17 14:22:40,completed
1750,286,11,2024-05-20 04:25:32,2024-05-22 16:25:32,cancelled
1751,360,2,2024-07-02 00:39:29,2024-07-02 00:39:29,completed
1752,191,12,2024-06-20 21:39:11,2024-06-27 05:39:11,completed
1753,425,10,2024-12-25 07:03:33,2024-12-25 07:03:33,placed
1754,391,11,2024-03-30 04:25:58,2024-04-06 16:25:58,completed
1755,309,8,2024-04-14 11:32:42,2024-04-21 08:32:42,completed
1756,78,7,2024-09-14 12:36:05,2024-09-21 17:36:05,completed
1757,462,4,2024-04-02 13:38:02,2024-04-07 10:38:02,cancelled
1758,307,11,2024-01-19 00:43:33,2024-01-27 12:43:33,completed
1759,206,3,2024-04-20 00:00:06,2024-04-27 20:00:06,placed
1760,303,2,2024-02-07 17:42:04,2024-02-17 07:42:04,shipped
1761,218,9,2024-08-24 18:42:16,2024-08-30 15:42:16,completed
1762,338,8,2024-10-07 20:50:02,2024-10-15 05:50:02,shipped
1763,478,3,2024-01-04 08:38:29,2024-01-07 21:38:29,returned
1764,389,5,2024-07-01 17:11:41,2024-07-08 23:11:41,completed
1765,256,6,2024-07-26 21:41:13,2024-07-27 09:41:13,returned
1766,302,9,2024-07-22 18:53:59,2024-07-27 16:53:59,cancelled
1767,70,12,2024-12-29 08:36:40,2025-01-04 12:36:40,cancelled
1768,298,4,2024-04-07 13:03:15,2024-04-11 13:03:15,returned
1769,412,7,2024-02-22 20:34:23,2024-03-01 08:34:23,shipped
1770,266,1,2024-12-02 11:19:50,2024-12-05 19:19:50,cancelled
1771,128,1,2024-03-23 18:58:47,2024-04-01 16:58:47,completed
1772,97,2,2024-11-06 14:40:59,2024-11-15 04:40:59,shipped
1773,250,9,2024-10-21 11:49:56,2024-10-29 23:49:56,placed
1774,268,1,2024-03-05 04:13:00,2024-03-11 20:13:00,returned
1775,431,9,2024-04-21 06:55:06,2024-04-26 00:55:06,returned
1776,382,3,2024-12-22 12:02:46,2024-12-22 16:02:46,shipped
1777,242,3,2024-07-24 12:21:18,2024-07-29 10:21:18,completed
1778,288,4,2024-11-18 18:59:23,2024-11-21 14:59:23,completed
1779,114,5,2024-09-04 16:02:39,2024-09-11 10:02:39,completed
1780,131,6,2024-03-23 16:58:57,2024-03-27 06:58:57,completed
1781,373,3,2024-05-08 13:46:17,2024-05-12 04:46:17,completed
1782,404,10,2024-06-12 15:02:27,2024-06-19 10:02:27,completed
1783,344,7,2024-07-12 23:18:51,2024-07-20 22:18:51,shipped
1784,239,12,2024-06-18 23:41:24,2024-06-19 06:41:24,placed
1785,166,4,2024-01-23 23:22:56,2024-01-24 20:22:56,shipped
1786,370,9,2024-07-12 17:08:38,2024-07-13 16:08:38,returned
1787,235,5,2024-11-21 07:58:41,2024-11-29 21:58:41,shipped
1788,237,12,2024-12-21 22:34:27,2024-12-28 02:34:27,completed
1789,289,12,2024-09-02 06:23:28,2024-09-03 03:23:28,completed
1790,415,1,2024-06-24 23:29:12,2024-07-04 11:29:12,completed
1791,31,4,2024-01-16 16:11:03,2024-01-25 02:11:03,returned
1792,154,1,2024-03-14 05:26:23,2024-03-22 23:26:23,completed
1793,103,7,2024-03-31 16:51:30,2024-04-03 18:51:30,completed
1794,283,1,2024-05-20 11:15:51,2024-05-28 02:15:51,returned
1795,468,5,2024-02-04 09:15:30,2024-02-05 19:15:30,returned
1796,410,5,2024-10-14 18:45:19,2024-10-22 12:45:19,cancelled
1797,96,8,2024-04-02 21:39:38,2024-04-05 23:39:38,returned
1798,453,12,2024-10-01 20:42:10,2024-10-04 00:42:10,completed
1799,309,1,2024-08-03 22:50:10,2024-08-09 17:50:10,completed
1800,97,2,2024-11-16 04:54:42,2024-11-22 06:54:42,shipped
1801,6,11,2024-03-25 12:41:31,2024-04-01 20:41:31,completed
1802,221,1,2024-07-10 11:57:26,2024-07-11 06:57:26,completed
1803,428,4,2024-09-14 03:33:51,2024-09-19 10:33:51,cancelled
1804,446,8,2024-01-09 19:40:18,2024-01-09 22:40:18,completed
1805,420,1,2024-10-30 10:43:05,2024-10-30 16:43:05,completed
1806,153,4,2024-11-23 22:11:32,2024-11-24 05:11:32,completed
1807,436,6,2024-12-20 16:53:30,2024-12-26 10:53:30,returned
1808,59,10,2024-06-12 10:25:30,2024-06-20 18:25:30,placed
1809,364,8,2024-03-16 21:44:42,2024-03-21 02:44:42,returned
1810,266,5,2024-06-09 12:11:26,2024-06-13 23:11:26,returned
1811,55,8,2024-05-09 07:00:19,2024-05-12 23:00:19,returned
1812,110,12,2024-05-27 06:48:58,2024-06-05 18:48:58,placed
1813,171,6,2024-05-11 23:01:38,2024-05-19 12:01:38,completed
1814,14,4,2024-04-22 15:37:40,2024-05-01 23:37:40,completed
1815,45,2,2024-08-21 09:28:50,2024-08-25 18:28:50,completed
1816,65,12,2024-02-08 10:36:14,2024-02-15 08:36:14,returned
1817,16,12,2024-08-22 18:54:04,2024-08-28 20:54:04,placed
1818,140,4,2024-12-04 11:56:53,2024-12-12 09:56:53,cancelled
1819,146,10,2024-10-17 19:45:21,2024-10-21 22:45:21,completed
1820,257,1,2024-01-05 15:40:10,2024-01-06 19:40:10,completed
1821,401,5,2024-09-27 17:36:27,2024-10-05 17:36:27,completed
1822,143,12,2024-07-18 18:26:04,2024-07-25 05:26:04,completed
1823,495,2,2024-02-18 17:16:41,2024-02-25 23:16:41,completed
1824,321,12,2024-12-12 00:58:22,2024-12-18 19:58:22,returned
1825,242,12,2024-05-19 11:59:13,2024-05-28 15:59:13,completed
1826,67,12,2024-10-10 02:17:24,2024-10-10 18:17:24,returned
1827,333,2,2024-02-10 00:41:32,2024-02-16 05:41:32,returned
1828,492,12,2024-11-11 20:48:49,2024-11-20 01:48:49,completed
1829,172,2,2024-03-01 21:42:24,2024-03-02 19:42:24,completed
1830,111,10,2024-09-08 02:37:46,2024-09-11 22:37:46,completed
1831,11,8,2024-01-19 02:44:44,2024-01-27 17:44:44,shipped
1832,139,10,2024-03-01 00:30:56,2024-03-08 04:30:56,completed
1833,175,7,2024-05-02 23:30:16,2024-05-07 16:30:16,shipped
1834,392,3,2024-10-20 03:12:32,2024-10-21 17:12:32,placed
1835,124,1,2024-08-25 14:16:26,2024-09-04 07:16:26,completed
1836,172,2,2024-06-17 00:52:29,2024-06-22 11:52:29,completed
1837,247,11,2024-08-11 05:06:47,2024-08-17 12:06:47,cancelled
1838,477,4,2024-03-16 09:21:11,2024-03-17 19:21:11,completed
1839,239,3,2024-12-13 15:57:27,2024-12-22 00:57:27,returned
1840,242,12,2024-09-28 10:47:18,2024-10-06 00:47:18,returned
1841,381,8,2024-01-05 07:50:14,2024-01-08 03:50:14,shipped
1842,185,11,2024-07-08 01:55:03,2024-07-17 13:55:03,completed
1843,364,11,2024-08-31 05:32:03,2024-09-04 04:32:03,completed
1844,335,11,2024-05-29 23:17:46,2024-06-02 02:17:46,completed
1845,16,6,2024-03-21 02:28:10,2024-03-28 16:28:10,shipped
1846,468,11,2024-09-18 00:42:28,2024-09-23 12:42:28,returned
1847,346,7,2024-05-14 03:47:02,2024-05-22 15:47:02,completed
1848,449,12,2024-09-09 04:23:04,2024-09-14 18:23:04,completed
1849,48,5,2024-11-17 21:19:54,2024-11-23 22:19:54,completed
1850,290,7,2024-04-03 23:43:43,2024-04-13 15:43:43,completed
1851,404,12,2024-04-21 01:40:54,2024-04-25 11:40:54,completed
1852,414,8,2024-03-20 05:38:26,2024-03-24 06:38:26,completed
1853,485,12,2024-03-20 10:07:32,2024-03-23 10:07:32,cancelled
1854,497,12,2024-01-09 21:29:36,2024-01-17 20:29:36,completed
1855,354,4,2024-09-15 01:20:32,2024-09-20 01:20:32,completed
1856,180,8,2024-11-12 08:42:44,2024-11-14 23:42:44,completed
1857,257,10,2024-01-12 15:34:06,2024-01-19 15:34:06,completed
1858,23,10,2024-11-14 05:27:55,2024-11-18 12:27:55,completed
1859,129,9,2024-06-06 13:24:05,2024-06-12 21:24:05,completed
1860,232,2,2024-01-02 23:37:10,2024-01-08 12:37:10,completed
1861,245,7,2024-04-10 19:14:48,2024-04-15 11:14:48,completed
1862,349,7,2024-09-28 08:50:44,2024-10-01 16:50:44,cancelled
1863,366,12,2024-09-13 21:41:53,2024-09-18 03:41:53,placed
1864,405,9,2024-01-05 11:45:46,2024-01-06 14:45:46,cancelled
1865,494,9,2024-02-05 23:29:29,2024-02-15 16:29:29,completed
1866,98,7,2024-08-30 21:49:28,2024-09-08 05:49:28,completed
1867,427,10,2024-06-08 22:06:25,2024-06-14 14:06:25,completed
1868,79,10,2024-03-26 10:34:43,2024-03-28 15:34:43,returned
1869,289,5,2024-01-17 01:23:47,2024-01-24 03:23:47,placed
1870,367,8,2024-04-08 23:42:55,2024-04-14 17:42:55,placed
1871,38,7,2024-05-03 11:58:59,2024-05-08 16:58:59,completed
1872,348,10,2024-11-23 16:22:42,2024-11-30 03:22:42,cancelled
1873,59,5,2024-11-12 21:36:59,2024-11-19 22:36:59,completed
1874,73,1,2024-11-23 05:07:13,2024-11-25 12:07:13,completed
1875,353,9,2024-10-25 12:36:38,2024-10-25 15:36:38,completed
1876,290,6,2024-01-12 14:06:07,2024-01-21 07:06:07,completed
1877,312,5,2024-01-31 08:38:05,2024-02-03 14:38:05,shipped
1878,450,10,2024-11-09 04:23:55,2024-11-12 20:23:55,shipped
1879,241,5,2024-09-18 02:15:12,2024-09-25 16:15:12,completed
1880,394,4,2024-04-29 18:52:59,2024-05-06 02:52:59,completed
1881,252,11,2024-04-24 16:53:01,2024-04-25 03:53:01,shipped
1882,78,6,2024-11-17 11:41:24,2024-11-25 09:41:24,completed
1883,308,7,2024-12-07 04:52:00,2024-12-07 20:52:00,completed
1884,375,4,2024-05-08 08:05:28,2024-05-10 10:05:28,completed
1885,148,11,2024-02-28 00:38:10,2024-03-01 14:38:10,shipped
1886,382,4,2024-10-08 18:29:58,2024-10-09 21:29:58,completed
1887,391,9,2024-02-28 16:38:15,2024-03-07 00:38:15,returned
1888,117,2,2024-03-25 06:41:12,2024-03-30 11:41:12,completed
1889,112,11,2024-05-09 03:05:16,2024-05-12 23:05:16,completed
1890,383,3,2024-02-19 19:29:02,2024-02-26 14:29:02,completed
1891,284,12,2024-07-23 18:29:16,2024-07-25 17:29:16,completed
1892,41,12,2024-09-15 07:25:41,2024-09-16 16:25:41,placed
1893,49,11,2024-09-11 07:32:56,2024-09-11 15:32:56,completed
1894,147,6,2024-02-25 06:40:24,2024-03-02 13:40:24,completed
1895,298,8,2024-03-04 22:26:27,2024-03-11 13:26:27,completed
1896,272,9,2024-07-15 17:44:43,2024-07-16 16:44:43,returned
1897,463,5,2024-08-14 13:24:59,2024-08-23 19:24:59,placed
1898,476,8,2024-01-06 08:26:22,2024-01-09 10:26:22,completed
1899,242,12,2024-11-29 09:49:29,2024-12-04 16:49:29,completed
1900,352,11,2024-07-28 05:39:49,2024-07-29 13:39:49,shipped
1901,219,5,2024-10-02 01:58:24,2024-10-10 11:58:24,shipped
1902,390,1,2024-12-15 13:51:23,2024-12-19 19:51:23,completed
1903,159,7,2024-05-16 12:04:11,2024-05-17 13:04:11,shipped
1904,364,12,2024-12-30 06:29:12,2025-01-01 15:29:12,completed
1905,478,5,2024-03-05 19:48:22,2024-03-06 13:48:22,completed
1906,244,8,2024-05-22 04:22:00,2024-05-28 05:22:00,shipped
1907,103,10,2024-08-23 17:01:02,2024-08-23 20:01:02,completed
1908,102,7,2024-04-07 12:33:16,2024-04-12 19:33:16,completed
1909,410,7,2024-10-28 21:18:34,2024-11-06 14:18:34,cancelled
1910,233,10,2024-12-30 12:26:39,2025-01-05 14:26:39,completed
1911,93,7,2024-04-28 15:57:25,2024-05-01 00:57:25,completed
1912,137,6,2024-08-28 23:00:43,2024-09-02 23:00:43,shipped
1913,427,8,2024-09-19 12:05:58,2024-09-24 19:05:58,shipped
1914,275,11,2024-09-23 16:12:06,2024-09-29 12:12:06,completed
1915,194,8,2024-11-30 18:21:06,2024-12-09 14:21:06,returned
1916,411,6,2024-08-18 21:24:09,2024-08-23 01:24:09,returned
1917,432,11,2024-11-10 05:48:38,2024-11-18 01:48:38,shipped
1918,372,5,2024-09-20 18:50:44,2024-09-29 14:50:44,completed
1919,118,9,2024-03-24 20:26:50,2024-03-26 22:26:50,completed
1920,471,5,2024-11-11 03:00:18,2024-11-19 10:00:18,placed
1921,91,12,2024-04-10 00:42:22,2024-04-18 22:42:22,placed
1922,324,10,2024-06-16 17:25:30,2024-06-18 21:25:30,shipped
1923,436,3,2024-12-16 20:34:05,2024-12-22 00:34:05,shipped
1924,274,2,2024-09-21 21:16:28,2024-10-01 04:16:28,completed
1925,290,11,2024-07-01 06:29:50,2024-07-03 09:29:50,completed
1926,362,8,2024-07-24 02:17:40,2024-07-30 09:17:40,shipped
1927,172,7,2024-10-20 16:27:22,2024-10-25 16:27:22,placed
1928,369,7,2024-12-24 05:46:07,2024-12-25 05:46:07,returned
1929,470,12,2024-07-15 03:10:03,2024-07-23 10:10:03,cancelled
1930,105,9,2024-09-21 08:52:00,2024-09-28 05:52:00,completed
1931,264,1,2024-08-26 14:03:20,2024-08-26 16:03:20,shipped
1932,425,5,2024-04-11 09:33:28,2024-04-14 05:33:28,returned
1933,381,6,2024-03-02 17:33:19,2024-03-04 21:33:19,returned
1934,196,4,2024-03-26 00:42:50,2024-03-26 05:42:50,cancelled
1935,226,10,2024-09-06 14:05:28,2024-09-12 21:05:28,shipped
1936,286,6,2024-01-02 16:49:00,2024-01-02 21:49:00,completed
1937,271,2,2024-10-30 14:33:05,2024-11-06 23:33:05,placed
1938,265,6,2024-06-21 05:23:36,2024-06-29 06:23:36,returned
1939,441,11,2024-03-13 22:21:57,2024-03-22 01:21:57,completed
1940,446,6,2024-05-21 19:15:19,2024-05-28 16:15:19,completed
1941,199,2,2024-09-19 05:23:11,2024-09-27 17:23:11,completed
1942,122,6,2024-01-11 09:26:29,2024-01-16 02:26:29,cancelled
1943,229,8,2024-08-31 17:31:12,2024-09-06 00:31:12,cancelled
1944,416,4,2024-07-06 09:28:56,2024-07-12 17:28:56,completed
1945,187,10,2024-04-20 09:00:54,2024-04-26 05:00:54,returned
1946,462,1,2024-12-27 05:25:57,2024-12-29 00:25:57,completed
1947,413,2,2024-04-19 22:00:03,2024-04-28 15:00:03,completed
1948,174,5,2024-05-21 13:43:52,2024-05-25 03:43:52,completed
1949,110,4,2024-05-24 20:43:18,2024-06-02 07:43:18,cancelled
1950,467,6,2024-09-21 06:39:00,2024-09-26 06:39:00,completed
1951,36,11,2024-09-21 01:47:02,2024-09-25 12:47:02,placed
1952,313,12,2024-03-14 17:37:04,2024-03-22 00:37:04,completed
1953,343,4,2024-07-30 00:19:32,2024-08-04 23:19:32,completed
1954,120,5,2024-07-18 00:52:47,2024-07-25 11:52:47,placed
1955,332,9,2024-03-16 09:22:13,2024-03-24 13:22:13,completed
1956,48,11,2024-09-26 03:45:19,2024-10-01 23:45:19,completed
1957,361,6,2024-04-06 19:50:37,2024-04-07 18:50:37,returned
1958,6,9,2024-12-30 13:42:58,2025-01-05 13:42:58,returned
1959,341,11,2024-09-01 17:22:22,2024-09-11 02:22:22,completed
1960,199,11,2024-10-03 15:06:13,2024-10-04 07:06:13,shipped
1961,398,8,2024-09-14 07:48:30,2024-09-18 13:48:30,completed
1962,384,8,2024-09-10 01:53:52,2024-09-14 13:53:52,completed
1963,99,5,2024-11-06 13:08:55,2024-11-09 05:08:55,shipped
1964,129,8,2024-10-04 19:37:40,2024-10-05 20:37:40,returned
1965,175,7,2024-05-25 06:32:58,2024-05-31 22:32:58,shipped
1966,445,8,2024-12-15 03:41:09,2024-12-19 15:41:09,completed
1967,50,1,2024-06-05 04:53:06,2024-06-05 14:53:06,cancelled
1968,307,1,2024-05-09 14:47:50,2024-05-18 14:47:50,shipped
1969,411,5,2024-03-24 17:14:48,2024-03-28 02:14:48,cancelled
1970,234,5,2024-05-11 17:07:40,2024-05-20 06:07:40,cancelled
1971,211,6,2024-06-03 14:57:57,2024-06-12 17:57:57,placed
1972,233,6,2024-05-08 20:11:53,2024-05-12 10:11:53,shipped
1973,219,10,2024-01-02 01:32:31,2024-01-05 10:32:31,completed
1974,435,7,2024-06-25 04:13:52,2024-07-04 10:13:52,completed
1975,323,6,2024-04-15 21:13:12,2024-04-21 12:13:12,completed
1976,91,7,2024-09-22 09:47:17,2024-09-25 04:47:17,completed
1977,399,6,2024-02-08 06:19:52,2024-02-08 18:19:52,completed
1978,162,8,2024-10-02 05:16:01,2024-10-10 10:16:01,completed
1979,231,8,2024-01-13 19:37:38,2024-01-20 14:37:38,completed
1980,420,3,2024-05-12 10:26:04,2024-05-19 22:26:04,completed
1981,379,4,2024-09-24 17:52:50,2024-10-02 23:52:50,completed
1982,423,10,2024-02-02 14:35:04,2024-02-10 20:35:04,completed
1983,368,11,2024-04-24 23:03:44,2024-05-04 20:03:44,cancelled
1984,189,1,2024-08-11 21:49:44,2024-08-14 15:49:44,completed
1985,57,10,2024-09-13 22:54:48,2024-09-22 15:54:48,shipped
1986,379,2,2024-02-17 02:25:16,2024-02-23 01:25:16,completed
1987,430,1,2024-08-16 05:09:19,2024-08-23 03:09:19,placed
1988,87,9,2024-01-10 08:50:40,2024-01-14 00:50:40,cancelled
1989,219,11,2024-09-11 18:43:00,2024-09-19 23:43:00,completed
1990,182,2,2024-03-20 11:29:51,2024-03-24 09:29:51,completed
1991,283,3,2024-10-10 19:45:46,2024-10-11 23:45:46,completed
1992,191,7,2024-08-22 17:30:49,2024-08-28 21:30:49,completed
1993,103,1,2024-09-27 16:46:28,2024-10-01 17:46:28,returned
1994,322,2,2024-04-05 06:30:28,2024-04-13 09:30:28,completed
1995,142,9,2024-07-09 16:04:33,2024-07-12 08:04:33,completed
1996,149,12,2024-05-23 01:38:31,2024-05-24 08:38:31,completed
1997,429,11,2024-09-08 19:16:13,2024-09-09 09:16:13,completed
1998,127,9,2024-12-25 05:33:16,2025-01-01 15:33:16,placed
1999,404,4,2024-05-27 18:50:39,2024-06-03 01:50:39,completed
2000,413,9,2024-07-27 14:12:04,2024-07-30 22:12:04,completed
2001,99,6,2024-04-18 02:55:25,2024-04-27 01:55:25,completed
2002,280,11,2024-08-26 19:46:27,2024-08-31 05:46:27,completed
2003,203,1,2024-09-06 17:26:01,2024-09-07 16:26:01,returned
2004,129,7,2024-08-29 22:37:38,2024-09-06 11:37:38,completed
2005,342,5,2024-03-29 23:07:24,2024-04-01 21:07:24,completed
2006,339,1,2024-06-10 23:50:44,2024-06-11 11:50:44,completed
2007,133,11,2024-10-23 03:26:02,2024-10-30 23:26:02,placed
2008,22,10,2024-05-11 01:07:18,2024-05-15 16:07:18,completed
2009,201,6,2024-10-10 19:43:44,2024-10-19 08:43:44,placed
2010,92,3,2024-02-03 06:15:47,2024-02-11 22:15:47,completed
2011,312,5,2024-07-14 15:32:36,2024-07-15 19:32:36,completed
2012,165,3,2024-01-03 05:19:44,2024-01-12 20:19:44,shipped
2013,155,12,2024-04-29 07:31:55,2024-05-03 22:31:55,completed
2014,53,7,2024-05-01 05:38:47,2024-05-04 02:38:47,completed
2015,88,4,2024-04-22 13:18:56,2024-04-24 11:18:56,completed
2016,90,7,2024-07-04 02:21:38,2024-07-12 23:21:38,placed
2017,124,9,2024-06-13 15:08:41,2024-06-18 07:08:41,completed
2018,241,5,2024-01-21 02:53:41,2024-01-26 20:53:41,completed
2019,353,11,2024-11-12 06:31:47,2024-11-20 19:31:47,completed
2020,344,4,2024-08-18 12:04:48,2024-08-20 09:04:48,completed
2021,428,8,2024-08-01 07:40:00,2024-08-08 05:40:00,completed
2022,463,8,2024-10-27 07:25:35,2024-11-03 05:25:35,shipped
2023,336,1,2024-07-11 11:29:48,2024-07-16 13:29:48,completed
2024,297,6,2024-01-29 08:01:48,2024-02-04 20:01:48,completed
2025,18,12,2024-05-07 03:38:47,2024-05-13 15:38:47,placed
2026,55,11,2024-03-30 11:24:49,2024-04-08 15:24:49,returned
2027,69,7,2024-12-02 09:18:50,2024-12-09 20:18:50,completed
2028,319,11,2024-10-08 17:57:43,2024-10-14 18:57:43,completed
2029,298,7,2024-04-04 19:48:48,2024-04-12 20:48:48,returned
2030,83,4,2024-01-21 21:48:29,2024-01-30 14:48:29,completed
2031,281,6,2024-10-04 18:44:15,2024-10-05 17:44:15,completed
2032,279,2,2024-06-22 21:14:00,2024-06-23 08:14:00,shipped
2033,294,8,2024-11-30 17:17:40,2024-12-10 11:17:40,returned
2034,371,4,2024-04-29 03:27:39,2024-05-02 09:27:39,shipped
2035,432,7,2024-01-01 18:07:19,2024-01-02 10:07:19,placed
2036,500,3,2024-09-22 21:14:15,2024-09-30 03:14:15,shipped
2037,400,2,2024-10-03 00:52:59,2024-10-08 13:52:59,returned
2038,275,2,2024-07-26 00:12:35,2024-08-01 02:12:35,shipped
2039,425,2,2024-09-07 13:42:14,2024-09-15 09:42:14,completed
2040,347,1,2024-04-06 07:17:42,2024-04-12 23:17:42,completed
2041,465,10,2024-02-11 04:23:34,2024-02-19 08:23:34,cancelled
2042,230,2,2024-09-18 20:40:17,2024-09-24 20:40:17,completed
2043,72,1,2024-10-13 22:52:30,2024-10-18 21:52:30,cancelled
2044,29,11,2024-12-13 17:03:13,2024-12-17 09:03:13,completed
2045,212,8,2024-06-30 17:55:40,2024-07-08 03:55:40,cancelled
2046,254,2,2024-02-18 11:10:33,2024-02-26 19:10:33,shipped
2047,215,5,2024-04-16 04:28:20,2024-04-17 18:28:20,cancelled
2048,43,2,2024-11-08 17:02:56,2024-11-08 21:02:56,cancelled
2049,217,9,2024-08-07 22:14:56,2024-08-14 11:14:56,returned
2050,380,9,2024-12-28 12:50:17,2025-01-03 19:50:17,completed
2051,262,7,2024-10-25 04:27:00,2024-10-28 05:27:00,shipped
2052,238,6,2024-08-18 22:47:41,2024-08-19 18:47:41,returned
2053,162,2,2024-12-05 22:45:10,2024-12-12 20:45:10,completed
2054,71,1,2024-05-27 06:13:16,2024-05-27 08:13:16,completed
2055,39,11,2024-04-30 02:48:36,2024-05-02 21:48:36,shipped
2056,161,11,2024-10-23 21:10:01,2024-10-30 12:10:01,completed
2057,31,9,2024-02-11 08:20:19,2024-02-14 05:20:19,returned
2058,331,3,2024-07-16 06:44:54,2024-07-21 18:44:54,placed
2059,452,11,2024-11-14 22:52:38,2024-11-19 17:52:38,returned
2060,466,5,2024-08-07 14:47:01,2024-08-11 17:47:01,completed
2061,413,6,2024-11-07 14:13:41,2024-11-09 19:13:41,completed
2062,415,6,2024-10-10 22:42:32,2024-10-13 00:42:32,completed
2063,417,4,2024-02-24 21:20:30,2024-03-04 20:20:30,completed
2064,202,1,2024-03-25 12:14:26,2024-03-26 21:14:26,completed
2065,80,11,2024-12-25 02:20:10,2024-12-27 16:20:10,completed
2066,260,2,2024-03-08 07:16:47,2024-03-13 01:16:47,completed
2067,118,3,2024-11-26 02:38:04,2024-11-27 15:38:04,cancelled
2068,418,5,2024-10-02 22:15:58,2024-10-03 05:15:58,completed
2069,490,2,2024-01-07 04:16:31,2024-01-10 21:16:31,placed
2070,326,6,2024-08-16 05:24:42,2024-08-20 00:24:42,shipped
2071,375,3,2024-10-04 20:29:31,2024-10-09 12:29:31,completed
2072,195,1,2024-07-09 04:29:39,2024-07-13 20:29:39,completed
2073,490,10,2024-09-15 20:04:16,2024-09-24 05:04:16,completed
2074,100,2,2024-08-03 23:21:22,2024-08-08 19:21:22,shipped
2075,27,3,2024-09-22 18:44:00,2024-09-30 02:44:00,completed
2076,447,3,2024-10-19 12:05:38,2024-10-20 19:05:38,completed
2077,318,10,2024-07-19 10:20:53,2024-07-27 02:20:53,completed
2078,407,7,2024-12-01 10:29:32,2024-12-01 10:29:32,returned
2079,253,11,2024-05-15 18:01:44,2024-05-21 06:01:44,completed
2080,212,10,2024-04-23 02:48:42,2024-04-30 07:48:42,completed
2081,24,11,2024-09-24 11:50:47,2024-09-27 05:50:47,cancelled
2082,294,5,2024-02-11 09:45:46,2024-02-15 21:45:46,completed
2083,416,7,2024-06-26 18:21:18,2024-07-03 14:21:18,shipped
2084,450,2,2024-06-16 10:42:12,2024-06-24 07:42:12,completed
2085,229,6,2024-06-01 23:31:41,2024-06-10 08:31:41,completed
2086,457,8,2024-03-12 16:30:55,2024-03-13 10:30:55,shipped
2087,189,4,2024-02-25 02:14:42,2024-03-03 14:14:42,completed
2088,358,4,2024-01-12 23:19:14,2024-01-15 02:19:14,cancelled
2089,228,12,2024-11-07 17:43:00,2024-11-12 09:43:00,returned
2090,140,7,2024-02-08 13:39:56,2024-02-17 09:39:56,completed
2091,457,5,2024-03-17 11:56:32,2024-03-21 14:56:32,completed
2092,41,6,2024-12-12 10:22:11,2024-12-17 12:22:11,completed
2093,256,5,2024-01-27 01:07:28,2024-01-29 23:07:28,shipped
2094,446,10,2024-11-20 02:05:04,2024-11-28 15:05:04,completed
2095,497,3,2024-09-14 00:34:57,2024-09-21 10:34:57,placed
2096,376,8,2024-09-09 09:32:23,2024-09-16 19:32:23,completed
2097,44,2,2024-06-05 01:41:38,2024-06-12 08:41:38,returned
2098,441,5,2024-07-05 16:03:23,2024-07-09 20:03:23,placed
2099,32,5,2024-08-10 14:51:23,2024-08-17 05:51:23,completed
2100,355,1,2024-06-09 20:11:44,2024-06-19 07:11:44,completed
2101,444,2,2024-04-09 18:53:00,2024-04-12 09:53:00,placed
2102,421,1,2024-12-14 07:08:01,2024-12-15 03:08:01,shipped
2103,273,6,2024-05-13 06:16:45,2024-05-18 19:16:45,completed
2104,233,12,2024-07-22 05:20:45,2024-07-24 11:20:45,completed
2105,431,9,2024-10-03 12:46:12,2024-10-12 02:46:12,completed
2106,218,10,2024-04-29 00:57:45,2024-05-05 18:57:45,completed
2107,60,8,2024-08-17 01:50:40,2024-08-21 22:50:40,shipped
2108,5,4,2024-07-28 17:24:42,2024-08-04 18:24:42,completed
2109,22,11,2024-04-16 10:00:58,2024-04-26 00:00:58,completed
2110,109,11,2024-05-17 00:24:02,2024-05-17 09:24:02,completed
2111,161,10,2024-10-20 21:07:07,2024-10-26 11:07:07,returned
2112,153,4,2024-10-19 10:41:16,2024-10-23 02:41:16,placed
2113,72,5,2024-04-14 18:59:44,2024-04-14 19:59:44,completed
2114,347,6,2024-09-29 20:44:47,2024-10-07 04:44:47,shipped
2115,204,2,2024-06-18 22:27:28,2024-06-20 06:27:28,completed
2116,396,10,2024-10-16 07:40:24,2024-10-25 13:40:24,shipped
2117,438,4,2024-09-04 05:25:38,2024-09-06 20:25:38,completed
2118,443,10,2024-12-01 18:11:25,2024-12-02 05:11:25,shipped
2119,291,12,2024-11-01 20:08:49,2024-11-05 16:08:49,completed
2120,345,3,2024-03-09 20:19:33,2024-03-10 04:19:33,returned
2121,83,12,2024-10-29 04:45:53,2024-11-04 04:45:53,returned
2122,237,9,2024-01-19 05:40:26,2024-01-28 05:40:26,completed
2123,31,11,2024-06-13 06:36:17,2024-06-15 12:36:17,completed
2124,212,2,2024-07-05 04:39:02,2024-07-06 22:39:02,completed
2125,404,11,2024-06-09 10:27:22,2024-06-18 13:27:22,returned
2126,35,9,2024-05-22 07:34:11,2024-05-23 10:34:11,completed
2127,113,8,2024-10-15 22:10:01,2024-10-19 06:10:01,shipped
2128,189,12,2024-03-17 21:07:19,2024-03-22 17:07:19,completed
2129,317,8,2024-01-18 22:58:25,2024-01-24 17:58:25,placed
2130,311,11,2024-05-23 09:56:43,2024-05-23 17:56:43,placed
2131,309,1,2024-12-23 17:43:11,2024-12-29 12:43:11,completed
2132,80,5,2024-04-27 20:20:34,2024-05-02 02:20:34,completed
2133,350,12,2024-05-18 05:59:00,2024-05-27 20:59:00,completed
2134,126,11,2024-04-28 03:04:16,2024-05-05 18:04:16,returned
2135,480,5,2024-08-20 19:42:05,2024-08-28 13:42:05,completed
2136,282,7,2024-10-21 06:45:16,2024-10-29 03:45:16,completed
2137,25,9,2024-07-28 19:19:49,2024-07-31 05:19:49,completed
2138,241,7,2024-08-15 10:20:45,2024-08-16 03:20:45,returned
2139,398,11,2024-12-06 11:02:33,2024-12-08 03:02:33,shipped
2140,16,1,2024-08-31 13:46:08,2024-09-02 04:46:08,shipped
2141,390,11,2024-03-25 05:11:48,2024-04-01 10:11:48,placed
2142,63,9,2024-08-18 23:58:40,2024-08-28 17:58:40,completed
2143,326,6,2024-06-03 21:34:44,2024-06-13 12:34:44,completed
2144,238,7,2024-12-03 09:59:03,2024-12-07 00:59:03,returned
2145,443,9,2024-12-19 06:44:40,2024-12-27 13:44:40,completed
2146,6,3,2024-07-06 10:27:46,2024-07-07 22:27:46,completed
2147,441,9,2024-12-28 09:02:52,2025-01-05 03:02:52,shipped
2148,365,8,2024-05-29 06:41:06,2024-05-30 23:41:06,completed
2149,289,6,2024-10-08 18:35:05,2024-10-11 20:35:05,shipped
2150,57,2,2024-11-07 22:24:38,2024-11-12 12:24:38,cancelled
2151,9,3,2024-03-07 10:55:16,2024-03-07 20:55:16,completed
2152,102,2,2024-08-24 06:05:14,2024-08-29 19:05:14,completed
2153,271,5,2024-07-13 21:07:13,2024-07-17 06:07:13,shipped
2154,336,12,2024-03-29 05:51:38,2024-03-29 11:51:38,completed
2155,125,12,2024-02-23 10:00:56,2024-02-29 06:00:56,shipped
2156,81,2,2024-11-16 22:45:54,2024-11-18 23:45:54,completed
2157,241,11,2024-10-04 00:02:18,2024-10-12 20:02:18,completed
2158,337,2,2024-03-04 12:11:15,2024-03-14 00:11:15,cancelled
2159,296,1,2024-12-20 22:17:44,2024-12-22 05:17:44,placed
2160,205,12,2024-01-12 06:10:56,2024-01-13 06:10:56,completed
2161,157,8,2024-07-15 01:05:30,2024-07-24 08:05:30,shipped
2162,402,4,2024-05-20 02:32:07,2024-05-27 15:32:07,completed
2163,351,11,2024-01-07 04:09:50,2024-01-08 21:09:50,completed
2164,70,11,2024-06-25 16:05:31,2024-06-28 07:05:31,completed
2165,284,7,2024-09-13 21:45:07,2024-09-18 17:45:07,completed
2166,81,1,2024-11-26 22:08:40,2024-11-28 00:08:40,completed
2167,354,4,2024-04-09 04:44:33,2024-04-18 13:44:33,completed
2168,187,6,2024-11-06 09:12:05,2024-11-14 00:12:05,shipped
2169,245,11,2024-04-22 03:59:14,2024-04-23 21:59:14,completed
2170,122,9,2024-02-12 14:06:40,2024-02-22 04:06:40,completed
2171,462,5,2024-09-13 13:29:41,2024-09-17 16:29:41,completed
2172,189,11,2024-01-30 05:47:40,2024-02-07 17:47:40,completed
2173,371,9,2024-02-05 15:32:43,2024-02-07 02:32:43,completed
2174,213,1,2024-06-14 08:29:55,2024-06-18 19:29:55,completed
2175,174,1,2024-06-13 22:52:10,2024-06-14 17:52:10,returned
2176,213,1,2024-01-01 15:21:28,2024-01-11 07:21:28,completed
2177,493,9,2024-03-29 02:15:41,2024-04-04 21:15:41,shipped
2178,203,7,2024-08-27 23:07:10,2024-09-03 09:07:10,returned
2179,432,8,2024-03-06 20:35:57,2024-03-09 11:35:57,completed
2180,392,10,2024-07-14 16:09:26,2024-07-16 11:09:26,completed
2181,274,4,2024-05-31 10:37:20,2024-06-05 03:37:20,completed
2182,175,7,2024-10-15 04:38:12,2024-10-15 10:38:12,returned
2183,88,2,2024-01-23 02:43:24,2024-01-24 00:43:24,completed
2184,12,3,2024-11-27 21:29:58,2024-11-30 20:29:58,completed
2185,396,8,2024-10-23 14:59:29,2024-10-31 08:59:29,cancelled
2186,416,12,2024-11-06 06:18:48,2024-11-14 00:18:48,completed
2187,338,8,2024-11-08 19:11:44,2024-11-12 06:11:44,completed
2188,450,3,2024-03-22 04:15:34,2024-03-30 13:15:34,completed
2189,366,2,2024-02-20 01:27:41,2024-02-23 01:27:41,shipped
2190,67,12,2024-06-17 16:46:20,2024-06-25 15:46:20,shipped
2191,254,4,2024-06-23 07:20:19,2024-06-24 19:20:19,completed
2192,126,4,2024-11-17 16:03:17,2024-11-25 12:03:17,returned
2193,341,3,2024-09-19 21:56:38,2024-09-20 01:56:38,completed
2194,298,4,2024-12-27 02:21:40,2024-12-31 12:21:40,completed
2195,129,9,2024-02-13 00:58:48,2024-02-19 13:58:48,completed
2196,106,4,2024-11-15 11:03:01,2024-11-15 23:03:01,completed
2197,499,11,2024-07-20 22:57:06,2024-07-24 06:57:06,completed
2198,410,7,2024-01-06 12:24:25,2024-01-10 14:24:25,completed
2199,224,3,2024-02-11 16:41:25,2024-02-21 14:41:25,cancelled
2200,87,6,2024-03-06 03:20:44,2024-03-13 05:20:44,placed
2201,93,9,2024-04-12 17:00:59,2024-04-18 08:00:59,cancelled
2202,222,5,2024-10-25 01:12:05,2024-10-28 11:12:05,shipped
2203,250,10,2024-09-23 23:54:12,2024-09-27 15:54:12,completed
2204,251,3,2024-10-21 16:15:09,2024-10-28 12:15:09,cancelled
2205,354,5,2024-09-15 15:51:43,2024-09-16 10:51:43,completed
2206,345,4,2024-02-11 02:33:18,2024-02-15 11:33:18,placed
2207,148,11,2024-03-10 14:05:57,2024-03-18 05:05:57,completed
2208,349,1,2024-06-13 05:45:35,2024-06-22 21:45:35,returned
2209,290,4,2024-06-12 08:04:08,2024-06-22 07:04:08,completed
2210,96,3,2024-04-11 06:49:25,2024-04-20 22:49:25,completed
2211,66,2,2024-02-26 10:31:15,2024-03-04 06:31:15,completed
2212,322,1,2024-04-10 22:10:16,2024-04-18 11:10:16,shipped
2213,311,2,2024-08-09 15:00:42,2024-08-18 10:00:42,completed
2214,212,4,2024-05-15 06:22:21,2024-05-19 16:22:21,completed
2215,5,12,2024-01-14 17:20:36,2024-01-17 00:20:36,returned
2216,443,12,2024-05-27 22:35:27,2024-05-30 02:35:27,completed
2217,352,7,2024-11-28 19:19:48,2024-12-07 14:19:48,completed
2218,201,7,2024-05-29 11:52:48,2024-06-02 15:52:48,shipped
2219,16,4,2024-07-09 12:25:26,2024-07-13 08:25:26,shipped
2220,353,6,2024-06-09 23:53:40,2024-06-14 18:53:40,returned
2221,408,9,2024-08-22 10:15:44,2024-08-23 04:15:44,completed
2222,301,8,2024-06-20 13:06:11,2024-06-25 20:06:11,completed
2223,138,12,2024-12-26 18:34:46,2025-01-01 18:34:46,completed
2224,399,5,2024-03-14 16:14:34,2024-03-21 19:14:34,returned
2225,321,6,2024-01-07 09:22:44,2024-01-15 15:22:44,completed
2226,228,9,2024-03-13 19:42:07,2024-03-15 07:42:07,cancelled
2227,118,7,2024-01-14 08:03:00,2024-01-21 20:03:00,completed
2228,219,7,2024-11-27 01:11:49,2024-12-02 03:11:49,completed
2229,459,7,2024-05-20 10:19:49,2024-05-24 21:19:49,completed
2230,134,7,2024-11-13 22:50:36,2024-11-18 17:50:36,shipped
2231,218,9,2024-09-10 21:52:49,2024-09-16 13:52:49,completed
2232,109,2,2024-02-23 01:11:22,2024-02-29 07:11:22,returned
2233,151,7,2024-02-17 10:31:20,2024-02-26 06:31:20,completed
2234,159,12,2024-07-11 16:25:25,2024-07-14 16:25:25,shipped
2235,113,3,2024-02-12 09:54:56,2024-02-14 12:54:56,cancelled
2236,299,11,2024-01-17 06:03:59,2024-01-19 08:03:59,completed
2237,215,8,2024-05-31 03:30:12,2024-06-09 05:30:12,completed
2238,499,8,2024-08-01 15:25:39,2024-08-03 22:25:39,completed
2239,198,7,2024-04-04 02:55:12,2024-04-09 12:55:12,shipped
2240,167,2,2024-03-27 09:29:45,2024-03-29 18:29:45,returned
2241,230,7,2024-11-23 02:01:21,2024-11-27 21:01:21,completed
2242,7,7,2024-06-19 01:34:53,2024-06-24 06:34:53,completed
2243,166,6,2024-10-18 12:33:29,2024-10-27 21:33:29,completed
2244,356,12,2024-04-30 01:43:09,2024-05-03 09:43:09,shipped
2245,432,10,2024-08-10 16:53:40,2024-08-11 04:53:40,completed
2246,19,11,2024-05-23 00:31:08,2024-05-23 15:31:08,completed
2247,321,5,2024-10-16 22:23:19,2024-10-24 20:23:19,returned
2248,451,6,2024-10-07 13:53:02,2024-10-12 13:53:02,returned
2249,57,11,2024-07-23 00:28:28,2024-07-30 23:28:28,completed
2250,457,4,2024-09-02 16:12:56,2024-09-07 16:12:56,placed
2251,396,12,2024-03-09 05:39:05,2024-03-19 03:39:05,cancelled
2252,445,12,2024-02-06 19:32:10,2024-02-16 12:32:10,completed
2253,119,6,2024-06-05 06:03:11,2024-06-07 15:03:11,placed
2254,417,9,2024-05-27 16:41:02,2024-05-31 12:41:02,completed
2255,198,5,2024-08-30 18:25:04,2024-09-01 23:25:04,completed
2256,204,4,2024-04-04 19:03:20,2024-04-04 23:03:20,returned
2257,312,1,2024-07-19 05:25:46,2024-07-28 00:25:46,returned
2258,211,4,2024-10-25 11:54:11,2024-10-29 11:54:11,completed
2259,170,8,2024-08-26 23:12:40,2024-09-05 16:12:40,cancelled
2260,23,12,2024-09-13 06:00:31,2024-09-21 16:00:31,placed
2261,422,12,2024-05-27 11:23:07,2024-06-05 23:23:07,returned
2262,424,3,2024-12-19 02:08:58,2024-12-19 21:08:58,completed
2263,269,10,2024-03-16 17:55:28,2024-03-20 09:55:28,completed
2264,87,4,2024-09-13 19:02:50,2024-09-20 19:02:50,placed
2265,63,8,2024-10-23 16:37:02,2024-10-24 12:37:02,completed
2266,183,11,2024-03-11 07:01:11,2024-03-11 19:01:11,completed
2267,436,6,2024-10-21 20:39:46,2024-10-22 10:39:46,completed
2268,127,12,2024-10-18 10:14:57,2024-10-20 05:14:57,completed
2269,492,5,2024-04-24 20:00:36,2024-04-25 08:00:36,completed
2270,269,1,2024-03-15 04:58:10,2024-03-17 13:58:10,cancelled
2271,254,11,2024-02-11 02:11:55,2024-02-14 15:11:55,completed
2272,354,4,2024-08-08 14:08:40,2024-08-09 17:08:40,completed
2273,478,8,2024-10-19 22:41:53,2024-10-22 03:41:53,completed
2274,54,3,2024-01-03 14:15:44,2024-01-09 12:15:44,shipped
2275,431,3,2024-11-03 00:09:10,2024-11-08 16:09:10,completed
2276,287,1,2024-03-25 06:51:05,2024-04-01 08:51:05,completed
2277,451,9,2024-03-30 08:06:16,2024-04-07 09:06:16,completed
2278,268,11,2024-07-27 15:59:22,2024-07-31 07:59:22,shipped
2279,142,10,2024-08-27 05:09:00,2024-08-27 15:09:00,completed
2280,176,8,2024-03-20 20:16:28,2024-03-30 12:16:28,returned
2281,351,9,2024-09-13 09:50:46,2024-09-21 20:50:46,completed
2282,276,6,2024-06-19 17:52:10,2024-06-25 15:52:10,cancelled
2283,435,8,2024-10-21 10:22:33,2024-10-27 09:22:33,completed
2284,172,6,2024-03-16 01:41:47,2024-03-21 00:41:47,completed
2285,189,10,2024-06-05 17:26:50,2024-06-10 23:26:50,placed
2286,384,5,2024-01-01 21:07:32,2024-01-01 22:07:32,placed
2287,394,10,2024-07-07 20:20:24,2024-07-09 12:20:24,completed
2288,443,6,2024-02-14 15:00:52,2024-02-23 03:00:52,returned
2289,31,12,2024-05-05 06:59:06,2024-05-07 06:59:06,cancelled
2290,206,1,2024-10-25 04:53:12,2024-10-31 22:53:12,shipped
2291,62,4,2024-12-15 16:08:55,2024-12-16 17:08:55,completed
2292,225,7,2024-03-23 17:13:04,2024-03-31 14:13:04,cancelled
2293,369,10,2024-12-22 00:57:15,2024-12-22 06:57:15,completed
2294,453,8,2024-01-14 10:55:12,2024-01-15 22:55:12,completed
2295,28,5,2024-05-29 02:40:27,2024-06-06 16:40:27,completed
2296,360,10,2024-12-04 04:53:20,2024-12-09 04:53:20,shipped
2297,336,1,2024-05-05 22:53:55,2024-05-08 09:53:55,completed
2298,114,6,2024-03-27 20:41:44,2024-04-04 07:41:44,shipped
2299,286,11,2024-08-05 12:25:35,2024-08-09 14:25:35,completed
2300,5,6,2024-03-01 18:07:19,2024-03-08 09:07:19,cancelled
2301,396,4,2024-05-13 11:15:46,2024-05-23 08:15:46,completed
2302,188,2,2024-07-06 09:51:55,2024-07-14 21:51:55,completed
2303,445,6,2024-07-24 19:35:19,2024-07-31 16:35:19,placed
2304,138,7,2024-10-23 10:25:04,2024-10-24 08:25:04,completed
2305,347,9,2024-02-06 19:25:03,2024-02-06 19:25:03,shipped
2306,70,7,2024-07-19 03:11:25,2024-07-20 07:11:25,completed
2307,18,9,2024-11-21 18:38:16,2024-11-29 15:38:16,shipped
2308,266,12,2024-11-15 20:31:32,2024-11-22 20:31:32,completed
2309,221,8,2024-11-18 03:07:41,2024-11-22 15:07:41,completed
2310,235,5,2024-08-29 12:28:20,2024-09-03 22:28:20,returned
2311,222,6,2024-06-11 01:04:48,2024-06-18 08:04:48,completed
2312,50,4,2024-01-09 19:34:31,2024-01-12 20:34:31,cancelled
2313,242,3,2024-04-15 07:54:54,2024-04-24 19:54:54,completed
2314,259,12,2024-01-06 04:09:42,2024-01-13 12:09:42,completed
2315,191,7,2024-08-26 03:40:07,2024-08-28 05:40:07,shipped
2316,386,6,2024-05-11 17:42:27,2024-05-18 11:42:27,cancelled
2317,384,7,2024-09-13 12:40:51,2024-09-21 14:40:51,completed
2318,112,3,2024-04-02 13:25:40,2024-04-10 09:25:40,completed
2319,339,1,2024-04-24 16:09:59,2024-04-24 16:09:59,completed
2320,69,6,2024-03-23 05:35:25,2024-03-29 12:35:25,shipped
2321,450,6,2024-03-13 12:10:56,2024-03-14 11:10:56,placed
2322,278,9,2024-12-05 02:38:26,2024-12-08 06:38:26,shipped
2323,189,11,2024-07-14 08:00:24,2024-07-22 18:00:24,completed
2324,437,7,2024-10-03 18:44:09,2024-10-10 20:44:09,completed
2325,116,10,2024-05-06 10:30:54,2024-05-13 00:30:54,completed
2326,317,5,2024-06-27 21:20:53,2024-06-30 03:20:53,completed
2327,443,3,2024-01-08 21:26:43,2024-01-09 08:26:43,completed
2328,209,11,2024-06-10 15:25:21,2024-06-16 23:25:21,placed
2329,51,11,2024-09-27 19:10:40,2024-10-06 03:10:40,completed
2330,356,8,2024-12-15 14:34:24,2024-12-17 12:34:24,completed
2331,153,9,2024-03-18 00:59:17,2024-03-27 02:59:17,placed
2332,119,7,2024-06-28 22:13:46,2024-07-02 21:13:46,completed
2333,363,11,2024-08-17 05:53:31,2024-08-21 21:53:31,completed
2334,19,8,2024-11-23 03:26:53,2024-11-25 22:26:53,cancelled
2335,257,11,2024-11-10 10:39:10,2024-11-13 00:39:10,completed
2336,367,3,2024-12-09 03:32:11,2024-12-12 23:32:11,completed
2337,416,8,2024-11-22 15:58:08,2024-11-26 17:58:08,completed
2338,493,8,2024-05-09 14:44:10,2024-05-13 18:44:10,completed
2339,200,3,2024-10-03 03:03:37,2024-10-12 23:03:37,shipped
2340,446,12,2024-11-10 12:01:29,2024-11-18 02:01:29,returned
2341,380,11,2024-05-21 08:13:11,2024-05-29 11:13:11,returned
2342,473,11,2024-12-10 09:56:01,2024-12-12 02:56:01,completed
2343,482,8,2024-01-04 16:13:30,2024-01-05 04:13:30,completed
2344,275,5,2024-01-30 09:58:13,2024-02-03 05:58:13,completed
2345,321,11,2024-05-25 09:45:17,2024-05-26 01:45:17,completed
2346,355,6,2024-05-20 09:42:50,2024-05-29 19:42:50,shipped
2347,314,8,2024-02-10 08:08:23,2024-02-14 07:08:23,completed
2348,212,5,2024-09-19 11:44:04,2024-09-23 07:44:04,completed
2349,162,7,2024-10-14 09:37:19,2024-10-17 16:37:19,returned
2350,349,7,2024-07-07 22:20:21,2024-07-14 06:20:21,completed
2351,391,6,2024-04-04 01:48:41,2024-04-14 00:48:41,shipped
2352,457,3,2024-07-13 22:57:58,2024-07-15 03:57:58,completed
2353,454,11,2024-07-12 16:33:45,2024-07-15 06:33:45,completed
2354,320,8,2024-12-01 15:50:25,2024-12-11 07:50:25,completed
2355,385,5,2024-07-07 05:37:57,2024-07-14 21:37:57,shipped
2356,410,11,2024-08-25 16:56:38,2024-08-31 09:56:38,completed
2357,143,4,2024-06-19 07:56:19,2024-06-26 02:56:19,shipped
2358,476,9,2024-10-20 14:00:02,2024-10-26 14:00:02,returned
2359,379,2,2024-06-19 03:51:19,2024-06-21 13:51:19,completed
2360,127,1,2024-10-27 21:26:27,2024-11-05 00:26:27,completed
2361,278,1,2024-08-09 11:47:00,2024-08-13 16:47:00,cancelled
2362,392,11,2024-05-06 07:14:15,2024-05-13 01:14:15,completed
2363,258,6,2024-12-27 03:36:11,2024-12-30 16:36:11,cancelled
2364,361,3,2024-08-21 06:00:38,2024-08-25 12:00:38,shipped
2365,319,5,2024-09-17 11:28:52,2024-09-18 07:28:52,completed
2366,434,9,2024-06-27 18:48:08,2024-07-04 21:48:08,placed
2367,190,1,2024-10-25 19:32:48,2024-10-30 15:32:48,completed
2368,94,2,2024-10-29 17:17:57,2024-10-31 01:17:57,completed
2369,231,10,2024-12-06 18:09:13,2024-12-15 10:09:13,completed
2370,124,1,2024-12-04 04:24:27,2024-12-13 14:24:27,completed
2371,350,9,2024-03-20 07:10:32,2024-03-29 11:10:32,completed
2372,468,6,2024-04-22 20:41:15,2024-04-23 21:41:15,returned
2373,315,12,2024-07-14 00:46:55,2024-07-19 20:46:55,placed
2374,59,1,2024-11-03 23:01:29,2024-11-07 00:01:29,placed
2375,208,7,2024-01-06 08:24:49,2024-01-11 21:24:49,completed
2376,22,1,2024-12-04 12:39:29,2024-12-13 08:39:29,completed
2377,224,11,2024-05-15 06:14:38,2024-05-23 03:14:38,completed
2378,179,2,2024-10-30 20:00:34,2024-11-07 23:00:34,completed
2379,395,1,2024-10-10 08:39:20,2024-10-10 16:39:20,completed
2380,155,1,2024-09-23 23:15:47,2024-09-30 02:15:47,completed
2381,195,10,2024-02-12 04:03:22,2024-02-19 09:03:22,shipped
2382,210,7,2024-02-29 14:23:40,2024-03-04 12:23:40,completed
2383,304,9,2024-06-24 16:56:15,2024-06-28 21:56:15,shipped
2384,324,10,2024-09-08 11:43:10,2024-09-13 20:43:10,completed
2385,428,5,2024-06-22 21:46:24,2024-06-23 19:46:24,returned
2386,325,3,2024-08-20 20:37:52,2024-08-30 11:37:52,completed
2387,127,10,2024-06-01 07:21:14,2024-06-11 05:21:14,completed
2388,347,2,2024-04-30 18:39:51,2024-05-05 09:39:51,completed
2389,102,3,2024-11-13 09:22:11,2024-11-17 23:22:11,completed
2390,5,10,2024-09-16 01:00:50,2024-09-19 19:00:50,completed
2391,327,1,2024-07-17 06:42:19,2024-07-26 21:42:19,completed
2392,82,8,2024-04-06 02:28:39,2024-04-08 16:28:39,shipped
2393,497,8,2024-09-05 14:46:20,2024-09-13 02:46:20,completed
2394,444,12,2024-10-18 08:58:55,2024-10-27 18:58:55,completed
2395,55,8,2024-06-23 20:01:25,2024-06-30 04:01:25,placed
2396,499,11,2024-12-10 11:47:05,2024-12-18 05:47:05,placed
2397,128,7,2024-02-22 11:53:38,2024-02-28 04:53:38,placed
2398,448,6,2024-03-16 07:43:15,2024-03-17 01:43:15,shipped
2399,345,7,2024-10-27 22:35:31,2024-11-01 11:35:31,placed
2400,328,10,2024-02-21 04:43:16,2024-02-22 17:43:16,cancelled
2401,149,1,2024-01-31 01:17:42,2024-02-03 11:17:42,returned
2402,274,4,2024-06-11 15:00:42,2024-06-17 12:00:42,placed
2403,10,4,2024-08-28 10:37:30,2024-08-28 12:37:30,completed
2404,324,3,2024-09-10 04:49:02,2024-09-20 03:49:02,completed
2405,90,3,2024-08-19 11:37:39,2024-08-27 19:37:39,returned
2406,437,11,2024-04-06 15:11:02,2024-04-12 11:11:02,completed
2407,30,8,2024-11-12 02:56:38,2024-11-18 19:56:38,returned
2408,125,9,2024-07-10 09:34:49,2024-07-14 05:34:49,placed
2409,257,1,2024-04-19 19:26:55,2024-04-21 20:26:55,shipped
2410,60,1,2024-02-02 09:18:28,2024-02-05 16:18:28,completed
2411,480,7,2024-03-05 14:47:03,2024-03-07 10:47:03,returned
2412,282,3,2024-03-14 21:44:15,2024-03-15 23:44:15,placed
2413,284,2,2024-08-20 05:55:12,2024-08-29 18:55:12,completed
2414,184,3,2024-11-07 16:29:09,2024-11-12 02:29:09,cancelled
2415,361,3,2024-11-09 03:07:46,2024-11-19 00:07:46,cancelled
2416,42,11,2024-04-26 21:39:15,2024-05-03 01:39:15,placed
2417,468,9,2024-08-30 12:15:48,2024-09-07 00:15:48,cancelled
2418,187,5,2024-06-10 17:46:12,2024-06-15 09:46:12,shipped
2419,306,6,2024-04-30 11:52:58,2024-05-10 02:52:58,cancelled
2420,4,2,2024-09-09 06:02:59,2024-09-17 17:02:59,placed
2421,488,9,2024-09-02 05:41:06,2024-09-11 01:41:06,completed
2422,439,3,2024-10-30 08:48:44,2024-11-03 14:48:44,completed
2423,63,5,2024-12-07 04:32:01,2024-12-12 05:32:01,completed
2424,452,5,2024-02-19 01:09:49,2024-02-26 23:09:49,placed
2425,179,2,2024-08-31 20:34:41,2024-09-08 07:34:41,completed
2426,218,5,2024-05-06 02:54:21,2024-05-08 02:54:21,completed
2427,421,5,2024-02-10 03:45:33,2024-02-11 03:45:33,completed
2428,54,11,2024-01-05 14:44:46,2024-01-10 21:44:46,completed
2429,383,7,2024-01-21 18:46:39,2024-01-22 22:46:39,completed
2430,128,7,2024-10-21 18:55:08,2024-10-28 04:55:08,completed
2431,124,2,2024-09-15 13:20:31,2024-09-24 04:20:31,returned
2432,10,12,2024-08-28 20:14:57,2024-09-01 15:14:57,shipped
2433,258,2,2024-07-25 01:54:03,2024-07-27 21:54:03,completed
2434,40,7,2024-09-03 18:48:04,2024-09-04 18:48:04,placed
2435,258,4,2024-02-04 13:49:08,2024-02-12 16:49:08,shipped
2436,124,2,2024-03-12 23:50:19,2024-03-16 11:50:19,completed
2437,406,3,2024-07-11 22:33:31,2024-07-18 21:33:31,completed
2438,459,5,2024-10-07 13:31:45,2024-10-09 03:31:45,placed
2439,176,1,2024-11-29 18:27:59,2024-12-06 19:27:59,completed
2440,108,8,2024-08-15 04:19:35,2024-08-18 21:19:35,completed
2441,54,2,2024-09-13 04:53:40,2024-09-22 15:53:40,completed
2442,445,5,2024-06-06 06:55:35,2024-06-12 09:55:35,completed
2443,361,8,2024-01-24 00:06:19,2024-02-03 00:06:19,completed
2444,72,7,2024-09-09 05:48:00,2024-09-09 18:48:00,completed
2445,225,12,2024-11-08 05:21:00,2024-11-10 16:21:00,completed
2446,203,3,2024-04-28 21:58:53,2024-05-07 20:58:53,completed
2447,67,4,2024-12-22 05:06:17,2024-12-25 00:06:17,completed
2448,92,10,2024-09-10 04:14:20,2024-09-18 02:14:20,shipped
2449,238,2,2024-05-24 02:53:13,2024-05-28 15:53:13,completed
2450,211,7,2024-09-21 11:58:05,2024-09-30 23:58:05,completed
2451,251,4,2024-10-09 02:30:48,2024-10-10 07:30:48,returned
2452,213,2,2024-11-10 20:44:28,2024-11-16 13:44:28,completed
2453,74,2,2024-05-31 21:49:02,2024-06-02 19:49:02,returned
2454,69,10,2024-09-13 12:57:40,2024-09-19 23:57:40,placed
2455,460,12,2024-10-09 19:51:09,2024-10-10 03:51:09,completed
2456,165,7,2024-05-06 20:31:25,2024-05-14 08:31:25,completed
2457,248,5,2024-01-04 17:39:45,2024-01-10 17:39:45,completed
2458,306,11,2024-04-04 06:26:55,2024-04-04 15:26:55,cancelled
2459,378,11,2024-07-28 06:23:31,2024-07-28 19:23:31,completed
2460,212,5,2024-11-25 19:37:42,2024-11-29 14:37:42,completed
2461,228,7,2024-01-24 12:04:34,2024-01-25 09:04:34,cancelled
2462,346,2,2024-05-22 23:16:19,2024-05-28 23:16:19,completed
2463,255,5,2024-01-28 15:13:24,2024-02-04 08:13:24,completed
2464,422,3,2024-09-29 01:57:31,2024-10-01 16:57:31,shipped
2465,390,11,2024-07-15 03:39:07,2024-07-21 14:39:07,cancelled
2466,410,4,2024-12-01 12:33:57,2024-12-06 05:33:57,completed
2467,428,5,2024-07-24 22:29:55,2024-08-03 14:29:55,cancelled
2468,330,12,2024-04-22 07:30:13,2024-04-28 06:30:13,completed
2469,58,10,2024-02-08 16:29:11,2024-02-17 18:29:11,completed
2470,223,8,2024-06-16 23:28:37,2024-06-21 11:28:37,completed
2471,58,8,2024-06-18 00:37:22,2024-06-27 05:37:22,completed
2472,322,6,2024-11-24 10:38:10,2024-12-01 09:38:10,completed
2473,470,2,2024-04-15 12:21:02,2024-04-15 20:21:02,completed
2474,328,10,2024-09-25 17:38:31,2024-10-02 08:38:31,returned
2475,376,6,2024-10-02 13:11:38,2024-10-09 16:11:38,completed
2476,231,3,2024-07-01 16:38:24,2024-07-11 13:38:24,completed
2477,140,3,2024-10-12 14:14:54,2024-10-21 23:14:54,completed
2478,464,10,2024-11-15 22:31:49,2024-11-24 11:31:49,cancelled
2479,254,8,2024-09-21 09:10:22,2024-09-26 23:10:22,completed
2480,438,11,2024-07-01 19:34:45,2024-07-10 08:34:45,shipped
2481,436,12,2024-04-29 13:35:33,2024-05-08 08:35:33,completed
2482,426,7,2024-08-11 00:06:07,2024-08-20 04:06:07,completed
2483,356,3,2024-08-10 06:48:37,2024-08-19 06:48:37,completed
2484,335,3,2024-01-11 16:16:05,2024-01-20 07:16:05,shipped
2485,79,4,2024-08-10 21:40:42,2024-08-20 18:40:42,completed
2486,125,8,2024-10-06 10:17:02,2024-10-11 12:17:02,shipped
2487,184,1,2024-11-22 18:44:25,2024-11-26 06:44:25,completed
2488,397,12,2024-07-17 11:06:48,2024-07-20 01:06:48,completed
2489,305,2,2024-11-07 04:59:57,2024-11-08 23:59:57,returned
2490,194,10,2024-11-04 12:08:04,2024-11-08 13:08:04,completed
2491,413,2,2024-08-08 02:45:41,2024-08-08 19:45:41,shipped
2492,16,2,2024-08-14 04:43:57,2024-08-16 09:43:57,completed
2493,155,6,2024-06-02 15:53:03,2024-06-07 08:53:03,returned
2494,355,8,2024-04-16 21:20:52,2024-04-22 22:20:52,shipped
2495,416,11,2024-09-12 22:00:02,2024-09-13 09:00:02,placed
2496,410,9,2024-08-27 10:56:49,2024-09-05 12:56:49,shipped
2497,434,12,2024-08-18 12:23:39,2024-08-23 01:23:39,cancelled
2498,370,1,2024-11-20 02:28:18,2024-11-23 00:28:18,returned
2499,27,2,2024-12-13 06:24:30,2024-12-16 14:24:30,completed
2500,426,3,2024-07-06 03:48:39,2024-07-10 10:48:39,completed
2501,434,6,2024-04-09 16:19:25,2024-04-19 09:19:25,completed
2502,135,11,2024-10-16 18:44:05,2024-10-24 03:44:05,completed
2503,266,3,2024-07-12 15:41:18,2024-07-20 21:41:18,completed
2504,485,2,2024-08-08 09:41:28,2024-08-13 16:41:28,completed
2505,139,12,2024-04-22 12:07:33,2024-04-23 11:07:33,cancelled
2506,32,12,2024-05-14 14:04:00,2024-05-23 15:04:00,placed
2507,228,1,2024-04-23 21:53:11,2024-04-25 09:53:11,completed
2508,219,6,2024-08-11 23:59:35,2024-08-16 23:59:35,shipped
2509,236,2,2024-05-05 05:24:53,2024-05-05 14:24:53,placed
2510,186,8,2024-06-18 15:16:44,2024-06-19 17:16:44,completed
2511,61,5,2024-03-20 17:33:00,2024-03-20 19:33:00,cancelled
2512,269,11,2024-08-11 18:52:47,2024-08-12 20:52:47,shipped
2513,377,9,2024-11-30 05:03:03,2024-12-05 23:03:03,placed
2514,8,9,2024-07-28 14:31:39,2024-07-28 23:31:39,shipped
2515,173,10,2024-05-16 14:28:35,2024-05-26 00:28:35,returned
2516,294,7,2024-12-06 04:32:22,2024-12-14 18:32:22,cancelled
2517,448,5,2024-05-19 15:35:31,2024-05-20 02:35:31,returned
2518,105,11,2024-11-30 19:17:33,2024-12-06 18:17:33,completed
2519,29,1,2024-09-05 10:38:24,2024-09-05 11:38:24,completed
2520,333,12,2024-06-09 19:35:13,2024-06-09 19:35:13,completed
2521,135,8,2024-01-06 17:32:16,2024-01-08 01:32:16,completed
2522,475,6,2024-12-21 13:36:34,2024-12-26 18:36:34,completed
2523,115,3,2024-01-06 02:32:42,2024-01-10 00:32:42,completed
2524,107,10,2024-10-16 18:50:42,2024-10-24 03:50:42,shipped
2525,170,7,2024-08-13 10:26:23,2024-08-19 20:26:23,cancelled
2526,470,10,2024-04-13 00:06:27,2024-04-17 18:06:27,shipped
2527,42,3,2024-04-27 03:45:48,2024-05-05 23:45:48,returned
2528,71,11,2024-05-01 12:47:28,2024-05-07 05:47:28,cancelled
2529,98,7,2024-04-25 12:43:04,2024-04-27 17:43:04,cancelled
2530,17,9,2024-08-14 16:05:57,2024-08-18 01:05:57,cancelled
2531,389,1,2024-02-19 23:49:46,2024-02-22 01:49:46,placed
2532,75,6,2024-01-11 12:32:26,2024-01-18 00:32:26,completed
2533,195,7,2024-07-19 01:03:16,2024-07-22 06:03:16,completed
2534,272,1,2024-11-23 10:35:23,2024-11-29 08:35:23,completed
2535,87,5,2024-06-29 06:06:44,2024-07-04 13:06:44,placed
2536,217,9,2024-08-10 21:53:00,2024-08-15 00:53:00,placed
2537,166,9,2024-12-26 17:58:00,2024-12-26 22:58:00,completed
2538,341,10,2024-08-24 18:17:39,2024-09-02 03:17:39,completed
2539,420,5,2024-12-14 12:11:47,2024-12-20 04:11:47,shipped
2540,344,9,2024-09-24 02:13:44,2024-09-24 09:13:44,completed
2541,269,3,2024-12-24 04:53:22,2024-12-31 00:53:22,completed
2542,277,11,2024-02-08 05:26:27,2024-02-10 17:26:27,completed
2543,101,2,2024-07-11 22:19:49,2024-07-17 17:19:49,shipped
2544,423,1,2024-12-23 21:49:06,2025-01-02 14:49:06,completed
2545,315,12,2024-07-07 15:47:17,2024-07-13 01:47:17,completed
2546,70,12,2024-06-12 02:54:10,2024-06-17 02:54:10,completed
2547,84,8,2024-10-05 13:26:17,2024-10-15 09:26:17,cancelled
2548,31,4,2024-05-19 23:11:35,2024-05-24 05:11:35,completed
2549,211,3,2024-07-05 19:37:04,2024-07-08 06:37:04,completed
2550,220,7,2024-11-30 16:19:15,2024-12-03 17:19:15,returned
2551,465,2,2024-01-03 11:13:53,2024-01-03 23:13:53,completed
2552,153,11,2024-09-25 07:28:36,2024-09-26 23:28:36,returned
2553,346,9,2024-08-09 14:28:48,2024-08-14 23:28:48,cancelled
2554,322,9,2024-09-20 14:27:37,2024-09-27 16:27:37,completed
2555,328,3,2024-05-18 21:04:13,2024-05-19 05:04:13,cancelled
2556,221,11,2024-09-23 08:15:29,2024-10-03 02:15:29,completed
2557,181,4,2024-10-05 11:22:42,2024-10-14 09:22:42,cancelled
2558,402,3,2024-10-23 04:52:53,2024-10-25 14:52:53,placed
2559,495,3,2024-08-22 05:15:24,2024-08-27 11:15:24,completed
2560,330,12,2024-04-19 15:52:23,2024-04-28 23:52:23,completed
2561,339,5,2024-02-09 21:55:39,2024-02-15 21:55:39,completed
2562,66,9,2024-02-19 04:26:22,2024-02-23 16:26:22,completed
2563,294,10,2024-02-04 09:45:13,2024-02-08 05:45:13,completed
2564,14,9,2024-10-26 21:10:07,2024-10-27 02:10:07,completed
2565,167,10,2024-01-08 23:32:16,2024-01-16 21:32:16,completed
2566,202,5,2024-09-04 12:52:48,2024-09-06 02:52:48,placed
2567,485,11,2024-10-07 05:10:33,2024-10-07 10:10:33,completed
2568,219,6,2024-06-24 22:18:11,2024-06-26 13:18:11,placed
2569,302,10,2024-06-17 19:18:25,2024-06-26 16:18:25,returned
2570,270,3,2024-06-04 06:07:50,2024-06-12 20:07:50,shipped
2571,115,4,2024-03-20 12:40:33,2024-03-21 06:40:33,cancelled
2572,238,7,2024-05-20 02:40:08,2024-05-26 19:40:08,placed
2573,271,7,2024-04-29 11:53:53,2024-05-06 12:53:53,completed
2574,461,4,2024-12-10 12:34:58,2024-12-15 18:34:58,returned
2575,96,3,2024-06-02 11:44:16,2024-06-12 04:44:16,completed
2576,335,10,2024-04-13 22:43:48,2024-04-22 13:43:48,completed
2577,391,11,2024-05-29 06:31:59,2024-05-31 03:31:59,completed
2578,182,8,2024-11-27 13:16:23,2024-12-07 09:16:23,shipped
2579,232,3,2024-01-08 08:32:44,2024-01-13 10:32:44,completed
2580,467,2,2024-08-28 11:44:26,2024-09-01 19:44:26,returned
2581,233,7,2024-09-26 16:08:33,2024-09-29 21:08:33,completed
2582,167,10,2024-01-09 03:50:42,2024-01-17 13:50:42,completed
2583,160,12,2024-07-07 10:40:20,2024-07-14 04:40:20,placed
2584,279,10,2024-01-01 00:39:05,2024-01-06 05:39:05,completed
2585,333,7,2024-02-13 06:37:26,2024-02-17 00:37:26,returned
2586,236,11,2024-11-22 03:59:53,2024-11-28 05:59:53,completed
2587,77,3,2024-08-22 23:48:45,2024-09-01 03:48:45,cancelled
2588,259,3,2024-04-09 09:46:06,2024-04-17 16:46:06,shipped
2589,481,12,2024-04-01 00:08:01,2024-04-01 03:08:01,returned
2590,171,10,2024-05-17 20:12:47,2024-05-18 00:12:47,shipped
2591,229,12,2024-07-21 16:17:57,2024-07-22 08:17:57,completed
2592,415,4,2024-09-13 13:49:17,2024-09-14 16:49:17,completed
2593,376,5,2024-04-19 07:02:40,2024-04-25 16:02:40,completed
2594,361,11,2024-01-29 05:05:46,2024-02-04 20:05:46,cancelled
2595,473,9,2024-01-29 04:49:08,2024-02-07 16:49:08,cancelled
2596,312,5,2024-03-04 09:03:42,2024-03-04 09:03:42,completed
2597,248,3,2024-04-20 15:11:44,2024-04-20 16:11:44,placed
2598,212,2,2024-06-22 17:21:19,2024-06-26 09:21:19,completed
2599,294,1,2024-02-02 03:17:14,2024-02-02 05:17:14,shipped
2600,260,3,2024-04-01 04:23:00,2024-04-07 17:23:00,completed
2601,62,6,2024-09-08 15:22:02,2024-09-17 18:22:02,completed
2602,464,4,2024-07-01 17:51:56,2024-07-05 13:51:56,placed
2603,368,4,2024-02-27 04:04:16,2024-03-01 03:04:16,shipped
2604,283,1,2024-07-09 14:52:55,2024-07-11 16:52:55,returned
2605,314,5,2024-01-17 04:21:57,2024-01-22 05:21:57,returned
2606,238,12,2024-03-25 12:02:45,2024-03-29 13:02:45,placed
2607,74,4,2024-12-29 22:13:08,2025-01-06 10:13:08,completed
2608,49,5,2024-12-29 23:26:32,2025-01-03 16:26:32,completed
2609,276,8,2024-01-04 01:38:48,2024-01-09 15:38:48,placed
2610,411,6,2024-06-24 21:20:32,2024-07-02 05:20:32,completed
2611,168,7,2024-03-01 01:47:19,2024-03-11 01:47:19,shipped
2612,138,3,2024-08-16 09:21:41,2024-08-22 09:21:41,completed
2613,307,5,2024-05-11 23:48:37,2024-05-12 18:48:37,placed
2614,409,2,2024-10-18 08:22:19,2024-10-18 22:22:19,shipped
2615,91,6,2024-08-31 07:51:34,2024-08-31 15:51:34,completed
2616,459,1,2024-06-27 19:08:38,2024-06-28 20:08:38,completed
2617,333,6,2024-08-04 20:12:32,2024-08-11 21:12:32,completed
2618,443,9,2024-10-30 10:36:09,2024-11-01 19:36:09,completed
2619,263,5,2024-09-28 05:49:31,2024-09-30 18:49:31,placed
2620,237,3,2024-08-20 09:21:58,2024-08-21 08:21:58,completed
2621,112,1,2024-02-20 22:21:44,2024-02-28 05:21:44,shipped
2622,439,6,2024-07-23 05:34:59,2024-07-29 00:34:59,completed
2623,13,5,2024-02-15 04:26:49,2024-02-19 05:26:49,completed
2624,338,3,2024-10-21 06:37:32,2024-10-24 16:37:32,placed
2625,434,2,2024-11-19 07:39:12,2024-11-25 15:39:12,completed
2626,207,1,2024-12-29 09:05:15,2025-01-03 08:05:15,completed
2627,186,1,2024-02-13 12:14:30,2024-02-17 18:14:30,completed
2628,374,6,2024-02-09 00:40:45,2024-02-11 04:40:45,shipped
2629,327,4,2024-05-11 06:05:15,2024-05-17 07:05:15,completed
2630,302,6,2024-12-05 06:28:31,2024-12-10 15:28:31,placed
2631,185,1,2024-02-05 22:22:30,2024-02-13 12:22:30,completed
2632,51,9,2024-02-10 23:48:18,2024-02-19 02:48:18,completed
2633,497,6,2024-02-16 14:20:05,2024-02-26 09:20:05,cancelled
2634,221,6,2024-06-14 01:03:46,2024-06-19 18:03:46,returned
2635,250,7,2024-10-19 01:53:55,2024-10-22 04:53:55,placed
2636,152,6,2024-08-13 10:21:17,2024-08-17 08:21:17,completed
2637,131,4,2024-06-09 07:51:59,2024-06-16 00:51:59,placed
2638,86,3,2024-05-20 23:27:20,2024-05-22 18:27:20,completed
2639,15,10,2024-05-14 12:56:36,2024-05-17 16:56:36,cancelled
2640,315,4,2024-03-23 01:20:07,2024-03-31 02:20:07,returned
2641,198,5,2024-10-06 22:50:00,2024-10-11 06:50:00,returned
2642,407,10,2024-08-13 09:14:45,2024-08-19 09:14:45,shipped
2643,347,3,2024-05-05 04:22:21,2024-05-12 10:22:21,completed
2644,210,6,2024-11-19 11:00:43,2024-11-25 11:00:43,shipped
2645,310,1,2024-11-26 04:26:51,2024-12-05 08:26:51,completed
2646,416,1,2024-03-29 03:45:56,2024-04-04 02:45:56,cancelled
2647,9,6,2024-01-05 22:23:25,2024-01-14 22:23:25,completed
2648,498,5,2024-05-15 06:51:16,2024-05-25 05:51:16,completed
2649,262,8,2024-11-06 02:23:10,2024-11-10 17:23:10,completed
2650,85,12,2024-07-03 19:24:29,2024-07-06 02:24:29,shipped
2651,480,5,2024-01-25 10:11:22,2024-02-01 17:11:22,shipped
2652,197,12,2024-07-31 13:17:44,2024-08-01 10:17:44,completed
2653,129,12,2024-09-13 22:24:40,2024-09-16 05:24:40,completed
2654,56,12,2024-04-21 10:34:10,2024-04-26 08:34:10,completed
2655,62,5,2024-11-16 07:50:51,2024-11-19 17:50:51,cancelled
2656,280,11,2024-07-21 23:45:34,2024-07-31 10:45:34,completed
2657,192,7,2024-01-04 19:05:47,2024-01-10 07:05:47,completed
2658,385,11,2024-02-20 10:22:35,2024-02-23 10:22:35,completed
2659,392,7,2024-11-20 02:05:31,2024-11-22 05:05:31,placed
2660,291,2,2024-09-11 04:40:51,2024-09-12 00:40:51,completed
2661,358,3,2024-09-03 20:40:29,2024-09-09 00:40:29,returned
2662,334,4,2024-04-04 21:31:00,2024-04-10 05:31:00,completed
2663,16,4,2024-08-16 05:23:22,2024-08-17 03:23:22,completed
2664,95,8,2024-09-07 23:28:03,2024-09-13 11:28:03,placed
2665,262,7,2024-02-08 11:59:09,2024-02-17 15:59:09,completed
2666,44,5,2024-09-30 07:27:49,2024-10-01 02:27:49,returned
2667,96,4,2024-11-13 00:16:04,2024-11-17 18:16:04,completed
2668,292,10,2024-01-20 02:55:18,2024-01-24 15:55:18,completed
2669,400,2,2024-12-17 22:20:03,2024-12-27 02:20:03,completed
2670,120,7,2024-01-29 15:01:55,2024-02-04 08:01:55,cancelled
2671,32,3,2024-02-16 19:32:08,2024-02-21 21:32:08,returned
2672,225,12,2024-06-08 15:07:19,2024-06-10 20:07:19,completed
2673,62,1,2024-07-22 12:07:13,2024-07-26 21:07:13,completed
2674,372,12,2024-07-14 03:03:52,2024-07-16 07:03:52,completed
2675,149,3,2024-05-19 09:48:10,2024-05-28 23:48:10,placed
2676,384,1,2024-10-31 13:25:32,2024-11-04 04:25:32,completed
2677,195,2,2024-06-07 11:01:27,2024-06-16 19:01:27,cancelled
2678,11,12,2024-03-04 21:28:23,2024-03-08 00:28:23,completed
2679,406,6,2024-04-12 02:00:25,2024-04-16 06:00:25,completed
2680,223,10,2024-06-04 10:39:22,2024-06-08 10:39:22,completed
2681,411,12,2024-05-31 14:15:05,2024-06-01 20:15:05,cancelled
2682,451,1,2024-08-21 06:33:42,2024-08-28 03:33:42,completed
2683,16,1,2024-07-03 15:37:53,2024-07-05 14:37:53,completed
2684,495,1,2024-04-20 14:41:55,2024-04-21 15:41:55,shipped
2685,240,2,2024-08-16 21:10:16,2024-08-21 08:10:16,completed
2686,361,10,2024-12-09 01:53:50,2024-12-16 09:53:50,completed
2687,393,9,2024-07-21 07:11:58,2024-07-25 20:11:58,returned
2688,313,1,2024-09-23 19:17:31,2024-09-26 19:17:31,completed
2689,33,1,2024-08-21 15:02:01,2024-08-25 04:02:01,completed
2690,313,2,2024-12-27 18:56:31,2024-12-30 10:56:31,completed
2691,268,10,2024-08-24 15:11:32,2024-08-31 23:11:32,shipped
2692,369,8,2024-05-19 02:55:55,2024-05-19 09:55:55,shipped
2693,247,2,2024-07-20 11:19:17,2024-07-24 18:19:17,shipped
2694,481,4,2024-02-25 07:23:26,2024-03-04 05:23:26,completed
2695,250,8,2024-01-12 18:33:27,2024-01-21 01:33:27,completed
2696,277,11,2024-01-13 04:42:33,2024-01-22 05:42:33,placed
2697,127,7,2024-05-04 19:09:31,2024-05-05 01:09:31,completed
2698,413,5,2024-01-06 15:54:12,2024-01-09 12:54:12,returned
2699,411,3,2024-06-28 11:43:57,2024-07-02 23:43:57,completed
2700,436,4,2024-11-08 08:52:41,2024-11-10 21:52:41,shipped
2701,295,12,2024-10-26 13:18:56,2024-10-30 10:18:56,placed
2702,131,11,2024-06-15 05:29:49,2024-06-19 03:29:49,completed
2703,134,5,2024-09-19 02:12:28,2024-09-19 15:12:28,placed
2704,425,9,2024-09-16 13:29:08,2024-09-25 18:29:08,completed
2705,497,12,2024-06-25 13:22:02,2024-07-04 00:22:02,completed
2706,46,9,2024-12-03 15:47:52,2024-12-11 11:47:52,completed
2707,206,10,2024-01-09 23:09:18,2024-01-17 00:09:18,completed
2708,274,5,2024-05-27 00:39:52,2024-05-30 07:39:52,shipped
2709,287,8,2024-04-04 08:19:53,2024-04-04 11:19:53,returned
2710,199,3,2024-01-10 18:01:30,2024-01-20 06:01:30,completed
2711,474,8,2024-07-31 04:29:38,2024-08-07 13:29:38,shipped
2712,498,9,2024-07-14 23:03:52,2024-07-20 09:03:52,completed
2713,438,2,2024-08-05 19:32:34,2024-08-12 05:32:34,completed
2714,383,7,2024-09-05 16:18:36,2024-09-10 15:18:36,placed
2715,407,10,2024-08-02 10:33:54,2024-08-11 16:33:54,placed
2716,25,8,2024-04-21 15:58:10,2024-04-23 20:58:10,completed
2717,245,4,2024-09-03 18:49:54,2024-09-04 19:49:54,completed
2718,204,8,2024-12-19 07:47:06,2024-12-21 05:47:06,completed
2719,222,2,2024-09-05 00:23:05,2024-09-13 06:23:05,cancelled
2720,127,2,2024-09-22 21:47:42,2024-10-02 11:47:42,returned
2721,170,3,2024-08-08 21:02:37,2024-08-18 20:02:37,placed
2722,340,4,2024-02-07 10:43:27,2024-02-11 15:43:27,completed
2723,25,7,2024-01-24 19:25:19,2024-01-29 09:25:19,completed
2724,31,8,2024-03-03 12:04:46,2024-03-12 02:04:46,completed
2725,323,6,2024-06-25 12:38:46,2024-07-03 13:38:46,completed
2726,317,12,2024-08-28 08:16:18,2024-09-03 13:16:18,returned
2727,3,5,2024-05-02 15:37:20,2024-05-11 13:37:20,shipped
2728,173,5,2024-06-22 11:16:28,2024-06-26 03:16:28,shipped
2729,84,2,2024-07-03 08:31:31,2024-07-11 21:31:31,cancelled
2730,356,2,2024-02-11 16:14:30,2024-02-13 10:14:30,completed
2731,272,2,2024-11-26 12:12:28,2024-12-03 12:12:28,returned
2732,232,1,2024-12-29 12:06:19,2025-01-02 17:06:19,completed
2733,89,6,2024-06-27 09:36:02,2024-07-02 02:36:02,cancelled
2734,425,1,2024-02-08 18:39:29,2024-02-11 13:39:29,completed
2735,330,2,2024-08-29 03:59:59,2024-09-04 15:59:59,cancelled
2736,39,12,2024-02-05 12:30:51,2024-02-09 08:30:51,completed
2737,28,11,2024-11-17 16:40:58,2024-11-26 02:40:58,cancelled
2738,135,4,2024-04-16 10:54:17,2024-04-25 02:54:17,completed
2739,199,3,2024-02-06 15:17:47,2024-02-15 03:17:47,completed
2740,248,1,2024-08-22 14:00:55,2024-08-30 06:00:55,cancelled
2741,179,5,2024-07-23 08:39:55,2024-07-31 18:39:55,shipped
2742,67,11,2024-10-25 11:23:02,2024-11-03 10:23:02,completed
2743,394,3,2024-04-27 19:26:13,2024-05-02 01:26:13,returned
2744,284,5,2024-05-07 06:25:23,2024-05-10 00:25:23,completed
2745,350,6,2024-10-02 10:27:56,2024-10-08 00:27:56,cancelled
2746,180,10,2024-04-21 03:07:01,2024-04-26 21:07:01,shipped
2747,187,4,2024-04-30 02:06:21,2024-05-01 05:06:21,completed
2748,114,10,2024-09-05 21:25:40,2024-09-12 22:25:40,completed
2749,413,6,2024-07-20 20:40:37,2024-07-23 12:40:37,completed
2750,227,8,2024-09-27 19:22:39,2024-09-28 21:22:39,cancelled
2751,407,9,2024-08-19 02:44:45,2024-08-26 21:44:45,shipped
2752,213,11,2024-05-03 21:09:46,2024-05-09 19:09:46,completed
2753,7,9,2024-01-04 03:57:35,2024-01-08 00:57:35,completed
2754,4,12,2024-04-06 02:12:16,2024-04-06 02:12:16,placed
2755,466,4,2024-01-04 21:57:39,2024-01-09 17:57:39,placed
2756,229,1,2024-11-21 14:22:05,2024-11-29 21:22:05,completed
2757,276,4,2024-04-28 23:24:07,2024-05-05 04:24:07,shipped
2758,179,8,2024-11-24 06:08:27,2024-11-25 20:08:27,returned
2759,180,6,2024-12-19 12:20:03,2024-12-25 10:20:03,completed
2760,449,11,2024-11-29 07:45:41,2024-12-08 01:45:41,cancelled
2761,169,5,2024-12-24 02:56:48,2024-12-29 20:56:48,placed
2762,401,9,2024-04-26 20:08:23,2024-05-02 13:08:23,completed
2763,253,11,2024-03-13 00:02:44,2024-03-13 05:02:44,returned
2764,420,12,2024-10-21 21:59:09,2024-10-25 20:59:09,returned
2765,361,3,2024-04-23 22:39:36,2024-04-30 12:39:36,completed
2766,72,5,2024-09-26 16:22:54,2024-09-29 12:22:54,completed
2767,82,5,2024-07-25 20:44:01,2024-07-30 22:44:01,completed
2768,137,11,2024-06-27 17:24:32,2024-06-30 23:24:32,completed
2769,100,1,2024-05-02 17:37:38,2024-05-11 00:37:38,returned
2770,72,6,2024-07-16 15:30:26,2024-07-21 00:30:26,completed
2771,27,1,2024-03-09 06:07:45,2024-03-12 21:07:45,completed
2772,358,5,2024-05-24 10:09:02,2024-05-24 19:09:02,completed
2773,448,6,2024-09-11 08:37:26,2024-09-17 21:37:26,completed
2774,56,12,2024-09-26 08:17:43,2024-09-30 08:17:43,completed
2775,395,5,2024-07-01 15:46:56,2024-07-04 07:46:56,cancelled
2776,378,2,2024-09-29 02:10:05,2024-10-08 22:10:05,completed
2777,356,8,2024-11-21 03:31:35,2024-11-27 03:31:35,completed
2778,190,6,2024-09-27 15:41:51,2024-10-06 15:41:51,completed
2779,496,8,2024-06-13 10:55:30,2024-06-19 12:55:30,completed
2780,381,5,2024-05-07 07:09:05,2024-05-13 12:09:05,completed
2781,470,2,2024-10-24 10:17:59,2024-10-28 12:17:59,cancelled
2782,463,1,2024-02-20 08:59:48,2024-02-25 22:59:48,completed
2783,107,4,2024-04-18 16:15:03,2024-04-25 22:15:03,completed
2784,207,11,2024-03-10 14:31:40,2024-03-16 21:31:40,returned
2785,102,11,2024-05-28 02:13:21,2024-06-06 22:13:21,completed
2786,453,3,2024-11-15 05:05:47,2024-11-22 21:05:47,cancelled
2787,40,2,2024-03-28 15:33:06,2024-04-04 03:33:06,placed
2788,463,11,2024-03-28 13:29:28,2024-03-30 21:29:28,completed
2789,272,7,2024-08-13 04:34:54,2024-08-19 03:34:54,placed
2790,323,7,2024-01-01 09:01:59,2024-01-07 12:01:59,completed
2791,162,1,2024-05-09 09:09:32,2024-05-13 18:09:32,completed
2792,130,4,2024-01-08 01:06:20,2024-01-08 16:06:20,completed
2793,430,2,2024-10-13 23:52:09,2024-10-23 00:52:09,shipped
2794,79,9,2024-06-03 12:39:20,2024-06-04 15:39:20,shipped
2795,148,6,2024-04-25 17:03:47,2024-04-27 03:03:47,shipped
2796,121,6,2024-01-24 20:01:39,2024-01-31 16:01:39,completed
2797,378,12,2024-07-20 17:35:01,2024-07-23 15:35:01,completed
2798,306,1,2024-06-01 06:44:26,2024-06-03 20:44:26,returned
2799,371,3,2024-06-12 15:42:10,2024-06-13 08:42:10,completed
2800,363,8,2024-12-01 21:59:29,2024-12-06 17:59:29,shipped
2801,85,3,2024-03-03 09:02:08,2024-03-09 00:02:08,returned
2802,15,7,2024-02-26 03:17:02,2024-03-02 07:17:02,completed
2803,227,11,2024-01-11 04:58:23,2024-01-16 17:58:23,completed
2804,367,9,2024-06-22 12:17:22,2024-06-27 22:17:22,completed
2805,415,8,2024-02-20 03:23:49,2024-02-22 12:23:49,shipped
2806,417,5,2024-07-14 07:53:00,2024-07-23 02:53:00,completed
2807,285,11,2024-10-26 11:14:33,2024-10-30 12:14:33,completed
2808,321,2,2024-11-05 03:05:14,2024-11-06 07:05:14,completed
2809,74,7,2024-09-13 04:58:38,2024-09-17 12:58:38,completed
2810,80,1,2024-06-16 01:31:33,2024-06-19 10:31:33,completed
2811,37,6,2024-02-28 00:06:33,2024-03-08 11:06:33,returned
2812,468,12,2024-05-21 19:30:16,2024-05-24 08:30:16,completed
2813,301,8,2024-04-19 09:52:12,2024-04-24 01:52:12,completed
2814,84,9,2024-06-09 14:49:10,2024-06-16 06:49:10,cancelled
2815,36,12,2024-01-15 05:42:54,2024-01-16 08:42:54,shipped
2816,11,1,2024-04-18 12:48:27,2024-04-21 05:48:27,completed
2817,431,5,2024-12-22 07:51:49,2024-12-28 08:51:49,shipped
2818,67,2,2024-01-23 21:53:06,2024-01-28 18:53:06,placed
2819,282,6,2024-01-16 02:32:39,2024-01-20 05:32:39,completed
2820,68,8,2024-07-03 03:12:08,2024-07-03 16:12:08,completed
2821,61,2,2024-12-18 07:51:28,2024-12-25 20:51:28,completed
2822,448,8,2024-03-13 12:52:06,2024-03-16 21:52:06,completed
2823,75,1,2024-06-19 09:05:17,2024-06-20 22:05:17,completed
2824,475,1,2024-08-01 03:07:37,2024-08-06 15:07:37,completed
2825,121,7,2024-01-16 03:17:02,2024-01-17 04:17:02,completed
2826,339,12,2024-11-24 06:49:12,2024-12-02 16:49:12,completed
2827,219,5,2024-09-07 09:44:28,2024-09-09 05:44:28,completed
2828,420,5,2024-03-14 09:50:51,2024-03-14 13:50:51,completed
2829,115,11,2024-05-19 05:33:36,2024-05-20 02:33:36,completed
2830,222,7,2024-02-02 13:58:24,2024-02-11 09:58:24,completed
2831,330,7,2024-01-23 12:05:37,2024-02-01 21:05:37,completed
2832,460,8,2024-03-25 00:33:35,2024-04-02 01:33:35,completed
2833,270,11,2024-01-11 07:04:56,2024-01-18 05:04:56,placed
2834,185,1,2024-09-25 16:25:36,2024-10-03 05:25:36,completed
2835,191,1,2024-09-28 12:42:06,2024-09-30 10:42:06,completed
2836,122,3,2024-11-21 06:51:39,2024-11-22 05:51:39,completed
2837,97,8,2024-05-11 15:37:20,2024-05-18 11:37:20,returned
2838,165,1,2024-10-05 03:21:27,2024-10-10 20:21:27,shipped
2839,39,6,2024-04-06 10:37:52,2024-04-09 04:37:52,completed
2840,277,2,2024-11-28 12:47:58,2024-11-28 12:47:58,shipped
2841,394,7,2024-01-04 17:44:58,2024-01-11 01:44:58,completed
2842,408,6,2024-02-14 04:25:12,2024-02-23 14:25:12,completed
2843,459,10,2024-01-19 15:10:12,2024-01-22 14:10:12,shipped
2844,371,7,2024-01-08 12:08:39,2024-01-16 10:08:39,returned
2845,99,11,2024-08-15 04:30:34,2024-08-19 23:30:34,cancelled
2846,131,4,2024-10-11 05:58:08,2024-10-18 20:58:08,returned
2847,227,7,2024-10-19 17:29:38,2024-10-22 00:29:38,shipped
2848,329,8,2024-07-27 15:15:01,2024-08-06 14:15:01,completed
2849,387,7,2024-07-10 01:12:22,2024-07-14 08:12:22,completed
2850,283,3,2024-10-20 09:24:22,2024-10-26 12:24:22,shipped
2851,453,4,2024-10-16 21:54:49,2024-10-19 13:54:49,completed
2852,457,4,2024-12-02 05:43:33,2024-12-03 00:43:33,completed
2853,255,9,2024-06-13 23:42:23,2024-06-14 04:42:23,placed
2854,164,2,2024-03-10 15:38:58,2024-03-17 02:38:58,completed
2855,469,5,2024-03-27 08:40:18,2024-04-01 22:40:18,returned
2856,365,1,2024-06-21 03:42:06,2024-06-26 13:42:06,completed
2857,232,4,2024-03-25 09:10:03,2024-03-29 12:10:03,placed
2858,162,7,2024-06-10 11:00:29,2024-06-18 00:00:29,placed
2859,186,12,2024-07-11 09:58:48,2024-07-16 10:58:48,shipped
2860,168,7,2024-09-19 18:23:45,2024-09-25 04:23:45,completed
2861,69,4,2024-04-25 14:24:18,2024-05-05 14:24:18,cancelled
2862,450,1,2024-10-29 17:59:00,2024-10-31 01:59:00,completed
2863,342,7,2024-07-04 21:36:09,2024-07-08 17:36:09,completed
2864,122,7,2024-09-12 00:54:40,2024-09-15 04:54:40,completed
2865,444,7,2024-05-19 01:16:36,2024-05-24 10:16:36,returned
2866,428,8,2024-01-25 05:57:11,2024-01-28 02:57:11,returned
2867,353,11,2024-06-30 00:49:04,2024-07-09 14:49:04,completed
2868,360,12,2024-12-11 14:16:09,2024-12-18 06:16:09,completed
2869,100,8,2024-10-30 17:13:15,2024-11-05 10:13:15,placed
2870,39,10,2024-09-25 07:05:10,2024-10-04 06:05:10,shipped
2871,93,5,2024-06-29 08:55:11,2024-07-05 09:55:11,cancelled
2872,227,2,2024-09-04 17:20:03,2024-09-07 13:20:03,completed
2873,398,8,2024-04-02 21:17:24,2024-04-05 13:17:24,completed
2874,96,3,2024-01-26 17:09:42,2024-02-01 15:09:42,shipped
2875,435,7,2024-12-16 04:51:29,2024-12-25 09:51:29,completed
2876,115,6,2024-04-05 01:57:16,2024-04-07 15:57:16,completed
2877,394,10,2024-01-27 19:13:13,2024-01-30 21:13:13,completed
2878,199,4,2024-11-01 02:20:47,2024-11-05 07:20:47,returned
2879,68,7,2024-11-29 18:31:02,2024-12-04 12:31:02,completed
2880,390,11,2024-05-12 12:11:54,2024-05-13 00:11:54,completed
2881,259,4,2024-08-16 04:06:47,2024-08-24 05:06:47,returned
2882,18,4,2024-01-15 19:19:18,2024-01-19 02:19:18,completed
2883,9,2,2024-11-08 04:27:48,2024-11-15 15:27:48,completed
2884,184,8,2024-04-11 17:55:25,2024-04-13 19:55:25,shipped
2885,296,2,2024-10-21 14:27:18,2024-10-28 20:27:18,completed
2886,443,2,2024-04-01 05:49:49,2024-04-05 06:49:49,completed
2887,456,2,2024-06-12 07:46:06,2024-06-21 02:46:06,completed
2888,320,7,2024-04-23 09:32:18,2024-04-25 14:32:18,completed
2889,101,6,2024-03-19 05:45:13,2024-03-27 18:45:13,completed
2890,89,5,2024-09-19 23:34:44,2024-09-25 22:34:44,completed
2891,432,6,2024-12-12 12:28:05,2024-12-20 15:28:05,completed
2892,226,11,2024-01-11 07:30:42,2024-01-17 22:30:42,returned
2893,97,10,2024-04-11 03:22:25,2024-04-12 15:22:25,completed
2894,264,4,2024-08-24 09:51:21,2024-09-01 00:51:21,returned
2895,130,9,2024-06-27 03:53:57,2024-07-03 00:53:57,placed
2896,37,9,2024-02-09 05:10:30,2024-02-11 19:10:30,completed
2897,99,11,2024-04-07 09:58:17,2024-04-12 18:58:17,cancelled
2898,128,12,2024-08-10 05:09:04,2024-08-14 07:09:04,shipped
2899,67,2,2024-05-09 10:49:54,2024-05-10 23:49:54,completed
2900,497,4,2024-03-02 04:28:25,2024-03-04 20:28:25,completed
2901,40,3,2024-02-17 22:38:10,2024-02-22 01:38:10,returned
2902,189,11,2024-05-31 12:53:43,2024-06-07 10:53:43,completed
2903,158,5,2024-06-01 15:47:07,2024-06-11 03:47:07,shipped
2904,119,7,2024-02-29 04:30:46,2024-03-03 16:30:46,cancelled
2905,446,10,2024-07-16 15:36:54,2024-07-24 14:36:54,returned
2906,368,6,2024-03-06 00:53:53,2024-03-12 15:53:53,completed
2907,398,9,2024-07-05 05:41:13,2024-07-15 02:41:13,completed
2908,197,6,2024-10-27 22:53:53,2024-10-29 01:53:53,completed
2909,55,5,2024-05-20 22:27:01,2024-05-29 01:27:01,returned
2910,9,1,2024-02-14 21:10:15,2024-02-16 01:10:15,shipped
2911,340,10,2024-02-23 15:07:19,2024-03-02 12:07:19,shipped
2912,231,12,2024-03-12 09:26:03,2024-03-16 02:26:03,completed
2913,260,1,2024-01-16 13:22:55,2024-01-21 06:22:55,shipped
2914,95,3,2024-01-18 15:54:19,2024-01-19 15:54:19,placed
2915,109,2,2024-06-06 18:49:09,2024-06-16 07:49:09,cancelled
2916,348,5,2024-12-19 21:08:59,2024-12-29 05:08:59,completed
2917,61,6,2024-09-08 08:10:46,2024-09-12 06:10:46,cancelled
2918,36,5,2024-06-28 07:13:45,2024-07-05 04:13:45,completed
2919,158,5,2024-01-20 01:28:42,2024-01-20 16:28:42,shipped
2920,159,9,2024-10-20 12:24:25,2024-10-24 17:24:25,completed
2921,214,8,2024-07-20 02:59:37,2024-07-27 23:59:37,completed
2922,163,7,2024-07-11 10:28:01,2024-07-14 21:28:01,returned
2923,339,8,2024-08-19 22:02:58,2024-08-24 18:02:58,completed
2924,227,11,2024-01-22 11:09:06,2024-01-31 08:09:06,completed
2925,90,2,2024-09-04 21:31:19,2024-09-06 19:31:19,completed
2926,221,6,2024-03-01 14:08:45,2024-03-11 10:08:45,completed
2927,95,3,2024-01-20 22:02:24,2024-01-23 20:02:24,placed
2928,319,7,2024-06-24 07:30:05,2024-06-26 18:30:05,completed
2929,192,12,2024-01-01 09:58:16,2024-01-05 21:58:16,completed
2930,277,9,2024-04-08 10:01:52,2024-04-11 07:01:52,completed
2931,455,11,2024-03-07 06:28:20,2024-03-07 14:28:20,completed
2932,64,10,2024-05-26 03:26:32,2024-05-31 04:26:32,completed
2933,408,4,2024-04-15 01:05:02,2024-04-24 15:05:02,shipped
2934,234,8,2024-03-06 09:20:37,2024-03-08 03:20:37,shipped
2935,354,11,2024-07-01 23:38:04,2024-07-09 01:38:04,returned
2936,495,3,2024-02-27 10:57:20,2024-02-29 15:57:20,completed
2937,282,5,2024-06-08 03:15:23,2024-06-08 11:15:23,completed
2938,324,5,2024-02-20 09:47:40,2024-02-25 08:47:40,completed
2939,425,12,2024-10-21 07:54:31,2024-10-21 15:54:31,completed
2940,444,1,2024-03-05 20:09:07,2024-03-12 10:09:07,completed
2941,167,7,2024-01-04 17:33:58,2024-01-07 20:33:58,completed
2942,207,8,2024-08-23 00:53:32,2024-08-23 18:53:32,completed
2943,365,3,2024-09-21 16:41:33,2024-09-26 12:41:33,shipped
2944,251,7,2024-05-25 09:21:04,2024-06-01 14:21:04,completed
2945,222,1,2024-07-13 01:05:09,2024-07-19 06:05:09,completed
2946,427,11,2024-08-11 19:32:00,2024-08-13 17:32:00,returned
2947,74,8,2024-05-21 14:16:41,2024-05-21 17:16:41,completed
2948,412,8,2024-04-22 02:43:47,2024-04-26 21:43:47,returned
2949,127,12,2024-10-10 01:52:52,2024-10-18 03:52:52,shipped
2950,39,11,2024-07-13 15:20:26,2024-07-13 21:20:26,completed
2951,309,5,2024-02-22 20:24:39,2024-02-26 23:24:39,completed
2952,75,6,2024-01-20 11:45:15,2024-01-28 17:45:15,placed
2953,492,5,2024-11-19 14:23:38,2024-11-25 21:23:38,completed
2954,377,6,2024-11-17 12:58:10,2024-11-22 10:58:10,completed
2955,109,3,2024-09-12 16:18:47,2024-09-12 16:18:47,completed
2956,28,7,2024-12-29 23:54:40,2025-01-01 06:54:40,completed
2957,32,12,2024-03-12 08:59:26,2024-03-13 19:59:26,shipped
2958,152,10,2024-02-10 05:30:06,2024-02-19 07:30:06,completed
2959,367,10,2024-11-22 18:26:04,2024-11-27 20:26:04,shipped
2960,106,4,2024-03-06 08:35:29,2024-03-11 09:35:29,shipped
2961,226,2,2024-08-23 03:09:44,2024-08-30 07:09:44,cancelled
2962,229,11,2024-02-03 01:19:17,2024-02-10 12:19:17,completed
2963,346,3,2024-01-13 15:54:25,2024-01-17 20:54:25,cancelled
2964,236,2,2024-09-18 20:45:27,2024-09-24 18:45:27,completed
2965,310,4,2024-02-11 11:14:47,2024-02-21 06:14:47,completed
2966,239,12,2024-04-22 22:19:52,2024-05-01 23:19:52,completed
2967,133,8,2024-01-02 13:51:11,2024-01-06 23:51:11,completed
2968,229,3,2024-11-27 16:18:06,2024-11-28 05:18:06,completed
2969,455,2,2024-08-23 22:36:58,2024-09-01 16:36:58,shipped
2970,362,4,2024-07-29 07:09:52,2024-08-07 07:09:52,completed
2971,30,10,2024-04-24 06:49:10,2024-04-25 04:49:10,completed
2972,260,9,2024-03-13 06:03:07,2024-03-15 06:03:07,shipped
2973,297,2,2024-12-04 10:30:13,2024-12-10 21:30:13,completed
2974,208,3,2024-07-14 04:28:41,2024-07-19 11:28:41,placed
2975,25,7,2024-09-15 10:42:37,2024-09-21 11:42:37,completed
2976,171,6,2024-09-26 17:01:40,2024-10-03 09:01:40,completed
2977,448,1,2024-08-13 04:04:15,2024-08-17 10:04:15,completed
2978,354,8,2024-12-26 14:30:26,2025-01-04 00:30:26,placed
2979,342,11,2024-01-01 04:18:46,2024-01-07 09:18:46,placed
2980,372,1,2024-04-15 14:43:16,2024-04-16 20:43:16,completed
2981,301,3,2024-11-15 14:13:17,2024-11-18 23:13:17,placed
2982,226,5,2024-12-16 15:25:12,2024-12-23 19:25:12,returned
2983,193,9,2024-04-19 23:36:01,2024-04-22 23:36:01,shipped
2984,28,9,2024-02-23 13:06:45,2024-02-26 16:06:45,placed
2985,440,12,2024-04-12 02:50:05,2024-04-20 15:50:05,completed
2986,146,12,2024-09-23 21:48:49,2024-09-30 19:48:49,shipped
2987,500,2,2024-08-30 22:34:51,2024-09-08 23:34:51,completed
2988,35,9,2024-12-26 15:19:01,2024-12-30 15:19:01,completed
2989,346,3,2024-11-05 19:33:07,2024-11-14 18:33:07,completed
2990,150,8,2024-09-26 12:13:00,2024-09-28 11:13:00,completed
2991,74,1,2024-03-28 13:36:32,2024-03-29 07:36:32,completed
2992,267,7,2024-08-27 02:52:03,2024-08-29 15:52:03,completed
2993,228,7,2024-05-04 06:14:56,2024-05-12 23:14:56,shipped
2994,371,6,2024-10-14 00:42:47,2024-10-15 22:42:47,placed
2995,159,5,2024-10-27 12:15:46,2024-10-30 18:15:46,completed
2996,53,12,2024-09-10 02:27:46,2024-09-14 21:27:46,completed
2997,261,2,2024-01-22 06:40:54,2024-01-23 20:40:54,cancelled
2998,360,1,2024-11-05 10:17:55,2024-11-07 08:17:55,shipped
2999,90,2,2024-12-17 21:28:32,2024-12-19 15:28:32,completed
3000,489,3,2024-08-20 05:05:44,2024-08-30 04:05:44,completed
3001,261,6,2024-07-30 00:49:56,2024-08-03 13:49:56,cancelled
3002,374,10,2024-06-09 14:38:29,2024-06-19 10:38:29,completed
3003,85,7,2024-04-11 21:11:27,2024-04-15 21:11:27,cancelled
3004,191,1,2024-10-05 01:50:43,2024-10-08 04:50:43,shipped
3005,90,2,2024-03-12 15:07:48,2024-03-20 19:07:48,completed
3006,253,7,2024-04-04 13:24:24,2024-04-07 23:24:24,cancelled
3007,47,6,2024-09-17 08:18:49,2024-09-18 08:18:49,shipped
3008,315,2,2024-06-17 06:14:58,2024-06-23 13:14:58,completed
3009,281,2,2024-07-11 20:05:03,2024-07-18 22:05:03,completed
3010,345,6,2024-08-23 00:32:43,2024-08-31 00:32:43,completed
3011,252,6,2024-10-28 13:53:57,2024-11-03 02:53:57,shipped
3012,139,10,2024-01-14 23:55:14,2024-01-23 20:55:14,completed
3013,429,8,2024-11-17 17:14:18,2024-11-26 01:14:18,completed
3014,278,5,2024-11-02 02:21:53,2024-11-11 06:21:53,completed
3015,70,7,2024-08-20 15:33:00,2024-08-29 13:33:00,completed
3016,365,4,2024-05-17 12:37:16,2024-05-26 04:37:16,placed
3017,361,5,2024-08-21 08:48:09,2024-08-24 02:48:09,returned
3018,288,9,2024-02-04 09:30:21,2024-02-11 02:30:21,completed
3019,343,3,2024-03-21 23:00:58,2024-03-24 02:00:58,placed
3020,251,9,2024-07-07 10:01:13,2024-07-15 15:01:13,completed
3021,486,3,2024-03-08 01:27:59,2024-03-15 21:27:59,placed
3022,58,1,2024-11-07 03:51:49,2024-11-10 05:51:49,cancelled
3023,64,9,2024-11-06 23:13:51,2024-11-15 06:13:51,completed
3024,175,12,2024-09-16 06:11:50,2024-09-21 07:11:50,completed
3025,42,11,2024-12-07 04:57:09,2024-12-10 17:57:09,returned
3026,68,5,2024-01-04 19:52:48,2024-01-09 16:52:48,returned
3027,325,2,2024-02-10 17:29:07,2024-02-13 06:29:07,completed
3028,239,3,2024-09-12 19:39:08,2024-09-22 09:39:08,completed
3029,482,5,2024-11-11 20:35:18,2024-11-15 22:35:18,completed
3030,69,12,2024-12-10 14:59:17,2024-12-16 00:59:17,completed
3031,115,7,2024-09-29 23:32:57,2024-10-06 10:32:57,completed
3032,132,2,2024-03-04 18:09:25,2024-03-08 03:09:25,cancelled
3033,51,3,2024-04-21 20:05:34,2024-04-26 21:05:34,shipped
3034,111,8,2024-01-20 03:28:49,2024-01-27 07:28:49,placed
3035,496,11,2024-06-27 15:52:50,2024-07-01 12:52:50,completed
3036,362,12,2024-08-12 15:17:55,2024-08-18 03:17:55,cancelled
3037,139,3,2024-08-06 00:16:15,2024-08-07 06:16:15,completed
3038,51,10,2024-06-21 17:56:41,2024-06-23 01:56:41,completed
3039,380,8,2024-03-28 08:53:19,2024-03-29 12:53:19,completed
3040,258,4,2024-11-21 20:08:02,2024-11-27 22:08:02,completed
3041,392,3,2024-04-19 02:57:03,2024-04-22 04:57:03,completed
3042,296,6,2024-02-11 10:53:58,2024-02-15 23:53:58,completed
3043,152,1,2024-10-18 19:48:59,2024-10-20 07:48:59,completed
3044,441,7,2024-10-18 10:14:41,2024-10-24 03:14:41,completed
3045,39,7,2024-03-29 02:35:46,2024-04-07 06:35:46,placed
3046,170,2,2024-02-06 06:16:56,2024-02-07 17:16:56,completed
3047,180,3,2024-12-01 10:55:22,2024-12-03 01:55:22,completed
3048,461,10,2024-11-23 03:30:01,2024-11-23 16:30:01,shipped
3049,444,7,2024-10-16 11:13:17,2024-10-25 11:13:17,shipped
3050,388,3,2024-09-25 18:41:26,2024-09-26 05:41:26,completed
3051,385,9,2024-08-29 16:52:31,2024-09-03 20:52:31,cancelled
3052,190,3,2024-12-26 00:05:36,2024-12-26 23:05:36,placed
3053,32,12,2024-07-22 18:21:33,2024-07-27 04:21:33,returned
3054,181,9,2024-09-07 10:50:03,2024-09-09 19:50:03,completed
3055,83,11,2024-08-13 14:26:54,2024-08-20 11:26:54,cancelled
3056,32,12,2024-12-11 13:48:59,2024-12-21 08:48:59,completed
3057,192,2,2024-02-11 18:09:41,2024-02-20 18:09:41,cancelled
3058,76,12,2024-11-05 10:40:18,2024-11-12 01:40:18,cancelled
3059,126,7,2024-01-30 15:13:40,2024-02-01 23:13:40,completed
3060,491,8,2024-03-02 06:00:19,2024-03-09 19:00:19,completed
3061,374,12,2024-07-22 14:55:35,2024-08-01 02:55:35,completed
3062,128,12,2024-07-07 04:13:32,2024-07-07 11:13:32,completed
3063,239,8,2024-11-06 13:37:06,2024-11-13 23:37:06,shipped
3064,212,1,2024-02-02 18:03:54,2024-02-03 05:03:54,placed
3065,381,2,2024-07-30 08:06:45,2024-07-30 10:06:45,completed
3066,256,1,2024-11-18 02:04:21,2024-11-18 07:04:21,shipped
3067,484,10,2024-01-17 05:57:15,2024-01-20 14:57:15,placed
3068,101,5,2024-10-09 01:25:45,2024-10-15 07:25:45,shipped
3069,429,3,2024-08-04 22:55:40,2024-08-06 12:55:40,completed
3070,448,8,2024-01-08 16:10:57,2024-01-17 22:10:57,completed
3071,266,11,2024-11-03 21:07:26,2024-11-05 09:07:26,cancelled
3072,334,3,2024-06-11 16:42:47,2024-06-13 23:42:47,shipped
3073,2,3,2024-01-07 11:01:35,2024-01-11 17:01:35,placed
3074,158,9,2024-12-09 11:21:34,2024-12-11 05:21:34,shipped
3075,429,7,2024-03-08 19:42:48,2024-03-14 20:42:48,completed
3076,366,8,2024-02-17 18:31:31,2024-02-22 04:31:31,completed
3077,258,12,2024-08-14 00:45:26,2024-08-16 06:45:26,completed
3078,132,12,2024-07-26 11:59:20,2024-08-02 04:59:20,completed
3079,330,2,2024-11-26 00:36:56,2024-11-29 04:36:56,shipped
3080,126,4,2024-05-15 13:55:51,2024-05-19 16:55:51,completed
3081,3,4,2024-11-22 17:15:24,2024-11-30 04:15:24,completed
3082,406,10,2024-01-31 06:54:21,2024-02-09 20:54:21,completed
3083,182,4,2024-08-24 17:27:23,2024-08-27 14:27:23,shipped
3084,398,2,2024-05-26 04:02:57,2024-05-28 07:02:57,returned
3085,425,2,2024-01-25 03:00:18,2024-01-25 10:00:18,completed
3086,75,8,2024-09-06 19:27:09,2024-09-11 04:27:09,completed
3087,306,9,2024-12-01 18:34:12,2024-12-10 20:34:12,returned
3088,196,2,2024-04-19 05:47:26,2024-04-29 05:47:26,shipped
3089,160,1,2024-05-18 03:57:39,2024-05-23 19:57:39,completed
3090,419,10,2024-06-26 23:11:09,2024-07-06 16:11:09,completed
3091,61,2,2024-10-22 13:39:54,2024-10-31 09:39:54,returned
3092,91,4,2024-04-02 00:12:10,2024-04-08 01:12:10,completed
3093,172,11,2024-03-12 04:29:51,2024-03-21 09:29:51,completed
3094,17,2,2024-03-26 18:46:50,2024-03-27 18:46:50,completed
3095,286,4,2024-06-08 17:11:05,2024-06-10 05:11:05,returned
3096,357,11,2024-07-18 10:09:40,2024-07-25 16:09:40,completed
3097,222,3,2024-10-07 05:39:18,2024-10-16 21:39:18,completed
3098,170,2,2024-05-02 03:16:08,2024-05-04 11:16:08,completed
3099,280,6,2024-11-28 03:37:36,2024-12-05 23:37:36,completed
3100,327,12,2024-07-29 11:08:30,2024-08-01 20:08:30,completed
3101,202,12,2024-09-26 04:59:18,2024-10-03 04:59:18,completed
3102,305,11,2024-02-04 13:13:57,2024-02-09 02:13:57,returned
3103,473,4,2024-01-12 12:24:17,2024-01-12 13:24:17,completed
3104,52,9,2024-03-22 13:02:14,2024-03-23 13:02:14,completed
3105,377,6,2024-06-28 22:34:37,2024-07-06 06:34:37,completed
3106,329,11,2024-05-18 16:38:01,2024-05-18 20:38:01,completed
3107,198,5,2024-07-11 19:16:20,2024-07-14 16:16:20,returned
3108,396,7,2024-01-20 10:49:03,2024-01-20 11:49:03,placed
3109,324,4,2024-07-25 06:47:44,2024-08-03 17:47:44,completed
3110,2,2,2024-11-25 04:47:19,2024-11-30 18:47:19,cancelled
3111,306,2,2024-05-09 15:09:39,2024-05-10 23:09:39,completed
3112,167,3,2024-10-03 23:26:23,2024-10-12 10:26:23,completed
3113,397,6,2024-02-12 19:36:32,2024-02-16 21:36:32,shipped
3114,355,4,2024-06-09 13:14:32,2024-06-11 09:14:32,completed
3115,243,5,2024-08-18 04:52:58,2024-08-22 14:52:58,returned
3116,169,6,2024-07-17 02:30:35,2024-07-22 21:30:35,cancelled
3117,355,7,2024-08-28 15:38:32,2024-09-03 15:38:32,cancelled
3118,85,6,2024-10-16 01:03:40,2024-10-18 14:03:40,completed
3119,216,8,2024-09-02 08:33:11,2024-09-02 20:33:11,returned
3120,361,1,2024-12-16 08:14:49,2024-12-16 11:14:49,shipped
3121,492,1,2024-03-23 00:12:06,2024-03-23 20:12:06,completed
3122,282,9,2024-04-28 06:42:48,2024-05-01 23:42:48,returned
3123,477,7,2024-08-16 17:00:09,2024-08-24 06:00:09,cancelled
3124,69,8,2024-09-17 10:32:08,2024-09-22 22:32:08,cancelled
3125,163,3,2024-04-11 13:36:32,2024-04-12 13:36:32,placed
3126,430,10,2024-04-19 14:35:58,2024-04-25 23:35:58,completed
3127,396,6,2024-03-21 00:07:57,2024-03-26 13:07:57,cancelled
3128,117,2,2024-05-13 18:29:23,2024-05-21 15:29:23,shipped
3129,16,3,2024-04-18 14:41:14,2024-04-19 16:41:14,cancelled
3130,33,5,2024-12-09 11:33:43,2024-12-16 03:33:43,completed
3131,254,5,2024-07-29 11:38:16,2024-08-06 15:38:16,shipped
3132,74,5,2024-09-23 23:17:23,2024-09-24 14:17:23,completed
3133,48,5,2024-05-16 06:37:34,2024-05-21 09:37:34,placed
3134,92,2,2024-08-11 09:27:32,2024-08-17 16:27:32,completed
3135,66,3,2024-09-08 03:31:35,2024-09-12 19:31:35,completed
3136,387,1,2024-06-12 03:05:52,2024-06-20 11:05:52,cancelled
3137,364,4,2024-09-28 09:04:30,2024-09-30 06:04:30,placed
3138,167,4,2024-01-02 15:40:29,2024-01-08 19:40:29,shipped
3139,202,5,2024-10-19 05:28:42,2024-10-21 18:28:42,completed
3140,338,7,2024-06-12 20:16:26,2024-06-14 17:16:26,shipped
3141,131,6,2024-07-23 03:06:50,2024-07-31 08:06:50,returned
3142,259,4,2024-10-08 08:20:04,2024-10-10 10:20:04,completed
3143,194,6,2024-03-11 02:44:01,2024-03-19 00:44:01,shipped
3144,310,9,2024-01-10 17:37:42,2024-01-14 17:37:42,cancelled
3145,79,7,2024-09-14 08:29:45,2024-09-21 01:29:45,completed
3146,184,11,2024-08-11 18:49:20,2024-08-16 10:49:20,completed
3147,78,5,2024-08-03 23:16:07,2024-08-11 08:16:07,completed
3148,210,7,2024-02-01 11:33:08,2024-02-03 17:33:08,shipped
3149,392,3,2024-11-09 19:06:47,2024-11-14 00:06:47,completed
3150,402,12,2024-04-13 23:34:00,2024-04-20 20:34:00,completed
3151,192,5,2024-03-28 15:29:28,2024-04-06 13:29:28,completed
3152,73,3,2024-03-03 09:51:38,2024-03-04 21:51:38,completed
3153,397,6,2024-10-15 05:20:46,2024-10-15 20:20:46,returned
3154,446,9,2024-05-26 13:03:25,2024-06-02 11:03:25,completed
3155,176,1,2024-01-22 05:30:03,2024-01-22 11:30:03,completed
3156,156,12,2024-07-27 04:39:26,2024-08-02 17:39:26,completed
3157,107,1,2024-04-02 14:41:05,2024-04-08 11:41:05,placed
3158,463,2,2024-09-09 17:48:10,2024-09-18 02:48:10,placed
3159,193,10,2024-11-04 16:14:07,2024-11-11 01:14:07,shipped
3160,258,6,2024-01-19 09:11:32,2024-01-22 19:11:32,completed
3161,210,1,2024-04-12 00:17:49,2024-04-19 11:17:49,completed
3162,484,7,2024-05-17 04:08:42,2024-05-20 10:08:42,completed
3163,191,7,2024-01-03 15:11:21,2024-01-09 20:11:21,completed
3164,192,7,2024-06-17 01:39:54,2024-06-25 23:39:54,placed
3165,423,8,2024-08-10 12:07:53,2024-08-17 23:07:53,cancelled
3166,71,8,2024-06-13 02:47:56,2024-06-22 18:47:56,completed
3167,249,8,2024-03-15 14:56:04,2024-03-22 07:56:04,cancelled
3168,464,9,2024-04-04 12:20:32,2024-04-05 13:20:32,cancelled
3169,227,5,2024-09-02 20:40:38,2024-09-04 11:40:38,returned
3170,337,6,2024-12-23 13:58:02,2025-01-01 22:58:02,completed
3171,161,5,2024-03-26 18:40:17,2024-04-03 01:40:17,completed
3172,145,9,2024-07-20 19:11:07,2024-07-30 02:11:07,returned
3173,445,7,2024-12-22 19:00:24,2024-12-26 16:00:24,completed
3174,398,11,2024-09-23 00:28:41,2024-09-27 06:28:41,shipped
3175,411,9,2024-02-09 17:20:24,2024-02-18 14:20:24,completed
3176,160,7,2024-12-10 06:44:20,2024-12-11 23:44:20,completed
3177,338,6,2024-02-01 20:53:52,2024-02-08 13:53:52,shipped
3178,244,4,2024-04-25 09:12:45,2024-04-28 15:12:45,completed
3179,342,9,2024-12-28 08:10:23,2025-01-06 00:10:23,completed
3180,271,8,2024-04-29 09:35:38,2024-05-04 03:35:38,completed
3181,64,9,2024-12-14 19:55:54,2024-12-17 09:55:54,completed
3182,54,6,2024-12-24 00:37:39,2024-12-25 09:37:39,completed
3183,126,8,2024-09-24 14:49:54,2024-09-28 07:49:54,returned
3184,345,2,2024-05-27 10:07:20,2024-06-03 17:07:20,cancelled
3185,4,12,2024-08-28 10:21:23,2024-08-29 08:21:23,shipped
3186,57,10,2024-05-25 09:05:22,2024-05-30 12:05:22,completed
3187,440,4,2024-05-28 23:58:25,2024-06-03 19:58:25,placed
3188,305,10,2024-01-13 05:12:11,2024-01-18 01:12:11,cancelled
3189,371,2,2024-09-18 18:49:15,2024-09-25 06:49:15,completed
3190,135,4,2024-02-26 18:08:16,2024-03-07 12:08:16,completed
3191,432,3,2024-03-04 19:26:06,2024-03-09 06:26:06,completed
3192,100,11,2024-09-12 18:30:37,2024-09-16 10:30:37,returned
3193,470,7,2024-04-22 23:56:49,2024-04-23 22:56:49,completed
3194,212,3,2024-07-28 17:20:09,2024-08-05 17:20:09,completed
3195,276,11,2024-08-19 19:33:41,2024-08-23 04:33:41,cancelled
3196,182,7,2024-05-22 05:23:47,2024-05-25 13:23:47,shipped
3197,115,11,2024-10-22 05:14:23,2024-11-01 03:14:23,completed
3198,270,12,2024-09-01 03:58:14,2024-09-03 14:58:14,completed
3199,349,5,2024-11-02 17:02:08,2024-11-06 18:02:08,completed
3200,365,12,2024-02-28 21:20:03,2024-03-07 20:20:03,completed
3201,280,1,2024-09-15 01:14:30,2024-09-24 17:14:30,placed
3202,55,3,2024-02-07 11:46:07,2024-02-16 15:46:07,returned
3203,164,4,2024-12-18 19:48:38,2024-12-23 20:48:38,shipped
3204,442,8,2024-07-10 18:00:36,2024-07-16 14:00:36,completed
3205,107,3,2024-06-13 04:00:30,2024-06-18 21:00:30,completed
3206,349,1,2024-03-21 15:11:20,2024-03-23 16:11:20,completed
3207,328,3,2024-09-01 16:03:00,2024-09-05 17:03:00,placed
3208,314,10,2024-07-26 09:55:58,2024-07-30 23:55:58,completed
3209,481,10,2024-06-01 05:31:14,2024-06-07 06:31:14,completed
3210,340,1,2024-01-15 00:38:01,2024-01-16 12:38:01,completed
3211,85,8,2024-01-14 07:19:53,2024-01-15 16:19:53,completed
3212,442,2,2024-04-28 07:58:42,2024-05-05 18:58:42,completed
3213,29,11,2024-10-27 00:35:34,2024-10-28 12:35:34,completed
3214,171,3,2024-10-15 01:57:17,2024-10-16 02:57:17,shipped
3215,54,5,2024-01-01 19:52:23,2024-01-05 14:52:23,completed
3216,232,3,2024-05-04 09:07:12,2024-05-11 18:07:12,completed
3217,275,2,2024-06-25 03:23:23,2024-06-28 03:23:23,completed
3218,439,3,2024-01-08 10:35:30,2024-01-14 11:35:30,placed
3219,362,1,2024-08-23 21:19:57,2024-08-28 12:19:57,completed
3220,29,3,2024-09-17 11:29:19,2024-09-26 11:29:19,completed
3221,177,9,2024-06-27 22:35:01,2024-06-29 20:35:01,completed
3222,103,3,2024-05-10 17:56:30,2024-05-14 18:56:30,completed
3223,149,9,2024-10-18 11:44:26,2024-10-26 21:44:26,completed
3224,106,11,2024-09-10 15:42:37,2024-09-13 22:42:37,completed
3225,440,12,2024-05-27 06:03:24,2024-05-31 20:03:24,completed
3226,87,3,2024-07-19 00:30:02,2024-07-27 01:30:02,completed
3227,367,10,2024-06-22 12:58:59,2024-06-30 15:58:59,completed
3228,329,4,2024-05-14 13:51:17,2024-05-16 10:51:17,shipped
3229,485,8,2024-12-11 15:09:43,2024-12-15 04:09:43,placed
3230,204,4,2024-11-14 21:30:56,2024-11-24 18:30:56,completed
3231,146,4,2024-05-30 11:56:44,2024-06-04 15:56:44,completed
3232,120,4,2024-03-26 16:07:33,2024-03-28 01:07:33,completed
3233,439,9,2024-05-16 15:20:06,2024-05-17 21:20:06,completed
3234,95,3,2024-07-13 20:26:51,2024-07-18 17:26:51,completed
3235,375,6,2024-06-24 11:02:25,2024-06-30 02:02:25,completed
3236,95,1,2024-02-23 07:54:23,2024-02-28 07:54:23,shipped
3237,352,3,2024-08-18 02:52:20,2024-08-24 18:52:20,shipped
3238,191,12,2024-08-02 22:31:10,2024-08-04 12:31:10,shipped
3239,225,9,2024-11-15 02:06:06,2024-11-16 18:06:06,shipped
3240,447,7,2024-05-07 18:49:26,2024-05-08 20:49:26,completed
3241,347,11,2024-11-23 22:03:12,2024-11-29 20:03:12,completed
3242,387,2,2024-09-29 03:28:04,2024-10-05 21:28:04,completed
3243,50,10,2024-03-05 12:05:14,2024-03-11 14:05:14,completed
3244,402,7,2024-02-03 13:57:16,2024-02-10 17:57:16,completed
3245,59,11,2024-09-10 02:13:30,2024-09-14 15:13:30,shipped
3246,125,8,2024-06-08 14:04:59,2024-06-18 11:04:59,shipped
3247,61,7,2024-04-19 20:33:13,2024-04-28 05:33:13,completed
3248,174,9,2024-10-26 22:58:39,2024-11-05 01:58:39,cancelled
3249,24,3,2024-03-15 07:14:10,2024-03-23 11:14:10,completed
3250,402,5,2024-01-19 16:18:15,2024-01-25 09:18:15,shipped
3251,74,8,2024-02-06 22:12:49,2024-02-11 03:12:49,completed
3252,433,9,2024-03-30 03:32:23,2024-04-02 09:32:23,completed
3253,59,12,2024-01-31 12:51:39,2024-02-07 22:51:39,completed
3254,168,10,2024-06-09 06:37:49,2024-06-11 14:37:49,completed
3255,369,12,2024-08-24 12:52:24,2024-08-26 21:52:24,shipped
3256,200,7,2024-01-28 09:26:05,2024-02-02 11:26:05,placed
3257,408,12,2024-07-28 02:53:06,2024-08-04 06:53:06,cancelled
3258,427,2,2024-07-17 19:08:54,2024-07-18 22:08:54,completed
3259,437,4,2024-09-09 11:36:45,2024-09-13 18:36:45,shipped
3260,422,9,2024-12-23 22:36:26,2024-12-27 22:36:26,shipped
3261,21,6,2024-09-26 11:01:39,2024-10-01 07:01:39,placed
3262,220,6,2024-06-02 10:03:10,2024-06-06 13:03:10,completed
3263,20,8,2024-01-07 23:17:48,2024-01-09 01:17:48,completed
3264,189,10,2024-06-13 04:25:46,2024-06-18 09:25:46,completed
3265,15,12,2024-10-03 15:45:41,2024-10-13 09:45:41,returned
3266,259,7,2024-09-18 02:14:52,2024-09-26 04:14:52,completed
3267,365,4,2024-03-26 01:13:10,2024-04-04 15:13:10,completed
3268,171,12,2024-01-01 03:46:19,2024-01-02 16:46:19,returned
3269,99,7,2024-08-22 19:36:17,2024-08-31 22:36:17,placed
3270,35,8,2024-12-22 04:42:13,2024-12-29 17:42:13,completed
3271,51,6,2024-11-27 21:31:37,2024-11-30 18:31:37,completed
3272,478,6,2024-01-16 21:35:53,2024-01-20 07:35:53,completed
3273,472,10,2024-03-19 00:32:15,2024-03-24 14:32:15,completed
3274,460,5,2024-01-07 11:11:43,2024-01-10 13:11:43,completed
3275,117,4,2024-01-19 10:01:30,2024-01-24 18:01:30,completed
3276,257,5,2024-11-08 01:00:46,2024-11-17 16:00:46,shipped
3277,53,8,2024-06-27 20:08:00,2024-07-06 09:08:00,completed
3278,475,11,2024-09-10 05:08:05,2024-09-18 15:08:05,returned
3279,36,1,2024-10-09 00:51:06,2024-10-15 16:51:06,completed
3280,132,5,2024-04-16 11:33:46,2024-04-17 05:33:46,completed
3281,231,6,2024-07-28 23:28:00,2024-08-04 00:28:00,shipped
3282,457,12,2024-04-18 10:39:25,2024-04-23 22:39:25,cancelled
3283,474,5,2024-12-29 07:40:33,2025-01-02 07:40:33,completed
3284,407,6,2024-07-24 16:44:49,2024-07-28 06:44:49,completed
3285,335,10,2024-09-16 14:12:00,2024-09-22 13:12:00,cancelled
3286,107,6,2024-02-11 21:22:56,2024-02-12 19:22:56,completed
3287,229,11,2024-10-07 00:46:01,2024-10-07 19:46:01,cancelled
3288,250,10,2024-06-11 09:41:19,2024-06-11 23:41:19,returned
3289,36,7,2024-03-22 06:16:37,2024-03-25 01:16:37,completed
3290,322,10,2024-07-13 21:07:25,2024-07-20 17:07:25,returned
3291,122,10,2024-06-10 02:03:17,2024-06-15 00:03:17,placed
3292,337,12,2024-08-21 10:37:26,2024-08-25 06:37:26,completed
3293,31,3,2024-02-01 22:45:11,2024-02-09 21:45:11,completed
3294,93,4,2024-12-09 02:19:49,2024-12-15 13:19:49,placed
3295,265,4,2024-05-19 03:51:18,2024-05-25 09:51:18,completed
3296,71,10,2024-10-30 13:07:39,2024-11-04 09:07:39,returned
3297,15,10,2024-01-24 19:12:45,2024-01-28 20:12:45,completed
3298,214,3,2024-12-24 00:53:26,2025-01-02 00:53:26,completed
3299,72,11,2024-12-26 17:47:21,2024-12-27 03:47:21,completed
3300,71,1,2024-03-11 13:16:41,2024-03-19 13:16:41,placed
3301,167,5,2024-11-22 07:23:32,2024-11-23 10:23:32,completed
3302,82,12,2024-06-16 08:23:13,2024-06-16 14:23:13,completed
3303,113,2,2024-10-28 13:00:19,2024-10-29 04:00:19,returned
3304,247,4,2024-01-22 09:48:13,2024-01-30 08:48:13,completed
3305,467,3,2024-09-21 05:19:25,2024-09-28 07:19:25,returned
3306,245,9,2024-02-16 09:42:14,2024-02-19 05:42:14,shipped
3307,377,8,2024-05-06 13:25:13,2024-05-13 12:25:13,completed
3308,81,7,2024-11-08 08:52:04,2024-11-11 11:52:04,completed
3309,348,6,2024-07-14 12:15:34,2024-07-22 02:15:34,completed
3310,121,9,2024-10-30 09:44:13,2024-11-04 01:44:13,returned
3311,421,7,2024-09-14 11:52:53,2024-09-21 04:52:53,returned
3312,456,2,2024-11-30 18:49:08,2024-12-02 00:49:08,returned
3313,184,7,2024-10-24 14:47:12,2024-10-25 02:47:12,completed
3314,370,2,2024-10-25 15:17:48,2024-10-26 22:17:48,cancelled
3315,373,9,2024-05-21 18:39:58,2024-05-26 16:39:58,completed
3316,123,6,2024-01-21 15:52:57,2024-01-23 06:52:57,completed
3317,433,5,2024-12-21 07:22:15,2024-12-22 05:22:15,completed
3318,315,2,2024-04-17 23:38:30,2024-04-19 17:38:30,completed
3319,139,8,2024-10-11 03:35:44,2024-10-12 03:35:44,placed
3320,121,5,2024-05-07 23:11:10,2024-05-08 10:11:10,shipped
3321,10,6,2024-08-20 10:01:06,2024-08-21 08:01:06,returned
3322,386,4,2024-08-30 00:10:13,2024-09-01 07:10:13,completed
3323,459,4,2024-02-03 11:23:51,2024-02-06 20:23:51,cancelled
3324,354,4,2024-02-12 13:59:13,2024-02-17 23:59:13,cancelled
3325,199,9,2024-12-28 06:33:20,2025-01-04 01:33:20,completed
3326,367,11,2024-04-25 20:41:25,2024-05-04 22:41:25,shipped
3327,446,8,2024-09-13 17:56:42,2024-09-14 02:56:42,placed
3328,199,3,2024-09-08 09:07:44,2024-09-15 06:07:44,completed
3329,420,12,2024-11-29 21:27:24,2024-12-05 19:27:24,shipped
3330,58,5,2024-08-12 13:42:41,2024-08-21 18:42:41,cancelled
3331,222,4,2024-04-07 05:19:51,2024-04-16 19:19:51,completed
3332,6,4,2024-11-06 14:17:58,2024-11-15 11:17:58,completed
3333,382,5,2024-08-27 15:50:30,2024-08-28 15:50:30,completed
3334,280,4,2024-12-23 19:09:25,2024-12-24 16:09:25,returned
3335,299,11,2024-08-31 05:37:45,2024-09-08 20:37:45,shipped
3336,160,6,2024-06-25 16:56:34,2024-07-03 17:56:34,cancelled
3337,406,1,2024-01-11 23:29:55,2024-01-19 23:29:55,placed
3338,61,5,2024-11-16 05:23:01,2024-11-22 01:23:01,completed
3339,372,2,2024-08-13 08:03:48,2024-08-14 22:03:48,completed
3340,463,12,2024-09-03 17:06:01,2024-09-09 12:06:01,completed
3341,237,12,2024-09-24 01:09:34,2024-09-25 07:09:34,completed
3342,279,2,2024-02-22 16:02:03,2024-02-26 16:02:03,completed
3343,218,6,2024-11-22 04:11:27,2024-11-28 12:11:27,completed
3344,418,7,2024-07-22 16:29:24,2024-07-24 02:29:24,shipped
3345,48,11,2024-10-06 04:36:10,2024-10-08 00:36:10,completed
3346,112,1,2024-09-04 20:20:57,2024-09-08 09:20:57,completed
3347,317,4,2024-01-22 10:07:34,2024-01-27 21:07:34,completed
3348,66,4,2024-09-23 00:33:20,2024-09-30 01:33:20,completed
3349,147,9,2024-10-15 09:11:20,2024-10-19 14:11:20,completed
3350,324,6,2024-11-17 20:17:19,2024-11-24 01:17:19,completed
3351,92,5,2024-01-05 04:59:59,2024-01-10 13:59:59,completed
3352,230,1,2024-01-25 11:25:35,2024-02-01 16:25:35,returned
3353,171,12,2024-08-24 22:43:39,2024-08-31 00:43:39,returned
3354,299,11,2024-06-03 09:48:41,2024-06-03 17:48:41,completed
3355,362,5,2024-12-19 21:49:48,2024-12-20 19:49:48,completed
3356,213,5,2024-10-16 17:12:03,2024-10-23 07:12:03,placed
3357,107,6,2024-03-10 15:44:44,2024-03-20 05:44:44,returned
3358,11,7,2024-09-09 22:24:25,2024-09-14 13:24:25,completed
3359,351,6,2024-03-24 21:56:34,2024-03-28 13:56:34,cancelled
3360,463,4,2024-02-26 05:27:53,2024-03-06 23:27:53,completed
3361,393,5,2024-10-19 09:10:32,2024-10-21 21:10:32,cancelled
3362,291,11,2024-10-12 06:17:16,2024-10-13 20:17:16,completed
3363,363,5,2024-08-10 21:03:24,2024-08-18 19:03:24,shipped
3364,63,11,2024-10-04 19:04:32,2024-10-10 21:04:32,completed
3365,181,7,2024-03-06 01:51:11,2024-03-13 15:51:11,completed
3366,427,7,2024-08-01 20:04:09,2024-08-03 14:04:09,completed
3367,444,12,2024-12-12 05:38:14,2024-12-19 05:38:14,completed
3368,263,12,2024-01-31 12:34:49,2024-02-02 04:34:49,completed
3369,245,6,2024-08-25 07:10:06,2024-08-25 08:10:06,completed
3370,387,6,2024-03-25 05:54:24,2024-03-27 02:54:24,completed
3371,301,6,2024-05-03 23:40:03,2024-05-13 18:40:03,placed
3372,362,7,2024-12-30 14:49:35,2025-01-01 10:49:35,shipped
3373,220,2,2024-05-15 08:12:09,2024-05-17 04:12:09,cancelled
3374,90,1,2024-10-08 09:27:18,2024-10-13 10:27:18,completed
3375,91,11,2024-02-14 16:02:46,2024-02-14 17:02:46,completed
3376,12,1,2024-11-04 20:27:12,2024-11-12 00:27:12,cancelled
3377,270,4,2024-05-09 07:23:44,2024-05-17 16:23:44,completed
3378,329,1,2024-01-05 20:57:58,2024-01-08 07:57:58,completed
3379,168,2,2024-05-19 02:08:35,2024-05-19 23:08:35,completed
3380,149,10,2024-04-18 23:55:53,2024-04-28 18:55:53,shipped
3381,55,3,2024-05-02 18:09:16,2024-05-09 04:09:16,completed
3382,391,6,2024-09-18 10:17:47,2024-09-25 00:17:47,cancelled
3383,115,6,2024-08-30 08:46:11,2024-08-31 22:46:11,shipped
3384,239,1,2024-05-25 18:49:22,2024-05-26 22:49:22,placed
3385,344,10,2024-05-10 09:54:19,2024-05-11 15:54:19,completed
3386,136,1,2024-10-23 21:46:08,2024-10-31 19:46:08,placed
3387,210,4,2024-08-03 15:07:19,2024-08-05 09:07:19,shipped
3388,329,10,2024-07-08 04:16:28,2024-07-13 12:16:28,completed
3389,329,4,2024-04-14 17:57:26,2024-04-18 14:57:26,completed
3390,206,10,2024-07-29 01:52:18,2024-07-30 00:52:18,completed
3391,469,12,2024-04-02 07:05:45,2024-04-09 20:05:45,placed
3392,57,1,2024-08-11 09:28:44,2024-08-12 11:28:44,completed
3393,354,6,2024-10-03 19:44:39,2024-10-09 11:44:39,shipped
3394,290,4,2024-04-09 07:52:56,2024-04-19 02:52:56,completed
3395,322,9,2024-02-16 20:42:31,2024-02-21 18:42:31,completed
3396,60,3,2024-10-13 12:05:53,2024-10-18 04:05:53,completed
3397,441,5,2024-04-30 19:16:19,2024-05-02 03:16:19,completed
3398,180,9,2024-04-27 00:35:08,2024-05-05 12:35:08,cancelled
3399,88,11,2024-10-15 18:17:31,2024-10-25 14:17:31,completed
3400,299,11,2024-01-19 16:49:33,2024-01-24 13:49:33,cancelled
3401,253,1,2024-06-06 01:06:50,2024-06-15 20:06:50,cancelled
3402,72,3,2024-06-27 11:02:39,2024-06-28 17:02:39,completed
3403,35,4,2024-02-19 09:20:41,2024-02-27 19:20:41,cancelled
3404,232,1,2024-02-01 22:27:51,2024-02-09 01:27:51,cancelled
3405,279,12,2024-11-05 06:35:16,2024-11-09 05:35:16,shipped
3406,166,7,2024-03-10 00:20:01,2024-03-18 23:20:01,cancelled
3407,197,4,2024-09-09 05:26:51,2024-09-15 17:26:51,shipped
3408,401,9,2024-01-18 23:58:16,2024-01-23 22:58:16,placed
3409,438,11,2024-01-31 06:34:19,2024-02-05 06:34:19,completed
3410,188,8,2024-12-13 18:42:43,2024-12-18 09:42:43,completed
3411,324,8,2024-05-12 08:20:56,2024-05-16 09:20:56,completed
3412,339,12,2024-03-15 19:17:53,2024-03-23 15:17:53,completed
3413,227,1,2024-11-21 14:47:06,2024-11-30 01:47:06,cancelled
3414,21,2,2024-01-16 13:57:38,2024-01-23 01:57:38,returned
3415,332,1,2024-04-30 21:53:54,2024-05-07 02:53:54,completed
3416,423,10,2024-12-17 19:02:31,2024-12-19 17:02:31,completed
3417,279,9,2024-12-02 15:51:15,2024-12-12 12:51:15,placed
3418,448,11,2024-10-26 12:09:52,2024-10-29 15:09:52,completed
3419,348,8,2024-07-30 07:40:26,2024-08-06 13:40:26,cancelled
3420,447,12,2024-04-30 13:02:17,2024-05-03 18:02:17,cancelled
3421,318,12,2024-08-15 17:52:38,2024-08-16 16:52:38,completed
3422,483,3,2024-03-23 03:53:53,2024-03-30 22:53:53,completed
3423,212,8,2024-06-20 10:08:48,2024-06-27 05:08:48,returned
3424,366,8,2024-05-13 11:09:15,2024-05-15 17:09:15,completed
3425,201,9,2024-02-16 04:50:57,2024-02-19 20:50:57,placed
3426,37,8,2024-12-29 00:26:28,2025-01-08 00:26:28,completed
3427,364,5,2024-08-18 05:00:48,2024-08-24 15:00:48,completed
3428,167,5,2024-05-09 13:47:00,2024-05-18 01:47:00,placed
3429,492,6,2024-12-06 04:52:49,2024-12-12 15:52:49,shipped
3430,409,11,2024-06-05 20:13:29,2024-06-15 02:13:29,completed
3431,425,10,2024-05-15 22:35:31,2024-05-22 05:35:31,placed
3432,61,3,2024-05-11 07:19:05,2024-05-13 15:19:05,completed
3433,223,5,2024-04-22 19:22:46,2024-04-23 00:22:46,shipped
3434,411,6,2024-10-20 01:43:48,2024-10-27 11:43:48,completed
3435,497,12,2024-10-13 07:36:53,2024-10-20 05:36:53,cancelled
3436,287,9,2024-04-19 11:44:51,2024-04-27 19:44:51,completed
3437,51,1,2024-06-04 07:29:28,2024-06-11 00:29:28,completed
3438,218,2,2024-04-08 20:54:49,2024-04-18 02:54:49,cancelled
3439,468,5,2024-09-30 23:16:00,2024-10-02 10:16:00,returned
3440,403,1,2024-12-10 07:07:02,2024-12-15 00:07:02,completed
3441,52,6,2024-10-26 22:18:32,2024-11-02 06:18:32,placed
3442,496,2,2024-04-11 01:57:42,2024-04-11 02:57:42,completed
3443,33,7,2024-08-03 09:56:30,2024-08-08 23:56:30,completed
3444,400,10,2024-09-25 14:02:29,2024-10-05 12:02:29,completed
3445,53,7,2024-05-10 12:55:19,2024-05-13 01:55:19,completed
3446,122,7,2024-01-27 10:24:19,2024-02-03 09:24:19,cancelled
3447,71,5,2024-01-28 12:31:40,2024-02-07 03:31:40,completed
3448,42,1,2024-03-05 06:51:36,2024-03-12 06:51:36,cancelled
3449,133,12,2024-08-05 12:29:40,2024-08-06 11:29:40,cancelled
3450,135,8,2024-10-18 02:08:20,2024-10-18 04:08:20,completed
3451,403,6,2024-06-23 05:23:25,2024-06-26 01:23:25,completed
3452,406,11,2024-04-23 11:42:26,2024-04-27 17:42:26,completed
3453,355,4,2024-03-21 19:30:07,2024-03-30 14:30:07,cancelled
3454,24,3,2024-08-04 08:46:41,2024-08-07 13:46:41,completed
3455,351,11,2024-12-08 09:46:16,2024-12-11 12:46:16,returned
3456,459,9,2024-10-26 03:29:01,2024-11-03 15:29:01,returned
3457,275,1,2024-06-12 14:17:24,2024-06-19 09:17:24,completed
3458,275,4,2024-10-27 10:21:02,2024-11-06 01:21:02,shipped
3459,30,9,2024-03-24 05:13:14,2024-03-30 03:13:14,completed
3460,352,4,2024-02-19 06:49:51,2024-02-21 03:49:51,completed
3461,469,2,2024-04-03 03:54:42,2024-04-09 23:54:42,shipped
3462,366,1,2024-12-05 03:40:15,2024-12-07 22:40:15,cancelled
3463,109,8,2024-11-22 03:54:02,2024-11-24 23:54:02,returned
3464,2,11,2024-06-25 13:22:40,2024-06-30 17:22:40,shipped
3465,114,9,2024-03-23 06:47:18,2024-03-28 13:47:18,completed
3466,79,12,2024-09-19 17:44:24,2024-09-29 07:44:24,placed
3467,499,8,2024-02-28 17:32:42,2024-02-29 06:32:42,placed
3468,201,8,2024-06-27 12:00:19,2024-07-06 19:00:19,completed
3469,311,9,2024-08-06 21:38:10,2024-08-07 07:38:10,completed
3470,5,9,2024-03-24 06:23:06,2024-03-26 15:23:06,completed
3471,424,4,2024-06-20 06:37:39,2024-06-28 02:37:39,shipped
3472,395,10,2024-07-29 03:33:53,2024-08-03 10:33:53,completed
3473,92,1,2024-04-17 08:32:58,2024-04-21 21:32:58,returned
3474,276,12,2024-06-07 01:06:50,2024-06-16 01:06:50,returned
3475,172,8,2024-03-29 18:17:11,2024-03-29 21:17:11,completed
3476,177,3,2024-07-08 04:35:39,2024-07-16 11:35:39,cancelled
3477,491,4,2024-07-29 13:06:31,2024-07-31 05:06:31,completed
3478,202,12,2024-05-08 16:30:53,2024-05-15 11:30:53,cancelled
3479,219,12,2024-04-22 17:40:48,2024-04-30 18:40:48,cancelled
3480,124,10,2024-01-01 18:51:21,2024-01-11 12:51:21,cancelled
3481,301,9,2024-07-07 05:26:08,2024-07-14 10:26:08,completed
3482,244,5,2024-09-08 20:06:45,2024-09-11 22:06:45,returned
3483,90,5,2024-04-19 18:51:53,2024-04-28 06:51:53,completed
3484,112,8,2024-06-15 15:14:10,2024-06-22 02:14:10,cancelled
3485,16,9,2024-07-10 04:56:58,2024-07-15 16:56:58,returned
3486,245,2,2024-01-14 01:11:52,2024-01-15 21:11:52,cancelled
3487,278,3,2024-12-09 01:27:56,2024-12-18 18:27:56,completed
3488,23,5,2024-04-05 08:52:11,2024-04-07 07:52:11,placed
3489,247,10,2024-06-03 07:27:42,2024-06-10 07:27:42,completed
3490,250,7,2024-12-10 07:06:52,2024-12-19 18:06:52,completed
3491,149,6,2024-01-27 12:27:27,2024-02-03 03:27:27,shipped
3492,413,10,2024-11-25 03:03:27,2024-11-27 09:03:27,completed
3493,232,12,2024-11-12 02:35:04,2024-11-18 13:35:04,completed
3494,368,2,2024-09-14 03:07:10,2024-09-15 19:07:10,returned
3495,162,11,2024-01-05 14:47:24,2024-01-08 05:47:24,completed
3496,6,8,2024-05-04 00:28:27,2024-05-13 12:28:27,placed
3497,312,12,2024-08-12 14:35:36,2024-08-21 12:35:36,returned
3498,58,8,2024-05-31 12:38:39,2024-06-03 10:38:39,completed
3499,41,10,2024-05-20 14:42:23,2024-05-24 15:42:23,completed
3500,364,3,2024-02-22 08:42:02,2024-03-02 06:42:02,completed
3501,24,6,2024-07-28 06:46:28,2024-07-30 22:46:28,completed
3502,173,11,2024-09-28 01:51:53,2024-09-29 03:51:53,completed
3503,172,1,2024-07-23 21:17:28,2024-07-29 14:17:28,completed
3504,282,9,2024-08-03 00:44:47,2024-08-07 18:44:47,completed
3505,350,8,2024-01-10 01:37:10,2024-01-14 06:37:10,placed
3506,86,8,2024-10-01 04:38:53,2024-10-05 01:38:53,completed
3507,468,2,2024-12-27 07:54:48,2025-01-03 03:54:48,completed
3508,122,2,2024-06-13 00:45:29,2024-06-20 16:45:29,completed
3509,356,9,2024-03-22 18:52:45,2024-03-28 05:52:45,completed
3510,296,11,2024-03-04 22:04:45,2024-03-10 06:04:45,returned
3511,313,8,2024-12-21 18:48:45,2024-12-29 04:48:45,completed
3512,21,1,2024-03-20 16:50:07,2024-03-30 05:50:07,shipped
3513,212,6,2024-01-02 08:46:57,2024-01-03 21:46:57,returned
3514,81,8,2024-01-29 08:42:02,2024-02-04 15:42:02,completed
3515,350,1,2024-02-14 21:14:56,2024-02-19 13:14:56,completed
3516,234,9,2024-10-21 18:49:22,2024-10-30 21:49:22,cancelled
3517,350,4,2024-04-15 21:50:40,2024-04-22 06:50:40,completed
3518,153,2,2024-05-27 11:42:13,2024-05-30 10:42:13,completed
3519,17,3,2024-11-11 10:26:51,2024-11-17 00:26:51,completed
3520,188,4,2024-01-03 22:22:51,2024-01-04 19:22:51,completed
3521,71,1,2024-09-05 12:15:24,2024-09-13 14:15:24,shipped
3522,278,8,2024-08-24 09:58:34,2024-08-29 09:58:34,completed
3523,90,6,2024-09-20 04:42:55,2024-09-23 16:42:55,completed
3524,375,3,2024-08-28 19:19:23,2024-08-31 02:19:23,completed
3525,464,10,2024-09-16 00:06:51,2024-09-25 10:06:51,completed
3526,4,11,2024-06-22 11:11:04,2024-06-26 15:11:04,shipped
3527,120,3,2024-09-27 14:13:55,2024-10-06 07:13:55,completed
3528,383,11,2024-10-14 10:28:05,2024-10-15 21:28:05,returned
3529,272,1,2024-11-04 08:09:52,2024-11-10 18:09:52,cancelled
3530,477,1,2024-04-17 06:50:25,2024-04-25 07:50:25,completed
3531,131,1,2024-09-14 17:16:54,2024-09-20 21:16:54,returned
3532,270,7,2024-05-25 01:37:21,2024-05-28 12:37:21,completed
3533,394,5,2024-05-01 01:25:19,2024-05-02 13:25:19,completed
3534,434,3,2024-02-05 00:28:30,2024-02-09 12:28:30,completed
3535,319,4,2024-02-16 16:24:26,2024-02-18 13:24:26,completed
3536,112,12,2024-06-30 08:22:35,2024-07-02 11:22:35,completed
3537,496,10,2024-08-15 21:10:22,2024-08-16 14:10:22,completed
3538,438,12,2024-03-18 10:43:27,2024-03-22 18:43:27,completed
3539,305,11,2024-07-30 15:50:31,2024-07-31 22:50:31,completed
3540,41,12,2024-03-13 06:39:20,2024-03-22 15:39:20,completed
3541,25,6,2024-09-05 03:55:49,2024-09-14 11:55:49,cancelled
3542,171,3,2024-11-27 19:18:19,2024-12-02 02:18:19,returned
3543,68,11,2024-04-06 00:50:25,2024-04-07 20:50:25,completed
3544,320,3,2024-02-16 18:28:17,2024-02-26 18:28:17,shipped
3545,422,11,2024-01-24 20:36:13,2024-01-28 07:36:13,completed
3546,203,4,2024-10-26 08:57:20,2024-11-04 00:57:20,placed
3547,35,10,2024-07-27 16:33:12,2024-08-01 22:33:12,completed
3548,114,2,2024-02-27 17:17:27,2024-03-02 12:17:27,completed
3549,333,9,2024-11-20 17:08:03,2024-11-27 23:08:03,completed
3550,479,4,2024-10-19 16:52:59,2024-10-26 05:52:59,completed
3551,273,5,2024-10-10 06:36:13,2024-10-19 16:36:13,completed
3552,172,3,2024-06-23 06:24:43,2024-06-29 13:24:43,shipped
3553,389,9,2024-03-15 16:04:02,2024-03-15 19:04:02,completed
3554,95,4,2024-06-27 17:21:16,2024-06-30 06:21:16,completed
3555,491,3,2024-06-22 16:58:12,2024-07-02 15:58:12,completed
3556,84,3,2024-11-02 06:14:04,2024-11-03 03:14:04,returned
3557,495,1,2024-03-13 21:53:12,2024-03-16 06:53:12,completed
3558,447,6,2024-07-16 04:36:10,2024-07-20 04:36:10,completed
3559,165,4,2024-09-27 09:36:39,2024-09-29 02:36:39,completed
3560,154,3,2024-11-03 22:49:15,2024-11-09 09:49:15,returned
3561,17,7,2024-05-24 04:15:35,2024-05-31 00:15:35,completed
3562,103,9,2024-04-06 10:03:04,2024-04-09 04:03:04,cancelled
3563,422,5,2024-07-08 02:35:45,2024-07-12 08:35:45,placed
3564,297,7,2024-08-13 19:30:04,2024-08-21 14:30:04,completed
3565,243,4,2024-10-19 15:30:37,2024-10-23 05:30:37,completed
3566,338,9,2024-06-12 19:33:16,2024-06-17 13:33:16,completed
3567,316,5,2024-04-07 11:38:52,2024-04-16 09:38:52,shipped
3568,140,2,2024-08-12 08:13:35,2024-08-13 00:13:35,completed
3569,184,2,2024-03-06 04:14:02,2024-03-15 01:14:02,shipped
3570,291,2,2024-01-15 09:12:29,2024-01-15 16:12:29,completed
3571,5,9,2024-06-17 20:47:01,2024-06-22 11:47:01,completed
3572,10,4,2024-05-05 03:05:38,2024-05-08 02:05:38,completed
3573,368,7,2024-04-19 17:49:22,2024-04-27 20:49:22,cancelled
3574,362,7,2024-02-26 18:49:25,2024-03-02 16:49:25,shipped
3575,165,8,2024-02-09 20:39:03,2024-02-19 09:39:03,returned
3576,211,2,2024-04-13 15:52:47,2024-04-17 15:52:47,completed
3577,471,7,2024-06-25 12:26:01,2024-07-03 20:26:01,completed
3578,194,12,2024-01-09 09:14:59,2024-01-12 00:14:59,completed
3579,41,8,2024-01-29 06:20:37,2024-02-04 02:20:37,completed
3580,100,12,2024-08-02 07:57:44,2024-08-09 09:57:44,completed
3581,146,3,2024-02-07 14:36:15,2024-02-08 04:36:15,shipped
3582,478,12,2024-03-25 13:22:01,2024-04-02 10:22:01,completed
3583,147,6,2024-12-09 01:51:02,2024-12-14 02:51:02,returned
3584,152,10,2024-09-04 23:21:08,2024-09-05 19:21:08,cancelled
3585,217,12,2024-05-01 05:24:08,2024-05-07 20:24:08,shipped
3586,128,9,2024-03-17 18:44:41,2024-03-26 14:44:41,shipped
3587,454,6,2024-12-11 03:45:34,2024-12-20 17:45:34,completed
3588,85,4,2024-01-25 15:48:02,2024-02-02 13:48:02,completed
3589,373,3,2024-09-10 22:47:38,2024-09-20 11:47:38,returned
3590,249,5,2024-02-23 20:25:13,2024-02-26 16:25:13,completed
3591,328,4,2024-02-01 16:30:29,2024-02-02 06:30:29,completed
3592,490,4,2024-04-30 11:54:04,2024-05-10 01:54:04,placed
3593,470,7,2024-10-23 03:46:17,2024-10-24 19:46:17,completed
3594,491,7,2024-02-18 16:13:51,2024-02-26 09:13:51,returned
3595,486,3,2024-05-13 15:06:40,2024-05-23 10:06:40,completed
3596,61,6,2024-12-10 15:47:40,2024-12-12 05:47:40,returned
3597,45,8,2024-10-17 13:14:19,2024-10-27 07:14:19,placed
3598,65,7,2024-03-28 03:06:02,2024-03-29 20:06:02,shipped
3599,278,3,2024-03-18 00:21:23,2024-03-21 12:21:23,returned
3600,460,1,2024-12-13 03:33:59,2024-12-18 13:33:59,cancelled
3601,78,5,2024-11-16 06:33:30,2024-11-19 22:33:30,completed
3602,61,6,2024-09-14 08:16:00,2024-09-19 19:16:00,cancelled
3603,18,12,2024-10-17 22:33:08,2024-10-24 06:33:08,returned
3604,105,12,2024-07-24 23:19:29,2024-07-29 00:19:29,completed
3605,279,12,2024-04-25 09:15:25,2024-05-03 10:15:25,completed
3606,59,12,2024-04-13 01:20:35,2024-04-13 11:20:35,completed
3607,57,8,2024-11-08 16:28:57,2024-11-11 05:28:57,completed
3608,52,3,2024-12-29 05:47:27,2025-01-05 06:47:27,shipped
3609,430,12,2024-05-09 18:11:03,2024-05-18 21:11:03,completed
3610,70,4,2024-05-14 12:47:23,2024-05-15 08:47:23,completed
3611,155,10,2024-02-24 04:06:06,2024-03-04 11:06:06,completed
3612,344,3,2024-01-03 05:21:24,2024-01-06 21:21:24,completed
3613,182,12,2024-03-14 07:11:56,2024-03-22 03:11:56,completed
3614,463,10,2024-08-06 09:28:52,2024-08-16 03:28:52,completed
3615,500,5,2024-09-01 22:13:59,2024-09-11 18:13:59,placed
3616,276,7,2024-03-06 07:53:59,2024-03-07 01:53:59,returned
3617,134,11,2024-12-16 19:40:04,2024-12-21 21:40:04,cancelled
3618,44,10,2024-12-09 13:58:54,2024-12-13 00:58:54,completed
3619,390,11,2024-10-04 09:09:09,2024-10-14 01:09:09,completed
3620,82,7,2024-05-16 22:10:23,2024-05-20 13:10:23,completed
3621,350,2,2024-04-08 07:36:00,2024-04-10 19:36:00,completed
3622,389,1,2024-06-06 20:16:40,2024-06-08 10:16:40,returned
3623,178,12,2024-05-31 17:56:39,2024-06-02 17:56:39,completed
3624,431,7,2024-06-09 19:30:49,2024-06-13 15:30:49,shipped
3625,232,5,2024-05-24 21:54:13,2024-05-29 06:54:13,completed
3626,150,7,2024-04-04 17:55:50,2024-04-05 06:55:50,completed
3627,395,9,2024-12-24 13:46:53,2025-01-03 00:46:53,completed
3628,350,5,2024-08-22 06:09:49,2024-08-24 09:09:49,completed
3629,392,11,2024-08-15 05:51:56,2024-08-17 09:51:56,completed
3630,433,2,2024-07-23 02:47:30,2024-07-28 19:47:30,completed
3631,199,8,2024-03-25 23:12:44,2024-03-27 22:12:44,completed
3632,35,5,2024-04-13 01:09:01,2024-04-18 05:09:01,completed
3633,402,8,2024-08-20 07:40:27,2024-08-21 08:40:27,completed
3634,206,4,2024-01-15 23:42:32,2024-01-16 08:42:32,cancelled
3635,197,3,2024-05-28 18:39:53,2024-06-04 14:39:53,cancelled
3636,134,8,2024-10-21 05:32:58,2024-10-28 07:32:58,completed
3637,332,7,2024-10-11 10:04:59,2024-10-19 08:04:59,completed
3638,287,5,2024-02-14 08:48:21,2024-02-21 21:48:21,shipped
3639,206,2,2024-12-22 00:48:16,2024-12-27 12:48:16,shipped
3640,431,7,2024-06-17 05:00:37,2024-06-18 02:00:37,cancelled
3641,465,4,2024-07-30 11:00:58,2024-08-08 02:00:58,completed
3642,397,7,2024-12-11 16:19:53,2024-12-18 01:19:53,placed
3643,370,6,2024-04-26 11:52:56,2024-05-01 10:52:56,shipped
3644,480,2,2024-09-29 11:56:16,2024-10-04 00:56:16,completed
3645,474,2,2024-12-22 08:49:06,2024-12-27 02:49:06,completed
3646,70,4,2024-05-13 11:07:52,2024-05-16 20:07:52,shipped
3647,325,11,2024-02-12 04:18:56,2024-02-13 17:18:56,completed
3648,130,2,2024-01-31 23:03:09,2024-02-10 09:03:09,shipped
3649,425,10,2024-09-11 05:55:40,2024-09-20 13:55:40,shipped
3650,461,2,2024-04-21 08:45:42,2024-04-28 17:45:42,shipped
3651,485,6,2024-07-24 06:24:36,2024-07-30 09:24:36,completed
3652,50,11,2024-02-10 14:23:42,2024-02-12 23:23:42,completed
3653,434,8,2024-08-27 23:09:55,2024-09-05 08:09:55,placed
3654,296,8,2024-09-06 02:09:35,2024-09-06 15:09:35,shipped
3655,160,11,2024-04-26 19:40:05,2024-04-28 02:40:05,completed
3656,115,5,2024-08-06 04:27:48,2024-08-11 08:27:48,completed
3657,322,5,2024-02-12 07:58:55,2024-02-15 20:58:55,returned
3658,60,12,2024-08-13 17:08:34,2024-08-18 14:08:34,completed
3659,168,11,2024-10-03 13:11:54,2024-10-05 17:11:54,completed
3660,439,8,2024-03-01 14:28:47,2024-03-06 19:28:47,shipped
3661,94,7,2024-03-16 07:33:53,2024-03-23 22:33:53,completed
3662,68,10,2024-07-14 21:12:55,2024-07-17 00:12:55,placed
3663,332,9,2024-06-08 02:18:09,2024-06-08 06:18:09,completed
3664,278,7,2024-07-12 21:05:41,2024-07-19 12:05:41,completed
3665,101,12,2024-10-05 09:09:35,2024-10-08 12:09:35,completed
3666,163,3,2024-12-08 20:42:12,2024-12-10 03:42:12,shipped
3667,76,11,2024-07-27 07:35:59,2024-08-03 14:35:59,returned
3668,93,5,2024-06-24 03:18:19,2024-06-30 17:18:19,completed
3669,157,4,2024-08-13 01:33:41,2024-08-21 09:33:41,completed
3670,177,11,2024-09-07 00:18:16,2024-09-08 09:18:16,shipped
3671,409,8,2024-06-23 07:16:40,2024-06-23 22:16:40,completed
3672,360,6,2024-07-20 23:20:49,2024-07-29 00:20:49,completed
3673,382,6,2024-04-26 22:17:34,2024-05-03 20:17:34,completed
3674,247,8,2024-09-20 10:37:17,2024-09-26 14:37:17,returned
3675,30,5,2024-01-16 10:15:34,2024-01-19 00:15:34,completed
3676,205,2,2024-04-16 08:52:56,2024-04-19 22:52:56,completed
3677,82,9,2024-06-17 20:15:40,2024-06-23 13:15:40,returned
3678,260,6,2024-03-15 00:28:58,2024-03-15 21:28:58,returned
3679,137,7,2024-06-28 06:02:53,2024-07-03 23:02:53,completed
3680,415,9,2024-10-12 00:59:31,2024-10-13 20:59:31,shipped
3681,486,3,2024-04-06 18:00:41,2024-04-11 23:00:41,shipped
3682,467,3,2024-12-19 23:21:30,2024-12-24 17:21:30,completed
3683,103,5,2024-03-27 09:23:10,2024-04-03 01:23:10,completed
3684,201,3,2024-02-02 09:03:55,2024-02-08 18:03:55,completed
3685,203,1,2024-04-09 13:39:41,2024-04-13 20:39:41,completed
3686,199,12,2024-01-04 23:15:32,2024-01-14 17:15:32,completed
3687,370,10,2024-10-30 18:24:50,2024-11-02 03:24:50,completed
3688,212,2,2024-02-21 21:29:21,2024-02-29 22:29:21,completed
3689,426,9,2024-01-29 10:49:16,2024-02-04 15:49:16,completed
3690,371,1,2024-04-24 07:03:19,2024-05-04 00:03:19,placed
3691,469,7,2024-08-27 02:26:43,2024-08-29 03:26:43,completed
3692,59,7,2024-08-13 17:44:33,2024-08-17 17:44:33,cancelled
3693,16,7,2024-05-24 03:35:59,2024-06-01 07:35:59,shipped
3694,290,7,2024-03-26 01:45:30,2024-04-02 14:45:30,completed
3695,285,9,2024-01-18 04:38:42,2024-01-24 08:38:42,completed
3696,84,3,2024-05-25 12:01:34,2024-06-03 07:01:34,completed
3697,419,9,2024-08-24 14:42:12,2024-08-31 16:42:12,cancelled
3698,366,8,2024-08-02 08:21:23,2024-08-03 12:21:23,cancelled
3699,391,11,2024-11-25 11:55:24,2024-12-03 16:55:24,completed
3700,180,7,2024-08-06 08:42:22,2024-08-13 05:42:22,placed
3701,478,9,2024-03-02 04:43:38,2024-03-09 09:43:38,cancelled
3702,493,8,2024-03-19 13:41:40,2024-03-19 16:41:40,shipped
3703,424,5,2024-11-23 05:20:01,2024-11-25 14:20:01,completed
3704,239,10,2024-05-17 08:35:29,2024-05-21 00:35:29,cancelled
3705,11,3,2024-11-02 16:52:39,2024-11-09 08:52:39,shipped
3706,399,10,2024-07-12 22:18:42,2024-07-15 02:18:42,cancelled
3707,20,10,2024-06-16 21:00:11,2024-06-18 00:00:11,cancelled
3708,454,7,2024-11-11 21:48:09,2024-11-20 06:48:09,returned
3709,473,4,2024-07-10 02:58:52,2024-07-12 05:58:52,placed
3710,300,2,2024-09-04 22:06:30,2024-09-08 03:06:30,completed
3711,250,11,2024-02-11 18:04:58,2024-02-15 11:04:58,placed
3712,442,6,2024-08-28 05:23:19,2024-08-30 03:23:19,shipped
3713,232,5,2024-09-06 05:05:50,2024-09-07 10:05:50,completed
3714,368,7,2024-10-11 20:39:45,2024-10-21 18:39:45,completed
3715,410,8,2024-08-25 03:11:25,2024-08-29 06:11:25,shipped
3716,357,6,2024-07-16 01:42:39,2024-07-18 10:42:39,cancelled
3717,409,7,2024-09-29 19:46:22,2024-10-01 12:46:22,shipped
3718,11,12,2024-09-28 03:13:34,2024-10-02 00:13:34,placed
3719,240,10,2024-09-25 03:48:08,2024-10-04 06:48:08,completed
3720,426,10,2024-06-03 17:38:26,2024-06-05 16:38:26,placed
3721,21,4,2024-02-22 06:41:59,2024-03-01 19:41:59,shipped
3722,59,10,2024-03-28 03:20:22,2024-04-06 03:20:22,completed
3723,96,10,2024-11-29 22:46:50,2024-11-30 19:46:50,completed
3724,180,3,2024-07-04 16:29:06,2024-07-07 02:29:06,shipped
3725,50,11,2024-08-08 04:34:51,2024-08-11 22:34:51,returned
3726,66,3,2024-01-21 11:01:07,2024-01-30 19:01:07,completed
3727,413,2,2024-11-04 20:55:01,2024-11-06 01:55:01,completed
3728,20,9,2024-06-09 17:55:47,2024-06-10 22:55:47,returned
3729,457,12,2024-05-19 00:36:10,2024-05-23 22:36:10,placed
3730,454,8,2024-11-23 00:40:00,2024-11-29 23:40:00,completed
3731,454,2,2024-10-09 22:06:20,2024-10-14 14:06:20,shipped
3732,37,7,2024-07-08 23:21:16,2024-07-09 22:21:16,completed
3733,96,1,2024-10-23 19:07:26,2024-11-01 03:07:26,cancelled
3734,86,4,2024-01-21 20:33:07,2024-01-26 23:33:07,returned
3735,92,9,2024-06-23 22:15:31,2024-07-03 20:15:31,completed
3736,12,12,2024-08-16 03:56:18,2024-08-16 04:56:18,placed
3737,432,10,2024-08-27 21:42:55,2024-08-28 13:42:55,shipped
3738,22,3,2024-05-24 20:39:28,2024-06-01 11:39:28,completed
3739,148,11,2024-11-15 23:38:42,2024-11-20 04:38:42,completed
3740,189,4,2024-02-20 05:54:13,2024-02-23 03:54:13,completed
3741,59,10,2024-07-21 00:43:55,2024-07-27 01:43:55,returned
3742,59,12,2024-08-26 16:09:18,2024-08-26 20:09:18,completed
3743,436,10,2024-01-06 07:27:46,2024-01-07 12:27:46,completed
3744,468,11,2024-11-07 03:34:12,2024-11-10 06:34:12,returned
3745,480,2,2024-04-01 13:04:20,2024-04-03 13:04:20,shipped
3746,406,4,2024-09-12 03:06:40,2024-09-22 00:06:40,completed
3747,320,7,2024-05-02 20:31:56,2024-05-07 06:31:56,completed
3748,154,12,2024-05-24 01:40:29,2024-05-31 10:40:29,completed
3749,445,11,2024-08-02 21:17:10,2024-08-03 04:17:10,placed
3750,220,11,2024-02-17 19:17:17,2024-02-22 03:17:17,completed
3751,424,12,2024-12-25 22:20:29,2025-01-03 22:20:29,completed
3752,253,8,2024-04-03 17:11:54,2024-04-07 11:11:54,placed
3753,115,3,2024-03-05 01:59:42,2024-03-10 15:59:42,completed
3754,323,10,2024-09-12 09:26:26,2024-09-13 19:26:26,cancelled
3755,417,12,2024-05-05 06:13:39,2024-05-06 00:13:39,placed
3756,303,5,2024-06-27 03:23:47,2024-07-03 06:23:47,completed
3757,128,4,2024-12-29 22:41:40,2024-12-30 00:41:40,placed
3758,146,11,2024-03-09 13:59:36,2024-03-13 10:59:36,shipped
3759,148,1,2024-10-19 01:20:15,2024-10-19 01:20:15,shipped
3760,156,7,2024-05-15 03:05:06,2024-05-19 13:05:06,returned
3761,392,8,2024-09-30 08:30:47,2024-10-04 06:30:47,placed
3762,275,12,2024-04-26 17:04:58,2024-05-01 14:04:58,completed
3763,192,9,2024-02-08 02:52:00,2024-02-12 00:52:00,shipped
3764,310,7,2024-05-10 03:51:52,2024-05-14 18:51:52,placed
3765,450,2,2024-03-03 07:24:30,2024-03-05 21:24:30,completed
3766,323,2,2024-05-18 18:24:56,2024-05-19 00:24:56,completed
3767,304,5,2024-03-27 09:36:05,2024-03-30 02:36:05,shipped
3768,335,6,2024-06-28 21:33:20,2024-07-03 17:33:20,completed
3769,377,2,2024-07-13 14:56:19,2024-07-18 07:56:19,completed
3770,216,1,2024-04-22 05:02:06,2024-04-24 18:02:06,completed
3771,436,5,2024-09-09 13:31:18,2024-09-10 19:31:18,cancelled
3772,359,8,2024-08-10 21:49:27,2024-08-18 03:49:27,placed
3773,362,11,2024-09-07 14:52:02,2024-09-09 12:52:02,cancelled
3774,142,5,2024-01-12 17:07:11,2024-01-14 15:07:11,completed
3775,126,7,2024-07-30 05:49:39,2024-08-01 14:49:39,completed
3776,321,11,2024-04-21 17:41:23,2024-04-25 20:41:23,placed
3777,213,7,2024-12-02 07:33:41,2024-12-02 20:33:41,completed
3778,321,4,2024-01-29 16:03:52,2024-02-06 02:03:52,shipped
3779,278,8,2024-07-02 00:43:00,2024-07-04 00:43:00,cancelled
3780,198,7,2024-07-16 19:23:11,2024-07-23 20:23:11,completed
3781,273,2,2024-09-14 19:22:21,2024-09-16 17:22:21,completed
3782,265,10,2024-07-21 09:36:59,2024-07-24 04:36:59,completed
3783,265,1,2024-02-05 02:14:46,2024-02-13 19:14:46,cancelled
3784,431,4,2024-01-14 16:57:49,2024-01-16 09:57:49,placed
3785,423,12,2024-12-28 02:24:13,2025-01-06 16:24:13,completed
3786,9,9,2024-01-16 15:20:28,2024-01-17 04:20:28,completed
3787,133,9,2024-08-18 03:48:30,2024-08-21 22:48:30,cancelled
3788,184,7,2024-05-13 14:54:40,2024-05-17 16:54:40,shipped
3789,13,1,2024-12-24 22:16:39,2024-12-25 04:16:39,shipped
3790,69,6,2024-09-17 03:00:50,2024-09-23 08:00:50,completed
3791,394,11,2024-02-27 16:39:36,2024-02-28 11:39:36,cancelled
3792,435,9,2024-09-01 02:08:24,2024-09-09 01:08:24,cancelled
3793,457,1,2024-08-22 08:22:56,2024-09-01 04:22:56,completed
3794,185,12,2024-03-01 12:41:31,2024-03-06 19:41:31,placed
3795,43,1,2024-01-28 07:36:14,2024-02-05 14:36:14,completed
3796,277,9,2024-01-29 01:33:03,2024-01-30 18:33:03,shipped
3797,231,1,2024-03-22 04:19:54,2024-03-23 00:19:54,completed
3798,93,4,2024-06-19 11:12:02,2024-06-23 06:12:02,completed
3799,35,7,2024-05-11 12:51:32,2024-05-18 22:51:32,cancelled
3800,129,3,2024-01-30 17:24:24,2024-02-07 21:24:24,shipped
3801,431,3,2024-12-07 17:38:50,2024-12-09 13:38:50,returned
3802,406,5,2024-12-07 06:49:07,2024-12-16 01:49:07,placed
3803,372,4,2024-07-20 01:34:34,2024-07-27 21:34:34,returned
3804,316,7,2024-09-26 05:19:32,2024-09-27 08:19:32,completed
3805,134,12,2024-08-15 00:24:29,2024-08-24 22:24:29,completed
3806,104,9,2024-12-27 16:59:43,2025-01-05 12:59:43,completed
3807,55,9,2024-08-02 19:21:19,2024-08-09 15:21:19,placed
3808,211,8,2024-05-25 10:39:44,2024-05-30 07:39:44,completed
3809,399,11,2024-05-28 14:20:32,2024-06-03 20:20:32,completed
3810,323,1,2024-03-08 15:09:56,2024-03-10 23:09:56,completed
3811,468,7,2024-02-26 00:09:01,2024-03-06 15:09:01,completed
3812,3,12,2024-08-07 13:57:30,2024-08-13 09:57:30,returned
3813,189,5,2024-12-07 23:29:00,2024-12-14 03:29:00,completed
3814,260,12,2024-07-19 14:11:13,2024-07-21 18:11:13,placed
3815,369,10,2024-10-24 00:56:39,2024-10-24 21:56:39,cancelled
3816,138,8,2024-02-26 18:19:56,2024-02-26 18:19:56,shipped
3817,89,5,2024-04-20 03:45:04,2024-04-22 18:45:04,placed
3818,19,1,2024-08-16 14:53:17,2024-08-18 13:53:17,cancelled
3819,16,8,2024-02-10 15:17:48,2024-02-13 20:17:48,returned
3820,189,9,2024-02-07 14:23:34,2024-02-13 22:23:34,cancelled
3821,85,6,2024-01-04 05:32:30,2024-01-07 10:32:30,completed
3822,36,7,2024-09-16 14:09:48,2024-09-16 23:09:48,returned
3823,92,12,2024-02-09 07:29:55,2024-02-09 12:29:55,completed
3824,413,1,2024-12-22 12:11:56,2024-12-28 19:11:56,shipped
3825,487,10,2024-11-09 23:28:34,2024-11-14 03:28:34,completed
3826,9,4,2024-06-21 00:15:02,2024-06-24 00:15:02,cancelled
3827,47,2,2024-04-18 03:11:01,2024-04-18 09:11:01,completed
3828,436,12,2024-03-26 12:28:03,2024-04-03 06:28:03,completed
3829,417,2,2024-06-12 13:31:07,2024-06-20 06:31:07,returned
3830,422,3,2024-04-12 08:58:48,2024-04-13 14:58:48,completed
3831,375,1,2024-05-29 18:38:28,2024-05-31 23:38:28,shipped
3832,226,5,2024-08-11 07:33:20,2024-08-18 21:33:20,placed
3833,360,5,2024-10-15 12:22:47,2024-10-19 06:22:47,shipped
3834,146,10,2024-07-18 11:57:29,2024-07-20 12:57:29,completed
3835,212,6,2024-03-20 10:07:35,2024-03-27 00:07:35,completed
3836,9,9,2024-01-20 04:48:13,2024-01-25 11:48:13,completed
3837,347,9,2024-05-09 04:08:38,2024-05-15 09:08:38,completed
3838,468,12,2024-05-23 01:31:05,2024-05-29 03:31:05,completed
3839,56,11,2024-07-01 16:23:57,2024-07-09 20:23:57,placed
3840,147,5,2024-11-16 23:40:00,2024-11-24 09:40:00,completed
3841,160,9,2024-02-16 20:35:55,2024-02-26 03:35:55,placed
3842,280,5,2024-05-15 23:07:33,2024-05-16 09:07:33,returned
3843,460,3,2024-04-30 12:17:24,2024-05-02 14:17:24,completed
3844,391,7,2024-01-01 20:36:58,2024-01-02 15:36:58,returned
3845,113,10,2024-03-18 16:59:11,2024-03-23 04:59:11,cancelled
3846,492,12,2024-04-04 23:29:12,2024-04-09 12:29:12,cancelled
3847,134,9,2024-10-13 14:10:39,2024-10-16 03:10:39,completed
3848,345,9,2024-05-01 20:26:40,2024-05-05 22:26:40,cancelled
3849,208,12,2024-03-10 07:55:56,2024-03-17 15:55:56,completed
3850,101,12,2024-05-19 06:16:20,2024-05-25 17:16:20,returned
3851,407,9,2024-12-10 10:22:43,2024-12-15 20:22:43,shipped
3852,238,1,2024-05-29 08:43:29,2024-06-01 07:43:29,completed
3853,443,12,2024-04-20 06:49:13,2024-04-30 03:49:13,shipped
3854,14,7,2024-09-28 19:23:59,2024-09-30 08:23:59,returned
3855,337,8,2024-04-18 04:50:10,2024-04-21 22:50:10,completed
3856,94,8,2024-08-20 00:30:05,2024-08-28 19:30:05,completed
3857,290,12,2024-10-09 07:58:22,2024-10-12 23:58:22,completed
3858,159,11,2024-06-21 23:38:23,2024-06-26 23:38:23,shipped
3859,131,8,2024-10-29 16:18:14,2024-11-06 02:18:14,placed
3860,439,9,2024-02-21 20:42:15,2024-02-29 02:42:15,completed
3861,475,9,2024-12-02 17:25:59,2024-12-12 14:25:59,completed
3862,176,2,2024-11-26 23:57:50,2024-12-02 07:57:50,shipped
3863,376,3,2024-01-03 20:51:15,2024-01-13 17:51:15,cancelled
3864,94,12,2024-04-12 12:17:36,2024-04-16 11:17:36,shipped
3865,392,6,2024-08-19 05:05:02,2024-08-19 21:05:02,completed
3866,146,3,2024-03-02 06:18:22,2024-03-11 05:18:22,placed
3867,443,11,2024-04-01 12:54:18,2024-04-06 08:54:18,placed
3868,221,4,2024-02-21 11:38:20,2024-02-27 19:38:20,returned
3869,408,9,2024-10-14 00:22:59,2024-10-18 00:22:59,shipped
3870,198,11,2024-07-17 14:13:05,2024-07-22 10:13:05,returned
3871,264,11,2024-07-01 04:07:09,2024-07-05 07:07:09,completed
3872,15,4,2024-05-24 20:46:58,2024-05-25 18:46:58,completed
3873,89,11,2024-05-04 09:53:55,2024-05-06 19:53:55,completed
3874,59,6,2024-08-02 13:19:40,2024-08-03 05:19:40,shipped
3875,223,11,2024-08-28 23:33:55,2024-09-01 09:33:55,completed
3876,168,1,2024-11-18 22:32:50,2024-11-27 14:32:50,completed
3877,391,1,2024-06-15 05:10:31,2024-06-15 18:10:31,cancelled
3878,118,3,2024-08-02 05:56:03,2024-08-09 23:56:03,completed
3879,140,4,2024-12-20 06:38:49,2024-12-25 18:38:49,cancelled
3880,343,6,2024-03-01 16:51:17,2024-03-03 07:51:17,completed
3881,478,2,2024-02-23 17:19:51,2024-02-28 03:19:51,completed
3882,367,7,2024-12-18 06:48:23,2024-12-24 18:48:23,completed
3883,383,5,2024-12-04 02:11:04,2024-12-06 19:11:04,returned
3884,450,5,2024-09-11 14:51:07,2024-09-15 16:51:07,returned
3885,260,4,2024-06-21 15:45:07,2024-06-25 23:45:07,returned
3886,332,4,2024-07-02 14:34:54,2024-07-08 05:34:54,placed
3887,358,5,2024-04-09 03:15:23,2024-04-12 11:15:23,returned
3888,349,6,2024-01-30 11:04:15,2024-02-08 20:04:15,placed
3889,273,9,2024-07-29 13:18:33,2024-08-06 12:18:33,completed
3890,431,5,2024-08-06 21:58:24,2024-08-09 08:58:24,completed
3891,5,3,2024-11-13 17:18:22,2024-11-22 14:18:22,completed
3892,35,11,2024-04-24 19:38:13,2024-04-30 22:38:13,completed
3893,117,10,2024-06-26 21:50:45,2024-07-05 02:50:45,completed
3894,24,5,2024-02-25 23:04:55,2024-02-29 21:04:55,shipped
3895,4,3,2024-07-31 18:10:36,2024-08-07 12:10:36,completed
3896,323,12,2024-03-11 09:58:51,2024-03-16 11:58:51,shipped
3897,202,1,2024-09-01 20:32:09,2024-09-08 19:32:09,completed
3898,65,2,2024-07-04 18:42:25,2024-07-11 04:42:25,completed
3899,133,1,2024-11-28 15:00:03,2024-12-06 21:00:03,completed
3900,29,1,2024-01-25 05:38:03,2024-01-27 13:38:03,shipped
3901,167,7,2024-08-18 11:44:42,2024-08-28 07:44:42,placed
3902,32,8,2024-05-07 23:12:47,2024-05-10 11:12:47,placed
3903,46,12,2024-05-06 02:49:27,2024-05-13 16:49:27,placed
3904,309,6,2024-02-25 01:18:58,2024-02-29 08:18:58,placed
3905,124,12,2024-10-04 00:56:35,2024-10-11 23:56:35,returned
3906,133,8,2024-01-31 09:09:01,2024-02-03 00:09:01,shipped
3907,496,4,2024-12-09 06:32:33,2024-12-13 08:32:33,returned
3908,276,8,2024-09-26 02:10:41,2024-09-30 03:10:41,shipped
3909,178,12,2024-07-16 01:00:38,2024-07-25 04:00:38,placed
3910,246,9,2024-05-21 00:12:22,2024-05-30 07:12:22,placed
3911,146,3,2024-10-21 08:00:20,2024-10-28 09:00:20,completed
3912,405,4,2024-07-31 04:01:50,2024-08-05 00:01:50,shipped
3913,477,9,2024-08-16 21:27:25,2024-08-21 14:27:25,completed
3914,158,6,2024-02-23 13:19:00,2024-02-23 21:19:00,completed
3915,12,10,2024-07-18 01:09:37,2024-07-27 06:09:37,returned
3916,65,3,2024-07-16 21:04:10,2024-07-20 12:04:10,cancelled
3917,180,6,2024-07-24 00:29:01,2024-08-01 06:29:01,completed
3918,51,11,2024-12-15 21:51:55,2024-12-18 07:51:55,shipped
3919,262,3,2024-10-15 08:16:31,2024-10-16 15:16:31,cancelled
3920,111,11,2024-10-10 20:01:11,2024-10-11 08:01:11,completed
3921,389,9,2024-02-29 12:24:28,2024-03-06 11:24:28,completed
3922,338,10,2024-06-18 04:25:56,2024-06-23 12:25:56,placed
3923,264,5,2024-01-11 23:21:10,2024-01-19 07:21:10,completed
3924,238,7,2024-07-29 01:23:28,2024-08-04 04:23:28,completed
3925,261,7,2024-06-10 18:48:25,2024-06-17 23:48:25,completed
3926,130,6,2024-04-17 15:49:33,2024-04-21 02:49:33,shipped
3927,209,2,2024-09-30 07:13:30,2024-10-03 09:13:30,completed
3928,8,3,2024-03-05 18:15:03,2024-03-12 18:15:03,shipped
3929,305,11,2024-04-26 20:33:05,2024-04-29 21:33:05,shipped
3930,337,12,2024-10-03 23:11:49,2024-10-11 04:11:49,completed
3931,207,9,2024-02-20 11:31:24,2024-02-25 01:31:24,completed
3932,487,5,2024-03-24 12:16:34,2024-03-26 13:16:34,completed
3933,356,11,2024-11-15 03:21:15,2024-11-17 06:21:15,shipped
3934,115,2,2024-07-13 13:32:07,2024-07-18 22:32:07,completed
3935,87,4,2024-12-23 06:05:36,2024-12-24 03:05:36,placed
3936,241,3,2024-06-04 01:38:13,2024-06-06 11:38:13,completed
3937,132,2,2024-08-01 11:48:35,2024-08-11 04:48:35,placed
3938,213,12,2024-03-26 00:31:17,2024-03-28 21:31:17,shipped
3939,236,2,2024-04-30 20:51:31,2024-05-09 17:51:31,completed
3940,227,9,2024-02-10 01:16:35,2024-02-17 08:16:35,shipped
3941,113,8,2024-04-05 05:14:28,2024-04-11 11:14:28,completed
3942,452,1,2024-06-03 18:08:06,2024-06-06 08:08:06,shipped
3943,249,10,2024-09-27 07:42:08,2024-10-02 20:42:08,completed
3944,473,9,2024-09-18 10:17:58,2024-09-28 09:17:58,shipped
3945,377,11,2024-12-29 09:55:30,2025-01-04 01:55:30,cancelled
3946,451,1,2024-02-11 23:48:24,2024-02-21 14:48:24,completed
3947,130,6,2024-06-08 16:21:41,2024-06-16 00:21:41,returned
3948,339,5,2024-07-13 12:16:09,2024-07-22 19:16:09,completed
3949,4,1,2024-02-19 13:23:40,2024-02-25 05:23:40,cancelled
3950,90,12,2024-04-20 09:39:36,2024-04-22 10:39:36,completed
3951,271,11,2024-12-11 11:21:50,2024-12-15 01:21:50,shipped
3952,138,8,2024-09-10 04:26:08,2024-09-10 13:26:08,shipped
3953,159,1,2024-08-27 06:17:16,2024-09-03 13:17:16,completed
3954,90,1,2024-01-15 17:36:46,2024-01-23 01:36:46,completed
3955,63,10,2024-03-14 03:58:59,2024-03-18 11:58:59,completed
3956,14,3,2024-04-05 00:52:51,2024-04-06 21:52:51,shipped
3957,62,5,2024-03-13 11:26:04,2024-03-18 17:26:04,shipped
3958,201,2,2024-01-21 08:28:01,2024-01-28 16:28:01,completed
3959,62,12,2024-09-10 10:31:16,2024-09-17 00:31:16,completed
3960,209,4,2024-01-09 08:52:03,2024-01-16 10:52:03,shipped
3961,229,1,2024-01-31 10:19:04,2024-02-07 12:19:04,completed
3962,15,7,2024-04-11 21:26:05,2024-04-18 23:26:05,completed
3963,393,6,2024-02-26 08:18:40,2024-03-04 05:18:40,completed
3964,419,10,2024-04-30 16:01:17,2024-05-09 05:01:17,completed
3965,104,4,2024-09-08 21:34:20,2024-09-16 20:34:20,shipped
3966,356,3,2024-07-29 22:11:45,2024-08-06 09:11:45,completed
3967,200,9,2024-09-11 23:47:33,2024-09-14 16:47:33,completed
3968,176,9,2024-04-11 17:04:18,2024-04-17 05:04:18,shipped
3969,96,12,2024-06-19 10:35:40,2024-06-25 06:35:40,placed
3970,422,4,2024-03-27 12:48:05,2024-03-30 09:48:05,cancelled
3971,101,4,2024-02-15 18:43:57,2024-02-16 06:43:57,cancelled
3972,315,9,2024-01-04 18:54:00,2024-01-06 18:54:00,completed
3973,299,8,2024-10-17 01:30:47,2024-10-19 18:30:47,completed
3974,94,9,2024-03-22 20:23:44,2024-03-23 14:23:44,returned
3975,257,8,2024-12-05 02:44:10,2024-12-08 05:44:10,shipped
3976,280,9,2024-11-19 01:33:47,2024-11-20 20:33:47,completed
3977,53,3,2024-02-10 15:54:37,2024-02-11 21:54:37,returned
3978,348,4,2024-03-19 15:31:31,2024-03-23 00:31:31,completed
3979,459,11,2024-05-21 19:29:28,2024-05-30 17:29:28,cancelled
3980,259,4,2024-10-07 08:36:01,2024-10-14 13:36:01,returned
3981,162,8,2024-06-05 02:52:38,2024-06-08 09:52:38,placed
3982,293,7,2024-06-27 11:36:45,2024-07-03 13:36:45,completed
3983,217,10,2024-12-22 07:23:41,2024-12-24 03:23:41,completed
3984,378,4,2024-03-27 18:06:44,2024-04-04 05:06:44,shipped
3985,350,1,2024-05-22 19:08:54,2024-05-25 01:08:54,completed
3986,467,11,2024-01-22 12:10:59,2024-01-29 04:10:59,completed
3987,4,9,2024-09-16 14:50:05,2024-09-20 12:50:05,returned
3988,74,8,2024-02-08 05:59:33,2024-02-17 23:59:33,completed
3989,29,7,2024-12-20 13:09:36,2024-12-27 19:09:36,completed
3990,84,11,2024-03-16 20:02:28,2024-03-21 05:02:28,completed
3991,485,12,2024-09-13 00:33:19,2024-09-20 21:33:19,cancelled
3992,234,7,2024-04-15 04:49:22,2024-04-20 21:49:22,completed
3993,331,8,2024-07-18 03:55:57,2024-07-26 17:55:57,placed
3994,128,11,2024-11-20 06:14:01,2024-11-27 09:14:01,placed
3995,214,12,2024-08-10 03:26:22,2024-08-11 01:26:22,placed
3996,133,1,2024-11-09 08:51:09,2024-11-12 11:51:09,completed
3997,410,1,2024-06-03 07:46:41,2024-06-05 10:46:41,completed
3998,349,10,2024-07-22 00:41:24,2024-07-29 13:41:24,completed
3999,308,10,2024-10-21 11:35:14,2024-10-22 23:35:14,completed
4000,384,10,2024-01-10 00:55:43,2024-01-13 15:55:43,returned
