payment_id,order_id,payment_method,amount,paid_at
1-1,1,credit_card,226.44,2024-01-20 07:41:52
2-1,2,paypal,288.35,2024-01-04 11:23:06
3-1,3,paypal,532.21,2024-11-26 17:56:30
4-1,4,paypal,42.35,2024-08-24 13:40:30
5-1,5,credit_card,545.4,2024-09-11 20:09:40
6-1,6,apple_pay,760.35,2024-04-10 18:20:41
7-1,7,debit_card,321.63,2024-11-22 12:19:13
8-1,8,gift_card,296.07,2024-09-11 04:40:22
9-1,9,gift_card,507.52,2024-01-21 20:27:19
10-1,10,credit_card,276.07,2024-03-11 01:10:48
11-1,11,debit_card,634.74,2024-09-03 00:45:54
12-1,12,paypal,352.79,2024-05-01 05:42:38
12-2,12,debit_card,352.78,2024-05-01 05:04:38
13-1,13,credit_card,117.88,2024-01-08 10:39:19
14-1,14,credit_card,80.45,2024-04-09 08:10:40
15-1,15,paypal,626.08,2024-06-10 20:44:47
16-1,16,gift_card,593.08,2024-07-12 07:36:51
17-1,17,apple_pay,81.8,2024-01-05 22:53:58
18-1,18,paypal,99.92,2024-02-09 08:28:44
18-2,18,paypal,99.92,2024-02-09 08:32:44
19-1,19,paypal,161.22,2024-02-06 22:23:59
20-1,20,gift_card,870.44,2024-04-14 05:30:29
21-1,21,gift_card,15.13,2024-02-13 22:36:48
21-2,21,apple_pay,15.13,2024-02-13 22:28:48
22-1,22,paypal,484.47,2024-08-25 10:29:41
23-1,23,apple_pay,323.51,2024-09-29 01:55:50
24-1,24,gift_card,808.31,2024-12-28 21:26:22
25-1,25,paypal,148.28,2024-06-23 01:30:53
25-2,25,apple_pay,148.29,2024-06-23 01:09:53
26-1,26,gift_card,613.3,2024-09-17 18:42:41
27-1,27,debit_card,438.71,2024-03-27 02:56:58
28-1,28,apple_pay,158.25,2024-03-24 17:33:23
29-1,29,apple_pay,724.49,2024-06-26 16:05:50
30-1,30,debit_card,452.17,2024-12-08 07:21:19
30-2,30,debit_card,452.16,2024-12-08 07:48:19
31-1,31,apple_pay,382.25,2024-09-23 16:10:52
32-1,32,credit_card,998.85,2024-09-16 03:05:22
33-1,33,paypal,362.88,2024-03-20 06:09:34
34-1,34,paypal,278.09,2024-12-25 20:15:51
34-2,34,apple_pay,278.09,2024-12-25 20:01:51
35-1,35,apple_pay,119.92,2024-03-17 07:20:28
36-1,36,apple_pay,13.16,2024-06-15 10:01:56
36-2,36,apple_pay,13.16,2024-06-15 10:51:56
37-1,37,paypal,554.56,2024-07-09 12:29:58
38-1,38,apple_pay,619.34,2024-09-14 14:58:31
39-1,39,apple_pay,198.63,2024-09-22 02:42:23
40-1,40,debit_card,823.4,2024-07-18 18:37:28
41-1,41,apple_pay,352.2,2024-11-20 13:49:47
42-1,42,apple_pay,256.97,2024-06-07 07:30:46
43-1,43,paypal,1008.68,2024-04-27 01:47:31
44-1,44,paypal,131.7,2024-12-05 17:38:07
44-2,44,paypal,131.7,2024-12-05 17:38:07
45-1,45,apple_pay,89.92,2024-11-26 16:39:18
45-2,45,apple_pay,89.91,2024-11-26 16:14:18
46-1,46,apple_pay,747.41,2024-01-27 04:14:59
47-1,47,paypal,314.14,2024-06-15 09:02:51
48-1,48,credit_card,606.08,2024-06-21 23:59:13
49-1,49,credit_card,938.63,2024-09-02 07:36:08
50-1,50,debit_card,591.53,2024-01-05 02:45:17
51-1,51,apple_pay,865.98,2024-07-20 03:43:24
52-1,52,apple_pay,357.04,2024-07-19 15:38:50
53-1,53,gift_card,752.37,2024-06-19 20:10:11
54-1,54,apple_pay,64.84,2024-02-19 16:23:32
54-2,54,apple_pay,64.84,2024-02-19 16:34:32
55-1,55,debit_card,496.16,2024-12-07 04:56:49
56-1,56,apple_pay,390.6,2024-04-12 18:13:41
57-1,57,credit_card,700.93,2024-08-23 04:30:18
58-1,58,credit_card,592.0,2024-03-30 03:34:00
59-1,59,paypal,258.19,2024-07-20 21:25:53
60-1,60,debit_card,609.84,2024-08-07 08:00:29
61-1,61,credit_card,415.06,2024-02-16 06:07:35
62-1,62,gift_card,146.02,2024-01-03 02:17:44
63-1,63,debit_card,454.84,2024-09-11 20:04:47
64-1,64,paypal,823.03,2024-05-17 03:34:18
65-1,65,gift_card,721.96,2024-02-11 09:02:31
66-1,66,paypal,692.09,2024-11-30 18:53:21
67-1,67,debit_card,560.42,2024-06-03 22:49:10
68-1,68,gift_card,227.85,2024-04-01 05:42:59
69-1,69,apple_pay,1016.75,2024-01-17 10:17:15
70-1,70,debit_card,159.72,2024-10-28 08:20:56
71-1,71,paypal,340.2,2024-05-06 09:40:06
72-1,72,gift_card,487.76,2024-04-18 14:32:10
73-1,73,apple_pay,359.56,2024-02-28 02:47:20
74-1,74,gift_card,176.28,2024-06-03 18:09:29
75-1,75,paypal,427.34,2024-05-20 05:07:35
76-1,76,debit_card,85.89,2024-10-27 21:48:27
76-2,76,paypal,85.89,2024-10-27 21:34:27
77-1,77,paypal,86.4,2024-08-10 00:47:54
78-1,78,credit_card,833.98,2024-09-07 08:44:13
79-1,79,paypal,203.76,2024-02-10 00:34:59
80-1,80,gift_card,310.98,2024-02-21 00:04:28
81-1,81,paypal,401.22,2024-12-29 02:28:14
82-1,82,gift_card,336.34,2024-07-28 14:23:17
83-1,83,gift_card,37.59,2024-11-05 21:59:14
83-2,83,debit_card,37.59,2024-11-05 21:44:14
84-1,84,paypal,161.33,2024-09-07 21:30:14
85-1,85,paypal,281.61,2024-03-11 20:17:29
86-1,86,paypal,398.43,2024-10-09 09:36:44
87-1,87,paypal,189.12,2024-05-08 07:00:25
87-2,87,gift_card,189.13,2024-05-08 07:01:25
88-1,88,apple_pay,349.07,2024-10-25 08:11:11
89-1,89,apple_pay,148.94,2024-07-05 21:30:05
90-1,90,apple_pay,481.52,2024-01-04 12:03:56
91-1,91,apple_pay,825.28,2024-07-08 11:12:30
92-1,92,apple_pay,771.74,2024-05-05 17:10:27
93-1,93,debit_card,274.23,2024-01-25 15:18:16
93-2,93,credit_card,274.23,2024-01-25 14:35:16
94-1,94,credit_card,224.13,2024-03-15 10:28:47
94-2,94,credit_card,224.14,2024-03-15 10:22:47
95-1,95,apple_pay,224.64,2024-12-30 09:09:59
96-1,96,apple_pay,500.54,2024-03-30 17:36:37
97-1,97,debit_card,134.7,2024-09-29 20:48:40
98-1,98,gift_card,1195.86,2024-12-28 13:02:12
99-1,99,paypal,217.55,2024-04-20 12:31:57
100-1,100,debit_card,62.43,2024-08-04 01:32:25
100-2,100,paypal,62.43,2024-08-04 02:09:25
101-1,101,apple_pay,180.58,2024-08-09 14:11:32
102-1,102,credit_card,614.25,2024-08-19 04:16:24
103-1,103,gift_card,537.26,2024-05-04 00:23:45
104-1,104,gift_card,134.88,2024-02-02 02:11:34
105-1,105,gift_card,379.94,2024-10-22 22:59:41
106-1,106,debit_card,697.86,2024-02-04 19:16:57
107-1,107,debit_card,31.44,2024-03-01 14:51:36
108-1,108,apple_pay,232.52,2024-01-06 08:13:12
109-1,109,paypal,328.03,2024-07-22 05:14:29
110-1,110,credit_card,746.03,2024-01-04 06:37:48
111-1,111,paypal,141.03,2024-12-02 15:15:27
111-2,111,gift_card,141.02,2024-12-02 15:19:27
112-1,112,credit_card,351.66,2024-01-08 04:14:29
112-2,112,apple_pay,351.66,2024-01-08 04:14:29
113-1,113,gift_card,359.34,2024-02-28 22:20:21
114-1,114,apple_pay,349.8,2024-05-07 22:07:22
115-1,115,paypal,752.88,2024-12-19 00:39:48
116-1,116,gift_card,832.15,2024-02-11 11:41:54
117-1,117,paypal,730.28,2024-03-04 15:30:58
118-1,118,credit_card,1007.63,2024-06-15 01:18:28
119-1,119,credit_card,303.06,2024-06-03 14:46:02
120-1,120,credit_card,738.87,2024-03-10 20:20:26
121-1,121,credit_card,438.93,2024-05-20 23:18:39
122-1,122,gift_card,53.61,2024-10-10 14:10:02
123-1,123,apple_pay,297.7,2024-08-24 03:06:15
124-1,124,debit_card,18.88,2024-08-04 13:37:48
125-1,125,paypal,284.62,2024-08-12 13:11:52
126-1,126,debit_card,407.28,2024-10-25 11:42:03
127-1,127,gift_card,1199.58,2024-08-09 22:22:37
128-1,128,apple_pay,95.09,2024-03-31 09:33:22
129-1,129,paypal,206.47,2024-05-09 15:59:09
130-1,130,apple_pay,537.04,2024-09-23 09:24:10
130-2,130,paypal,537.05,2024-09-23 08:56:10
131-1,131,apple_pay,986.56,2024-12-26 08:15:45
132-1,132,paypal,403.75,2024-08-19 03:48:25
133-1,133,credit_card,219.72,2024-03-09 00:05:13
134-1,134,credit_card,313.92,2024-02-29 20:06:32
134-2,134,paypal,313.91,2024-02-29 21:05:32
135-1,135,debit_card,265.2,2024-11-25 09:17:19
136-1,136,apple_pay,42.86,2024-07-25 17:45:12
137-1,137,apple_pay,238.33,2024-03-21 05:54:26
137-2,137,credit_card,238.33,2024-03-21 05:34:26
138-1,138,gift_card,766.18,2024-12-16 19:53:43
139-1,139,paypal,926.38,2024-11-11 17:09:14
140-1,140,paypal,415.03,2024-06-25 01:28:15
141-1,141,apple_pay,276.76,2024-08-17 08:38:38
142-1,142,paypal,155.03,2024-08-08 07:22:29
143-1,143,gift_card,83.2,2024-03-09 10:23:38
144-1,144,apple_pay,203.58,2024-09-13 09:46:53
145-1,145,apple_pay,1035.88,2024-03-20 21:26:20
146-1,146,debit_card,669.94,2024-11-27 02:37:27
147-1,147,gift_card,70.73,2024-02-24 00:20:56
147-2,147,credit_card,70.74,2024-02-24 00:20:56
148-1,148,apple_pay,1455.6,2024-11-30 01:29:17
149-1,149,gift_card,341.88,2024-08-11 20:43:35
150-1,150,apple_pay,178.96,2024-10-10 14:08:18
151-1,151,paypal,251.92,2024-12-16 22:27:30
152-1,152,apple_pay,764.27,2024-04-22 07:41:05
153-1,153,debit_card,393.2,2024-04-07 21:33:07
154-1,154,apple_pay,1114.75,2024-04-01 18:16:18
155-1,155,gift_card,114.58,2024-01-22 03:08:10
156-1,156,paypal,282.65,2024-03-31 18:46:52
157-1,157,debit_card,696.23,2024-12-22 13:19:18
158-1,158,credit_card,100.31,2024-09-25 02:24:37
159-1,159,credit_card,252.04,2024-06-22 04:33:57
160-1,160,paypal,737.07,2024-02-20 11:38:24
161-1,161,debit_card,637.34,2024-05-30 22:29:31
162-1,162,credit_card,294.67,2024-03-25 20:12:34
163-1,163,gift_card,823.82,2024-02-28 21:12:02
164-1,164,paypal,159.96,2024-12-29 03:54:29
165-1,165,gift_card,305.66,2024-08-03 08:52:09
165-2,165,debit_card,305.66,2024-08-03 08:13:09
166-1,166,gift_card,112.93,2024-01-10 20:25:54
166-2,166,credit_card,112.93,2024-01-10 20:45:54
167-1,167,apple_pay,225.98,2024-11-01 22:46:41
167-2,167,apple_pay,225.98,2024-11-01 22:51:41
168-1,168,credit_card,31.39,2024-01-15 07:54:29
169-1,169,credit_card,201.48,2024-12-17 08:10:51
170-1,170,apple_pay,228.81,2024-11-06 09:25:10
170-2,170,debit_card,228.8,2024-11-06 09:11:10
171-1,171,credit_card,117.17,2024-10-23 19:15:12
171-2,171,credit_card,117.16,2024-10-23 19:57:12
172-1,172,credit_card,49.76,2024-08-25 21:07:06
173-1,173,apple_pay,545.12,2024-12-10 11:38:53
174-1,174,debit_card,311.61,2024-11-17 00:06:07
175-1,175,paypal,109.05,2024-07-12 05:49:27
176-1,176,debit_card,685.25,2024-01-17 19:50:53
177-1,177,gift_card,182.84,2024-06-09 05:51:06
177-2,177,gift_card,182.84,2024-06-09 06:03:06
178-1,178,paypal,316.07,2024-10-06 13:27:12
179-1,179,debit_card,1075.17,2024-08-22 10:32:42
180-1,180,apple_pay,670.57,2024-08-13 01:49:27
181-1,181,gift_card,152.04,2024-10-11 05:38:33
182-1,182,apple_pay,790.85,2024-08-14 16:08:23
183-1,183,apple_pay,1007.08,2024-10-19 10:10:29
184-1,184,apple_pay,171.08,2024-10-02 12:13:04
184-2,184,gift_card,171.08,2024-10-02 11:47:04
185-1,185,credit_card,188.53,2024-05-24 19:02:34
185-2,185,paypal,188.52,2024-05-24 18:59:34
186-1,186,paypal,788.18,2024-07-11 18:33:08
187-1,187,credit_card,819.28,2024-09-11 16:16:51
188-1,188,paypal,116.73,2024-06-26 02:08:35
189-1,189,debit_card,291.56,2024-04-11 03:10:15
189-2,189,apple_pay,291.56,2024-04-11 03:42:15
190-1,190,apple_pay,796.9,2024-09-30 23:23:59
191-1,191,apple_pay,295.14,2024-06-04 23:52:43
191-2,191,debit_card,295.14,2024-06-04 23:58:43
192-1,192,gift_card,448.16,2024-08-23 00:39:02
193-1,193,apple_pay,721.39,2024-03-24 18:46:28
194-1,194,paypal,699.0,2024-10-20 16:22:37
195-1,195,paypal,91.14,2024-07-10 21:47:01
196-1,196,apple_pay,91.03,2024-12-18 04:42:30
196-2,196,paypal,91.04,2024-12-18 04:32:30
197-1,197,paypal,258.28,2024-06-18 08:53:11
198-1,198,credit_card,185.34,2024-01-19 22:41:20
199-1,199,gift_card,467.88,2024-07-30 04:11:58
200-1,200,credit_card,121.94,2024-02-09 19:28:13
200-2,200,debit_card,121.95,2024-02-09 19:35:13
201-1,201,credit_card,497.85,2024-05-15 05:47:05
202-1,202,gift_card,247.68,2024-02-25 06:55:06
203-1,203,credit_card,329.56,2024-01-13 17:48:00
204-1,204,apple_pay,223.03,2024-04-17 17:32:42
205-1,205,credit_card,717.14,2024-04-19 11:53:44
206-1,206,debit_card,567.13,2024-06-29 23:06:06
207-1,207,credit_card,451.48,2024-11-28 05:18:09
208-1,208,credit_card,98.38,2024-02-10 21:03:22
209-1,209,gift_card,695.31,2024-01-26 03:30:41
210-1,210,debit_card,447.02,2024-08-22 06:18:33
211-1,211,gift_card,1018.59,2024-05-07 00:22:59
212-1,212,gift_card,802.05,2024-05-29 00:23:22
213-1,213,apple_pay,633.81,2024-07-28 11:31:05
214-1,214,credit_card,228.66,2024-05-12 13:39:28
214-2,214,paypal,228.67,2024-05-12 12:51:28
215-1,215,credit_card,980.68,2024-01-08 16:34:44
216-1,216,paypal,827.48,2024-09-25 07:35:07
217-1,217,paypal,519.6,2024-08-10 18:03:01
218-1,218,gift_card,679.38,2024-05-01 16:56:40
219-1,219,debit_card,380.74,2024-07-25 22:12:14
219-2,219,gift_card,380.73,2024-07-25 21:35:14
220-1,220,credit_card,544.16,2024-09-07 21:49:14
221-1,221,credit_card,378.08,2024-09-12 19:35:21
222-1,222,apple_pay,419.52,2024-12-02 18:53:36
223-1,223,paypal,645.02,2024-04-02 11:30:13
224-1,224,credit_card,861.24,2024-12-01 03:32:37
225-1,225,gift_card,292.69,2024-04-03 02:55:26
225-2,225,paypal,292.7,2024-04-03 02:15:26
226-1,226,credit_card,688.88,2024-04-25 13:02:56
227-1,227,apple_pay,708.49,2024-07-01 23:39:20
228-1,228,gift_card,78.04,2024-10-13 13:29:34
229-1,229,gift_card,603.11,2024-01-02 05:35:06
230-1,230,debit_card,302.86,2024-04-11 05:43:45
230-2,230,credit_card,302.86,2024-04-11 06:41:45
231-1,231,credit_card,33.63,2024-08-25 16:41:58
231-2,231,apple_pay,33.63,2024-08-25 16:43:58
232-1,232,gift_card,189.28,2024-02-27 23:14:19
232-2,232,debit_card,189.29,2024-02-27 23:52:19
233-1,233,debit_card,601.28,2024-11-30 18:15:57
234-1,234,paypal,488.76,2024-01-12 04:55:05
235-1,235,gift_card,163.58,2024-03-23 10:19:43
236-1,236,paypal,690.89,2024-05-24 01:49:59
237-1,237,paypal,473.14,2024-04-19 21:13:24
238-1,238,debit_card,649.18,2024-06-18 12:36:16
239-1,239,gift_card,167.98,2024-08-06 18:33:46
240-1,240,paypal,108.11,2024-01-11 02:08:05
240-2,240,credit_card,108.1,2024-01-11 02:04:05
241-1,241,paypal,261.08,2024-09-13 03:41:07
242-1,242,debit_card,524.73,2024-10-15 20:50:06
243-1,243,apple_pay,705.32,2024-11-07 03:25:49
244-1,244,gift_card,788.55,2024-10-20 19:19:13
245-1,245,apple_pay,260.6,2024-09-22 18:43:05
246-1,246,gift_card,326.9,2024-06-29 10:56:44
247-1,247,credit_card,1127.66,2024-12-06 11:57:07
248-1,248,debit_card,929.8,2024-07-04 07:58:46
249-1,249,credit_card,107.5,2024-07-05 20:30:14
250-1,250,gift_card,269.32,2024-10-13 22:50:22
251-1,251,credit_card,371.93,2024-08-12 17:47:50
252-1,252,paypal,428.81,2024-06-11 00:58:10
253-1,253,credit_card,901.11,2024-09-12 03:59:37
254-1,254,apple_pay,798.96,2024-03-08 07:13:24
255-1,255,apple_pay,398.86,2024-05-11 04:11:57
256-1,256,debit_card,710.51,2024-11-27 11:18:25
257-1,257,credit_card,629.75,2024-10-09 20:59:26
258-1,258,gift_card,585.88,2024-10-20 04:40:02
259-1,259,apple_pay,186.22,2024-11-04 15:16:38
260-1,260,apple_pay,266.19,2024-05-11 09:31:06
261-1,261,debit_card,822.96,2024-12-10 01:01:40
262-1,262,debit_card,559.35,2024-11-02 04:25:33
263-1,263,gift_card,374.69,2024-03-24 00:41:00
264-1,264,debit_card,381.24,2024-01-24 06:50:05
265-1,265,gift_card,498.35,2024-08-14 04:08:22
266-1,266,apple_pay,1469.02,2024-07-23 09:58:27
267-1,267,credit_card,226.92,2024-09-26 17:34:10
268-1,268,apple_pay,244.57,2024-02-12 20:50:27
269-1,269,apple_pay,609.75,2024-12-11 06:44:49
270-1,270,gift_card,485.95,2024-07-15 01:31:24
271-1,271,apple_pay,205.92,2024-02-04 09:14:30
272-1,272,paypal,544.91,2024-07-29 10:40:43
273-1,273,paypal,363.83,2024-07-09 21:00:38
274-1,274,gift_card,280.6,2024-10-25 10:07:07
275-1,275,credit_card,484.5,2024-01-21 03:49:20
275-2,275,apple_pay,484.51,2024-01-21 04:09:20
276-1,276,apple_pay,409.92,2024-04-05 15:59:56
277-1,277,debit_card,870.95,2024-07-27 18:48:42
278-1,278,paypal,1127.74,2024-04-19 06:15:40
279-1,279,credit_card,729.83,2024-05-12 16:47:14
280-1,280,paypal,364.13,2024-06-21 21:32:53
281-1,281,apple_pay,646.66,2024-08-30 19:50:37
282-1,282,debit_card,65.5,2024-11-14 22:21:31
282-2,282,apple_pay,65.51,2024-11-14 22:11:31
283-1,283,gift_card,822.62,2024-03-15 12:34:09
284-1,284,debit_card,415.98,2024-12-09 06:22:08
285-1,285,paypal,207.73,2024-12-22 03:53:53
286-1,286,apple_pay,695.53,2024-02-11 21:15:51
287-1,287,credit_card,20.5,2024-12-22 00:42:50
288-1,288,credit_card,37.51,2024-06-16 17:40:52
289-1,289,credit_card,745.63,2024-03-31 13:22:40
290-1,290,debit_card,318.12,2024-12-17 05:29:21
290-2,290,gift_card,318.13,2024-12-17 05:39:21
291-1,291,apple_pay,303.9,2024-04-23 01:38:45
291-2,291,paypal,303.9,2024-04-23 01:48:45
292-1,292,gift_card,194.91,2024-05-10 09:13:56
293-1,293,paypal,173.06,2024-07-05 17:20:45
294-1,294,paypal,52.3,2024-08-15 11:45:34
295-1,295,gift_card,208.7,2024-11-25 04:16:28
296-1,296,debit_card,481.18,2024-05-11 10:09:38
296-2,296,apple_pay,481.17,2024-05-11 10:21:38
297-1,297,debit_card,298.22,2024-05-03 11:51:25
298-1,298,debit_card,492.12,2024-09-01 11:31:03
299-1,299,debit_card,704.84,2024-10-18 17:24:50
300-1,300,apple_pay,326.39,2024-08-09 21:54:28
301-1,301,credit_card,614.37,2024-06-30 14:43:27
302-1,302,paypal,84.1,2024-02-08 05:33:21
303-1,303,debit_card,1031.01,2024-11-24 08:38:55
304-1,304,debit_card,634.24,2024-08-15 23:35:13
305-1,305,credit_card,596.53,2024-01-04 19:13:05
306-1,306,debit_card,963.72,2024-05-08 06:11:28
307-1,307,credit_card,385.35,2024-08-22 08:08:33
308-1,308,gift_card,968.8,2024-03-07 18:23:54
309-1,309,apple_pay,374.8,2024-07-03 10:07:14
310-1,310,debit_card,638.89,2024-05-07 17:55:26
311-1,311,credit_card,1040.42,2024-12-15 13:00:41
312-1,312,credit_card,416.18,2024-12-16 09:30:13
313-1,313,gift_card,499.32,2024-09-19 09:44:14
314-1,314,credit_card,556.46,2024-08-01 00:26:28
315-1,315,apple_pay,109.44,2024-06-20 03:54:48
316-1,316,credit_card,537.65,2024-09-13 08:02:20
317-1,317,debit_card,96.24,2024-01-06 16:28:31
318-1,318,debit_card,659.6,2024-06-10 10:25:06
319-1,319,apple_pay,678.68,2024-05-02 20:24:21
320-1,320,debit_card,999.79,2024-03-07 14:38:53
321-1,321,apple_pay,178.68,2024-01-06 03:58:14
322-1,322,paypal,514.2,2024-05-25 11:08:47
323-1,323,debit_card,268.17,2024-07-21 07:44:12
324-1,324,debit_card,424.11,2024-10-06 10:51:48
325-1,325,credit_card,448.23,2024-04-01 19:34:12
326-1,326,debit_card,1018.72,2024-06-03 16:10:27
327-1,327,paypal,394.9,2024-04-28 19:06:11
327-2,327,gift_card,394.9,2024-04-28 19:01:11
328-1,328,paypal,51.44,2024-01-28 16:46:08
329-1,329,credit_card,463.6,2024-05-15 09:43:19
330-1,330,gift_card,155.78,2024-02-27 10:47:53
331-1,331,apple_pay,341.42,2024-12-15 22:35:17
332-1,332,debit_card,294.78,2024-08-15 15:38:33
333-1,333,gift_card,270.4,2024-09-28 11:24:09
334-1,334,gift_card,327.25,2024-03-13 10:02:27
334-2,334,apple_pay,327.26,2024-03-13 09:28:27
335-1,335,credit_card,234.33,2024-03-05 12:30:28
336-1,336,paypal,1290.48,2024-11-03 12:54:07
337-1,337,credit_card,699.99,2024-01-02 05:25:04
338-1,338,gift_card,246.96,2024-01-07 11:25:20
339-1,339,apple_pay,317.73,2024-11-04 09:09:49
340-1,340,debit_card,425.86,2024-12-14 03:54:00
341-1,341,apple_pay,184.69,2024-07-03 23:31:33
341-2,341,paypal,184.69,2024-07-03 23:51:33
342-1,342,gift_card,687.38,2024-10-15 13:33:43
343-1,343,debit_card,379.75,2024-04-30 17:24:21
343-2,343,apple_pay,379.74,2024-04-30 17:28:21
344-1,344,credit_card,539.75,2024-06-02 12:51:42
345-1,345,debit_card,373.93,2024-08-10 22:42:22
346-1,346,paypal,590.34,2024-09-29 00:43:12
347-1,347,apple_pay,54.06,2024-05-15 06:52:28
347-2,347,credit_card,54.06,2024-05-15 06:35:28
348-1,348,credit_card,346.34,2024-12-02 06:44:27
349-1,349,debit_card,172.12,2024-02-09 15:13:21
349-2,349,credit_card,172.12,2024-02-09 14:20:21
350-1,350,apple_pay,225.5,2024-05-11 11:05:59
351-1,351,paypal,416.76,2024-05-25 19:23:02
352-1,352,debit_card,156.08,2024-05-22 15:42:56
352-2,352,apple_pay,156.08,2024-05-22 16:17:56
353-1,353,apple_pay,581.2,2024-04-16 07:49:00
354-1,354,debit_card,115.98,2024-11-21 03:39:49
354-2,354,apple_pay,115.98,2024-11-21 03:28:49
355-1,355,credit_card,140.56,2024-08-03 10:57:53
356-1,356,apple_pay,377.42,2024-02-02 21:08:31
357-1,357,debit_card,273.86,2024-07-22 00:14:09
358-1,358,debit_card,1083.37,2024-08-17 20:34:07
359-1,359,paypal,734.54,2024-09-12 07:27:53
360-1,360,credit_card,470.4,2024-12-03 11:09:08
361-1,361,gift_card,367.21,2024-03-09 06:07:06
362-1,362,paypal,795.41,2024-09-20 06:24:52
363-1,363,paypal,526.83,2024-09-20 09:51:26
363-2,363,paypal,526.83,2024-09-20 10:19:26
364-1,364,gift_card,12.9,2024-01-31 21:36:34
365-1,365,credit_card,303.48,2024-06-13 16:33:49
366-1,366,debit_card,840.42,2024-07-26 13:09:05
367-1,367,gift_card,157.78,2024-04-22 15:38:57
367-2,367,paypal,157.77,2024-04-22 15:35:57
368-1,368,gift_card,100.08,2024-05-07 14:50:29
369-1,369,gift_card,349.17,2024-07-24 12:14:14
370-1,370,debit_card,694.94,2024-03-03 21:24:18
371-1,371,paypal,512.96,2024-04-13 05:52:55
372-1,372,paypal,265.58,2024-10-13 10:05:37
373-1,373,debit_card,25.07,2024-11-14 16:52:02
373-2,373,credit_card,25.07,2024-11-14 16:46:02
374-1,374,credit_card,328.5,2024-04-16 08:53:31
375-1,375,debit_card,737.52,2024-05-21 05:02:31
376-1,376,debit_card,82.91,2024-05-21 05:10:22
377-1,377,credit_card,312.59,2024-11-10 14:08:32
378-1,378,credit_card,793.88,2024-08-28 10:33:41
379-1,379,credit_card,352.0,2024-07-06 12:22:51
379-2,379,gift_card,352.01,2024-07-06 13:00:51
380-1,380,debit_card,814.55,2024-08-06 11:06:00
381-1,381,debit_card,412.63,2024-04-02 12:54:28
382-1,382,credit_card,499.11,2024-09-08 22:40:51
383-1,383,paypal,87.54,2024-10-10 17:27:09
384-1,384,debit_card,428.55,2024-08-22 17:44:22
385-1,385,debit_card,213.68,2024-03-14 08:22:07
386-1,386,credit_card,363.65,2024-06-14 14:25:23
387-1,387,apple_pay,1032.66,2024-04-13 23:28:21
388-1,388,gift_card,22.5,2024-07-30 02:59:22
388-2,388,credit_card,22.5,2024-07-30 03:48:22
389-1,389,debit_card,241.12,2024-03-29 00:51:55
389-2,389,paypal,241.11,2024-03-29 01:07:55
390-1,390,apple_pay,73.73,2024-05-09 14:53:25
391-1,391,credit_card,798.33,2024-09-20 21:36:38
392-1,392,gift_card,742.84,2024-10-29 02:14:21
393-1,393,apple_pay,207.14,2024-02-05 03:51:38
393-2,393,paypal,207.14,2024-02-05 03:09:38
394-1,394,credit_card,398.17,2024-12-23 22:21:49
394-2,394,apple_pay,398.17,2024-12-23 22:28:49
395-1,395,debit_card,219.52,2024-12-23 15:50:54
396-1,396,debit_card,58.79,2024-09-27 08:20:56
397-1,397,debit_card,82.08,2024-02-24 21:35:06
398-1,398,gift_card,266.43,2024-04-26 08:19:50
399-1,399,apple_pay,994.75,2024-08-03 05:44:27
400-1,400,credit_card,599.27,2024-11-13 03:15:47
401-1,401,paypal,236.14,2024-01-11 21:26:03
402-1,402,gift_card,465.87,2024-06-03 15:31:00
403-1,403,paypal,661.4,2024-04-22 16:29:31
404-1,404,credit_card,597.31,2024-01-16 13:27:50
405-1,405,gift_card,222.67,2024-05-01 20:20:12
406-1,406,debit_card,90.12,2024-10-23 09:30:22
406-2,406,paypal,90.13,2024-10-23 09:34:22
407-1,407,gift_card,321.39,2024-05-01 19:33:13
408-1,408,paypal,588.77,2024-11-27 14:19:53
409-1,409,gift_card,518.65,2024-08-22 17:37:52
410-1,410,paypal,712.01,2024-03-23 03:26:23
411-1,411,apple_pay,536.09,2024-02-05 22:00:53
412-1,412,debit_card,47.87,2024-08-05 20:33:44
412-2,412,paypal,47.87,2024-08-05 20:09:44
413-1,413,apple_pay,154.42,2024-06-06 19:53:52
414-1,414,gift_card,398.71,2024-10-16 14:55:52
415-1,415,credit_card,1008.69,2024-05-16 18:55:47
416-1,416,apple_pay,632.36,2024-02-04 19:53:10
417-1,417,paypal,345.56,2024-11-28 14:00:30
418-1,418,debit_card,280.99,2024-09-18 12:16:06
418-2,418,gift_card,280.98,2024-09-18 12:30:06
419-1,419,paypal,739.2,2024-06-15 16:24:28
420-1,420,credit_card,76.58,2024-05-05 05:40:44
421-1,421,paypal,236.12,2024-12-23 12:44:41
422-1,422,credit_card,376.25,2024-12-14 17:13:14
422-2,422,debit_card,376.24,2024-12-14 17:25:14
423-1,423,paypal,176.45,2024-02-06 01:24:44
424-1,424,credit_card,160.36,2024-11-10 00:20:24
425-1,425,debit_card,586.22,2024-05-14 16:29:30
426-1,426,debit_card,309.03,2024-09-25 14:27:42
426-2,426,debit_card,309.03,2024-09-25 14:23:42
427-1,427,paypal,1138.34,2024-04-19 04:49:52
428-1,428,paypal,742.92,2024-06-23 12:51:35
429-1,429,apple_pay,372.56,2024-09-24 07:34:01
430-1,430,paypal,331.24,2024-04-17 23:47:58
431-1,431,apple_pay,270.38,2024-11-07 17:56:27
432-1,432,apple_pay,724.47,2024-04-20 11:17:53
433-1,433,paypal,245.22,2024-08-25 20:06:31
434-1,434,credit_card,7.98,2024-01-02 22:19:24
434-2,434,paypal,7.98,2024-01-02 22:47:24
435-1,435,gift_card,125.17,2024-04-14 20:25:45
435-2,435,gift_card,125.17,2024-04-14 20:27:45
436-1,436,debit_card,726.69,2024-07-23 22:13:06
437-1,437,apple_pay,182.19,2024-07-11 02:35:35
438-1,438,apple_pay,254.28,2024-10-22 08:47:41
439-1,439,credit_card,181.59,2024-03-14 00:06:12
439-2,439,credit_card,181.6,2024-03-14 00:48:12
440-1,440,gift_card,316.54,2024-04-13 14:33:08
441-1,441,apple_pay,501.86,2024-06-05 10:05:44
442-1,442,apple_pay,545.16,2024-06-01 05:48:53
443-1,443,credit_card,331.91,2024-07-04 04:24:34
444-1,444,credit_card,155.6,2024-05-09 17:38:37
445-1,445,paypal,197.36,2024-08-08 07:46:32
446-1,446,debit_card,369.76,2024-05-16 06:12:58
447-1,447,paypal,1033.26,2024-07-12 08:32:57
448-1,448,paypal,1572.86,2024-04-17 07:27:35
449-1,449,paypal,14.46,2024-03-04 04:28:19
450-1,450,gift_card,614.5,2024-01-21 16:24:50
451-1,451,gift_card,535.79,2024-04-22 23:11:16
452-1,452,gift_card,219.46,2024-11-08 09:56:02
453-1,453,paypal,336.84,2024-10-30 21:01:59
454-1,454,apple_pay,545.26,2024-06-30 05:31:06
455-1,455,paypal,538.54,2024-10-20 08:50:02
456-1,456,debit_card,454.56,2024-05-08 16:07:38
457-1,457,apple_pay,546.22,2024-02-29 10:59:09
458-1,458,debit_card,197.54,2024-08-27 16:52:03
459-1,459,gift_card,697.09,2024-07-31 08:18:11
460-1,460,debit_card,388.07,2024-01-11 21:04:19
460-2,460,apple_pay,388.07,2024-01-11 21:06:19
461-1,461,apple_pay,540.0,2024-03-08 18:41:43
461-2,461,debit_card,540.01,2024-03-08 19:09:43
462-1,462,debit_card,291.58,2024-08-13 12:50:48
463-1,463,gift_card,183.35,2024-10-09 19:22:21
464-1,464,credit_card,535.5,2024-08-10 20:13:50
465-1,465,gift_card,583.84,2024-12-12 22:59:32
466-1,466,paypal,411.0,2024-01-31 08:25:11
467-1,467,paypal,110.16,2024-04-21 21:40:51
467-2,467,credit_card,110.15,2024-04-21 21:01:51
468-1,468,credit_card,134.02,2024-04-11 07:50:17
469-1,469,apple_pay,114.14,2024-11-08 22:17:53
470-1,470,paypal,61.1,2024-07-04 22:55:25
471-1,471,credit_card,68.54,2024-10-30 13:04:52
471-2,471,gift_card,68.54,2024-10-30 12:32:52
472-1,472,gift_card,634.68,2024-09-27 02:45:32
473-1,473,debit_card,196.16,2024-08-08 15:03:48
474-1,474,apple_pay,227.66,2024-01-17 23:42:40
475-1,475,paypal,653.46,2024-10-12 13:04:03
476-1,476,debit_card,457.9,2024-07-14 12:29:04
477-1,477,apple_pay,403.4,2024-06-20 00:04:58
478-1,478,paypal,315.33,2024-01-24 05:36:52
479-1,479,paypal,697.83,2024-10-20 01:08:43
480-1,480,paypal,873.39,2024-06-29 00:30:24
481-1,481,gift_card,603.59,2024-01-16 00:19:09
482-1,482,paypal,480.58,2024-01-04 11:29:51
483-1,483,debit_card,70.6,2024-04-10 19:48:44
484-1,484,debit_card,550.02,2024-08-13 05:20:23
485-1,485,gift_card,82.24,2024-07-15 21:04:14
486-1,486,debit_card,322.54,2024-12-06 04:30:34
487-1,487,credit_card,787.71,2024-02-11 07:08:17
488-1,488,paypal,665.32,2024-07-14 13:09:18
489-1,489,debit_card,706.13,2024-10-17 14:36:12
490-1,490,credit_card,342.37,2024-10-28 13:11:20
490-2,490,credit_card,342.36,2024-10-28 13:27:20
491-1,491,debit_card,100.56,2024-10-03 06:37:34
492-1,492,credit_card,813.34,2024-12-02 15:58:25
493-1,493,paypal,591.38,2024-06-23 08:28:28
494-1,494,apple_pay,182.16,2024-10-07 15:26:50
495-1,495,apple_pay,283.64,2024-07-16 09:21:38
496-1,496,debit_card,566.52,2024-04-20 14:32:38
497-1,497,debit_card,115.3,2024-11-21 18:05:21
498-1,498,credit_card,834.3,2024-05-23 12:44:03
499-1,499,apple_pay,124.66,2024-10-16 01:53:09
500-1,500,paypal,112.09,2024-10-01 12:08:41
501-1,501,debit_card,31.77,2024-09-13 18:53:55
502-1,502,debit_card,129.25,2024-07-01 13:47:35
502-2,502,gift_card,129.24,2024-07-01 13:51:35
503-1,503,debit_card,224.31,2024-08-25 09:37:25
504-1,504,paypal,744.0,2024-07-25 00:21:22
505-1,505,gift_card,471.35,2024-12-08 03:17:17
506-1,506,gift_card,563.43,2024-11-22 06:45:37
507-1,507,apple_pay,367.48,2024-04-14 05:32:52
508-1,508,paypal,54.24,2024-08-22 23:27:49
509-1,509,debit_card,650.9,2024-01-25 16:30:04
510-1,510,credit_card,163.6,2024-06-09 13:17:23
511-1,511,paypal,590.9,2024-01-10 10:53:25
512-1,512,credit_card,505.63,2024-01-29 17:01:25
513-1,513,credit_card,1111.95,2024-03-19 17:27:25
514-1,514,debit_card,623.75,2024-01-10 16:05:32
515-1,515,debit_card,1145.9,2024-08-27 10:53:20
516-1,516,credit_card,454.54,2024-07-30 21:39:20
517-1,517,apple_pay,525.64,2024-03-03 23:20:02
518-1,518,paypal,53.95,2024-12-05 12:49:29
519-1,519,gift_card,383.97,2024-12-11 11:22:40
520-1,520,credit_card,57.78,2024-12-26 01:19:29
521-1,521,gift_card,188.75,2024-03-18 09:55:32
522-1,522,apple_pay,180.13,2024-05-22 15:51:57
523-1,523,credit_card,388.04,2024-05-08 05:26:57
523-2,523,apple_pay,388.03,2024-05-08 06:09:57
524-1,524,paypal,504.16,2024-09-15 05:31:43
524-2,524,debit_card,504.16,2024-09-15 05:39:43
525-1,525,paypal,449.0,2024-06-20 13:12:48
526-1,526,debit_card,97.73,2024-08-27 14:36:58
527-1,527,paypal,427.73,2024-05-07 14:03:25
528-1,528,credit_card,445.45,2024-11-15 18:00:06
529-1,529,credit_card,922.45,2024-10-02 23:15:13
530-1,530,credit_card,128.2,2024-02-27 07:14:46
531-1,531,paypal,669.6,2024-05-16 05:06:08
532-1,532,paypal,150.15,2024-04-05 20:08:36
533-1,533,debit_card,748.13,2024-04-15 22:42:29
534-1,534,apple_pay,256.17,2024-05-29 19:23:16
535-1,535,gift_card,178.93,2024-11-04 11:29:58
536-1,536,gift_card,915.53,2024-05-05 11:03:38
537-1,537,apple_pay,402.62,2024-06-19 11:57:27
537-2,537,gift_card,402.62,2024-06-19 12:18:27
538-1,538,debit_card,450.48,2024-08-12 06:42:41
539-1,539,paypal,335.84,2024-11-02 06:04:58
540-1,540,gift_card,54.81,2024-11-29 03:39:23
541-1,541,paypal,147.93,2024-09-16 15:08:58
542-1,542,credit_card,597.73,2024-12-04 22:41:09
543-1,543,credit_card,293.13,2024-07-13 04:08:07
544-1,544,gift_card,1109.15,2024-03-10 17:40:43
545-1,545,paypal,246.96,2024-04-27 16:38:26
546-1,546,credit_card,720.82,2024-02-13 08:58:35
547-1,547,paypal,699.88,2024-06-27 18:36:51
548-1,548,gift_card,17.75,2024-10-13 21:26:58
549-1,549,credit_card,53.44,2024-05-14 03:38:00
550-1,550,credit_card,385.68,2024-01-31 14:58:30
551-1,551,paypal,331.91,2024-04-11 08:45:12
551-2,551,credit_card,331.91,2024-04-11 08:54:12
552-1,552,apple_pay,421.42,2024-10-30 17:32:22
553-1,553,apple_pay,951.77,2024-08-24 15:58:17
554-1,554,apple_pay,606.44,2024-05-31 12:00:03
555-1,555,credit_card,584.07,2024-06-10 08:20:35
556-1,556,paypal,970.33,2024-12-01 21:55:23
557-1,557,credit_card,607.88,2024-06-01 07:43:14
558-1,558,credit_card,38.42,2024-06-11 09:36:24
559-1,559,gift_card,211.1,2024-06-07 18:38:41
559-2,559,apple_pay,211.11,2024-06-07 18:58:41
560-1,560,credit_card,532.12,2024-06-26 18:55:55
561-1,561,credit_card,709.06,2024-06-27 07:59:17
562-1,562,credit_card,542.31,2024-09-21 21:18:14
563-1,563,debit_card,696.87,2024-12-26 04:44:01
564-1,564,paypal,364.16,2024-04-12 17:41:25
565-1,565,paypal,287.15,2024-05-08 10:44:09
566-1,566,debit_card,499.76,2024-10-05 00:41:53
567-1,567,gift_card,560.14,2024-08-14 21:38:46
567-2,567,gift_card,560.15,2024-08-14 22:24:46
568-1,568,credit_card,173.56,2024-09-16 18:02:12
568-2,568,apple_pay,173.57,2024-09-16 18:06:12
569-1,569,paypal,542.89,2024-03-19 16:33:58
570-1,570,debit_card,297.78,2024-09-24 21:13:39
571-1,571,debit_card,328.85,2024-12-17 22:20:45
572-1,572,gift_card,924.48,2024-02-02 09:50:56
573-1,573,debit_card,990.69,2024-09-02 03:03:28
574-1,574,paypal,67.08,2024-12-12 23:27:08
574-2,574,apple_pay,67.07,2024-12-12 23:39:08
575-1,575,apple_pay,181.48,2024-10-29 11:04:56
576-1,576,paypal,982.42,2024-03-01 01:27:16
577-1,577,debit_card,573.7,2024-05-24 00:30:25
578-1,578,paypal,153.13,2024-01-08 14:08:47
579-1,579,apple_pay,524.51,2024-03-18 11:25:43
579-2,579,credit_card,524.51,2024-03-18 11:07:43
580-1,580,apple_pay,630.72,2024-05-13 02:12:13
581-1,581,gift_card,700.88,2024-05-07 08:29:35
582-1,582,credit_card,408.89,2024-03-12 13:11:34
583-1,583,apple_pay,818.31,2024-12-20 13:46:39
584-1,584,apple_pay,1163.06,2024-11-24 16:25:53
585-1,585,apple_pay,106.19,2024-10-30 09:13:00
585-2,585,paypal,106.19,2024-10-30 09:04:00
586-1,586,credit_card,610.52,2024-09-15 10:19:41
587-1,587,paypal,330.38,2024-12-26 13:56:32
588-1,588,gift_card,95.02,2024-02-17 19:40:09
589-1,589,paypal,135.12,2024-08-17 06:00:22
590-1,590,paypal,448.7,2024-03-15 04:18:23
591-1,591,gift_card,464.9,2024-09-09 15:16:17
592-1,592,debit_card,623.76,2024-08-19 13:24:42
593-1,593,credit_card,531.92,2024-11-01 11:35:26
594-1,594,gift_card,1210.25,2024-01-14 07:27:45
595-1,595,debit_card,115.86,2024-06-20 01:18:23
595-2,595,apple_pay,115.86,2024-06-20 01:21:23
596-1,596,apple_pay,477.1,2024-09-16 14:20:14
597-1,597,apple_pay,757.67,2024-04-07 09:12:13
598-1,598,credit_card,235.22,2024-10-17 12:09:05
599-1,599,paypal,567.13,2024-03-03 21:13:46
599-2,599,gift_card,567.13,2024-03-03 21:41:46
600-1,600,credit_card,185.94,2024-09-14 14:02:12
600-2,600,apple_pay,185.94,2024-09-14 14:40:12
601-1,601,paypal,441.8,2024-12-05 04:21:31
602-1,602,apple_pay,198.36,2024-08-06 14:36:59
603-1,603,debit_card,1237.53,2024-02-08 22:07:16
604-1,604,gift_card,414.29,2024-01-01 03:42:45
605-1,605,paypal,269.04,2024-04-06 13:40:15
606-1,606,gift_card,1222.56,2024-09-04 07:27:06
607-1,607,gift_card,352.4,2024-12-06 07:13:13
607-2,607,credit_card,352.41,2024-12-06 08:05:13
608-1,608,debit_card,525.19,2024-11-23 03:39:16
609-1,609,gift_card,274.4,2024-08-17 13:56:22
610-1,610,apple_pay,1008.78,2024-05-28 14:00:17
611-1,611,paypal,230.55,2024-11-11 19:34:24
612-1,612,debit_card,717.96,2024-05-13 14:59:33
613-1,613,credit_card,325.77,2024-09-08 19:08:19
614-1,614,paypal,725.25,2024-08-29 12:33:36
615-1,615,paypal,953.8,2024-09-06 11:23:31
616-1,616,gift_card,162.2,2024-05-05 18:36:22
617-1,617,apple_pay,778.38,2024-03-26 01:24:47
618-1,618,debit_card,557.2,2024-12-11 02:43:27
619-1,619,apple_pay,437.06,2024-04-05 22:05:53
620-1,620,debit_card,535.49,2024-04-14 12:34:19
621-1,621,apple_pay,540.77,2024-01-26 10:25:27
622-1,622,debit_card,742.07,2024-05-08 09:02:35
623-1,623,credit_card,787.98,2024-11-20 13:58:21
624-1,624,apple_pay,262.18,2024-10-01 16:13:06
625-1,625,credit_card,3.55,2024-09-22 04:10:09
626-1,626,debit_card,140.1,2024-08-06 19:34:22
627-1,627,credit_card,136.17,2024-03-09 17:56:28
627-2,627,paypal,136.17,2024-03-09 18:04:28
628-1,628,debit_card,1060.32,2024-05-15 14:17:09
629-1,629,apple_pay,195.76,2024-11-04 09:13:09
629-2,629,apple_pay,195.76,2024-11-04 09:12:09
630-1,630,paypal,1069.26,2024-05-04 12:21:15
631-1,631,apple_pay,448.24,2024-05-30 23:58:33
632-1,632,debit_card,1221.53,2024-05-29 12:03:27
633-1,633,credit_card,719.02,2024-09-05 17:18:27
634-1,634,gift_card,935.76,2024-04-05 14:46:00
635-1,635,gift_card,154.95,2024-08-31 08:02:56
636-1,636,debit_card,24.6,2024-04-20 14:38:28
636-2,636,credit_card,24.6,2024-04-20 14:13:28
637-1,637,gift_card,63.16,2024-03-18 23:39:53
638-1,638,debit_card,367.1,2024-11-09 04:38:39
638-2,638,gift_card,367.1,2024-11-09 04:28:39
639-1,639,debit_card,137.79,2024-01-22 22:34:54
640-1,640,credit_card,297.48,2024-08-04 06:57:50
641-1,641,paypal,701.74,2024-05-28 01:52:58
642-1,642,debit_card,566.23,2024-06-23 15:38:21
643-1,643,gift_card,375.94,2024-05-22 23:13:11
644-1,644,apple_pay,138.42,2024-06-21 09:45:53
644-2,644,gift_card,138.42,2024-06-21 09:57:53
645-1,645,gift_card,453.85,2024-05-25 14:31:39
646-1,646,debit_card,226.0,2024-03-11 00:48:35
647-1,647,credit_card,242.11,2024-06-30 23:29:47
648-1,648,gift_card,489.4,2024-05-08 18:14:03
649-1,649,credit_card,922.96,2024-04-22 12:42:56
650-1,650,debit_card,335.76,2024-07-02 15:24:14
651-1,651,debit_card,155.94,2024-07-10 00:16:03
651-2,651,paypal,155.95,2024-07-09 23:54:03
652-1,652,paypal,630.99,2024-05-17 18:25:14
653-1,653,gift_card,241.79,2024-05-11 02:17:39
653-2,653,credit_card,241.79,2024-05-11 02:37:39
654-1,654,paypal,1176.69,2024-09-27 16:05:10
655-1,655,apple_pay,23.72,2024-01-09 23:17:42
656-1,656,debit_card,314.43,2024-12-01 10:47:40
657-1,657,credit_card,9.57,2024-09-02 01:33:24
658-1,658,debit_card,315.43,2024-02-05 14:23:33
659-1,659,debit_card,321.42,2024-10-01 07:07:02
660-1,660,credit_card,540.18,2024-11-20 16:31:40
661-1,661,paypal,381.46,2024-12-16 14:10:46
662-1,662,gift_card,301.93,2024-11-10 23:04:42
663-1,663,debit_card,925.02,2024-06-29 01:26:15
664-1,664,debit_card,313.24,2024-03-25 07:02:43
664-2,664,credit_card,313.24,2024-03-25 06:53:43
665-1,665,paypal,717.3,2024-01-27 00:22:35
666-1,666,gift_card,280.39,2024-12-01 14:48:22
666-2,666,paypal,280.4,2024-12-01 14:33:22
667-1,667,apple_pay,368.02,2024-11-04 07:25:12
668-1,668,debit_card,604.09,2024-05-01 18:02:33
669-1,669,debit_card,298.53,2024-07-03 00:28:29
670-1,670,paypal,416.12,2024-07-07 05:58:36
670-2,670,debit_card,416.11,2024-07-07 05:51:36
671-1,671,paypal,474.51,2024-01-12 04:50:00
672-1,672,paypal,220.45,2024-06-25 02:15:27
673-1,673,debit_card,267.06,2024-08-01 16:04:23
674-1,674,credit_card,155.18,2024-02-24 08:35:08
675-1,675,debit_card,343.17,2024-01-25 03:47:03
676-1,676,credit_card,488.94,2024-03-26 01:46:10
677-1,677,debit_card,121.54,2024-07-10 04:18:26
678-1,678,apple_pay,731.77,2024-07-27 06:50:32
679-1,679,paypal,52.84,2024-03-12 19:38:34
680-1,680,credit_card,261.19,2024-03-24 06:01:58
681-1,681,credit_card,703.43,2024-11-30 04:01:04
682-1,682,paypal,112.19,2024-01-20 10:21:42
682-2,682,paypal,112.19,2024-01-20 10:43:42
683-1,683,debit_card,33.74,2024-04-25 12:44:14
683-2,683,credit_card,33.74,2024-04-25 13:33:14
684-1,684,debit_card,145.4,2024-03-08 19:16:56
685-1,685,paypal,649.88,2024-05-26 14:46:22
686-1,686,debit_card,273.6,2024-09-24 20:59:19
687-1,687,paypal,986.23,2024-01-19 09:18:01
688-1,688,debit_card,560.93,2024-02-27 08:58:27
689-1,689,debit_card,403.76,2024-07-15 16:25:03
690-1,690,paypal,63.79,2024-02-01 18:53:13
691-1,691,gift_card,357.11,2024-03-04 23:51:58
692-1,692,paypal,117.27,2024-03-28 16:59:47
692-2,692,gift_card,117.27,2024-03-28 17:03:47
693-1,693,credit_card,56.1,2024-07-29 11:33:50
694-1,694,gift_card,299.13,2024-02-16 05:03:18
694-2,694,paypal,299.14,2024-02-16 04:44:18
695-1,695,credit_card,1046.29,2024-07-02 22:29:54
696-1,696,credit_card,252.06,2024-09-02 05:06:53
697-1,697,debit_card,513.02,2024-01-27 20:05:18
698-1,698,debit_card,33.64,2024-05-08 17:50:02
699-1,699,paypal,389.02,2024-04-27 10:05:20
700-1,700,credit_card,377.07,2024-06-11 13:52:50
700-2,700,debit_card,377.08,2024-06-11 13:56:50
701-1,701,credit_card,422.13,2024-09-15 03:01:09
702-1,702,debit_card,703.56,2024-04-13 06:39:04
703-1,703,credit_card,206.74,2024-08-31 12:50:28
704-1,704,paypal,546.79,2024-08-07 21:23:10
705-1,705,gift_card,376.84,2024-11-20 20:22:22
706-1,706,gift_card,528.35,2024-08-20 23:16:39
706-2,706,gift_card,528.35,2024-08-20 23:08:39
707-1,707,debit_card,505.99,2024-08-16 23:42:27
707-2,707,debit_card,505.98,2024-08-16 23:28:27
708-1,708,apple_pay,674.01,2024-03-15 12:43:21
709-1,709,gift_card,306.42,2024-11-05 22:34:04
710-1,710,paypal,629.48,2024-07-07 02:27:24
711-1,711,debit_card,150.73,2024-07-09 03:51:34
712-1,712,paypal,558.55,2024-09-23 17:32:02
713-1,713,paypal,358.49,2024-11-08 21:51:51
713-2,713,credit_card,358.48,2024-11-08 22:00:51
714-1,714,credit_card,603.62,2024-06-18 00:51:43
715-1,715,gift_card,692.91,2024-03-20 16:06:19
716-1,716,credit_card,886.72,2024-03-21 11:00:00
717-1,717,apple_pay,792.51,2024-05-19 15:39:28
718-1,718,debit_card,25.83,2024-07-25 04:46:14
719-1,719,debit_card,637.96,2024-08-02 16:59:36
720-1,720,credit_card,147.02,2024-06-13 09:23:23
721-1,721,gift_card,873.81,2024-07-26 08:57:20
722-1,722,credit_card,387.4,2024-04-03 22:58:34
723-1,723,gift_card,1346.31,2024-01-01 05:30:39
724-1,724,gift_card,304.53,2024-02-19 01:02:26
725-1,725,debit_card,139.5,2024-05-25 03:06:21
726-1,726,debit_card,476.0,2024-06-02 22:50:00
727-1,727,gift_card,27.63,2024-01-20 23:30:54
728-1,728,credit_card,342.06,2024-01-31 08:10:48
729-1,729,gift_card,649.79,2024-09-01 23:06:44
730-1,730,gift_card,728.0,2024-09-15 18:47:09
731-1,731,debit_card,209.62,2024-04-27 15:19:42
732-1,732,gift_card,244.45,2024-11-29 13:14:30
732-2,732,apple_pay,244.45,2024-11-29 13:33:30
733-1,733,paypal,809.25,2024-05-08 09:30:50
734-1,734,gift_card,199.25,2024-08-03 13:53:22
735-1,735,credit_card,274.77,2024-08-08 01:17:30
735-2,735,gift_card,274.78,2024-08-08 01:42:30
736-1,736,paypal,586.12,2024-06-09 21:05:14
737-1,737,paypal,800.14,2024-05-10 13:30:03
738-1,738,apple_pay,124.89,2024-05-18 17:53:57
739-1,739,apple_pay,432.0,2024-01-01 02:03:10
740-1,740,apple_pay,779.22,2024-04-20 11:32:05
741-1,741,credit_card,356.79,2024-10-01 01:17:14
742-1,742,apple_pay,669.06,2024-12-05 21:40:40
743-1,743,gift_card,379.52,2024-12-30 02:14:19
744-1,744,gift_card,827.76,2024-10-31 09:46:39
745-1,745,apple_pay,1113.81,2024-01-17 07:54:20
746-1,746,gift_card,823.29,2024-05-09 03:54:29
747-1,747,debit_card,579.25,2024-07-03 06:51:27
748-1,748,gift_card,98.44,2024-04-02 19:28:17
748-2,748,apple_pay,98.45,2024-04-02 20:22:17
749-1,749,gift_card,237.38,2024-11-04 15:04:08
749-2,749,paypal,237.37,2024-11-04 14:40:08
750-1,750,debit_card,227.5,2024-03-18 19:30:52
751-1,751,apple_pay,426.21,2024-04-10 07:12:06
752-1,752,paypal,94.1,2024-03-01 10:11:16
753-1,753,credit_card,631.52,2024-05-11 02:04:22
754-1,754,gift_card,1087.12,2024-05-12 21:25:51
755-1,755,credit_card,435.68,2024-09-27 19:51:00
756-1,756,apple_pay,323.18,2024-01-02 11:14:20
757-1,757,debit_card,400.12,2024-08-18 06:49:36
758-1,758,apple_pay,207.97,2024-02-29 11:02:21
758-2,758,credit_card,207.98,2024-02-29 10:47:21
759-1,759,credit_card,142.24,2024-04-12 14:48:15
760-1,760,credit_card,327.12,2024-10-20 04:34:28
761-1,761,credit_card,103.44,2024-05-01 03:08:45
762-1,762,debit_card,151.5,2024-01-02 13:59:14
763-1,763,debit_card,348.75,2024-12-13 15:00:59
764-1,764,debit_card,211.41,2024-07-16 23:07:12
765-1,765,apple_pay,750.21,2024-01-24 01:54:02
766-1,766,debit_card,429.46,2024-06-06 12:44:10
767-1,767,credit_card,244.07,2024-01-29 01:22:44
768-1,768,apple_pay,123.12,2024-03-21 03:53:01
769-1,769,gift_card,148.96,2024-09-14 12:46:26
769-2,769,paypal,148.96,2024-09-14 12:43:26
770-1,770,credit_card,257.36,2024-03-02 15:14:24
771-1,771,debit_card,71.62,2024-04-20 02:22:35
772-1,772,apple_pay,352.12,2024-12-01 11:54:42
773-1,773,apple_pay,345.96,2024-04-15 14:22:20
774-1,774,apple_pay,699.76,2024-11-06 07:36:11
775-1,775,paypal,262.02,2024-01-01 14:13:46
776-1,776,apple_pay,909.66,2024-06-05 02:29:47
777-1,777,apple_pay,21.0,2024-02-10 02:17:22
777-2,777,debit_card,20.99,2024-02-10 02:03:22
778-1,778,credit_card,831.42,2024-03-25 21:08:32
779-1,779,credit_card,494.24,2024-07-27 13:10:15
780-1,780,apple_pay,408.01,2024-11-13 08:20:05
781-1,781,debit_card,306.68,2024-10-13 23:05:13
782-1,782,gift_card,294.54,2024-12-20 06:48:16
783-1,783,apple_pay,169.72,2024-03-23 06:43:51
784-1,784,credit_card,829.16,2024-07-25 04:13:40
785-1,785,credit_card,96.2,2024-05-25 20:23:25
786-1,786,paypal,305.05,2024-07-26 05:31:48
787-1,787,credit_card,55.0,2024-04-10 20:44:24
788-1,788,credit_card,732.78,2024-06-20 19:18:44
789-1,789,gift_card,118.5,2024-11-09 19:40:46
790-1,790,gift_card,1009.37,2024-09-08 11:52:55
791-1,791,apple_pay,224.76,2024-12-19 12:37:42
792-1,792,apple_pay,329.59,2024-01-18 03:35:27
793-1,793,gift_card,538.47,2024-02-28 00:05:32
794-1,794,apple_pay,62.26,2024-10-04 10:13:51
795-1,795,debit_card,570.9,2024-05-17 22:08:29
796-1,796,paypal,991.17,2024-07-12 14:17:53
797-1,797,gift_card,74.95,2024-01-09 01:19:31
797-2,797,gift_card,74.96,2024-01-09 01:11:31
798-1,798,paypal,381.08,2024-10-21 06:14:04
799-1,799,paypal,57.97,2024-03-13 15:27:59
800-1,800,apple_pay,177.0,2024-08-11 14:44:02
801-1,801,paypal,233.67,2024-03-10 07:34:03
802-1,802,debit_card,264.25,2024-03-22 04:17:08
803-1,803,credit_card,335.0,2024-02-06 17:35:06
803-2,803,apple_pay,335.01,2024-02-06 18:18:06
804-1,804,apple_pay,376.52,2024-10-21 13:44:05
805-1,805,gift_card,71.57,2024-12-20 00:00:50
806-1,806,gift_card,168.24,2024-11-21 07:14:03
807-1,807,credit_card,299.33,2024-11-15 16:12:50
808-1,808,apple_pay,687.94,2024-10-26 18:28:32
809-1,809,paypal,770.06,2024-06-24 06:35:44
810-1,810,credit_card,16.63,2024-06-15 12:29:22
811-1,811,gift_card,296.93,2024-12-05 18:08:53
812-1,812,apple_pay,319.51,2024-01-29 06:00:16
813-1,813,debit_card,194.75,2024-08-10 04:09:47
813-2,813,paypal,194.76,2024-08-10 04:03:47
814-1,814,apple_pay,335.55,2024-12-20 11:57:24
814-2,814,credit_card,335.55,2024-12-20 12:03:24
815-1,815,apple_pay,1190.44,2024-08-10 23:39:59
816-1,816,paypal,350.14,2024-09-20 10:37:16
817-1,817,credit_card,276.06,2024-03-09 00:42:14
818-1,818,apple_pay,340.7,2024-01-09 22:58:32
819-1,819,credit_card,104.39,2024-04-04 18:02:19
819-2,819,apple_pay,104.4,2024-04-04 18:32:19
820-1,820,apple_pay,521.45,2024-01-12 15:27:36
821-1,821,paypal,575.84,2024-05-13 21:35:57
822-1,822,debit_card,472.55,2024-04-07 20:39:46
823-1,823,credit_card,1183.57,2024-01-01 09:10:02
824-1,824,apple_pay,466.07,2024-05-25 18:02:15
825-1,825,gift_card,468.2,2024-06-08 16:59:20
826-1,826,gift_card,176.89,2024-06-05 15:15:32
827-1,827,debit_card,175.12,2024-03-03 12:43:57
827-2,827,gift_card,175.13,2024-03-03 12:27:57
828-1,828,gift_card,170.76,2024-12-26 02:04:15
829-1,829,apple_pay,456.42,2024-09-17 01:45:50
830-1,830,credit_card,53.45,2024-12-01 14:27:30
831-1,831,gift_card,791.01,2024-09-21 22:06:18
832-1,832,apple_pay,359.14,2024-07-27 06:37:22
833-1,833,credit_card,327.86,2024-12-02 13:37:38
833-2,833,gift_card,327.85,2024-12-02 13:52:38
834-1,834,paypal,558.57,2024-11-30 08:55:25
835-1,835,debit_card,458.96,2024-06-01 18:25:02
836-1,836,credit_card,558.25,2024-05-07 04:25:10
837-1,837,gift_card,815.18,2024-08-23 01:24:39
838-1,838,debit_card,207.36,2024-09-27 00:29:57
838-2,838,apple_pay,207.36,2024-09-27 00:56:57
839-1,839,gift_card,243.6,2024-10-30 01:00:16
840-1,840,debit_card,1117.53,2024-08-11 04:18:36
841-1,841,apple_pay,274.2,2024-05-23 04:42:18
842-1,842,paypal,324.81,2024-08-09 02:10:04
843-1,843,debit_card,630.03,2024-04-07 14:19:25
844-1,844,paypal,88.96,2024-07-31 02:58:09
845-1,845,paypal,773.76,2024-10-07 13:33:00
846-1,846,gift_card,473.47,2024-02-11 06:46:17
847-1,847,gift_card,217.08,2024-11-16 08:54:15
848-1,848,gift_card,326.05,2024-01-19 05:08:41
849-1,849,paypal,228.16,2024-03-19 13:34:47
850-1,850,gift_card,7.12,2024-04-13 05:24:38
851-1,851,paypal,271.5,2024-02-17 09:50:00
851-2,851,gift_card,271.51,2024-02-17 09:41:00
852-1,852,paypal,636.25,2024-12-01 13:57:04
852-2,852,paypal,636.24,2024-12-01 14:09:04
853-1,853,paypal,945.09,2024-05-21 06:41:14
854-1,854,paypal,129.82,2024-09-08 10:08:47
855-1,855,gift_card,325.69,2024-03-20 07:02:06
855-2,855,paypal,325.7,2024-03-20 06:57:06
856-1,856,credit_card,750.81,2024-10-17 02:16:49
857-1,857,gift_card,63.79,2024-02-05 23:17:57
858-1,858,debit_card,866.9,2024-08-02 16:21:57
859-1,859,debit_card,190.96,2024-01-13 17:29:41
860-1,860,paypal,299.53,2024-01-21 15:04:41
860-2,860,debit_card,299.53,2024-01-21 15:02:41
861-1,861,paypal,754.94,2024-12-19 07:12:24
862-1,862,apple_pay,489.43,2024-11-02 13:38:27
862-2,862,paypal,489.43,2024-11-02 14:12:27
863-1,863,apple_pay,294.48,2024-11-10 21:19:47
864-1,864,credit_card,231.54,2024-08-09 18:43:30
864-2,864,gift_card,231.54,2024-08-09 19:15:30
865-1,865,apple_pay,586.42,2024-02-23 17:20:11
866-1,866,paypal,951.33,2024-12-09 15:25:14
867-1,867,debit_card,722.19,2024-09-07 16:07:40
868-1,868,gift_card,219.32,2024-12-03 01:05:47
869-1,869,debit_card,34.64,2024-08-18 11:47:50
870-1,870,credit_card,229.09,2024-02-15 20:41:40
870-2,870,apple_pay,229.1,2024-02-15 21:20:40
871-1,871,paypal,407.0,2024-02-22 20:18:18
871-2,871,apple_pay,407.0,2024-02-22 19:35:18
872-1,872,paypal,304.68,2024-03-09 10:38:02
873-1,873,paypal,310.76,2024-09-15 06:18:09
874-1,874,paypal,173.46,2024-11-10 18:12:39
875-1,875,gift_card,67.52,2024-08-14 15:12:51
876-1,876,credit_card,203.55,2024-05-06 20:56:44
876-2,876,credit_card,203.55,2024-05-06 20:52:44
877-1,877,gift_card,706.06,2024-07-05 03:43:51
878-1,878,credit_card,50.31,2024-11-30 00:06:57
878-2,878,paypal,50.31,2024-11-29 23:54:57
879-1,879,debit_card,839.84,2024-02-18 11:14:19
880-1,880,gift_card,113.8,2024-07-05 06:30:49
881-1,881,credit_card,105.18,2024-06-23 12:34:11
882-1,882,debit_card,360.81,2024-09-17 07:11:54
883-1,883,credit_card,495.06,2024-06-24 21:56:20
884-1,884,gift_card,673.84,2024-03-11 14:47:28
885-1,885,gift_card,414.76,2024-12-11 12:01:47
886-1,886,credit_card,229.02,2024-04-13 08:10:25
887-1,887,credit_card,546.18,2024-06-22 14:02:08
888-1,888,gift_card,1352.71,2024-01-17 10:52:09
889-1,889,debit_card,396.85,2024-04-23 16:09:44
890-1,890,apple_pay,272.77,2024-09-17 03:15:00
891-1,891,apple_pay,59.59,2024-02-04 14:45:10
891-2,891,credit_card,59.58,2024-02-04 14:00:10
892-1,892,apple_pay,483.96,2024-09-29 14:23:30
892-2,892,gift_card,483.97,2024-09-29 14:21:30
893-1,893,debit_card,192.21,2024-07-26 20:07:49
894-1,894,credit_card,715.06,2024-05-25 05:02:42
895-1,895,credit_card,890.79,2024-12-12 00:53:41
896-1,896,credit_card,192.26,2024-11-02 21:14:13
897-1,897,paypal,1103.18,2024-08-13 16:05:37
898-1,898,debit_card,280.48,2024-02-28 22:42:51
899-1,899,apple_pay,68.22,2024-04-16 21:26:37
900-1,900,credit_card,398.88,2024-12-07 21:37:36
901-1,901,debit_card,412.9,2024-11-18 05:49:46
902-1,902,credit_card,171.61,2024-12-13 09:46:29
903-1,903,credit_card,477.73,2024-12-18 01:01:52
904-1,904,apple_pay,169.84,2024-07-07 02:14:24
905-1,905,credit_card,228.08,2024-01-17 06:10:32
906-1,906,gift_card,202.5,2024-04-15 05:21:31
907-1,907,paypal,984.08,2024-07-31 01:08:48
908-1,908,debit_card,1026.58,2024-02-13 00:10:43
909-1,909,credit_card,359.88,2024-10-19 08:21:53
910-1,910,apple_pay,835.88,2024-08-10 07:48:11
911-1,911,gift_card,507.51,2024-07-12 05:54:05
912-1,912,gift_card,152.34,2024-10-25 07:09:44
913-1,913,debit_card,223.02,2024-03-12 14:56:12
914-1,914,credit_card,725.96,2024-03-08 22:20:35
915-1,915,paypal,461.41,2024-11-12 15:28:42
915-2,915,credit_card,461.41,2024-11-12 15:59:42
916-1,916,gift_card,596.27,2024-06-22 06:26:47
917-1,917,paypal,175.74,2024-05-14 07:11:12
917-2,917,paypal,175.74,2024-05-14 06:23:12
918-1,918,gift_card,393.65,2024-06-15 17:04:52
919-1,919,apple_pay,781.29,2024-08-26 18:42:00
920-1,920,gift_card,612.96,2024-03-06 22:30:02
921-1,921,credit_card,48.3,2024-05-06 05:45:00
921-2,921,credit_card,48.3,2024-05-06 05:58:00
922-1,922,apple_pay,623.94,2024-06-20 02:21:42
923-1,923,gift_card,724.26,2024-10-31 14:37:10
924-1,924,apple_pay,1153.03,2024-10-28 13:14:37
925-1,925,debit_card,345.22,2024-10-02 22:20:04
926-1,926,credit_card,643.32,2024-02-28 14:56:10
927-1,927,credit_card,227.88,2024-03-09 06:52:51
928-1,928,paypal,741.97,2024-11-22 17:56:06
929-1,929,apple_pay,141.32,2024-02-03 01:25:44
930-1,930,gift_card,1143.44,2024-05-02 07:36:30
931-1,931,debit_card,740.76,2024-01-08 14:28:26
932-1,932,apple_pay,806.04,2024-07-29 09:20:47
933-1,933,gift_card,793.75,2024-08-29 12:03:35
934-1,934,credit_card,406.1,2024-11-23 18:14:08
935-1,935,gift_card,531.05,2024-10-22 14:00:21
936-1,936,debit_card,831.62,2024-02-05 01:00:23
937-1,937,paypal,48.95,2024-07-04 11:38:58
937-2,937,paypal,48.96,2024-07-04 11:09:58
938-1,938,debit_card,570.45,2024-02-10 21:46:07
939-1,939,debit_card,274.68,2024-07-12 00:23:45
939-2,939,debit_card,274.68,2024-07-12 00:49:45
940-1,940,gift_card,181.55,2024-05-07 10:09:53
941-1,941,credit_card,396.53,2024-12-24 22:46:51
942-1,942,credit_card,106.02,2024-12-10 02:02:59
943-1,943,credit_card,52.7,2024-11-13 07:17:13
944-1,944,gift_card,593.11,2024-05-01 22:28:15
945-1,945,apple_pay,273.56,2024-03-23 21:26:33
946-1,946,paypal,418.74,2024-03-19 12:57:48
947-1,947,debit_card,550.08,2024-10-23 17:03:42
948-1,948,credit_card,505.56,2024-10-05 18:18:39
948-2,948,paypal,505.56,2024-10-05 18:21:39
949-1,949,paypal,544.29,2024-05-16 21:44:17
950-1,950,gift_card,57.14,2024-08-21 01:19:45
951-1,951,debit_card,724.12,2024-01-08 10:19:35
952-1,952,apple_pay,514.74,2024-09-28 08:05:39
953-1,953,debit_card,47.97,2024-01-05 03:32:20
954-1,954,apple_pay,739.74,2024-11-05 21:27:39
955-1,955,paypal,463.53,2024-10-02 02:37:23
956-1,956,debit_card,65.61,2024-03-19 23:00:09
956-2,956,credit_card,65.61,2024-03-19 23:05:09
957-1,957,credit_card,1188.98,2024-10-22 07:03:07
958-1,958,debit_card,778.74,2024-01-13 22:29:02
959-1,959,paypal,176.19,2024-09-26 17:05:01
959-2,959,debit_card,176.19,2024-09-26 16:11:01
960-1,960,debit_card,311.61,2024-07-09 14:46:07
961-1,961,paypal,397.09,2024-02-20 12:39:40
962-1,962,debit_card,784.28,2024-01-06 22:49:06
963-1,963,apple_pay,358.16,2024-12-26 05:54:52
964-1,964,debit_card,305.66,2024-03-06 01:09:34
965-1,965,debit_card,318.02,2024-06-28 22:57:46
966-1,966,apple_pay,324.57,2024-11-01 03:58:03
967-1,967,apple_pay,243.12,2024-10-18 04:00:29
967-2,967,debit_card,243.12,2024-10-18 03:32:29
968-1,968,apple_pay,694.74,2024-07-05 06:15:12
969-1,969,paypal,35.46,2024-02-22 13:29:37
970-1,970,debit_card,611.9,2024-02-21 03:34:17
971-1,971,apple_pay,370.13,2024-02-20 17:13:08
972-1,972,apple_pay,577.96,2024-12-10 05:20:57
973-1,973,credit_card,237.82,2024-03-28 02:36:52
974-1,974,apple_pay,67.77,2024-12-02 01:00:49
975-1,975,credit_card,148.89,2024-08-28 20:01:45
976-1,976,apple_pay,903.95,2024-12-09 15:12:57
977-1,977,debit_card,603.26,2024-04-26 17:17:30
978-1,978,paypal,645.4,2024-12-08 13:43:03
979-1,979,gift_card,643.56,2024-02-09 09:29:37
980-1,980,debit_card,584.52,2024-08-05 09:04:04
981-1,981,paypal,287.49,2024-03-19 14:01:12
982-1,982,paypal,1096.01,2024-10-29 07:16:35
983-1,983,debit_card,218.0,2024-08-18 22:51:50
984-1,984,paypal,166.89,2024-01-09 14:45:45
984-2,984,credit_card,166.89,2024-01-09 15:05:45
985-1,985,gift_card,619.27,2024-10-22 08:31:28
986-1,986,paypal,627.78,2024-04-03 02:01:32
987-1,987,paypal,300.22,2024-03-23 22:50:48
988-1,988,gift_card,1222.79,2024-12-27 22:24:06
989-1,989,credit_card,51.4,2024-09-09 15:42:36
989-2,989,apple_pay,51.4,2024-09-09 15:24:36
990-1,990,debit_card,427.96,2024-12-05 22:41:59
991-1,991,apple_pay,295.17,2024-02-13 07:05:24
992-1,992,debit_card,110.73,2024-05-06 10:29:38
993-1,993,credit_card,256.84,2024-04-30 02:39:53
994-1,994,debit_card,218.58,2024-10-23 08:40:13
995-1,995,debit_card,462.96,2024-05-16 09:07:27
995-2,995,debit_card,462.96,2024-05-16 08:18:27
996-1,996,debit_card,745.88,2024-09-05 13:05:30
997-1,997,debit_card,531.06,2024-07-16 00:33:14
998-1,998,gift_card,945.28,2024-01-06 12:57:32
999-1,999,apple_pay,300.76,2024-07-26 10:29:28
999-2,999,credit_card,300.77,2024-07-26 11:16:28
1000-1,1000,credit_card,694.56,2024-04-08 13:44:48
1001-1,1001,paypal,376.93,2024-06-03 02:46:41
1002-1,1002,gift_card,181.8,2024-01-28 21:20:17
1003-1,1003,paypal,297.68,2024-01-25 13:57:11
1004-1,1004,paypal,289.24,2024-01-07 14:03:04
1005-1,1005,credit_card,234.41,2024-05-18 22:38:48
1006-1,1006,credit_card,785.04,2024-03-19 09:37:32
1007-1,1007,apple_pay,126.56,2024-02-21 05:35:45
1007-2,1007,gift_card,126.55,2024-02-21 05:37:45
1008-1,1008,paypal,156.96,2024-05-16 20:57:48
1009-1,1009,gift_card,374.09,2024-09-18 01:24:06
1010-1,1010,gift_card,387.82,2024-04-19 20:17:40
1011-1,1011,credit_card,513.94,2024-08-10 07:32:57
1012-1,1012,gift_card,384.42,2024-05-02 05:37:24
1012-2,1012,credit_card,384.42,2024-05-02 06:28:24
1013-1,1013,gift_card,344.49,2024-09-09 11:50:39
1014-1,1014,paypal,708.57,2024-04-26 09:50:47
1015-1,1015,apple_pay,111.42,2024-12-05 16:39:45
1015-2,1015,apple_pay,111.41,2024-12-05 16:39:45
1016-1,1016,gift_card,500.84,2024-11-29 03:20:30
1017-1,1017,apple_pay,324.56,2024-08-11 13:31:45
1018-1,1018,paypal,439.59,2024-09-01 19:11:46
1019-1,1019,debit_card,455.47,2024-02-27 15:22:03
1020-1,1020,apple_pay,466.36,2024-08-31 22:04:32
1021-1,1021,credit_card,593.44,2024-04-11 10:28:55
1022-1,1022,gift_card,165.61,2024-12-11 18:28:13
1023-1,1023,debit_card,384.49,2024-07-14 22:36:19
1023-2,1023,credit_card,384.49,2024-07-14 22:21:19
1024-1,1024,apple_pay,842.31,2024-06-19 04:32:34
1025-1,1025,gift_card,488.6,2024-06-12 23:05:01
1026-1,1026,credit_card,65.36,2024-03-20 10:01:00
1027-1,1027,paypal,730.61,2024-09-17 08:35:19
1028-1,1028,credit_card,473.36,2024-01-22 18:38:27
1029-1,1029,debit_card,183.55,2024-12-22 12:08:46
1030-1,1030,apple_pay,440.84,2024-04-23 16:24:12
1031-1,1031,debit_card,344.44,2024-11-19 00:48:41
1031-2,1031,gift_card,344.43,2024-11-19 00:38:41
1032-1,1032,paypal,363.42,2024-07-15 11:02:50
1033-1,1033,credit_card,248.71,2024-10-08 10:50:34
1034-1,1034,apple_pay,353.85,2024-07-25 04:32:39
1035-1,1035,paypal,566.88,2024-06-25 12:14:03
1036-1,1036,debit_card,551.1,2024-07-10 20:30:12
1037-1,1037,paypal,94.2,2024-11-28 21:52:49
1038-1,1038,paypal,137.37,2024-05-28 13:37:34
1039-1,1039,paypal,368.74,2024-04-28 08:31:11
1040-1,1040,paypal,536.78,2024-06-23 01:54:50
1041-1,1041,paypal,424.44,2024-03-12 20:47:57
1042-1,1042,paypal,114.2,2024-02-28 14:54:38
1043-1,1043,paypal,777.48,2024-09-29 07:40:06
1044-1,1044,apple_pay,175.38,2024-09-08 00:49:08
1045-1,1045,debit_card,44.72,2024-01-17 23:18:08
1046-1,1046,apple_pay,98.97,2024-10-17 23:19:39
1046-2,1046,apple_pay,98.97,2024-10-17 23:24:39
1047-1,1047,gift_card,498.84,2024-12-13 01:41:50
1048-1,1048,gift_card,834.81,2024-07-05 14:53:23
1049-1,1049,apple_pay,239.93,2024-01-30 04:59:02
1050-1,1050,gift_card,415.76,2024-10-27 00:42:15
1051-1,1051,paypal,618.96,2024-08-26 02:14:34
1052-1,1052,gift_card,848.08,2024-03-03 16:14:56
1053-1,1053,gift_card,853.36,2024-03-07 09:46:12
1054-1,1054,apple_pay,115.94,2024-03-24 08:09:35
1054-2,1054,gift_card,115.93,2024-03-24 07:22:35
1055-1,1055,apple_pay,98.44,2024-02-10 16:32:09
1056-1,1056,credit_card,178.72,2024-07-28 22:50:26
1057-1,1057,apple_pay,298.77,2024-07-10 11:43:14
1058-1,1058,gift_card,115.3,2024-11-11 19:51:50
1059-1,1059,apple_pay,915.84,2024-09-26 20:20:43
1060-1,1060,apple_pay,166.32,2024-08-25 13:28:23
1061-1,1061,gift_card,805.08,2024-05-13 09:16:11
1062-1,1062,paypal,493.21,2024-02-25 10:49:27
1063-1,1063,apple_pay,318.09,2024-08-27 23:13:40
1064-1,1064,gift_card,749.66,2024-05-27 21:32:20
1065-1,1065,paypal,69.32,2024-04-22 14:24:31
1066-1,1066,debit_card,605.46,2024-01-01 05:04:39
1067-1,1067,gift_card,16.74,2024-11-02 04:18:52
1068-1,1068,apple_pay,1068.05,2024-02-09 13:51:16
1069-1,1069,debit_card,169.81,2024-12-20 07:34:14
1069-2,1069,apple_pay,169.82,2024-12-20 07:56:14
1070-1,1070,apple_pay,291.57,2024-07-06 23:21:19
1070-2,1070,gift_card,291.57,2024-07-06 23:38:19
1071-1,1071,paypal,63.51,2024-05-02 12:27:12
1071-2,1071,credit_card,63.51,2024-05-02 12:15:12
1072-1,1072,debit_card,568.91,2024-07-05 13:45:19
1073-1,1073,credit_card,98.28,2024-11-17 22:53:10
1074-1,1074,apple_pay,239.72,2024-12-26 22:20:49
1075-1,1075,paypal,511.67,2024-04-05 16:32:06
1076-1,1076,paypal,290.28,2024-07-14 02:58:26
1077-1,1077,apple_pay,491.49,2024-10-26 23:38:40
1078-1,1078,paypal,634.34,2024-03-16 20:33:43
1079-1,1079,debit_card,473.39,2024-07-30 00:57:12
1080-1,1080,debit_card,671.17,2024-03-28 23:03:42
1081-1,1081,credit_card,325.95,2024-08-16 17:07:58
1081-2,1081,apple_pay,325.96,2024-08-16 17:04:58
1082-1,1082,paypal,701.74,2024-09-24 18:56:50
1083-1,1083,paypal,360.11,2024-12-30 06:22:11
1083-2,1083,apple_pay,360.1,2024-12-30 06:04:11
1084-1,1084,paypal,1080.86,2024-02-19 03:06:17
1085-1,1085,apple_pay,329.38,2024-04-26 05:18:00
1086-1,1086,apple_pay,366.66,2024-10-09 00:26:25
1087-1,1087,debit_card,589.94,2024-02-01 00:14:46
1088-1,1088,credit_card,310.71,2024-12-25 02:48:19
1089-1,1089,apple_pay,92.52,2024-10-17 21:20:25
1089-2,1089,apple_pay,92.52,2024-10-17 21:42:25
1090-1,1090,apple_pay,31.76,2024-09-08 00:27:23
1091-1,1091,paypal,62.02,2024-11-05 18:23:51
1091-2,1091,gift_card,62.03,2024-11-05 18:23:51
1092-1,1092,credit_card,854.27,2024-12-17 19:07:08
1093-1,1093,debit_card,989.84,2024-05-04 23:21:37
1094-1,1094,gift_card,700.24,2024-02-09 07:49:48
1095-1,1095,debit_card,683.54,2024-04-24 13:48:43
1096-1,1096,credit_card,264.3,2024-12-22 22:23:50
1096-2,1096,debit_card,264.29,2024-12-22 22:38:50
1097-1,1097,gift_card,850.4,2024-06-12 23:47:55
1098-1,1098,paypal,1155.1,2024-10-20 16:35:43
1099-1,1099,credit_card,792.24,2024-02-22 17:48:21
1100-1,1100,paypal,108.2,2024-08-17 09:46:05
1101-1,1101,gift_card,426.51,2024-03-31 21:23:39
1102-1,1102,credit_card,473.55,2024-02-19 15:03:07
1103-1,1103,apple_pay,284.66,2024-09-10 09:26:20
1104-1,1104,debit_card,256.24,2024-02-08 17:27:57
1105-1,1105,debit_card,625.83,2024-07-30 06:30:05
1106-1,1106,credit_card,77.48,2024-02-11 22:16:09
1107-1,1107,paypal,903.15,2024-01-20 12:39:43
1108-1,1108,credit_card,301.47,2024-08-14 14:17:40
1109-1,1109,paypal,536.48,2024-03-03 06:24:00
1109-2,1109,gift_card,536.48,2024-03-03 06:27:00
1110-1,1110,gift_card,56.21,2024-02-13 02:15:57
1111-1,1111,debit_card,78.81,2024-10-22 00:43:50
1112-1,1112,gift_card,116.1,2024-10-20 09:06:29
1113-1,1113,gift_card,235.91,2024-08-27 15:42:52
1114-1,1114,credit_card,347.64,2024-10-06 16:51:05
1115-1,1115,apple_pay,639.86,2024-02-12 22:05:35
1115-2,1115,gift_card,639.86,2024-02-12 21:30:35
1116-1,1116,apple_pay,755.16,2024-05-27 08:06:37
1117-1,1117,debit_card,1293.89,2024-04-26 19:32:52
1118-1,1118,paypal,583.28,2024-07-23 23:18:14
1119-1,1119,gift_card,128.36,2024-10-22 16:53:46
1120-1,1120,apple_pay,755.07,2024-02-13 05:27:15
1121-1,1121,apple_pay,607.11,2024-10-09 06:43:14
1122-1,1122,credit_card,336.19,2024-07-19 01:09:49
1123-1,1123,debit_card,663.83,2024-05-03 15:26:03
1124-1,1124,debit_card,830.03,2024-01-12 16:06:10
1125-1,1125,credit_card,449.88,2024-12-19 12:17:36
1126-1,1126,credit_card,767.45,2024-02-24 16:04:37
1127-1,1127,gift_card,960.42,2024-08-28 17:10:05
1128-1,1128,debit_card,17.95,2024-01-22 12:40:31
1129-1,1129,credit_card,182.98,2024-02-04 21:02:15
1130-1,1130,debit_card,680.42,2024-07-25 18:49:35
1131-1,1131,debit_card,456.13,2024-06-11 17:46:29
1132-1,1132,gift_card,185.75,2024-11-24 07:52:47
1133-1,1133,apple_pay,1631.49,2024-06-02 03:03:35
1134-1,1134,apple_pay,262.88,2024-11-02 20:49:48
1135-1,1135,debit_card,384.77,2024-02-18 18:19:55
1135-2,1135,paypal,384.77,2024-02-18 19:04:55
1136-1,1136,credit_card,399.3,2024-11-23 14:35:19
1137-1,1137,debit_card,71.75,2024-09-17 10:34:51
1138-1,1138,credit_card,1128.76,2024-09-19 23:50:54
1139-1,1139,gift_card,101.68,2024-11-12 14:03:19
1140-1,1140,debit_card,66.28,2024-10-15 22:23:30
1141-1,1141,credit_card,591.84,2024-02-10 19:36:35
1142-1,1142,debit_card,106.5,2024-10-22 22:28:47
1143-1,1143,gift_card,43.59,2024-09-22 13:48:44
1144-1,1144,paypal,230.22,2024-12-02 20:42:16
1145-1,1145,credit_card,332.96,2024-02-16 09:27:03
1146-1,1146,debit_card,94.17,2024-02-13 11:35:35
1147-1,1147,paypal,1029.52,2024-09-19 21:14:46
1148-1,1148,gift_card,441.41,2024-10-07 17:07:09
1149-1,1149,gift_card,756.16,2024-05-31 18:15:59
1150-1,1150,credit_card,426.07,2024-04-05 12:31:37
1151-1,1151,credit_card,1031.68,2024-03-25 12:21:41
1152-1,1152,debit_card,40.02,2024-10-13 20:15:34
1153-1,1153,paypal,207.27,2024-05-26 11:23:33
1153-2,1153,gift_card,207.27,2024-05-26 10:51:33
1154-1,1154,paypal,418.44,2024-07-09 13:25:26
1154-2,1154,credit_card,418.44,2024-07-09 12:42:26
1155-1,1155,paypal,748.17,2024-05-24 12:49:21
1156-1,1156,paypal,389.18,2024-11-23 06:10:33
1157-1,1157,paypal,389.65,2024-07-25 11:01:08
1158-1,1158,paypal,987.38,2024-10-01 01:25:38
1159-1,1159,paypal,1247.64,2024-06-15 11:34:31
1160-1,1160,paypal,982.59,2024-12-12 21:16:56
1161-1,1161,gift_card,256.15,2024-07-22 20:11:08
1162-1,1162,credit_card,383.36,2024-10-28 14:13:47
1163-1,1163,debit_card,833.38,2024-04-03 16:42:13
1164-1,1164,gift_card,400.52,2024-02-27 04:41:12
1165-1,1165,paypal,32.16,2024-07-10 00:12:34
1165-2,1165,paypal,32.16,2024-07-10 00:22:34
1166-1,1166,apple_pay,225.96,2024-06-05 22:56:07
1167-1,1167,apple_pay,90.38,2024-11-28 15:47:09
1167-2,1167,apple_pay,90.38,2024-11-28 14:57:09
1168-1,1168,credit_card,650.99,2024-03-12 15:00:24
1169-1,1169,gift_card,132.93,2024-06-22 02:20:32
1169-2,1169,debit_card,132.93,2024-06-22 02:38:32
1170-1,1170,apple_pay,423.37,2024-03-03 03:13:58
1170-2,1170,apple_pay,423.37,2024-03-03 03:19:58
1171-1,1171,apple_pay,569.3,2024-02-12 06:15:49
1172-1,1172,apple_pay,696.26,2024-02-18 17:33:22
1173-1,1173,debit_card,1266.19,2024-10-07 17:29:12
1174-1,1174,debit_card,425.75,2024-03-13 07:36:14
1175-1,1175,paypal,359.58,2024-04-06 01:35:16
1176-1,1176,apple_pay,153.77,2024-02-14 02:58:09
1177-1,1177,debit_card,808.03,2024-04-20 14:59:25
1178-1,1178,paypal,931.74,2024-10-19 07:54:11
1179-1,1179,credit_card,743.41,2024-03-03 04:18:11
1180-1,1180,debit_card,543.49,2024-10-07 14:38:38
1181-1,1181,debit_card,407.94,2024-08-18 08:06:48
1182-1,1182,debit_card,239.04,2024-02-10 19:33:59
1183-1,1183,credit_card,468.45,2024-02-19 06:56:33
1184-1,1184,apple_pay,965.26,2024-12-26 07:31:11
1185-1,1185,apple_pay,528.63,2024-05-12 03:55:48
1186-1,1186,paypal,828.25,2024-09-28 16:19:23
1187-1,1187,debit_card,485.41,2024-11-01 04:12:11
1188-1,1188,paypal,191.54,2024-12-08 01:50:42
1189-1,1189,gift_card,196.6,2024-08-10 16:29:13
1190-1,1190,credit_card,621.78,2024-06-03 19:03:25
1191-1,1191,apple_pay,63.48,2024-01-30 02:29:59
1192-1,1192,credit_card,95.46,2024-03-03 06:44:37
1193-1,1193,gift_card,486.92,2024-12-27 20:58:19
1193-2,1193,debit_card,486.92,2024-12-27 21:25:19
1194-1,1194,apple_pay,946.09,2024-12-30 20:02:36
1195-1,1195,gift_card,98.35,2024-02-06 04:26:12
1196-1,1196,debit_card,673.75,2024-09-12 18:14:36
1197-1,1197,apple_pay,310.29,2024-11-14 00:08:15
1198-1,1198,paypal,463.15,2024-11-20 15:27:29
1199-1,1199,gift_card,563.62,2024-11-05 05:03:29
1200-1,1200,credit_card,217.43,2024-04-19 02:34:06
1200-2,1200,paypal,217.43,2024-04-19 02:10:06
1201-1,1201,debit_card,230.63,2024-08-31 01:34:43
1202-1,1202,gift_card,575.35,2024-04-11 17:23:16
1203-1,1203,credit_card,570.84,2024-07-29 14:21:13
1204-1,1204,apple_pay,488.25,2024-12-08 15:39:03
1205-1,1205,apple_pay,384.69,2024-09-27 21:27:40
1206-1,1206,debit_card,299.56,2024-06-02 22:45:29
1207-1,1207,apple_pay,93.22,2024-12-19 21:40:42
1208-1,1208,credit_card,1199.39,2024-07-14 03:26:01
1209-1,1209,apple_pay,39.48,2024-04-27 13:39:46
1210-1,1210,apple_pay,92.11,2024-10-24 01:27:50
1210-2,1210,debit_card,92.11,2024-10-24 01:39:50
1211-1,1211,paypal,531.35,2024-11-21 23:32:36
1212-1,1212,debit_card,233.56,2024-06-06 09:18:19
1213-1,1213,gift_card,281.07,2024-09-05 11:12:59
1214-1,1214,apple_pay,689.84,2024-08-20 14:19:17
1215-1,1215,gift_card,142.1,2024-10-28 07:14:08
1216-1,1216,debit_card,498.4,2024-05-30 02:07:45
1217-1,1217,gift_card,118.87,2024-07-17 11:49:09
1218-1,1218,apple_pay,56.15,2024-01-13 01:55:34
1219-1,1219,apple_pay,465.91,2024-08-01 17:13:03
1220-1,1220,gift_card,294.87,2024-03-12 10:30:46
1220-2,1220,credit_card,294.86,2024-03-12 09:46:46
1221-1,1221,apple_pay,768.62,2024-06-06 17:56:28
1222-1,1222,apple_pay,895.5,2024-03-12 09:58:23
1223-1,1223,credit_card,209.04,2024-03-27 13:09:57
1224-1,1224,paypal,148.82,2024-09-09 01:23:11
1224-2,1224,paypal,148.83,2024-09-09 01:43:11
1225-1,1225,paypal,381.6,2024-10-23 18:37:43
1226-1,1226,gift_card,618.96,2024-12-05 07:39:40
1227-1,1227,debit_card,498.88,2024-03-30 15:32:30
1227-2,1227,credit_card,498.88,2024-03-30 16:24:30
1228-1,1228,apple_pay,54.6,2024-08-22 22:03:40
1229-1,1229,credit_card,1054.24,2024-03-14 11:15:52
1230-1,1230,credit_card,623.71,2024-04-08 23:16:22
1231-1,1231,debit_card,614.59,2024-09-10 09:05:33
1232-1,1232,debit_card,780.87,2024-07-11 12:21:58
1233-1,1233,credit_card,476.88,2024-03-31 17:19:41
1234-1,1234,credit_card,229.15,2024-08-04 23:32:18
1235-1,1235,gift_card,101.72,2024-05-21 13:56:34
1235-2,1235,paypal,101.72,2024-05-21 13:50:34
1236-1,1236,debit_card,150.44,2024-12-21 12:11:53
1236-2,1236,apple_pay,150.45,2024-12-21 12:01:53
1237-1,1237,paypal,893.37,2024-02-07 16:21:56
1238-1,1238,gift_card,126.66,2024-11-20 14:29:16
1239-1,1239,apple_pay,264.35,2024-10-11 04:57:11
1240-1,1240,paypal,83.94,2024-10-27 18:37:15
1241-1,1241,debit_card,40.53,2024-01-28 17:24:37
1242-1,1242,paypal,221.88,2024-05-14 20:16:49
1243-1,1243,paypal,854.7,2024-04-11 05:02:26
1244-1,1244,apple_pay,147.38,2024-02-15 12:48:34
1245-1,1245,apple_pay,227.15,2024-11-08 08:56:26
1246-1,1246,gift_card,262.0,2024-04-18 06:01:00
1247-1,1247,paypal,740.38,2024-09-28 01:00:09
1248-1,1248,apple_pay,627.33,2024-12-18 14:58:00
1249-1,1249,credit_card,222.08,2024-09-01 08:55:58
1250-1,1250,debit_card,83.96,2024-08-02 23:33:42
1250-2,1250,credit_card,83.96,2024-08-02 23:44:42
1251-1,1251,credit_card,319.54,2024-12-17 11:31:38
1251-2,1251,credit_card,319.53,2024-12-17 11:21:38
1252-1,1252,paypal,739.4,2024-01-29 13:08:19
1253-1,1253,apple_pay,196.04,2024-05-26 00:51:34
1254-1,1254,apple_pay,627.57,2024-03-24 22:57:42
1255-1,1255,credit_card,4.28,2024-09-08 06:54:04
1256-1,1256,paypal,56.46,2024-01-23 19:18:40
1257-1,1257,gift_card,606.24,2024-10-25 01:36:02
1258-1,1258,paypal,536.04,2024-05-04 22:56:54
1259-1,1259,gift_card,419.04,2024-03-23 02:04:50
1260-1,1260,gift_card,390.72,2024-06-07 05:16:16
1260-2,1260,debit_card,390.72,2024-06-07 05:27:16
1261-1,1261,debit_card,165.32,2024-05-22 03:49:38
1262-1,1262,apple_pay,37.24,2024-02-05 00:27:33
1263-1,1263,paypal,145.83,2024-03-10 15:25:48
1264-1,1264,apple_pay,223.21,2024-03-24 01:16:21
1264-2,1264,gift_card,223.21,2024-03-24 01:09:21
1265-1,1265,gift_card,662.91,2024-12-29 19:32:03
1266-1,1266,credit_card,475.1,2024-05-25 09:09:44
1267-1,1267,apple_pay,759.84,2024-08-06 22:40:36
1268-1,1268,paypal,754.66,2024-04-03 06:19:35
1269-1,1269,credit_card,16.2,2024-02-23 02:13:11
1269-2,1269,apple_pay,16.21,2024-02-23 01:58:11
1270-1,1270,gift_card,534.94,2024-07-19 12:17:42
1271-1,1271,apple_pay,325.74,2024-11-30 18:39:14
1272-1,1272,gift_card,1100.21,2024-03-26 21:37:54
1273-1,1273,apple_pay,463.18,2024-12-30 18:49:24
1274-1,1274,credit_card,382.24,2024-02-22 12:57:36
1275-1,1275,gift_card,506.12,2024-04-14 23:05:59
1276-1,1276,apple_pay,263.56,2024-09-14 06:22:24
1276-2,1276,apple_pay,263.57,2024-09-14 06:21:24
1277-1,1277,paypal,355.89,2024-08-11 01:38:27
1278-1,1278,apple_pay,503.72,2024-03-21 15:14:11
1279-1,1279,debit_card,295.59,2024-09-13 12:44:45
1280-1,1280,credit_card,516.76,2024-11-13 04:21:14
1281-1,1281,paypal,297.16,2024-07-23 10:03:19
1282-1,1282,apple_pay,366.22,2024-01-20 05:46:55
1283-1,1283,debit_card,643.74,2024-06-01 00:15:08
1284-1,1284,credit_card,79.08,2024-11-29 06:17:08
1285-1,1285,gift_card,1046.66,2024-01-03 21:23:25
1286-1,1286,paypal,222.8,2024-12-11 01:40:01
1287-1,1287,paypal,121.5,2024-11-09 22:41:47
1287-2,1287,credit_card,121.49,2024-11-09 23:14:47
1288-1,1288,apple_pay,53.18,2024-08-25 13:11:00
1289-1,1289,debit_card,513.49,2024-10-28 05:00:39
1290-1,1290,apple_pay,350.45,2024-01-24 14:21:12
1291-1,1291,apple_pay,897.32,2024-09-04 18:35:42
1292-1,1292,paypal,635.63,2024-04-26 01:51:33
1293-1,1293,debit_card,660.16,2024-10-22 15:53:07
1294-1,1294,credit_card,591.76,2024-08-25 03:11:51
1295-1,1295,paypal,593.36,2024-07-18 10:07:47
1296-1,1296,apple_pay,289.18,2024-03-02 20:24:16
1297-1,1297,credit_card,295.92,2024-06-27 08:52:19
1298-1,1298,gift_card,75.0,2024-12-24 14:51:36
1299-1,1299,debit_card,202.14,2024-08-06 17:13:07
1299-2,1299,apple_pay,202.14,2024-08-06 16:46:07
1300-1,1300,gift_card,902.55,2024-11-11 13:57:40
1301-1,1301,gift_card,101.63,2024-05-01 22:03:21
1302-1,1302,gift_card,330.8,2024-08-14 12:05:59
1302-2,1302,credit_card,330.79,2024-08-14 11:49:59
1303-1,1303,credit_card,76.95,2024-06-04 00:54:48
1304-1,1304,apple_pay,765.49,2024-02-08 18:02:28
1305-1,1305,gift_card,379.92,2024-10-29 16:54:09
1306-1,1306,credit_card,720.35,2024-10-04 06:21:48
1307-1,1307,apple_pay,439.14,2024-12-15 01:54:14
1308-1,1308,credit_card,974.08,2024-09-19 08:56:01
1309-1,1309,paypal,262.72,2024-09-08 18:06:37
1310-1,1310,paypal,767.46,2024-11-14 03:19:46
1311-1,1311,debit_card,646.47,2024-08-11 03:46:28
1312-1,1312,apple_pay,700.36,2024-05-04 00:29:23
1313-1,1313,paypal,41.78,2024-10-27 15:06:08
1314-1,1314,gift_card,1053.96,2024-03-29 01:19:47
1315-1,1315,gift_card,200.22,2024-04-08 21:24:10
1316-1,1316,credit_card,56.98,2024-02-14 15:31:17
1316-2,1316,credit_card,56.97,2024-02-14 15:24:17
1317-1,1317,apple_pay,262.82,2024-01-28 21:32:25
1317-2,1317,apple_pay,262.83,2024-01-28 21:29:25
1318-1,1318,credit_card,364.66,2024-11-10 22:37:30
1319-1,1319,apple_pay,342.92,2024-11-27 05:04:28
1320-1,1320,debit_card,904.33,2024-05-26 11:46:04
1320-2,1320,debit_card,904.33,2024-05-26 11:04:04
1321-1,1321,credit_card,1073.79,2024-03-26 12:33:42
1322-1,1322,debit_card,18.45,2024-04-28 06:18:05
1323-1,1323,debit_card,507.13,2024-01-25 08:09:59
1324-1,1324,credit_card,771.32,2024-10-30 19:31:57
1325-1,1325,debit_card,686.99,2024-05-05 14:16:10
1326-1,1326,apple_pay,964.51,2024-03-29 20:27:51
1327-1,1327,apple_pay,771.34,2024-05-18 21:15:21
1328-1,1328,debit_card,87.6,2024-07-24 04:32:10
1329-1,1329,debit_card,107.36,2024-08-14 04:04:08
1330-1,1330,apple_pay,892.85,2024-07-07 17:28:43
1331-1,1331,apple_pay,273.36,2024-12-25 01:23:35
1332-1,1332,paypal,330.33,2024-09-08 07:33:28
1333-1,1333,apple_pay,283.22,2024-04-22 08:23:55
1334-1,1334,debit_card,209.36,2024-11-27 06:07:22
1335-1,1335,debit_card,102.49,2024-05-24 15:38:33
1336-1,1336,debit_card,550.2,2024-03-22 04:53:43
1337-1,1337,paypal,692.67,2024-08-20 03:37:47
1338-1,1338,gift_card,95.88,2024-06-15 18:57:11
1339-1,1339,gift_card,526.97,2024-04-17 11:40:27
1339-2,1339,paypal,526.97,2024-04-17 11:53:27
1340-1,1340,debit_card,891.71,2024-04-13 21:48:02
1341-1,1341,apple_pay,838.73,2024-09-28 02:07:39
1342-1,1342,credit_card,318.8,2024-10-17 11:27:03
1343-1,1343,apple_pay,413.63,2024-12-01 07:43:35
1344-1,1344,debit_card,430.34,2024-07-01 16:50:32
1345-1,1345,gift_card,197.25,2024-01-23 21:51:27
1346-1,1346,debit_card,1108.19,2024-01-08 10:20:55
1347-1,1347,credit_card,350.52,2024-11-21 14:16:20
1348-1,1348,credit_card,823.27,2024-12-27 11:50:51
1349-1,1349,apple_pay,267.74,2024-09-18 01:43:01
1350-1,1350,credit_card,957.06,2024-03-16 15:29:05
1351-1,1351,credit_card,243.0,2024-11-05 14:10:21
1352-1,1352,apple_pay,547.69,2024-02-05 10:04:41
1353-1,1353,paypal,151.69,2024-11-27 08:51:51
1353-2,1353,apple_pay,151.68,2024-11-27 08:48:51
1354-1,1354,credit_card,84.36,2024-01-24 06:57:10
1355-1,1355,credit_card,450.67,2024-02-08 17:47:19
1356-1,1356,credit_card,558.22,2024-12-25 17:19:20
1357-1,1357,apple_pay,544.94,2024-02-21 11:33:33
1358-1,1358,credit_card,608.41,2024-04-24 09:54:08
1359-1,1359,paypal,534.11,2024-01-30 13:58:51
1360-1,1360,apple_pay,223.88,2024-03-09 04:24:54
1361-1,1361,paypal,288.36,2024-04-17 04:11:06
1361-2,1361,gift_card,288.36,2024-04-17 04:06:06
1362-1,1362,debit_card,487.38,2024-12-22 03:59:41
1363-1,1363,gift_card,237.94,2024-06-06 08:39:46
1364-1,1364,credit_card,450.59,2024-01-16 18:13:21
1365-1,1365,debit_card,38.76,2024-03-15 15:22:28
1366-1,1366,credit_card,423.06,2024-03-01 05:41:15
1367-1,1367,credit_card,321.36,2024-04-14 02:42:22
1368-1,1368,gift_card,615.12,2024-09-16 01:19:10
1369-1,1369,paypal,233.43,2024-09-28 22:40:10
1370-1,1370,gift_card,285.61,2024-08-26 04:20:19
1371-1,1371,paypal,11.28,2024-02-20 01:53:05
1372-1,1372,gift_card,279.91,2024-09-06 12:34:17
1373-1,1373,credit_card,673.76,2024-11-15 06:39:30
1373-2,1373,gift_card,673.77,2024-11-15 06:24:30
1374-1,1374,debit_card,195.02,2024-08-07 23:49:29
1375-1,1375,debit_card,59.52,2024-05-24 04:46:38
1376-1,1376,gift_card,809.13,2024-01-27 21:05:17
1377-1,1377,debit_card,246.03,2024-05-05 12:32:26
1378-1,1378,credit_card,56.16,2024-03-23 14:15:59
1379-1,1379,apple_pay,119.67,2024-04-05 19:28:00
1380-1,1380,debit_card,415.71,2024-03-08 15:52:22
1381-1,1381,gift_card,227.58,2024-05-05 03:09:05
1382-1,1382,credit_card,350.32,2024-08-27 17:29:44
1383-1,1383,gift_card,72.07,2024-12-26 06:35:46
1383-2,1383,debit_card,72.07,2024-12-26 06:27:46
1384-1,1384,paypal,298.19,2024-06-02 20:59:32
1385-1,1385,apple_pay,398.72,2024-01-18 12:53:23
1386-1,1386,apple_pay,397.8,2024-02-08 15:47:28
1387-1,1387,credit_card,383.44,2024-03-29 03:12:11
1388-1,1388,apple_pay,435.22,2024-04-22 12:14:12
1389-1,1389,apple_pay,746.96,2024-12-23 07:09:26
1390-1,1390,gift_card,458.83,2024-11-14 23:42:39
1391-1,1391,debit_card,107.3,2024-11-16 18:03:54
1392-1,1392,credit_card,353.41,2024-05-27 00:21:56
1393-1,1393,paypal,237.68,2024-04-05 02:43:07
1394-1,1394,debit_card,483.8,2024-07-14 00:55:18
1394-2,1394,credit_card,483.8,2024-07-14 00:59:18
1395-1,1395,debit_card,842.63,2024-09-16 04:11:36
1396-1,1396,paypal,272.13,2024-05-02 17:09:45
1396-2,1396,gift_card,272.13,2024-05-02 17:08:45
1397-1,1397,credit_card,419.96,2024-06-14 09:27:26
1397-2,1397,credit_card,419.96,2024-06-14 10:13:26
1398-1,1398,apple_pay,633.29,2024-10-18 13:05:24
1399-1,1399,gift_card,190.26,2024-12-03 09:08:07
1400-1,1400,gift_card,350.34,2024-12-29 02:58:07
1401-1,1401,debit_card,242.64,2024-05-25 02:50:15
1402-1,1402,gift_card,231.55,2024-06-21 17:29:23
1403-1,1403,credit_card,199.9,2024-06-21 23:08:22
1403-2,1403,apple_pay,199.89,2024-06-21 22:29:22
1404-1,1404,credit_card,1141.5,2024-02-19 03:48:01
1405-1,1405,credit_card,476.25,2024-01-04 09:27:31
1406-1,1406,credit_card,93.56,2024-02-26 12:53:23
1407-1,1407,credit_card,331.4,2024-04-23 07:49:34
1408-1,1408,paypal,264.44,2024-04-04 00:02:46
1409-1,1409,paypal,253.64,2024-01-17 08:31:12
1410-1,1410,apple_pay,187.03,2024-11-22 13:27:36
1411-1,1411,apple_pay,190.11,2024-07-06 21:10:00
1412-1,1412,paypal,251.78,2024-08-08 21:42:10
1412-2,1412,debit_card,251.77,2024-08-08 21:31:10
1413-1,1413,gift_card,1034.57,2024-05-18 11:30:58
1414-1,1414,paypal,226.72,2024-01-26 20:22:32
1415-1,1415,debit_card,721.75,2024-03-10 10:15:09
1416-1,1416,credit_card,70.52,2024-06-30 10:30:03
1417-1,1417,paypal,248.7,2024-08-03 18:25:11
1418-1,1418,gift_card,353.92,2024-09-26 06:11:08
1419-1,1419,gift_card,1161.08,2024-01-21 03:30:54
1420-1,1420,gift_card,234.68,2024-08-23 20:44:58
1420-2,1420,paypal,234.68,2024-08-23 20:13:58
1421-1,1421,credit_card,165.39,2024-08-30 09:55:03
1422-1,1422,credit_card,473.26,2024-09-26 06:47:58
1423-1,1423,gift_card,171.86,2024-01-15 10:11:14
1423-2,1423,credit_card,171.86,2024-01-15 10:43:14
1424-1,1424,debit_card,262.17,2024-06-04 20:51:36
1424-2,1424,paypal,262.17,2024-06-04 20:55:36
1425-1,1425,gift_card,31.22,2024-10-04 05:02:44
1426-1,1426,paypal,1042.08,2024-05-29 07:03:14
1427-1,1427,debit_card,394.82,2024-02-25 03:25:53
1428-1,1428,debit_card,613.67,2024-09-14 22:21:19
1429-1,1429,debit_card,502.72,2024-09-27 08:43:47
1430-1,1430,debit_card,64.58,2024-12-18 06:36:49
1431-1,1431,apple_pay,75.06,2024-07-21 09:15:19
1431-2,1431,debit_card,75.05,2024-07-21 09:06:19
1432-1,1432,credit_card,404.0,2024-08-29 10:36:54
1433-1,1433,debit_card,355.25,2024-02-24 12:02:31
1433-2,1433,credit_card,355.25,2024-02-24 12:00:31
1434-1,1434,debit_card,546.24,2024-08-01 00:18:19
1435-1,1435,apple_pay,319.96,2024-02-18 11:39:44
1435-2,1435,gift_card,319.96,2024-02-18 11:33:44
1436-1,1436,gift_card,124.84,2024-09-12 15:49:15
1437-1,1437,apple_pay,268.8,2024-03-03 16:57:47
1438-1,1438,credit_card,777.34,2024-09-24 02:46:07
1439-1,1439,debit_card,540.98,2024-08-29 18:57:53
1440-1,1440,paypal,55.23,2024-10-15 04:32:35
1440-2,1440,gift_card,55.23,2024-10-15 04:31:35
1441-1,1441,credit_card,428.02,2024-05-08 01:14:02
1442-1,1442,debit_card,378.34,2024-02-01 04:48:09
1443-1,1443,credit_card,776.78,2024-08-05 23:19:33
1444-1,1444,apple_pay,526.23,2024-05-12 00:04:17
1445-1,1445,gift_card,678.84,2024-12-10 06:33:40
1446-1,1446,credit_card,182.67,2024-11-03 20:27:51
1447-1,1447,paypal,1156.65,2024-04-28 12:16:36
1448-1,1448,apple_pay,446.62,2024-05-27 22:28:25
1448-2,1448,gift_card,446.62,2024-05-27 22:08:25
1449-1,1449,apple_pay,450.94,2024-11-19 04:16:01
1450-1,1450,paypal,1083.29,2024-10-27 06:30:58
1451-1,1451,debit_card,158.68,2024-05-20 07:23:27
1452-1,1452,credit_card,385.2,2024-10-21 13:51:48
1452-2,1452,apple_pay,385.2,2024-10-21 14:35:48
1453-1,1453,credit_card,70.28,2024-06-12 18:56:23
1453-2,1453,debit_card,70.29,2024-06-12 18:58:23
1454-1,1454,credit_card,576.29,2024-02-24 02:11:57
1455-1,1455,debit_card,899.62,2024-09-12 02:51:34
1456-1,1456,credit_card,294.39,2024-02-13 03:32:00
1457-1,1457,paypal,161.74,2024-02-01 10:11:45
1457-2,1457,paypal,161.74,2024-02-01 09:38:45
1458-1,1458,credit_card,75.52,2024-03-26 10:13:54
1459-1,1459,gift_card,203.94,2024-04-06 02:47:28
1460-1,1460,paypal,314.7,2024-10-06 07:26:14
1461-1,1461,credit_card,126.21,2024-10-31 07:55:09
1462-1,1462,credit_card,452.4,2024-12-24 11:14:27
1463-1,1463,credit_card,438.2,2024-08-27 02:17:52
1464-1,1464,debit_card,341.71,2024-04-18 22:19:22
1465-1,1465,debit_card,489.5,2024-02-11 14:53:11
1466-1,1466,apple_pay,364.31,2024-11-26 10:53:57
1466-2,1466,gift_card,364.31,2024-11-26 10:30:57
1467-1,1467,paypal,409.12,2024-02-11 16:03:17
1468-1,1468,credit_card,78.12,2024-03-23 23:56:15
1469-1,1469,gift_card,193.98,2024-03-29 19:02:40
1470-1,1470,apple_pay,370.61,2024-02-14 06:35:09
1471-1,1471,apple_pay,393.76,2024-05-24 22:37:15
1472-1,1472,credit_card,537.73,2024-01-14 07:11:29
1473-1,1473,apple_pay,457.91,2024-10-30 06:20:46
1474-1,1474,gift_card,66.94,2024-12-11 03:00:56
1475-1,1475,credit_card,90.62,2024-04-30 14:55:38
1476-1,1476,debit_card,313.34,2024-03-17 12:50:02
1477-1,1477,gift_card,374.68,2024-01-05 21:50:24
1477-2,1477,gift_card,374.68,2024-01-05 21:58:24
1478-1,1478,gift_card,182.42,2024-05-21 20:23:36
1478-2,1478,gift_card,182.42,2024-05-21 19:54:36
1479-1,1479,debit_card,112.12,2024-05-13 15:52:15
1480-1,1480,paypal,593.0,2024-09-22 19:02:14
1480-2,1480,gift_card,593.0,2024-09-22 18:52:14
1481-1,1481,debit_card,925.39,2024-03-16 23:05:52
1482-1,1482,paypal,135.61,2024-02-12 21:58:06
1482-2,1482,credit_card,135.61,2024-02-12 22:21:06
1483-1,1483,credit_card,942.28,2024-05-01 15:58:37
1484-1,1484,gift_card,484.9,2024-03-11 08:22:25
1485-1,1485,paypal,1138.22,2024-03-01 22:49:38
1486-1,1486,paypal,33.29,2024-08-30 11:09:52
1486-2,1486,paypal,33.29,2024-08-30 11:16:52
1487-1,1487,paypal,53.62,2024-08-02 17:45:35
1488-1,1488,paypal,471.16,2024-02-06 19:15:17
1489-1,1489,apple_pay,222.69,2024-10-16 07:00:18
1490-1,1490,debit_card,334.41,2024-08-10 22:06:59
1491-1,1491,paypal,320.43,2024-11-07 14:48:41
1492-1,1492,paypal,585.83,2024-07-14 13:15:59
1493-1,1493,debit_card,188.84,2024-01-28 02:58:20
1493-2,1493,credit_card,188.84,2024-01-28 02:53:20
1494-1,1494,paypal,121.16,2024-10-01 10:53:37
1495-1,1495,paypal,405.05,2024-10-07 22:43:16
1496-1,1496,debit_card,314.7,2024-01-18 22:25:10
1497-1,1497,debit_card,56.5,2024-06-11 14:01:52
1498-1,1498,debit_card,85.67,2024-01-12 04:35:32
1498-2,1498,debit_card,85.67,2024-01-12 04:57:32
1499-1,1499,paypal,700.64,2024-03-07 08:19:29
1500-1,1500,paypal,152.96,2024-12-12 05:56:32
1501-1,1501,gift_card,159.82,2024-04-29 11:47:32
1501-2,1501,credit_card,159.82,2024-04-29 12:09:32
1502-1,1502,credit_card,224.63,2024-04-20 17:10:33
1503-1,1503,gift_card,87.27,2024-01-22 16:27:02
1504-1,1504,gift_card,277.16,2024-03-11 09:53:58
1505-1,1505,debit_card,555.08,2024-08-09 07:39:45
1506-1,1506,debit_card,347.28,2024-06-13 22:55:49
1507-1,1507,debit_card,983.02,2024-03-22 01:41:12
1508-1,1508,gift_card,263.61,2024-01-09 02:58:22
1508-2,1508,credit_card,263.6,2024-01-09 02:20:22
1509-1,1509,debit_card,419.63,2024-11-09 06:41:46
1510-1,1510,gift_card,379.95,2024-11-06 00:10:51
1511-1,1511,credit_card,421.74,2024-06-17 09:49:06
1511-2,1511,debit_card,421.74,2024-06-17 10:39:06
1512-1,1512,credit_card,378.21,2024-11-05 05:04:18
1513-1,1513,paypal,398.57,2024-07-09 20:57:52
1513-2,1513,gift_card,398.58,2024-07-09 20:33:52
1514-1,1514,credit_card,612.58,2024-08-11 22:45:00
1515-1,1515,paypal,675.26,2024-11-23 23:41:56
1516-1,1516,gift_card,312.18,2024-09-01 08:37:45
1516-2,1516,paypal,312.18,2024-09-01 08:57:45
1517-1,1517,apple_pay,102.47,2024-01-08 09:10:59
1518-1,1518,credit_card,758.05,2024-05-09 13:06:19
1519-1,1519,debit_card,572.57,2024-06-13 01:49:53
1520-1,1520,gift_card,901.95,2024-06-19 19:38:54
1521-1,1521,apple_pay,459.78,2024-04-05 03:52:36
1521-2,1521,paypal,459.78,2024-04-05 04:16:36
1522-1,1522,credit_card,343.61,2024-11-21 23:44:37
1522-2,1522,debit_card,343.6,2024-11-21 23:26:37
1523-1,1523,gift_card,5.64,2024-06-12 02:09:23
1523-2,1523,paypal,5.64,2024-06-12 01:45:23
1524-1,1524,debit_card,273.78,2024-06-21 21:10:07
1525-1,1525,paypal,268.2,2024-01-23 14:46:33
1526-1,1526,debit_card,231.84,2024-07-15 15:25:17
1526-2,1526,debit_card,231.84,2024-07-15 15:30:17
1527-1,1527,apple_pay,33.45,2024-01-13 10:02:06
1528-1,1528,credit_card,386.85,2024-01-24 07:10:17
1528-2,1528,credit_card,386.85,2024-01-24 07:18:17
1529-1,1529,paypal,877.44,2024-07-14 03:18:36
1530-1,1530,credit_card,618.09,2024-08-14 15:22:01
1531-1,1531,gift_card,140.38,2024-09-29 10:20:09
1532-1,1532,debit_card,126.41,2024-05-02 14:01:58
1533-1,1533,credit_card,831.08,2024-05-30 21:44:47
1534-1,1534,apple_pay,195.7,2024-04-11 23:13:49
1534-2,1534,gift_card,195.7,2024-04-11 22:41:49
1535-1,1535,credit_card,35.79,2024-07-05 01:22:07
1536-1,1536,paypal,572.37,2024-05-25 05:49:21
1537-1,1537,apple_pay,323.89,2024-01-23 11:43:06
1538-1,1538,apple_pay,77.88,2024-03-20 19:46:57
1538-2,1538,paypal,77.88,2024-03-20 20:37:57
1539-1,1539,debit_card,240.63,2024-04-10 15:56:00
1540-1,1540,debit_card,63.26,2024-11-22 09:32:57
1541-1,1541,credit_card,178.11,2024-04-24 20:40:15
1542-1,1542,paypal,506.68,2024-03-14 17:29:03
1543-1,1543,debit_card,174.27,2024-10-14 23:11:25
1544-1,1544,apple_pay,397.12,2024-02-24 22:13:43
1544-2,1544,debit_card,397.11,2024-02-24 21:43:43
1545-1,1545,apple_pay,415.56,2024-02-22 01:32:53
1546-1,1546,apple_pay,480.67,2024-02-26 17:35:02
1547-1,1547,paypal,439.24,2024-09-30 05:21:53
1548-1,1548,paypal,204.33,2024-02-20 01:15:10
1549-1,1549,apple_pay,1157.41,2024-11-03 07:45:11
1550-1,1550,paypal,80.95,2024-08-13 02:13:03
1550-2,1550,credit_card,80.96,2024-08-13 02:06:03
1551-1,1551,apple_pay,414.57,2024-05-07 21:17:08
1551-2,1551,debit_card,414.58,2024-05-07 20:42:08
1552-1,1552,debit_card,322.44,2024-09-12 22:55:34
1553-1,1553,apple_pay,1120.44,2024-12-24 02:56:26
1554-1,1554,gift_card,211.16,2024-08-16 19:30:31
1554-2,1554,debit_card,211.15,2024-08-16 19:40:31
1555-1,1555,debit_card,1227.8,2024-05-08 17:04:46
1556-1,1556,debit_card,220.92,2024-12-30 18:41:51
1557-1,1557,debit_card,1035.57,2024-03-22 10:45:10
1558-1,1558,paypal,815.58,2024-10-12 02:04:28
1559-1,1559,paypal,582.23,2024-01-26 00:02:19
1560-1,1560,debit_card,218.2,2024-10-29 10:31:29
1561-1,1561,credit_card,399.32,2024-12-20 19:22:35
1562-1,1562,debit_card,335.28,2024-08-11 13:21:52
1563-1,1563,debit_card,381.28,2024-08-21 03:15:30
1564-1,1564,credit_card,595.84,2024-01-02 23:39:42
1565-1,1565,credit_card,71.54,2024-04-11 11:20:50
1565-2,1565,gift_card,71.54,2024-04-11 11:12:50
1566-1,1566,apple_pay,695.21,2024-12-27 18:05:49
1567-1,1567,paypal,186.94,2024-06-21 15:19:02
1567-2,1567,debit_card,186.95,2024-06-21 15:08:02
1568-1,1568,gift_card,350.78,2024-09-18 14:52:54
1569-1,1569,debit_card,450.31,2024-04-22 02:16:48
1570-1,1570,debit_card,266.26,2024-04-17 17:30:58
1571-1,1571,apple_pay,449.43,2024-05-10 15:13:15
1572-1,1572,apple_pay,161.5,2024-03-22 15:49:33
1572-2,1572,debit_card,161.5,2024-03-22 16:24:33
1573-1,1573,paypal,455.0,2024-04-13 04:46:53
1574-1,1574,paypal,551.44,2024-03-22 18:20:11
1575-1,1575,paypal,900.33,2024-11-13 23:16:41
1576-1,1576,apple_pay,656.31,2024-06-30 15:06:57
1577-1,1577,paypal,432.15,2024-07-07 18:10:10
1578-1,1578,paypal,1156.68,2024-01-08 02:47:09
1579-1,1579,debit_card,169.25,2024-05-12 02:05:18
1580-1,1580,paypal,361.67,2024-02-09 03:52:19
1581-1,1581,paypal,554.16,2024-07-29 21:42:23
1582-1,1582,credit_card,1372.7,2024-09-15 02:52:27
1583-1,1583,apple_pay,413.05,2024-02-19 17:51:30
1584-1,1584,apple_pay,495.82,2024-03-14 15:16:29
1585-1,1585,debit_card,40.35,2024-09-26 18:05:50
1585-2,1585,paypal,40.36,2024-09-26 18:03:50
1586-1,1586,gift_card,67.89,2024-11-23 14:03:42
1586-2,1586,gift_card,67.9,2024-11-23 14:39:42
1587-1,1587,debit_card,226.19,2024-10-01 18:58:09
1588-1,1588,apple_pay,265.91,2024-01-30 08:51:33
1589-1,1589,paypal,357.32,2024-11-23 08:41:53
1590-1,1590,apple_pay,686.1,2024-02-12 11:46:10
1591-1,1591,credit_card,459.75,2024-07-27 14:41:30
1592-1,1592,paypal,440.48,2024-03-12 16:55:54
1593-1,1593,credit_card,642.05,2024-01-18 23:22:26
1594-1,1594,debit_card,168.06,2024-02-06 10:45:52
1594-2,1594,paypal,168.07,2024-02-06 11:02:52
1595-1,1595,apple_pay,577.71,2024-04-09 16:40:30
1596-1,1596,credit_card,54.87,2024-10-06 09:16:51
1597-1,1597,credit_card,309.06,2024-06-24 00:47:45
1597-2,1597,debit_card,309.06,2024-06-24 00:49:45
1598-1,1598,paypal,484.34,2024-10-10 00:06:54
1599-1,1599,credit_card,573.66,2024-01-05 02:02:11
1600-1,1600,credit_card,229.73,2024-12-22 15:06:18
1601-1,1601,credit_card,210.55,2024-04-05 00:12:37
1601-2,1601,gift_card,210.55,2024-04-05 00:02:37
1602-1,1602,apple_pay,270.47,2024-01-13 17:00:51
1603-1,1603,paypal,1012.44,2024-04-02 20:30:24
1604-1,1604,gift_card,1320.64,2024-09-11 19:13:35
1605-1,1605,credit_card,461.48,2024-12-14 01:10:07
1606-1,1606,credit_card,622.82,2024-05-30 07:21:26
1607-1,1607,debit_card,463.0,2024-07-07 00:27:44
1608-1,1608,gift_card,425.27,2024-08-11 22:26:35
1609-1,1609,credit_card,938.24,2024-05-27 04:55:36
1610-1,1610,debit_card,382.14,2024-08-09 04:31:12
1611-1,1611,debit_card,123.86,2024-08-03 03:25:34
1612-1,1612,debit_card,567.86,2024-01-21 03:48:36
1613-1,1613,credit_card,134.82,2024-07-27 19:37:39
1614-1,1614,debit_card,714.82,2024-11-30 14:05:49
1615-1,1615,gift_card,269.72,2024-02-21 07:00:34
1616-1,1616,debit_card,654.89,2024-09-20 14:50:26
1617-1,1617,paypal,139.44,2024-08-07 18:48:00
1618-1,1618,credit_card,363.79,2024-03-08 11:33:32
1619-1,1619,credit_card,20.22,2024-07-23 16:44:29
1620-1,1620,gift_card,155.24,2024-05-20 03:49:14
1620-2,1620,debit_card,155.24,2024-05-20 04:18:14
1621-1,1621,gift_card,100.94,2024-09-09 12:53:10
1622-1,1622,debit_card,614.17,2024-11-16 12:29:47
1623-1,1623,paypal,48.05,2024-06-03 13:07:48
1623-2,1623,apple_pay,48.04,2024-06-03 12:48:48
1624-1,1624,credit_card,572.24,2024-06-04 20:50:19
1625-1,1625,gift_card,338.0,2024-03-01 02:52:25
1625-2,1625,paypal,338.0,2024-03-01 02:47:25
1626-1,1626,credit_card,750.65,2024-12-19 06:01:20
1627-1,1627,debit_card,594.31,2024-05-09 19:48:23
1628-1,1628,debit_card,925.52,2024-08-21 13:05:48
1629-1,1629,credit_card,684.0,2024-11-29 23:59:33
1630-1,1630,credit_card,126.13,2024-12-21 16:26:36
1630-2,1630,credit_card,126.13,2024-12-21 16:32:36
1631-1,1631,debit_card,386.5,2024-04-21 12:46:02
1632-1,1632,credit_card,86.99,2024-06-09 06:35:49
1633-1,1633,debit_card,91.0,2024-05-08 23:41:55
1634-1,1634,apple_pay,226.74,2024-04-10 11:20:23
1635-1,1635,debit_card,1346.81,2024-11-07 03:12:53
1636-1,1636,apple_pay,52.24,2024-10-15 01:40:49
1637-1,1637,credit_card,468.24,2024-01-22 14:59:57
1638-1,1638,debit_card,826.52,2024-03-09 09:29:31
1639-1,1639,debit_card,261.4,2024-08-16 04:04:47
1640-1,1640,debit_card,512.64,2024-04-06 08:56:44
1641-1,1641,credit_card,496.76,2024-12-28 12:28:42
1642-1,1642,debit_card,641.68,2024-05-22 00:22:19
1643-1,1643,paypal,184.75,2024-11-28 10:03:31
1644-1,1644,gift_card,813.2,2024-10-04 21:54:49
1645-1,1645,debit_card,839.72,2024-06-16 21:07:38
1646-1,1646,credit_card,600.56,2024-12-05 10:35:40
1647-1,1647,credit_card,90.18,2024-03-24 19:10:23
1648-1,1648,gift_card,88.72,2024-10-24 05:54:27
1649-1,1649,paypal,995.55,2024-07-13 13:07:07
1650-1,1650,paypal,312.02,2024-01-18 18:50:58
1650-2,1650,debit_card,312.03,2024-01-18 19:02:58
1651-1,1651,credit_card,176.16,2024-03-22 21:09:47
1652-1,1652,gift_card,369.98,2024-10-25 12:51:17
1652-2,1652,apple_pay,369.98,2024-10-25 13:04:17
1653-1,1653,paypal,628.56,2024-05-24 17:30:37
1654-1,1654,debit_card,110.18,2024-04-27 23:01:41
1655-1,1655,debit_card,459.28,2024-01-07 07:37:51
1656-1,1656,paypal,308.25,2024-09-24 00:26:02
1656-2,1656,paypal,308.26,2024-09-24 00:06:02
1657-1,1657,apple_pay,80.9,2024-05-12 21:30:02
1658-1,1658,credit_card,413.19,2024-11-24 19:14:06
1659-1,1659,paypal,143.31,2024-01-31 20:47:39
1659-2,1659,gift_card,143.3,2024-01-31 21:17:39
1660-1,1660,gift_card,569.22,2024-06-09 08:10:23
1661-1,1661,gift_card,40.85,2024-06-06 00:04:27
1662-1,1662,gift_card,328.76,2024-03-12 15:15:08
1663-1,1663,apple_pay,399.86,2024-11-07 02:14:58
1664-1,1664,apple_pay,116.84,2024-05-28 05:46:54
1665-1,1665,debit_card,450.0,2024-04-27 14:33:54
1666-1,1666,credit_card,11.79,2024-12-03 06:10:06
1666-2,1666,apple_pay,11.79,2024-12-03 05:14:06
1667-1,1667,credit_card,338.38,2024-05-27 17:09:15
1668-1,1668,debit_card,877.0,2024-11-08 08:20:10
1669-1,1669,apple_pay,63.33,2024-03-26 15:21:28
1670-1,1670,apple_pay,271.53,2024-01-04 18:51:48
1671-1,1671,apple_pay,224.12,2024-08-10 08:47:58
1672-1,1672,gift_card,509.34,2024-01-27 21:42:27
1673-1,1673,debit_card,75.0,2024-06-25 17:29:03
1673-2,1673,credit_card,75.0,2024-06-25 17:36:03
1674-1,1674,debit_card,563.43,2024-10-17 10:23:41
1675-1,1675,debit_card,913.24,2024-05-16 04:10:45
1676-1,1676,apple_pay,1009.86,2024-12-27 14:21:39
1677-1,1677,credit_card,100.84,2024-04-08 00:48:43
1678-1,1678,debit_card,456.44,2024-11-05 21:57:08
1679-1,1679,credit_card,251.89,2024-08-10 23:40:17
1680-1,1680,credit_card,225.24,2024-09-30 05:13:55
1681-1,1681,apple_pay,1159.62,2024-02-03 10:53:56
1682-1,1682,apple_pay,257.6,2024-01-11 07:44:32
1683-1,1683,credit_card,662.92,2024-08-31 07:57:31
1684-1,1684,paypal,539.4,2024-12-03 13:03:46
1685-1,1685,paypal,479.58,2024-11-29 04:13:10
1686-1,1686,credit_card,441.36,2024-04-16 05:27:51
1687-1,1687,apple_pay,330.18,2024-05-21 07:51:41
1688-1,1688,credit_card,542.26,2024-10-18 08:20:55
1689-1,1689,debit_card,94.8,2024-06-03 09:40:25
1690-1,1690,credit_card,12.73,2024-01-19 14:59:27
1691-1,1691,paypal,184.88,2024-06-27 13:09:50
1692-1,1692,paypal,661.17,2024-11-19 05:30:29
1692-2,1692,gift_card,661.17,2024-11-19 04:48:29
1693-1,1693,gift_card,1111.94,2024-02-19 02:49:16
1694-1,1694,paypal,131.56,2024-09-25 01:51:23
1695-1,1695,debit_card,80.05,2024-02-27 06:09:34
1695-2,1695,apple_pay,80.05,2024-02-27 05:28:34
1696-1,1696,apple_pay,427.6,2024-11-08 15:47:42
1697-1,1697,apple_pay,447.68,2024-08-08 11:21:20
1698-1,1698,credit_card,336.28,2024-11-07 06:14:49
1699-1,1699,gift_card,649.6,2024-07-05 00:14:51
1700-1,1700,debit_card,1009.14,2024-01-21 06:13:28
1701-1,1701,gift_card,361.19,2024-01-29 04:20:42
1702-1,1702,gift_card,650.25,2024-03-16 23:47:04
1703-1,1703,apple_pay,521.0,2024-03-25 20:06:11
1704-1,1704,credit_card,22.64,2024-03-20 18:11:25
1704-2,1704,apple_pay,22.65,2024-03-20 18:08:25
1705-1,1705,paypal,786.02,2024-03-05 13:13:41
1706-1,1706,credit_card,7.54,2024-07-30 14:11:39
1707-1,1707,debit_card,120.68,2024-07-30 14:17:27
1708-1,1708,paypal,53.0,2024-01-26 17:58:15
1709-1,1709,debit_card,124.05,2024-10-02 18:03:44
1710-1,1710,paypal,162.7,2024-10-16 15:46:01
1711-1,1711,gift_card,352.66,2024-11-09 09:18:12
1711-2,1711,gift_card,352.66,2024-11-09 09:32:12
1712-1,1712,credit_card,64.31,2024-10-09 07:29:35
1713-1,1713,paypal,629.28,2024-08-13 08:44:48
1714-1,1714,debit_card,733.86,2024-01-03 09:17:15
1715-1,1715,debit_card,1084.56,2024-12-29 07:38:40
1716-1,1716,debit_card,941.4,2024-10-26 16:08:27
1717-1,1717,paypal,248.79,2024-02-02 01:24:45
1717-2,1717,debit_card,248.8,2024-02-02 00:43:45
1718-1,1718,gift_card,466.21,2024-05-22 22:18:11
1719-1,1719,paypal,485.32,2024-11-27 03:11:42
1720-1,1720,paypal,12.28,2024-06-20 17:42:16
1721-1,1721,debit_card,120.21,2024-12-20 00:30:22
1721-2,1721,debit_card,120.21,2024-12-20 00:35:22
1722-1,1722,credit_card,69.72,2024-07-21 14:37:01
1723-1,1723,apple_pay,349.91,2024-09-03 20:32:22
1723-2,1723,gift_card,349.91,2024-09-03 20:30:22
1724-1,1724,paypal,680.91,2024-09-27 07:19:12
1725-1,1725,gift_card,710.29,2024-11-30 07:40:13
1726-1,1726,gift_card,240.34,2024-08-14 04:42:27
1726-2,1726,apple_pay,240.35,2024-08-14 05:14:27
1727-1,1727,paypal,459.9,2024-10-15 21:07:48
1728-1,1728,gift_card,972.31,2024-09-10 08:11:54
1729-1,1729,credit_card,317.35,2024-01-29 00:20:34
1730-1,1730,apple_pay,327.78,2024-06-29 20:43:41
1731-1,1731,credit_card,369.45,2024-03-17 16:24:00
1732-1,1732,paypal,282.76,2024-02-03 19:44:00
1733-1,1733,paypal,623.18,2024-08-30 00:09:24
1734-1,1734,debit_card,1190.54,2024-12-20 16:10:44
1735-1,1735,credit_card,117.76,2024-04-06 20:21:20
1736-1,1736,apple_pay,45.52,2024-01-12 13:10:09
1737-1,1737,gift_card,604.29,2024-10-02 18:41:08
1738-1,1738,credit_card,937.37,2024-06-15 11:49:36
1739-1,1739,paypal,642.72,2024-09-26 16:10:01
1740-1,1740,paypal,616.93,2024-01-10 02:24:58
1741-1,1741,debit_card,115.23,2024-06-18 12:33:47
1742-1,1742,apple_pay,141.24,2024-08-16 10:15:22
1743-1,1743,paypal,522.49,2024-11-26 03:41:51
1744-1,1744,credit_card,445.1,2024-05-02 13:17:00
1745-1,1745,apple_pay,579.91,2024-08-12 01:43:52
1746-1,1746,paypal,351.7,2024-11-15 05:18:30
1747-1,1747,apple_pay,718.66,2024-12-17 22:19:19
1748-1,1748,gift_card,641.87,2024-07-30 22:50:48
1749-1,1749,paypal,835.18,2024-10-09 23:30:40
1750-1,1750,credit_card,704.09,2024-05-20 05:24:32
1751-1,1751,apple_pay,371.14,2024-07-02 01:16:29
1752-1,1752,credit_card,195.04,2024-06-20 22:38:11
1753-1,1753,debit_card,368.95,2024-12-25 07:46:33
1754-1,1754,paypal,77.75,2024-03-30 05:22:58
1754-2,1754,apple_pay,77.75,2024-03-30 05:15:58
1755-1,1755,debit_card,789.16,2024-04-14 11:54:42
1756-1,1756,paypal,273.28,2024-09-14 12:41:05
1757-1,1757,gift_card,1283.93,2024-04-02 13:57:02
1758-1,1758,paypal,421.7,2024-01-19 01:15:33
1759-1,1759,gift_card,489.52,2024-04-20 00:47:06
1760-1,1760,apple_pay,145.02,2024-02-07 17:58:04
1760-2,1760,gift_card,145.02,2024-02-07 18:25:04
1761-1,1761,credit_card,354.2,2024-08-24 19:34:16
1762-1,1762,gift_card,282.14,2024-10-07 21:32:02
1763-1,1763,credit_card,728.74,2024-01-04 09:32:29
1764-1,1764,gift_card,958.86,2024-07-01 17:22:41
1765-1,1765,apple_pay,558.6,2024-07-26 22:10:13
1766-1,1766,apple_pay,562.54,2024-07-22 19:52:59
1767-1,1767,credit_card,181.04,2024-12-29 09:20:40
1768-1,1768,credit_card,431.2,2024-04-07 13:26:15
1768-2,1768,gift_card,431.2,2024-04-07 13:38:15
1769-1,1769,apple_pay,141.23,2024-02-22 20:50:23
1770-1,1770,paypal,18.36,2024-12-02 11:34:50
1771-1,1771,paypal,116.08,2024-03-23 19:24:47
1772-1,1772,apple_pay,60.51,2024-11-06 15:37:59
1773-1,1773,paypal,449.06,2024-10-21 11:54:56
1774-1,1774,debit_card,790.89,2024-03-05 04:57:00
1775-1,1775,debit_card,288.56,2024-04-21 07:08:06
1776-1,1776,paypal,1638.96,2024-12-22 12:13:46
1777-1,1777,gift_card,41.0,2024-07-24 12:49:18
1778-1,1778,debit_card,50.58,2024-11-18 19:51:23
1779-1,1779,gift_card,172.08,2024-09-04 16:33:39
1779-2,1779,credit_card,172.08,2024-09-04 16:05:39
1780-1,1780,credit_card,883.11,2024-03-23 17:46:57
1781-1,1781,credit_card,937.6,2024-05-08 14:09:17
1782-1,1782,paypal,610.71,2024-06-12 15:49:27
1783-1,1783,paypal,224.24,2024-07-12 23:52:51
1784-1,1784,apple_pay,766.63,2024-06-19 00:19:24
1785-1,1785,credit_card,140.76,2024-01-23 23:37:56
1786-1,1786,debit_card,225.7,2024-07-12 17:21:38
1787-1,1787,apple_pay,488.29,2024-11-21 08:21:41
1788-1,1788,gift_card,645.85,2024-12-21 22:42:27
1789-1,1789,paypal,396.19,2024-09-02 06:31:28
1789-2,1789,paypal,396.18,2024-09-02 06:32:28
1790-1,1790,paypal,787.12,2024-06-24 23:38:12
1791-1,1791,apple_pay,541.64,2024-01-16 16:20:03
1792-1,1792,debit_card,412.13,2024-03-14 06:03:23
1793-1,1793,credit_card,40.68,2024-03-31 17:43:30
1794-1,1794,gift_card,365.33,2024-05-20 11:53:51
1795-1,1795,credit_card,47.57,2024-02-04 10:05:30
1795-2,1795,credit_card,47.57,2024-02-04 09:28:30
1796-1,1796,gift_card,328.71,2024-10-14 19:19:19
1796-2,1796,gift_card,328.71,2024-10-14 18:50:19
1797-1,1797,apple_pay,20.64,2024-04-02 21:44:38
1798-1,1798,apple_pay,242.67,2024-10-01 21:42:10
1799-1,1799,paypal,329.04,2024-08-03 23:00:10
1800-1,1800,credit_card,283.42,2024-11-16 05:52:42
1800-2,1800,gift_card,283.42,2024-11-16 04:59:42
1801-1,1801,apple_pay,529.65,2024-03-25 13:04:31
1802-1,1802,gift_card,936.52,2024-07-10 11:58:26
1803-1,1803,gift_card,1120.93,2024-09-14 03:58:51
1804-1,1804,paypal,908.67,2024-01-09 20:13:18
1805-1,1805,debit_card,68.45,2024-10-30 10:56:05
1806-1,1806,debit_card,465.33,2024-11-23 22:44:32
1807-1,1807,credit_card,168.09,2024-12-20 17:06:30
1807-2,1807,apple_pay,168.09,2024-12-20 17:42:30
1808-1,1808,debit_card,297.55,2024-06-12 11:00:30
1809-1,1809,gift_card,383.36,2024-03-16 22:07:42
1810-1,1810,gift_card,771.74,2024-06-09 12:25:26
1811-1,1811,paypal,657.9,2024-05-09 07:45:19
1812-1,1812,credit_card,783.46,2024-05-27 07:38:58
1813-1,1813,paypal,622.04,2024-05-11 23:52:38
1814-1,1814,credit_card,378.71,2024-04-22 16:31:40
1815-1,1815,paypal,761.24,2024-08-21 10:11:50
1816-1,1816,debit_card,363.89,2024-02-08 10:52:14
1817-1,1817,paypal,351.8,2024-08-22 19:29:04
1818-1,1818,paypal,1140.45,2024-12-04 12:12:53
1819-1,1819,paypal,913.27,2024-10-17 19:55:21
1820-1,1820,apple_pay,107.8,2024-01-05 16:22:10
1821-1,1821,debit_card,590.68,2024-09-27 18:03:27
1822-1,1822,gift_card,9.2,2024-07-18 19:01:04
1823-1,1823,paypal,387.34,2024-02-18 17:27:41
1824-1,1824,apple_pay,436.36,2024-12-12 01:49:22
1825-1,1825,apple_pay,380.25,2024-05-19 12:34:13
1826-1,1826,paypal,61.57,2024-10-10 02:33:24
1826-2,1826,gift_card,61.57,2024-10-10 03:02:24
1827-1,1827,gift_card,359.16,2024-02-10 00:54:32
1828-1,1828,debit_card,719.4,2024-11-11 21:09:49
1828-2,1828,debit_card,719.4,2024-11-11 20:59:49
1829-1,1829,debit_card,580.78,2024-03-01 22:17:24
1830-1,1830,apple_pay,717.43,2024-09-08 03:30:46
1831-1,1831,apple_pay,492.36,2024-01-19 02:59:44
1831-2,1831,paypal,492.36,2024-01-19 03:16:44
1832-1,1832,paypal,1208.24,2024-03-01 01:21:56
1833-1,1833,credit_card,282.14,2024-05-02 23:42:16
1833-2,1833,paypal,282.15,2024-05-02 23:51:16
1834-1,1834,paypal,389.57,2024-10-20 04:12:32
1834-2,1834,gift_card,389.58,2024-10-20 03:26:32
1835-1,1835,gift_card,281.22,2024-08-25 14:30:26
1836-1,1836,apple_pay,250.95,2024-06-17 01:04:29
1837-1,1837,gift_card,152.03,2024-08-11 05:52:47
1837-2,1837,gift_card,152.02,2024-08-11 05:44:47
1838-1,1838,apple_pay,308.16,2024-03-16 09:35:11
1839-1,1839,debit_card,79.44,2024-12-13 16:42:27
1840-1,1840,credit_card,59.04,2024-09-28 11:00:18
1841-1,1841,credit_card,296.58,2024-01-05 07:58:14
1842-1,1842,apple_pay,114.56,2024-07-08 02:46:03
1843-1,1843,credit_card,279.4,2024-08-31 06:29:03
1844-1,1844,gift_card,407.43,2024-05-29 23:35:46
1845-1,1845,apple_pay,507.63,2024-03-21 02:57:10
1846-1,1846,apple_pay,89.49,2024-09-18 01:34:28
1847-1,1847,gift_card,17.95,2024-05-14 04:14:02
1848-1,1848,gift_card,116.44,2024-09-09 04:53:04
1849-1,1849,paypal,601.53,2024-11-17 21:41:54
1850-1,1850,paypal,355.1,2024-04-04 00:03:43
1851-1,1851,debit_card,350.38,2024-04-21 02:27:54
1852-1,1852,debit_card,196.0,2024-03-20 05:48:26
1853-1,1853,gift_card,579.69,2024-03-20 10:53:32
1854-1,1854,apple_pay,489.81,2024-01-09 22:09:36
1855-1,1855,credit_card,552.84,2024-09-15 01:38:32
1856-1,1856,paypal,727.18,2024-11-12 08:50:44
1857-1,1857,paypal,643.49,2024-01-12 15:56:06
1858-1,1858,debit_card,352.65,2024-11-14 05:49:55
1859-1,1859,debit_card,83.27,2024-06-06 13:56:05
1860-1,1860,apple_pay,184.09,2024-01-03 00:28:10
1860-2,1860,credit_card,184.1,2024-01-02 23:50:10
1861-1,1861,apple_pay,284.08,2024-04-10 20:06:48
1862-1,1862,apple_pay,538.35,2024-09-28 09:16:44
1863-1,1863,gift_card,142.37,2024-09-13 21:53:53
1864-1,1864,gift_card,206.2,2024-01-05 11:51:46
1865-1,1865,apple_pay,72.94,2024-02-05 23:36:29
1866-1,1866,apple_pay,126.96,2024-08-30 22:03:28
1867-1,1867,credit_card,234.36,2024-06-08 22:44:25
1867-2,1867,gift_card,234.36,2024-06-08 22:11:25
1868-1,1868,debit_card,71.4,2024-03-26 10:36:43
1869-1,1869,gift_card,294.47,2024-01-17 01:32:47
1870-1,1870,apple_pay,348.4,2024-04-09 00:35:55
1870-2,1870,paypal,348.41,2024-04-09 00:42:55
1871-1,1871,debit_card,67.14,2024-05-03 12:53:59
1871-2,1871,debit_card,67.14,2024-05-03 12:53:59
1872-1,1872,credit_card,182.87,2024-11-23 16:49:42
1872-2,1872,debit_card,182.87,2024-11-23 16:36:42
1873-1,1873,credit_card,960.0,2024-11-12 21:40:59
1874-1,1874,credit_card,50.38,2024-11-23 06:07:13
1875-1,1875,paypal,292.43,2024-10-25 12:53:38
1876-1,1876,paypal,985.69,2024-01-12 14:15:07
1877-1,1877,apple_pay,1395.99,2024-01-31 08:43:05
1878-1,1878,gift_card,182.88,2024-11-09 04:30:55
1879-1,1879,gift_card,829.04,2024-09-18 02:15:12
1880-1,1880,gift_card,709.43,2024-04-29 19:39:59
1881-1,1881,debit_card,605.28,2024-04-24 17:14:01
1882-1,1882,apple_pay,270.54,2024-11-17 12:00:24
1883-1,1883,paypal,42.72,2024-12-07 05:50:00
1884-1,1884,apple_pay,83.06,2024-05-08 08:19:28
1885-1,1885,apple_pay,53.16,2024-02-28 00:55:10
1885-2,1885,paypal,53.17,2024-02-28 01:34:10
1886-1,1886,gift_card,452.82,2024-10-08 19:06:58
1887-1,1887,apple_pay,28.62,2024-02-28 16:47:15
1888-1,1888,gift_card,748.39,2024-03-25 07:32:12
1889-1,1889,paypal,948.12,2024-05-09 03:23:16
1890-1,1890,paypal,361.94,2024-02-19 19:43:02
1891-1,1891,paypal,413.92,2024-07-23 18:49:16
1891-2,1891,apple_pay,413.92,2024-07-23 18:57:16
1892-1,1892,gift_card,699.45,2024-09-15 07:33:41
1893-1,1893,paypal,44.72,2024-09-11 08:31:56
1894-1,1894,paypal,404.95,2024-02-25 07:30:24
1895-1,1895,credit_card,669.66,2024-03-04 23:12:27
1896-1,1896,debit_card,152.88,2024-07-15 18:16:43
1896-2,1896,debit_card,152.88,2024-07-15 18:15:43
1897-1,1897,apple_pay,231.54,2024-08-14 13:26:59
1898-1,1898,paypal,192.62,2024-01-06 08:55:22
1899-1,1899,debit_card,241.52,2024-11-29 09:56:29
1899-2,1899,debit_card,241.52,2024-11-29 10:39:29
1900-1,1900,gift_card,535.42,2024-07-28 05:47:49
1901-1,1901,gift_card,172.01,2024-10-02 02:34:24
1901-2,1901,debit_card,172.02,2024-10-02 02:40:24
1902-1,1902,credit_card,258.5,2024-12-15 13:58:23
1902-2,1902,apple_pay,258.51,2024-12-15 14:33:23
1903-1,1903,paypal,180.28,2024-05-16 12:39:11
1904-1,1904,paypal,493.18,2024-12-30 07:05:12
1905-1,1905,apple_pay,614.0,2024-03-05 20:19:22
1906-1,1906,debit_card,326.37,2024-05-22 04:34:00
1907-1,1907,paypal,109.48,2024-08-23 17:19:02
1907-2,1907,debit_card,109.49,2024-08-23 17:48:02
1908-1,1908,apple_pay,6.59,2024-04-07 13:33:16
1908-2,1908,gift_card,6.59,2024-04-07 12:39:16
1909-1,1909,debit_card,344.07,2024-10-28 21:51:34
1909-2,1909,credit_card,344.07,2024-10-28 21:42:34
1910-1,1910,debit_card,164.28,2024-12-30 12:55:39
1911-1,1911,debit_card,277.64,2024-04-28 16:54:25
1912-1,1912,apple_pay,614.47,2024-08-28 23:06:43
1913-1,1913,apple_pay,263.88,2024-09-19 12:49:58
1914-1,1914,paypal,245.43,2024-09-23 16:44:06
1915-1,1915,gift_card,714.01,2024-11-30 19:17:06
1916-1,1916,paypal,733.43,2024-08-18 21:46:09
1917-1,1917,credit_card,525.8,2024-11-10 06:23:38
1918-1,1918,credit_card,752.89,2024-09-20 19:13:44
1919-1,1919,credit_card,469.34,2024-03-24 21:10:50
1920-1,1920,gift_card,58.62,2024-11-11 03:13:18
1921-1,1921,apple_pay,101.38,2024-04-10 01:10:22
1922-1,1922,debit_card,783.64,2024-06-16 17:38:30
1923-1,1923,gift_card,879.68,2024-12-16 21:25:05
1924-1,1924,gift_card,351.84,2024-09-21 21:46:28
1925-1,1925,paypal,137.42,2024-07-01 06:46:50
1926-1,1926,apple_pay,371.2,2024-07-24 02:47:40
1927-1,1927,debit_card,113.15,2024-10-20 17:23:22
1928-1,1928,credit_card,955.77,2024-12-24 06:07:07
1929-1,1929,gift_card,743.05,2024-07-15 03:43:03
1930-1,1930,apple_pay,367.5,2024-09-21 09:00:00
1930-2,1930,gift_card,367.51,2024-09-21 09:03:00
1931-1,1931,apple_pay,1000.86,2024-08-26 14:35:20
1932-1,1932,credit_card,652.51,2024-04-11 09:40:28
1933-1,1933,apple_pay,148.06,2024-03-02 17:58:19
1934-1,1934,debit_card,191.73,2024-03-26 00:43:50
1935-1,1935,apple_pay,111.7,2024-09-06 14:27:28
1935-2,1935,debit_card,111.7,2024-09-06 14:10:28
1936-1,1936,credit_card,618.5,2024-01-02 17:08:00
1937-1,1937,debit_card,304.69,2024-10-30 15:31:05
1938-1,1938,gift_card,885.01,2024-06-21 05:32:36
1939-1,1939,paypal,621.72,2024-03-13 22:32:57
1940-1,1940,apple_pay,449.77,2024-05-21 19:44:19
1941-1,1941,paypal,641.27,2024-09-19 05:25:11
1942-1,1942,paypal,487.72,2024-01-11 09:45:29
1943-1,1943,apple_pay,191.76,2024-08-31 18:22:12
1944-1,1944,paypal,41.08,2024-07-06 10:25:56
1945-1,1945,debit_card,788.24,2024-04-20 09:21:54
1946-1,1946,paypal,575.29,2024-12-27 05:37:57
1947-1,1947,credit_card,70.66,2024-04-19 22:03:03
1948-1,1948,apple_pay,790.89,2024-05-21 14:25:52
1949-1,1949,credit_card,525.27,2024-05-24 21:06:18
1950-1,1950,apple_pay,278.54,2024-09-21 07:22:00
1950-2,1950,debit_card,278.54,2024-09-21 07:34:00
1951-1,1951,credit_card,450.92,2024-09-21 01:49:02
1952-1,1952,credit_card,349.0,2024-03-14 18:19:04
1953-1,1953,debit_card,477.65,2024-07-30 01:06:32
1953-2,1953,credit_card,477.66,2024-07-30 00:53:32
1954-1,1954,paypal,432.46,2024-07-18 01:21:47
1955-1,1955,paypal,416.6,2024-03-16 09:55:13
1956-1,1956,apple_pay,545.23,2024-09-26 04:24:19
1957-1,1957,apple_pay,365.78,2024-04-06 20:38:37
1958-1,1958,debit_card,512.43,2024-12-30 13:57:58
1959-1,1959,paypal,225.51,2024-09-01 17:25:22
1960-1,1960,paypal,675.81,2024-10-03 15:49:13
1961-1,1961,gift_card,289.0,2024-09-14 08:28:30
1962-1,1962,gift_card,282.48,2024-09-10 02:15:52
1963-1,1963,gift_card,26.54,2024-11-06 13:36:55
1964-1,1964,credit_card,152.12,2024-10-04 20:28:40
1965-1,1965,debit_card,191.26,2024-05-25 07:17:58
1965-2,1965,apple_pay,191.27,2024-05-25 07:04:58
1966-1,1966,debit_card,420.51,2024-12-15 04:16:09
1967-1,1967,paypal,588.19,2024-06-05 05:32:06
1968-1,1968,credit_card,88.22,2024-05-09 14:54:50
1969-1,1969,credit_card,204.56,2024-03-24 17:39:48
1969-2,1969,apple_pay,204.57,2024-03-24 17:51:48
1970-1,1970,gift_card,546.35,2024-05-11 17:34:40
1971-1,1971,debit_card,180.69,2024-06-03 15:13:57
1972-1,1972,gift_card,399.2,2024-05-08 20:46:53
1972-2,1972,gift_card,399.21,2024-05-08 20:13:53
1973-1,1973,apple_pay,116.66,2024-01-02 01:37:31
1974-1,1974,debit_card,373.82,2024-06-25 04:14:52
1975-1,1975,debit_card,784.34,2024-04-15 21:30:12
1976-1,1976,apple_pay,591.57,2024-09-22 09:49:17
1977-1,1977,debit_card,433.04,2024-02-08 06:19:52
1978-1,1978,paypal,461.4,2024-10-02 05:30:01
1979-1,1979,paypal,8.5,2024-01-13 20:05:38
1979-2,1979,credit_card,8.5,2024-01-13 19:44:38
1980-1,1980,gift_card,616.93,2024-05-12 11:26:04
1981-1,1981,paypal,117.78,2024-09-24 18:49:50
1982-1,1982,paypal,934.43,2024-02-02 15:20:04
1983-1,1983,gift_card,481.1,2024-04-24 23:58:44
1984-1,1984,debit_card,158.31,2024-08-11 22:17:44
1985-1,1985,gift_card,234.9,2024-09-13 23:44:48
1986-1,1986,debit_card,6.09,2024-02-17 02:52:16
1987-1,1987,gift_card,371.99,2024-08-16 05:51:19
1988-1,1988,apple_pay,1402.53,2024-01-10 09:11:40
1989-1,1989,debit_card,396.78,2024-09-11 18:45:00
1990-1,1990,apple_pay,1325.02,2024-03-20 11:36:51
1991-1,1991,apple_pay,1227.64,2024-10-10 20:00:46
1992-1,1992,credit_card,59.76,2024-08-22 18:09:49
1993-1,1993,credit_card,602.42,2024-09-27 16:59:28
1994-1,1994,apple_pay,993.85,2024-04-05 07:13:28
1995-1,1995,apple_pay,136.7,2024-07-09 16:16:33
1996-1,1996,gift_card,607.25,2024-05-23 02:01:31
1997-1,1997,debit_card,601.19,2024-09-08 19:38:13
1998-1,1998,credit_card,254.42,2024-12-25 06:19:16
1999-1,1999,gift_card,485.91,2024-05-27 18:50:39
2000-1,2000,apple_pay,162.18,2024-07-27 14:42:04
2000-2,2000,paypal,162.18,2024-07-27 14:51:04
2001-1,2001,credit_card,15.5,2024-04-18 03:27:25
2002-1,2002,gift_card,294.66,2024-08-26 20:09:27
2003-1,2003,paypal,1129.79,2024-09-06 18:11:01
2004-1,2004,gift_card,542.78,2024-08-29 22:52:38
2005-1,2005,credit_card,301.44,2024-03-29 23:53:24
2006-1,2006,debit_card,56.06,2024-06-10 23:54:44
2007-1,2007,gift_card,104.77,2024-10-23 03:58:02
2008-1,2008,debit_card,103.71,2024-05-11 01:34:18
2009-1,2009,paypal,679.44,2024-10-10 20:20:44
2010-1,2010,apple_pay,79.1,2024-02-03 07:13:47
2011-1,2011,debit_card,422.52,2024-07-14 15:58:36
2012-1,2012,apple_pay,36.44,2024-01-03 06:00:44
2013-1,2013,apple_pay,974.01,2024-04-29 08:31:55
2014-1,2014,apple_pay,523.02,2024-05-01 06:27:47
2015-1,2015,paypal,40.52,2024-04-22 13:43:56
2016-1,2016,paypal,104.01,2024-07-04 02:31:38
2017-1,2017,gift_card,323.35,2024-06-13 15:53:41
2017-2,2017,gift_card,323.35,2024-06-13 16:06:41
2018-1,2018,paypal,135.07,2024-01-21 03:47:41
2018-2,2018,credit_card,135.08,2024-01-21 02:54:41
2019-1,2019,apple_pay,387.23,2024-11-12 07:08:47
2020-1,2020,debit_card,514.94,2024-08-18 12:53:48
2021-1,2021,debit_card,35.08,2024-08-01 08:02:00
2022-1,2022,gift_card,893.36,2024-10-27 08:19:35
2023-1,2023,paypal,705.74,2024-07-11 12:27:48
2024-1,2024,debit_card,439.97,2024-01-29 08:46:48
2025-1,2025,paypal,162.99,2024-05-07 03:59:47
2026-1,2026,debit_card,316.98,2024-03-30 11:33:49
2026-2,2026,debit_card,316.97,2024-03-30 11:40:49
2027-1,2027,apple_pay,748.73,2024-12-02 10:10:50
2028-1,2028,paypal,574.06,2024-10-08 18:57:43
2029-1,2029,credit_card,50.31,2024-04-04 20:22:48
2029-2,2029,apple_pay,50.31,2024-04-04 20:13:48
2030-1,2030,gift_card,338.42,2024-01-21 22:07:29
2031-1,2031,paypal,61.59,2024-10-04 18:45:15
2032-1,2032,apple_pay,363.1,2024-06-22 21:52:00
2033-1,2033,paypal,388.0,2024-11-30 17:30:40
2034-1,2034,credit_card,32.28,2024-04-29 03:45:39
2035-1,2035,gift_card,440.07,2024-01-01 18:55:19
2036-1,2036,gift_card,230.64,2024-09-22 22:04:15
2037-1,2037,debit_card,1377.76,2024-10-03 01:30:59
2038-1,2038,apple_pay,311.91,2024-07-26 01:03:35
2039-1,2039,gift_card,63.67,2024-09-07 14:31:14
2039-2,2039,paypal,63.68,2024-09-07 14:28:14
2040-1,2040,apple_pay,388.68,2024-04-06 07:29:42
2041-1,2041,apple_pay,894.09,2024-02-11 04:34:34
2042-1,2042,gift_card,126.88,2024-09-18 20:40:17
2043-1,2043,paypal,78.21,2024-10-13 23:03:30
2044-1,2044,apple_pay,216.32,2024-12-13 17:48:13
2044-2,2044,apple_pay,216.33,2024-12-13 17:46:13
2045-1,2045,apple_pay,650.7,2024-06-30 18:14:40
2046-1,2046,credit_card,607.25,2024-02-18 11:43:33
2047-1,2047,gift_card,198.91,2024-04-16 04:58:20
2048-1,2048,gift_card,648.07,2024-11-08 17:44:56
2049-1,2049,apple_pay,221.75,2024-08-07 23:10:56
2050-1,2050,credit_card,493.18,2024-12-28 12:55:17
2051-1,2051,credit_card,726.41,2024-10-25 04:37:00
2052-1,2052,paypal,204.93,2024-08-18 23:00:41
2052-2,2052,gift_card,204.92,2024-08-18 22:55:41
2053-1,2053,credit_card,176.66,2024-12-05 23:25:10
2054-1,2054,debit_card,410.73,2024-05-27 06:24:16
2055-1,2055,credit_card,925.81,2024-04-30 03:31:36
2056-1,2056,apple_pay,908.65,2024-10-23 21:33:01
2057-1,2057,paypal,1019.55,2024-02-11 09:16:19
2058-1,2058,apple_pay,79.98,2024-07-16 06:49:54
2058-2,2058,apple_pay,79.98,2024-07-16 07:27:54
2059-1,2059,paypal,643.17,2024-11-14 23:41:38
2060-1,2060,gift_card,493.71,2024-08-07 15:10:01
2061-1,2061,paypal,658.66,2024-11-07 14:29:41
2062-1,2062,apple_pay,40.28,2024-10-10 23:36:32
2063-1,2063,credit_card,597.84,2024-02-24 22:03:30
2064-1,2064,gift_card,218.59,2024-03-25 12:49:26
2064-2,2064,apple_pay,218.6,2024-03-25 12:36:26
2065-1,2065,gift_card,815.88,2024-12-25 03:06:10
2066-1,2066,debit_card,124.02,2024-03-08 07:44:47
2066-2,2066,credit_card,124.02,2024-03-08 07:49:47
2067-1,2067,gift_card,237.44,2024-11-26 03:36:04
2068-1,2068,apple_pay,528.75,2024-10-02 22:20:58
2069-1,2069,paypal,145.32,2024-01-07 04:59:31
2070-1,2070,gift_card,723.68,2024-08-16 05:36:42
2071-1,2071,credit_card,198.46,2024-10-04 20:31:31
2071-2,2071,credit_card,198.46,2024-10-04 20:37:31
2072-1,2072,apple_pay,215.2,2024-07-09 04:53:39
2073-1,2073,apple_pay,264.84,2024-09-15 20:39:16
2074-1,2074,apple_pay,1018.93,2024-08-03 23:42:22
2075-1,2075,gift_card,150.07,2024-09-22 18:49:00
2076-1,2076,paypal,290.93,2024-10-19 12:56:38
2077-1,2077,apple_pay,305.8,2024-07-19 10:23:53
2078-1,2078,apple_pay,229.62,2024-12-01 10:56:32
2079-1,2079,debit_card,292.54,2024-05-15 18:58:44
2079-2,2079,debit_card,292.53,2024-05-15 18:26:44
2080-1,2080,paypal,669.48,2024-04-23 03:46:42
2081-1,2081,debit_card,645.72,2024-09-24 12:44:47
2082-1,2082,credit_card,523.84,2024-02-11 09:48:46
2082-2,2082,gift_card,523.83,2024-02-11 10:26:46
2083-1,2083,apple_pay,317.32,2024-06-26 18:34:18
2084-1,2084,apple_pay,614.08,2024-06-16 11:35:12
2085-1,2085,paypal,742.85,2024-06-01 23:55:41
2086-1,2086,paypal,194.21,2024-03-12 17:20:55
2086-2,2086,apple_pay,194.2,2024-03-12 16:37:55
2087-1,2087,apple_pay,687.23,2024-02-25 02:16:42
2088-1,2088,paypal,299.08,2024-01-12 23:58:14
2088-2,2088,apple_pay,299.09,2024-01-13 00:13:14
2089-1,2089,credit_card,387.0,2024-11-07 18:14:00
2090-1,2090,gift_card,293.05,2024-02-08 13:58:56
2091-1,2091,gift_card,61.78,2024-03-17 12:23:32
2091-2,2091,debit_card,61.78,2024-03-17 12:51:32
2092-1,2092,apple_pay,460.05,2024-12-12 11:08:11
2093-1,2093,debit_card,660.73,2024-01-27 01:43:28
2094-1,2094,debit_card,263.61,2024-11-20 03:00:04
2095-1,2095,paypal,602.45,2024-09-14 00:41:57
2096-1,2096,debit_card,155.61,2024-09-09 10:08:23
2097-1,2097,gift_card,976.96,2024-06-05 02:06:38
2098-1,2098,debit_card,263.14,2024-07-05 16:07:23
2098-2,2098,gift_card,263.15,2024-07-05 16:26:23
2099-1,2099,apple_pay,781.93,2024-08-10 15:14:23
2100-1,2100,debit_card,952.38,2024-06-09 21:02:44
2101-1,2101,debit_card,239.96,2024-04-09 19:08:00
2102-1,2102,paypal,243.66,2024-12-14 07:40:01
2103-1,2103,paypal,271.29,2024-05-13 06:38:45
2104-1,2104,debit_card,1054.62,2024-07-22 06:11:45
2105-1,2105,gift_card,358.69,2024-10-03 12:54:12
2105-2,2105,paypal,358.7,2024-10-03 13:41:12
2106-1,2106,paypal,155.25,2024-04-29 01:50:45
2107-1,2107,paypal,253.5,2024-08-17 02:44:40
2107-2,2107,debit_card,253.5,2024-08-17 02:43:40
2108-1,2108,paypal,17.53,2024-07-28 18:04:42
2108-2,2108,credit_card,17.53,2024-07-28 18:00:42
2109-1,2109,debit_card,623.16,2024-04-16 10:38:58
2110-1,2110,gift_card,273.4,2024-05-17 00:44:02
2111-1,2111,paypal,322.77,2024-10-20 21:40:07
2112-1,2112,apple_pay,198.56,2024-10-19 11:19:16
2112-2,2112,gift_card,198.56,2024-10-19 10:42:16
2113-1,2113,debit_card,347.75,2024-04-14 19:14:44
2114-1,2114,paypal,354.7,2024-09-29 21:12:47
2115-1,2115,debit_card,219.22,2024-06-18 23:04:28
2115-2,2115,debit_card,219.21,2024-06-18 23:18:28
2116-1,2116,paypal,686.53,2024-10-16 08:33:24
2117-1,2117,apple_pay,419.04,2024-09-04 05:29:38
2117-2,2117,debit_card,419.03,2024-09-04 06:03:38
2118-1,2118,apple_pay,20.32,2024-12-01 18:26:25
2119-1,2119,gift_card,25.72,2024-11-01 21:08:49
2120-1,2120,debit_card,479.16,2024-03-09 21:11:33
2121-1,2121,paypal,352.36,2024-10-29 04:55:53
2122-1,2122,credit_card,464.78,2024-01-19 06:37:26
2123-1,2123,paypal,740.08,2024-06-13 07:11:17
2124-1,2124,paypal,514.22,2024-07-05 05:20:02
2125-1,2125,paypal,455.49,2024-06-09 11:15:22
2126-1,2126,debit_card,890.37,2024-05-22 08:19:11
2127-1,2127,apple_pay,868.65,2024-10-15 22:50:01
2128-1,2128,paypal,120.86,2024-03-17 21:20:19
2128-2,2128,credit_card,120.85,2024-03-17 21:18:19
2129-1,2129,debit_card,159.26,2024-01-18 23:36:25
2129-2,2129,debit_card,159.27,2024-01-18 23:08:25
2130-1,2130,paypal,778.89,2024-05-23 10:08:43
2131-1,2131,gift_card,606.31,2024-12-23 18:15:11
2132-1,2132,debit_card,862.75,2024-04-27 21:16:34
2133-1,2133,debit_card,533.76,2024-05-18 06:30:00
2134-1,2134,paypal,561.96,2024-04-28 03:10:16
2135-1,2135,gift_card,58.85,2024-08-20 19:52:05
2135-2,2135,apple_pay,58.85,2024-08-20 20:34:05
2136-1,2136,paypal,749.67,2024-10-21 07:02:16
2137-1,2137,debit_card,83.89,2024-07-28 19:36:49
2138-1,2138,credit_card,447.76,2024-08-15 10:25:45
2139-1,2139,paypal,112.64,2024-12-06 11:13:33
2140-1,2140,debit_card,28.3,2024-08-31 14:38:08
2140-2,2140,gift_card,28.3,2024-08-31 14:26:08
2141-1,2141,debit_card,24.62,2024-03-25 05:26:48
2142-1,2142,credit_card,66.21,2024-08-19 00:40:40
2142-2,2142,gift_card,66.21,2024-08-19 00:29:40
2143-1,2143,credit_card,83.76,2024-06-03 22:34:44
2144-1,2144,debit_card,420.6,2024-12-03 10:49:03
2145-1,2145,credit_card,105.17,2024-12-19 07:41:40
2145-2,2145,apple_pay,105.18,2024-12-19 07:12:40
2146-1,2146,apple_pay,177.64,2024-07-06 10:27:46
2147-1,2147,paypal,176.91,2024-12-28 09:13:52
2148-1,2148,gift_card,26.66,2024-05-29 07:10:06
2149-1,2149,gift_card,333.91,2024-10-08 19:07:05
2150-1,2150,debit_card,729.77,2024-11-07 23:13:38
2151-1,2151,paypal,451.32,2024-03-07 11:45:16
2152-1,2152,paypal,18.63,2024-08-24 06:05:14
2153-1,2153,credit_card,766.44,2024-07-13 21:42:13
2154-1,2154,apple_pay,504.19,2024-03-29 06:19:38
2155-1,2155,credit_card,36.52,2024-02-23 10:48:56
2156-1,2156,credit_card,285.52,2024-11-16 23:28:54
2157-1,2157,apple_pay,392.1,2024-10-04 00:27:18
2157-2,2157,debit_card,392.09,2024-10-04 00:42:18
2158-1,2158,apple_pay,207.4,2024-03-04 12:18:15
2159-1,2159,paypal,555.11,2024-12-20 22:53:44
2160-1,2160,paypal,664.15,2024-01-12 06:24:56
2161-1,2161,apple_pay,464.14,2024-07-15 01:35:30
2162-1,2162,gift_card,207.24,2024-05-20 03:29:07
2163-1,2163,paypal,521.9,2024-01-07 04:26:50
2164-1,2164,apple_pay,556.72,2024-06-25 16:51:31
2165-1,2165,credit_card,142.18,2024-09-13 22:45:07
2165-2,2165,gift_card,142.18,2024-09-13 22:25:07
2166-1,2166,paypal,534.24,2024-11-26 22:33:40
2167-1,2167,paypal,299.56,2024-04-09 05:01:33
2168-1,2168,paypal,255.7,2024-11-06 09:30:05
2168-2,2168,apple_pay,255.7,2024-11-06 09:33:05
2169-1,2169,paypal,72.06,2024-04-22 04:23:14
2170-1,2170,apple_pay,157.19,2024-02-12 14:17:40
2171-1,2171,credit_card,417.46,2024-09-13 13:45:41
2172-1,2172,credit_card,304.94,2024-01-30 05:48:40
2173-1,2173,credit_card,405.95,2024-02-05 16:30:43
2173-2,2173,paypal,405.95,2024-02-05 16:12:43
2174-1,2174,credit_card,692.03,2024-06-14 08:53:55
2175-1,2175,debit_card,69.31,2024-06-13 22:57:10
2176-1,2176,apple_pay,44.62,2024-01-01 15:55:28
2176-2,2176,gift_card,44.62,2024-01-01 16:11:28
2177-1,2177,gift_card,486.34,2024-03-29 02:54:41
2178-1,2178,gift_card,247.06,2024-08-27 23:21:10
2179-1,2179,gift_card,888.73,2024-03-06 21:19:57
2180-1,2180,apple_pay,184.11,2024-07-14 16:50:26
2181-1,2181,credit_card,491.26,2024-05-31 10:52:20
2182-1,2182,credit_card,1305.69,2024-10-15 05:29:12
2183-1,2183,credit_card,464.5,2024-01-23 03:16:24
2184-1,2184,debit_card,519.87,2024-11-27 21:59:58
2185-1,2185,paypal,1062.07,2024-10-23 15:34:29
2186-1,2186,credit_card,179.12,2024-11-06 06:23:48
2187-1,2187,gift_card,439.0,2024-11-08 19:31:44
2188-1,2188,paypal,272.1,2024-03-22 04:51:34
2189-1,2189,credit_card,662.16,2024-02-20 01:46:41
2190-1,2190,gift_card,159.95,2024-06-17 17:19:20
2191-1,2191,gift_card,614.83,2024-06-23 07:23:19
2192-1,2192,gift_card,208.14,2024-11-17 16:06:17
2193-1,2193,credit_card,204.81,2024-09-19 21:58:38
2194-1,2194,credit_card,886.72,2024-12-27 02:34:40
2195-1,2195,paypal,390.77,2024-02-13 01:21:48
2196-1,2196,credit_card,77.22,2024-11-15 11:22:01
2197-1,2197,gift_card,19.76,2024-07-20 23:05:06
2198-1,2198,apple_pay,90.32,2024-01-06 12:54:25
2199-1,2199,gift_card,446.46,2024-02-11 17:39:25
2200-1,2200,paypal,415.33,2024-03-06 03:54:44
2201-1,2201,paypal,767.99,2024-04-12 17:19:59
2202-1,2202,gift_card,547.89,2024-10-25 02:00:05
2203-1,2203,apple_pay,70.44,2024-09-24 00:37:12
2203-2,2203,debit_card,70.44,2024-09-24 00:21:12
2204-1,2204,credit_card,218.38,2024-10-21 17:06:09
2205-1,2205,gift_card,124.92,2024-09-15 15:53:43
2206-1,2206,gift_card,512.99,2024-02-11 02:55:18
2207-1,2207,paypal,212.59,2024-03-10 15:03:57
2207-2,2207,credit_card,212.59,2024-03-10 14:27:57
2208-1,2208,paypal,733.23,2024-06-13 05:47:35
2209-1,2209,gift_card,525.42,2024-06-12 08:16:08
2210-1,2210,credit_card,93.32,2024-04-11 07:26:25
2211-1,2211,debit_card,1486.86,2024-02-26 11:02:15
2212-1,2212,credit_card,242.49,2024-04-10 22:58:16
2213-1,2213,debit_card,719.67,2024-08-09 15:00:42
2214-1,2214,paypal,544.18,2024-05-15 07:18:21
2215-1,2215,gift_card,88.52,2024-01-14 17:39:36
2216-1,2216,apple_pay,249.02,2024-05-27 22:35:27
2217-1,2217,debit_card,981.53,2024-11-28 19:59:48
2218-1,2218,apple_pay,660.75,2024-05-29 12:09:48
2219-1,2219,gift_card,348.86,2024-07-09 13:25:26
2220-1,2220,apple_pay,500.41,2024-06-10 00:11:40
2221-1,2221,credit_card,171.79,2024-08-22 10:35:44
2221-2,2221,credit_card,171.79,2024-08-22 10:32:44
2222-1,2222,paypal,1210.6,2024-06-20 13:48:11
2223-1,2223,paypal,137.68,2024-12-26 19:11:46
2224-1,2224,gift_card,806.79,2024-03-14 16:35:34
2225-1,2225,gift_card,84.6,2024-01-07 10:09:44
2226-1,2226,paypal,584.85,2024-03-13 20:24:07
2227-1,2227,apple_pay,559.37,2024-01-14 08:42:00
2228-1,2228,apple_pay,343.56,2024-11-27 01:25:49
2229-1,2229,credit_card,439.37,2024-05-20 10:39:49
2230-1,2230,paypal,201.67,2024-11-13 23:07:36
2231-1,2231,debit_card,353.14,2024-09-10 22:13:49
2232-1,2232,credit_card,720.9,2024-02-23 02:00:22
2233-1,2233,debit_card,278.98,2024-02-17 11:11:20
2234-1,2234,credit_card,634.62,2024-07-11 16:58:25
2235-1,2235,credit_card,552.91,2024-02-12 10:51:56
2236-1,2236,gift_card,461.0,2024-01-17 06:46:59
2237-1,2237,apple_pay,648.98,2024-05-31 04:22:12
2238-1,2238,gift_card,133.31,2024-08-01 16:10:39
2238-2,2238,credit_card,133.31,2024-08-01 15:36:39
2239-1,2239,credit_card,43.75,2024-04-04 03:30:12
2240-1,2240,gift_card,250.36,2024-03-27 10:22:45
2241-1,2241,debit_card,448.48,2024-11-23 02:27:21
2242-1,2242,debit_card,68.32,2024-06-19 01:58:53
2243-1,2243,paypal,378.96,2024-10-18 12:39:29
2244-1,2244,gift_card,675.59,2024-04-30 02:24:09
2245-1,2245,gift_card,735.53,2024-08-10 17:24:40
2246-1,2246,debit_card,600.28,2024-05-23 01:29:08
2247-1,2247,paypal,494.24,2024-10-16 23:18:19
2248-1,2248,debit_card,162.72,2024-10-07 14:22:02
2248-2,2248,credit_card,162.72,2024-10-07 14:17:02
2249-1,2249,debit_card,461.4,2024-07-23 01:28:28
2250-1,2250,paypal,909.2,2024-09-02 16:17:56
2251-1,2251,apple_pay,203.24,2024-03-09 05:55:05
2252-1,2252,credit_card,213.15,2024-02-06 20:28:10
2253-1,2253,credit_card,175.13,2024-06-05 06:22:11
2253-2,2253,gift_card,175.14,2024-06-05 06:40:11
2254-1,2254,apple_pay,593.72,2024-05-27 17:01:02
2255-1,2255,debit_card,251.52,2024-08-30 18:50:04
2255-2,2255,debit_card,251.52,2024-08-30 18:29:04
2256-1,2256,gift_card,510.4,2024-04-04 19:22:20
2257-1,2257,credit_card,379.01,2024-07-19 05:49:46
2258-1,2258,apple_pay,170.76,2024-10-25 12:34:11
2259-1,2259,gift_card,420.01,2024-08-26 23:59:40
2260-1,2260,credit_card,464.78,2024-09-13 06:58:31
2261-1,2261,debit_card,542.18,2024-05-27 12:17:07
2262-1,2262,debit_card,219.22,2024-12-19 02:57:58
2263-1,2263,paypal,500.87,2024-03-16 17:56:28
2264-1,2264,debit_card,248.6,2024-09-13 19:51:50
2265-1,2265,apple_pay,399.14,2024-10-23 16:41:02
2266-1,2266,paypal,473.67,2024-03-11 07:03:11
2267-1,2267,debit_card,101.29,2024-10-21 20:42:46
2268-1,2268,debit_card,410.18,2024-10-18 10:46:57
2269-1,2269,paypal,241.22,2024-04-24 20:47:36
2270-1,2270,apple_pay,1145.44,2024-03-15 05:52:10
2271-1,2271,gift_card,370.55,2024-02-11 02:47:55
2272-1,2272,paypal,922.68,2024-08-08 14:51:40
2273-1,2273,gift_card,630.16,2024-10-19 22:57:53
2274-1,2274,debit_card,253.84,2024-01-03 14:37:44
2275-1,2275,gift_card,226.15,2024-11-03 00:44:10
2275-2,2275,paypal,226.15,2024-11-03 01:09:10
2276-1,2276,apple_pay,615.87,2024-03-25 07:44:05
2277-1,2277,gift_card,93.36,2024-03-30 08:08:16
2278-1,2278,gift_card,708.46,2024-07-27 16:53:22
2278-2,2278,gift_card,708.46,2024-07-27 16:01:22
2279-1,2279,debit_card,526.66,2024-08-27 05:58:00
2279-2,2279,paypal,526.67,2024-08-27 05:10:00
2280-1,2280,debit_card,465.19,2024-03-20 21:07:28
2280-2,2280,credit_card,465.2,2024-03-20 21:13:28
2281-1,2281,credit_card,305.4,2024-09-13 10:06:46
2282-1,2282,credit_card,743.44,2024-06-19 18:02:10
2283-1,2283,apple_pay,781.59,2024-10-21 11:11:33
2284-1,2284,debit_card,42.15,2024-03-16 01:48:47
2284-2,2284,apple_pay,42.15,2024-03-16 02:01:47
2285-1,2285,credit_card,98.61,2024-06-05 17:43:50
2286-1,2286,credit_card,255.72,2024-01-01 21:35:32
2287-1,2287,debit_card,812.57,2024-07-07 21:17:24
2288-1,2288,credit_card,1373.62,2024-02-14 15:58:52
2289-1,2289,debit_card,323.22,2024-05-05 07:44:06
2290-1,2290,credit_card,426.94,2024-10-25 05:11:12
2291-1,2291,gift_card,950.04,2024-12-15 16:14:55
2292-1,2292,debit_card,71.64,2024-03-23 17:49:04
2293-1,2293,debit_card,288.15,2024-12-22 01:51:15
2294-1,2294,paypal,229.27,2024-01-14 11:21:12
2295-1,2295,paypal,290.45,2024-05-29 02:41:27
2296-1,2296,paypal,290.06,2024-12-04 05:11:20
2297-1,2297,apple_pay,236.68,2024-05-05 23:10:55
2298-1,2298,gift_card,680.63,2024-03-27 21:35:44
2299-1,2299,paypal,225.82,2024-08-05 12:56:35
2300-1,2300,paypal,130.4,2024-03-01 18:25:19
2300-2,2300,credit_card,130.4,2024-03-01 18:15:19
2301-1,2301,paypal,1211.06,2024-05-13 11:19:46
2302-1,2302,paypal,1061.95,2024-07-06 10:42:55
2303-1,2303,debit_card,210.0,2024-07-24 20:35:19
2304-1,2304,credit_card,955.58,2024-10-23 11:12:04
2305-1,2305,credit_card,391.58,2024-02-06 20:16:03
2306-1,2306,credit_card,263.06,2024-07-19 03:32:25
2307-1,2307,paypal,471.08,2024-11-21 19:19:16
2308-1,2308,paypal,1044.1,2024-11-15 21:28:32
2309-1,2309,gift_card,114.05,2024-11-18 03:56:41
2309-2,2309,debit_card,114.05,2024-11-18 03:10:41
2310-1,2310,paypal,322.28,2024-08-29 13:15:20
2311-1,2311,apple_pay,194.88,2024-06-11 01:44:48
2312-1,2312,debit_card,240.19,2024-01-09 20:28:31
2312-2,2312,debit_card,240.18,2024-01-09 19:35:31
2313-1,2313,gift_card,933.75,2024-04-15 08:01:54
2314-1,2314,apple_pay,800.38,2024-01-06 04:33:42
2315-1,2315,apple_pay,516.04,2024-08-26 04:25:07
2316-1,2316,credit_card,495.88,2024-05-11 17:50:27
2317-1,2317,credit_card,512.23,2024-09-13 13:27:51
2318-1,2318,credit_card,1451.73,2024-04-02 13:30:40
2319-1,2319,paypal,936.15,2024-04-24 16:18:59
2320-1,2320,apple_pay,603.4,2024-03-23 06:08:25
2321-1,2321,apple_pay,475.26,2024-03-13 12:41:56
2322-1,2322,apple_pay,85.61,2024-12-05 03:27:26
2322-2,2322,apple_pay,85.6,2024-12-05 02:53:26
2323-1,2323,paypal,159.09,2024-07-14 08:19:24
2323-2,2323,gift_card,159.1,2024-07-14 08:05:24
2324-1,2324,credit_card,587.83,2024-10-03 19:39:09
2325-1,2325,paypal,175.03,2024-05-06 11:10:54
2325-2,2325,credit_card,175.03,2024-05-06 10:35:54
2326-1,2326,debit_card,1218.64,2024-06-27 22:11:53
2327-1,2327,apple_pay,14.4,2024-01-08 22:18:43
2328-1,2328,credit_card,43.73,2024-06-10 16:01:21
2328-2,2328,gift_card,43.72,2024-06-10 15:53:21
2329-1,2329,paypal,3.18,2024-09-27 19:42:40
2330-1,2330,debit_card,526.88,2024-12-15 15:13:24
2331-1,2331,paypal,204.35,2024-03-18 01:12:17
2331-2,2331,debit_card,204.35,2024-03-18 01:19:17
2332-1,2332,credit_card,429.96,2024-06-28 22:32:46
2333-1,2333,apple_pay,699.94,2024-08-17 06:31:31
2334-1,2334,gift_card,600.94,2024-11-23 03:53:53
2335-1,2335,apple_pay,87.5,2024-11-10 11:02:10
2336-1,2336,apple_pay,484.3,2024-12-09 03:51:11
2337-1,2337,debit_card,248.6,2024-11-22 16:53:08
2338-1,2338,gift_card,457.97,2024-05-09 14:56:10
2339-1,2339,apple_pay,48.49,2024-10-03 03:32:37
2340-1,2340,credit_card,303.6,2024-11-10 12:14:29
2341-1,2341,debit_card,509.78,2024-05-21 08:43:11
2342-1,2342,debit_card,656.97,2024-12-10 10:48:01
2343-1,2343,apple_pay,880.66,2024-01-04 17:07:30
2344-1,2344,apple_pay,89.8,2024-01-30 10:15:13
2344-2,2344,debit_card,89.8,2024-01-30 10:42:13
2345-1,2345,debit_card,815.17,2024-05-25 09:59:17
2346-1,2346,gift_card,851.48,2024-05-20 10:15:50
2347-1,2347,gift_card,410.84,2024-02-10 08:25:23
2348-1,2348,apple_pay,492.0,2024-09-19 12:14:04
2349-1,2349,apple_pay,185.27,2024-10-14 10:33:19
2350-1,2350,paypal,514.56,2024-07-07 22:44:21
2351-1,2351,debit_card,484.58,2024-04-04 02:38:41
2351-2,2351,gift_card,484.58,2024-04-04 02:46:41
2352-1,2352,debit_card,24.21,2024-07-13 23:32:58
2353-1,2353,gift_card,391.79,2024-07-12 16:34:45
2354-1,2354,credit_card,489.86,2024-12-01 16:18:25
2355-1,2355,gift_card,427.6,2024-07-07 05:44:57
2355-2,2355,debit_card,427.59,2024-07-07 05:44:57
2356-1,2356,gift_card,331.08,2024-08-25 17:26:38
2357-1,2357,apple_pay,333.45,2024-06-19 08:01:19
2358-1,2358,paypal,336.29,2024-10-20 14:22:02
2359-1,2359,apple_pay,555.24,2024-06-19 04:05:19
2360-1,2360,apple_pay,540.93,2024-10-27 22:08:27
2361-1,2361,apple_pay,617.68,2024-08-09 12:18:00
2362-1,2362,apple_pay,1239.5,2024-05-06 07:45:15
2363-1,2363,credit_card,106.38,2024-12-27 04:04:11
2364-1,2364,credit_card,814.53,2024-08-21 06:21:38
2365-1,2365,apple_pay,383.64,2024-09-17 12:18:52
2366-1,2366,apple_pay,583.57,2024-06-27 19:48:08
2367-1,2367,gift_card,48.16,2024-10-25 20:10:48
2367-2,2367,gift_card,48.15,2024-10-25 20:00:48
2368-1,2368,paypal,652.07,2024-10-29 17:31:57
2369-1,2369,credit_card,431.05,2024-12-06 18:39:13
2370-1,2370,apple_pay,295.25,2024-12-04 04:40:27
2371-1,2371,debit_card,868.1,2024-03-20 07:57:32
2372-1,2372,apple_pay,348.77,2024-04-22 21:22:15
2373-1,2373,paypal,923.6,2024-07-14 01:46:55
2374-1,2374,paypal,178.02,2024-11-03 23:38:29
2374-2,2374,debit_card,178.02,2024-11-03 23:08:29
2375-1,2375,paypal,358.53,2024-01-06 08:26:49
2376-1,2376,debit_card,534.49,2024-12-04 13:00:29
2377-1,2377,debit_card,645.06,2024-05-15 06:29:38
2378-1,2378,apple_pay,435.91,2024-10-30 20:02:34
2379-1,2379,paypal,279.01,2024-10-10 08:45:20
2380-1,2380,apple_pay,360.99,2024-09-23 23:33:47
2381-1,2381,paypal,14.83,2024-02-12 05:02:22
2382-1,2382,gift_card,85.89,2024-02-29 14:48:40
2383-1,2383,apple_pay,515.07,2024-06-24 16:59:15
2384-1,2384,credit_card,625.5,2024-09-08 11:59:10
2385-1,2385,apple_pay,524.16,2024-06-22 22:33:24
2386-1,2386,debit_card,946.16,2024-08-20 21:05:52
2387-1,2387,paypal,210.24,2024-06-01 08:03:14
2388-1,2388,credit_card,278.48,2024-04-30 19:14:51
2389-1,2389,paypal,169.28,2024-11-13 09:44:11
2389-2,2389,credit_card,169.27,2024-11-13 10:15:11
2390-1,2390,apple_pay,450.99,2024-09-16 01:32:50
2391-1,2391,debit_card,294.85,2024-07-17 06:51:19
2391-2,2391,gift_card,294.85,2024-07-17 07:12:19
2392-1,2392,gift_card,838.6,2024-04-06 03:02:39
2393-1,2393,gift_card,482.94,2024-09-05 14:56:20
2394-1,2394,debit_card,607.65,2024-10-18 09:53:55
2395-1,2395,paypal,160.39,2024-06-23 20:51:25
2396-1,2396,credit_card,200.52,2024-12-10 11:57:05
2397-1,2397,apple_pay,123.18,2024-02-22 12:34:38
2398-1,2398,apple_pay,237.94,2024-03-16 08:34:15
2398-2,2398,credit_card,237.95,2024-03-16 07:44:15
2399-1,2399,gift_card,400.75,2024-10-27 23:10:31
2400-1,2400,debit_card,378.16,2024-02-21 04:47:16
2400-2,2400,credit_card,378.16,2024-02-21 05:16:16
2401-1,2401,paypal,1100.27,2024-01-31 01:20:42
2402-1,2402,debit_card,560.34,2024-06-11 15:37:42
2403-1,2403,gift_card,137.81,2024-08-28 10:37:30
2404-1,2404,paypal,462.02,2024-09-10 05:49:02
2405-1,2405,apple_pay,424.66,2024-08-19 12:19:39
2406-1,2406,apple_pay,309.27,2024-04-06 15:14:02
2407-1,2407,paypal,1184.58,2024-11-12 03:30:38
2408-1,2408,apple_pay,1031.62,2024-07-10 10:19:49
2409-1,2409,paypal,245.34,2024-04-19 19:27:55
2410-1,2410,paypal,118.71,2024-02-02 09:29:28
2410-2,2410,credit_card,118.71,2024-02-02 10:12:28
2411-1,2411,credit_card,516.36,2024-03-05 15:44:03
2412-1,2412,paypal,287.61,2024-03-14 21:45:15
2413-1,2413,debit_card,153.99,2024-08-20 06:35:12
2414-1,2414,credit_card,210.62,2024-11-07 16:38:09
2415-1,2415,gift_card,445.69,2024-11-09 03:25:46
2416-1,2416,paypal,372.91,2024-04-26 22:12:15
2416-2,2416,gift_card,372.91,2024-04-26 22:39:15
2417-1,2417,apple_pay,452.38,2024-08-30 12:34:48
2418-1,2418,credit_card,76.22,2024-06-10 18:29:12
2418-2,2418,gift_card,76.21,2024-06-10 18:11:12
2419-1,2419,debit_card,175.92,2024-04-30 12:08:58
2420-1,2420,credit_card,212.16,2024-09-09 06:44:59
2421-1,2421,paypal,602.55,2024-09-02 05:59:06
2422-1,2422,credit_card,403.95,2024-10-30 09:41:44
2423-1,2423,credit_card,408.56,2024-12-07 05:13:01
2423-2,2423,gift_card,408.56,2024-12-07 05:29:01
2424-1,2424,apple_pay,149.52,2024-02-19 02:00:49
2425-1,2425,gift_card,492.8,2024-08-31 20:52:41
2426-1,2426,paypal,376.32,2024-05-06 03:35:21
2427-1,2427,debit_card,345.88,2024-02-10 04:25:33
2428-1,2428,paypal,262.64,2024-01-05 15:12:46
2429-1,2429,apple_pay,664.44,2024-01-21 19:16:39
2430-1,2430,paypal,246.92,2024-10-21 19:48:08
2431-1,2431,paypal,479.32,2024-09-15 14:01:31
2432-1,2432,apple_pay,20.4,2024-08-28 20:23:57
2433-1,2433,debit_card,427.88,2024-07-25 02:12:03
2434-1,2434,credit_card,179.17,2024-09-03 19:13:04
2435-1,2435,debit_card,110.27,2024-02-04 14:38:08
2435-2,2435,debit_card,110.26,2024-02-04 14:02:08
2436-1,2436,paypal,273.12,2024-03-12 23:55:19
2436-2,2436,debit_card,273.13,2024-03-13 00:07:19
2437-1,2437,debit_card,124.77,2024-07-11 23:31:31
2437-2,2437,credit_card,124.77,2024-07-11 23:16:31
2438-1,2438,paypal,231.16,2024-10-07 13:40:45
2439-1,2439,debit_card,669.29,2024-11-29 18:58:59
2440-1,2440,debit_card,70.35,2024-08-15 04:39:35
2441-1,2441,credit_card,183.46,2024-09-13 05:04:40
2442-1,2442,paypal,927.75,2024-06-06 07:51:35
2443-1,2443,gift_card,264.38,2024-01-24 00:58:19
2443-2,2443,apple_pay,264.37,2024-01-24 00:17:19
2444-1,2444,paypal,985.0,2024-09-09 06:29:00
2445-1,2445,apple_pay,110.22,2024-11-08 05:38:00
2446-1,2446,apple_pay,638.44,2024-04-28 22:31:53
2447-1,2447,apple_pay,94.15,2024-12-22 05:57:17
2448-1,2448,paypal,589.36,2024-09-10 04:28:20
2449-1,2449,credit_card,56.62,2024-05-24 03:17:13
2450-1,2450,apple_pay,361.41,2024-09-21 12:13:05
2451-1,2451,debit_card,266.38,2024-10-09 02:31:48
2452-1,2452,apple_pay,18.28,2024-11-10 20:52:28
2452-2,2452,credit_card,18.28,2024-11-10 21:14:28
2453-1,2453,paypal,510.16,2024-05-31 22:42:02
2454-1,2454,debit_card,315.82,2024-09-13 13:55:40
2455-1,2455,paypal,449.06,2024-10-09 20:08:09
2456-1,2456,paypal,383.02,2024-05-06 21:30:25
2456-2,2456,paypal,383.02,2024-05-06 20:57:25
2457-1,2457,apple_pay,314.32,2024-01-04 18:26:45
2458-1,2458,credit_card,106.46,2024-04-04 06:45:55
2458-2,2458,credit_card,106.46,2024-04-04 06:48:55
2459-1,2459,credit_card,320.54,2024-07-28 06:24:31
2459-2,2459,paypal,320.54,2024-07-28 07:08:31
2460-1,2460,debit_card,479.48,2024-11-25 19:57:42
2461-1,2461,credit_card,497.19,2024-01-24 12:39:34
2462-1,2462,gift_card,15.74,2024-05-23 00:11:19
2462-2,2462,credit_card,15.74,2024-05-23 00:05:19
2463-1,2463,debit_card,912.14,2024-01-28 16:02:24
2464-1,2464,paypal,743.51,2024-09-29 02:20:31
2465-1,2465,credit_card,43.91,2024-07-15 04:34:07
2465-2,2465,credit_card,43.92,2024-07-15 04:33:07
2466-1,2466,paypal,819.83,2024-12-01 13:31:57
2467-1,2467,apple_pay,565.06,2024-07-24 22:38:55
2468-1,2468,debit_card,889.56,2024-04-22 07:52:13
2469-1,2469,paypal,204.12,2024-02-08 16:57:11
2470-1,2470,apple_pay,277.06,2024-06-16 23:41:37
2471-1,2471,paypal,78.28,2024-06-18 01:13:22
2471-2,2471,credit_card,78.29,2024-06-18 00:38:22
2472-1,2472,gift_card,548.32,2024-11-24 11:08:10
2473-1,2473,paypal,1118.37,2024-04-15 12:23:02
2474-1,2474,paypal,512.96,2024-09-25 17:59:31
2475-1,2475,debit_card,283.75,2024-10-02 14:00:38
2475-2,2475,credit_card,283.76,2024-10-02 13:54:38
2476-1,2476,gift_card,181.03,2024-07-01 16:41:24
2476-2,2476,apple_pay,181.02,2024-07-01 17:15:24
2477-1,2477,paypal,362.54,2024-10-12 14:48:54
2477-2,2477,debit_card,362.53,2024-10-12 14:55:54
2478-1,2478,debit_card,412.52,2024-11-15 23:01:49
2479-1,2479,paypal,350.86,2024-09-21 09:11:22
2480-1,2480,debit_card,385.75,2024-07-01 20:22:45
2481-1,2481,debit_card,227.58,2024-04-29 13:46:33
2482-1,2482,credit_card,455.37,2024-08-11 00:47:07
2483-1,2483,apple_pay,95.61,2024-08-10 07:10:37
2483-2,2483,credit_card,95.62,2024-08-10 06:53:37
2484-1,2484,apple_pay,591.6,2024-01-11 16:32:05
2485-1,2485,paypal,494.91,2024-08-10 22:04:42
2486-1,2486,gift_card,784.23,2024-10-06 10:27:02
2487-1,2487,paypal,612.44,2024-11-22 19:27:25
2488-1,2488,apple_pay,273.23,2024-07-17 11:42:48
2488-2,2488,paypal,273.23,2024-07-17 12:01:48
2489-1,2489,debit_card,787.95,2024-11-07 05:37:57
2490-1,2490,credit_card,232.94,2024-11-04 12:37:04
2491-1,2491,paypal,254.68,2024-08-08 03:05:41
2492-1,2492,paypal,6.55,2024-08-14 05:15:57
2493-1,2493,credit_card,117.66,2024-06-02 16:35:03
2494-1,2494,apple_pay,1275.36,2024-04-16 21:50:52
2495-1,2495,credit_card,207.54,2024-09-12 22:52:02
2496-1,2496,paypal,62.66,2024-08-27 11:13:49
2497-1,2497,paypal,154.59,2024-08-18 12:38:39
2497-2,2497,paypal,154.59,2024-08-18 12:57:39
2498-1,2498,paypal,119.29,2024-11-20 02:49:18
2499-1,2499,gift_card,69.94,2024-12-13 06:27:30
2500-1,2500,gift_card,767.07,2024-07-06 03:51:39
2501-1,2501,credit_card,129.78,2024-04-09 16:43:25
2501-2,2501,apple_pay,129.77,2024-04-09 17:15:25
2502-1,2502,credit_card,169.96,2024-10-16 19:31:05
2503-1,2503,apple_pay,47.77,2024-07-12 15:42:18
2504-1,2504,credit_card,683.8,2024-08-08 09:57:28
2505-1,2505,apple_pay,672.85,2024-04-22 12:41:33
2506-1,2506,apple_pay,602.1,2024-05-14 15:04:00
2507-1,2507,paypal,200.18,2024-04-23 22:07:11
2508-1,2508,credit_card,278.13,2024-08-12 00:54:35
2509-1,2509,paypal,461.92,2024-05-05 05:47:53
2510-1,2510,apple_pay,659.06,2024-06-18 16:11:44
2511-1,2511,credit_card,1207.41,2024-03-20 18:30:00
2512-1,2512,gift_card,292.65,2024-08-11 19:29:47
2513-1,2513,credit_card,106.32,2024-11-30 05:50:03
2514-1,2514,paypal,719.28,2024-07-28 15:30:39
2515-1,2515,credit_card,24.4,2024-05-16 14:55:35
2515-2,2515,gift_card,24.4,2024-05-16 14:37:35
2516-1,2516,debit_card,1176.86,2024-12-06 04:52:22
2517-1,2517,gift_card,15.45,2024-05-19 16:27:31
2518-1,2518,credit_card,154.82,2024-11-30 20:05:33
2519-1,2519,paypal,454.62,2024-09-05 11:31:24
2520-1,2520,apple_pay,432.25,2024-06-09 20:27:13
2520-2,2520,debit_card,432.25,2024-06-09 19:38:13
2521-1,2521,apple_pay,312.24,2024-01-06 18:06:16
2522-1,2522,paypal,631.94,2024-12-21 13:56:34
2523-1,2523,paypal,272.85,2024-01-06 02:32:42
2523-2,2523,paypal,272.85,2024-01-06 02:39:42
2524-1,2524,paypal,534.32,2024-10-16 18:54:42
2525-1,2525,apple_pay,306.24,2024-08-13 11:23:23
2526-1,2526,credit_card,372.62,2024-04-13 00:34:27
2527-1,2527,apple_pay,108.04,2024-04-27 03:50:48
2528-1,2528,paypal,215.1,2024-05-01 13:42:28
2529-1,2529,credit_card,417.76,2024-04-25 13:06:04
2530-1,2530,debit_card,678.93,2024-08-14 16:48:57
2531-1,2531,credit_card,92.58,2024-02-20 00:38:46
2532-1,2532,gift_card,128.29,2024-01-11 13:31:26
2533-1,2533,gift_card,916.92,2024-07-19 01:15:16
2534-1,2534,apple_pay,238.44,2024-11-23 11:09:23
2535-1,2535,debit_card,402.44,2024-06-29 06:38:44
2535-2,2535,credit_card,402.43,2024-06-29 07:02:44
2536-1,2536,paypal,896.5,2024-08-10 22:17:00
2537-1,2537,paypal,291.28,2024-12-26 18:04:00
2538-1,2538,apple_pay,408.13,2024-08-24 18:53:39
2538-2,2538,credit_card,408.14,2024-08-24 19:17:39
2539-1,2539,debit_card,735.46,2024-12-14 12:15:47
2540-1,2540,debit_card,967.68,2024-09-24 02:41:44
2541-1,2541,credit_card,20.34,2024-12-24 05:14:22
2541-2,2541,paypal,20.33,2024-12-24 05:24:22
2542-1,2542,paypal,460.3,2024-02-08 05:41:27
2543-1,2543,apple_pay,247.33,2024-07-11 22:38:49
2544-1,2544,credit_card,323.91,2024-12-23 22:27:06
2545-1,2545,gift_card,481.55,2024-07-07 15:57:17
2546-1,2546,paypal,7.29,2024-06-12 03:00:10
2546-2,2546,debit_card,7.28,2024-06-12 03:27:10
2547-1,2547,gift_card,764.94,2024-10-05 13:31:17
2548-1,2548,apple_pay,274.88,2024-05-19 23:21:35
2549-1,2549,debit_card,26.72,2024-07-05 20:29:04
2550-1,2550,credit_card,47.32,2024-11-30 16:55:15
2551-1,2551,gift_card,430.3,2024-01-03 11:21:53
2551-2,2551,gift_card,430.3,2024-01-03 11:59:53
2552-1,2552,paypal,72.51,2024-09-25 08:10:36
2553-1,2553,gift_card,527.52,2024-08-09 14:31:48
2554-1,2554,paypal,98.21,2024-09-20 14:27:37
2555-1,2555,debit_card,832.87,2024-05-18 22:02:13
2556-1,2556,apple_pay,242.46,2024-09-23 09:11:29
2557-1,2557,apple_pay,784.76,2024-10-05 12:09:42
2558-1,2558,debit_card,264.72,2024-10-23 05:32:53
2559-1,2559,gift_card,480.95,2024-08-22 05:59:24
2560-1,2560,gift_card,517.2,2024-04-19 16:01:23
2560-2,2560,apple_pay,517.19,2024-04-19 16:05:23
2561-1,2561,debit_card,450.23,2024-02-09 22:02:39
2562-1,2562,gift_card,541.47,2024-02-19 05:02:22
2563-1,2563,gift_card,669.27,2024-02-04 10:29:13
2564-1,2564,apple_pay,118.52,2024-10-26 21:57:07
2564-2,2564,paypal,118.52,2024-10-26 22:04:07
2565-1,2565,credit_card,23.16,2024-01-08 23:43:16
2566-1,2566,apple_pay,1098.2,2024-09-04 13:15:48
2567-1,2567,debit_card,273.42,2024-10-07 05:18:33
2568-1,2568,debit_card,444.84,2024-06-24 22:57:11
2569-1,2569,apple_pay,607.65,2024-06-17 19:27:25
2570-1,2570,paypal,790.98,2024-06-04 06:54:50
2571-1,2571,credit_card,419.98,2024-03-20 13:34:33
2572-1,2572,debit_card,96.81,2024-05-20 03:11:08
2573-1,2573,credit_card,386.27,2024-04-29 12:14:53
2574-1,2574,gift_card,672.68,2024-12-10 13:23:58
2575-1,2575,paypal,508.28,2024-06-02 12:00:16
2576-1,2576,apple_pay,320.76,2024-04-13 23:31:48
2577-1,2577,credit_card,196.68,2024-05-29 07:25:59
2578-1,2578,credit_card,117.36,2024-11-27 13:57:23
2578-2,2578,apple_pay,117.36,2024-11-27 13:43:23
2579-1,2579,gift_card,299.85,2024-01-08 09:32:44
2580-1,2580,paypal,485.61,2024-08-28 12:05:26
2581-1,2581,gift_card,686.37,2024-09-26 16:41:33
2582-1,2582,debit_card,340.57,2024-01-09 03:57:42
2583-1,2583,paypal,342.86,2024-07-07 10:50:20
2584-1,2584,apple_pay,81.72,2024-01-01 01:30:05
2585-1,2585,credit_card,798.52,2024-02-13 06:44:26
2586-1,2586,credit_card,947.39,2024-11-22 04:54:53
2587-1,2587,apple_pay,488.88,2024-08-23 00:46:45
2588-1,2588,apple_pay,847.88,2024-04-09 09:57:06
2589-1,2589,gift_card,42.32,2024-04-01 01:00:01
2590-1,2590,paypal,272.08,2024-05-17 20:36:47
2591-1,2591,debit_card,583.66,2024-07-21 16:59:57
2592-1,2592,apple_pay,174.83,2024-09-13 13:52:17
2592-2,2592,paypal,174.83,2024-09-13 14:16:17
2593-1,2593,credit_card,313.37,2024-04-19 07:57:40
2594-1,2594,gift_card,465.43,2024-01-29 05:57:46
2595-1,2595,debit_card,487.89,2024-01-29 05:42:08
2596-1,2596,paypal,518.22,2024-03-04 09:47:42
2597-1,2597,apple_pay,45.76,2024-04-20 16:06:44
2598-1,2598,debit_card,502.56,2024-06-22 17:44:19
2598-2,2598,credit_card,502.56,2024-06-22 17:59:19
2599-1,2599,debit_card,707.05,2024-02-02 03:44:14
2600-1,2600,credit_card,227.9,2024-04-01 04:30:00
2601-1,2601,debit_card,1102.32,2024-09-08 15:32:02
2602-1,2602,debit_card,449.3,2024-07-01 18:34:56
2603-1,2603,paypal,260.81,2024-02-27 05:04:16
2603-2,2603,gift_card,260.81,2024-02-27 04:14:16
2604-1,2604,apple_pay,451.79,2024-07-09 15:02:55
2605-1,2605,apple_pay,608.92,2024-01-17 05:21:57
2606-1,2606,debit_card,198.0,2024-03-25 12:28:45
2607-1,2607,paypal,626.8,2024-12-29 23:02:08
2608-1,2608,apple_pay,552.02,2024-12-30 00:03:32
2609-1,2609,apple_pay,387.86,2024-01-04 02:02:48
2610-1,2610,debit_card,674.77,2024-06-24 22:00:32
2611-1,2611,paypal,189.68,2024-03-01 02:30:19
2612-1,2612,debit_card,507.24,2024-08-16 09:59:41
2613-1,2613,gift_card,288.22,2024-05-12 00:38:37
2614-1,2614,gift_card,282.78,2024-10-18 09:20:19
2615-1,2615,credit_card,553.88,2024-08-31 08:47:34
2616-1,2616,credit_card,359.24,2024-06-27 19:40:38
2617-1,2617,gift_card,102.02,2024-08-04 20:43:32
2617-2,2617,gift_card,102.02,2024-08-04 20:25:32
2618-1,2618,paypal,83.02,2024-10-30 10:50:09
2619-1,2619,gift_card,655.03,2024-09-28 06:06:31
2620-1,2620,gift_card,247.98,2024-08-20 09:21:58
2621-1,2621,debit_card,298.13,2024-02-20 22:52:44
2622-1,2622,gift_card,223.47,2024-07-23 05:47:59
2623-1,2623,gift_card,203.54,2024-02-15 05:04:49
2624-1,2624,apple_pay,615.75,2024-10-21 07:33:32
2625-1,2625,debit_card,145.26,2024-11-19 08:31:12
2626-1,2626,paypal,162.14,2024-12-29 09:19:15
2626-2,2626,debit_card,162.14,2024-12-29 09:18:15
2627-1,2627,paypal,461.89,2024-02-13 12:56:30
2627-2,2627,credit_card,461.89,2024-02-13 13:05:30
2628-1,2628,paypal,294.06,2024-02-09 00:45:45
2629-1,2629,apple_pay,460.18,2024-05-11 06:11:15
2630-1,2630,gift_card,44.79,2024-12-05 06:59:31
2631-1,2631,debit_card,638.4,2024-02-05 22:25:30
2632-1,2632,credit_card,329.24,2024-02-11 00:17:18
2633-1,2633,paypal,422.6,2024-02-16 14:32:05
2633-2,2633,apple_pay,422.59,2024-02-16 15:03:05
2634-1,2634,debit_card,849.86,2024-06-14 01:21:46
2635-1,2635,credit_card,691.72,2024-10-19 02:48:55
2636-1,2636,debit_card,468.25,2024-08-13 10:58:17
2637-1,2637,gift_card,417.45,2024-06-09 07:51:59
2638-1,2638,debit_card,80.68,2024-05-21 00:01:20
2639-1,2639,gift_card,622.76,2024-05-14 13:08:36
2640-1,2640,gift_card,557.03,2024-03-23 01:38:07
2641-1,2641,paypal,412.19,2024-10-06 23:05:00
2642-1,2642,debit_card,529.74,2024-08-13 09:47:45
2643-1,2643,apple_pay,225.68,2024-05-05 05:10:21
2644-1,2644,debit_card,94.14,2024-11-19 11:51:43
2645-1,2645,apple_pay,114.64,2024-11-26 04:40:51
2646-1,2646,apple_pay,243.65,2024-03-29 04:40:56
2646-2,2646,credit_card,243.65,2024-03-29 04:32:56
2647-1,2647,gift_card,28.4,2024-01-05 22:41:25
2648-1,2648,credit_card,144.32,2024-05-15 07:47:16
2648-2,2648,paypal,144.32,2024-05-15 07:06:16
2649-1,2649,gift_card,966.76,2024-11-06 02:37:10
2650-1,2650,credit_card,588.22,2024-07-03 20:23:29
2651-1,2651,apple_pay,239.06,2024-01-25 10:39:22
2652-1,2652,debit_card,594.96,2024-07-31 13:45:44
2653-1,2653,credit_card,901.53,2024-09-13 22:28:40
2654-1,2654,paypal,534.48,2024-04-21 10:53:10
2655-1,2655,credit_card,540.91,2024-11-16 07:50:51
2656-1,2656,credit_card,191.97,2024-07-22 00:10:34
2657-1,2657,apple_pay,323.88,2024-01-04 19:07:47
2658-1,2658,gift_card,422.08,2024-02-20 10:35:35
2659-1,2659,apple_pay,345.58,2024-11-20 02:55:31
2659-2,2659,debit_card,345.59,2024-11-20 02:22:31
2660-1,2660,gift_card,400.19,2024-09-11 05:21:51
2660-2,2660,debit_card,400.2,2024-09-11 05:36:51
2661-1,2661,gift_card,496.83,2024-09-03 20:43:29
2662-1,2662,paypal,639.98,2024-04-04 22:15:00
2663-1,2663,apple_pay,470.15,2024-08-16 06:20:22
2663-2,2663,debit_card,470.16,2024-08-16 06:13:22
2664-1,2664,paypal,375.22,2024-09-08 00:20:03
2665-1,2665,gift_card,387.76,2024-02-08 12:01:09
2666-1,2666,paypal,551.33,2024-09-30 07:52:49
2667-1,2667,gift_card,658.51,2024-11-13 00:51:04
2668-1,2668,paypal,685.33,2024-01-20 03:21:18
2669-1,2669,paypal,773.3,2024-12-17 22:52:03
2670-1,2670,gift_card,379.9,2024-01-29 15:41:55
2671-1,2671,credit_card,395.95,2024-02-16 19:46:08
2672-1,2672,paypal,469.11,2024-06-08 16:01:19
2673-1,2673,gift_card,441.6,2024-07-22 13:01:13
2674-1,2674,paypal,50.82,2024-07-14 03:40:52
2675-1,2675,gift_card,606.85,2024-05-19 10:30:10
2676-1,2676,gift_card,175.13,2024-10-31 14:24:32
2677-1,2677,gift_card,76.98,2024-06-07 11:26:27
2678-1,2678,paypal,397.86,2024-03-04 21:57:23
2678-2,2678,paypal,397.86,2024-03-04 22:22:23
2679-1,2679,apple_pay,496.84,2024-04-12 03:00:25
2680-1,2680,credit_card,520.02,2024-06-04 10:47:22
2681-1,2681,apple_pay,341.66,2024-05-31 14:28:05
2682-1,2682,apple_pay,278.55,2024-08-21 07:11:42
2683-1,2683,paypal,405.53,2024-07-03 15:43:53
2684-1,2684,gift_card,999.47,2024-04-20 14:54:55
2685-1,2685,debit_card,424.11,2024-08-16 21:44:16
2686-1,2686,gift_card,325.72,2024-12-09 02:10:50
2687-1,2687,apple_pay,947.1,2024-07-21 07:29:58
2688-1,2688,apple_pay,280.41,2024-09-23 19:43:31
2689-1,2689,apple_pay,302.4,2024-08-21 15:17:01
2690-1,2690,credit_card,133.8,2024-12-27 19:10:31
2690-2,2690,paypal,133.8,2024-12-27 19:22:31
2691-1,2691,credit_card,196.77,2024-08-24 16:08:32
2692-1,2692,gift_card,1571.42,2024-05-19 03:44:55
2693-1,2693,debit_card,701.96,2024-07-20 11:19:17
2694-1,2694,paypal,304.12,2024-02-25 07:59:26
2695-1,2695,credit_card,733.68,2024-01-12 19:30:27
2696-1,2696,apple_pay,173.24,2024-01-13 04:52:33
2696-2,2696,credit_card,173.24,2024-01-13 05:04:33
2697-1,2697,paypal,520.29,2024-05-04 19:17:31
2698-1,2698,paypal,232.68,2024-01-06 16:38:12
2699-1,2699,apple_pay,118.4,2024-06-28 12:30:57
2700-1,2700,credit_card,280.09,2024-11-08 09:18:41
2700-2,2700,debit_card,280.09,2024-11-08 09:48:41
2701-1,2701,debit_card,618.62,2024-10-26 13:31:56
2702-1,2702,debit_card,658.58,2024-06-15 05:56:49
2703-1,2703,gift_card,1093.52,2024-09-19 02:20:28
2704-1,2704,apple_pay,100.78,2024-09-16 13:47:08
2705-1,2705,paypal,280.89,2024-06-25 14:01:02
2706-1,2706,debit_card,563.11,2024-12-03 15:50:52
2707-1,2707,credit_card,603.99,2024-01-09 23:29:18
2708-1,2708,credit_card,439.02,2024-05-27 01:09:52
2709-1,2709,debit_card,400.47,2024-04-04 09:15:53
2710-1,2710,paypal,874.44,2024-01-10 18:47:30
2711-1,2711,paypal,228.8,2024-07-31 04:34:38
2712-1,2712,credit_card,668.46,2024-07-14 23:46:52
2713-1,2713,paypal,380.13,2024-08-05 20:15:34
2714-1,2714,paypal,289.64,2024-09-05 16:21:36
2715-1,2715,apple_pay,188.44,2024-08-02 11:31:54
2716-1,2716,credit_card,1123.9,2024-04-21 16:41:10
2717-1,2717,debit_card,17.13,2024-09-03 19:37:54
2718-1,2718,debit_card,301.4,2024-12-19 08:44:06
2719-1,2719,credit_card,444.34,2024-09-05 00:57:05
2720-1,2720,debit_card,89.16,2024-09-22 21:52:42
2721-1,2721,apple_pay,693.86,2024-08-08 21:56:37
2722-1,2722,credit_card,497.97,2024-02-07 11:07:27
2723-1,2723,credit_card,282.22,2024-01-24 19:27:19
2724-1,2724,paypal,907.46,2024-03-03 12:38:46
2725-1,2725,apple_pay,1111.04,2024-06-25 13:26:46
2726-1,2726,credit_card,418.88,2024-08-28 08:50:18
2727-1,2727,gift_card,27.15,2024-05-02 15:59:20
2728-1,2728,paypal,650.52,2024-06-22 11:48:28
2729-1,2729,gift_card,572.0,2024-07-03 09:27:31
2730-1,2730,credit_card,679.58,2024-02-11 16:50:30
2731-1,2731,credit_card,946.0,2024-11-26 12:12:28
2732-1,2732,debit_card,507.88,2024-12-29 12:27:19
2733-1,2733,gift_card,814.93,2024-06-27 10:23:02
2734-1,2734,gift_card,129.54,2024-02-08 19:29:29
2734-2,2734,credit_card,129.54,2024-02-08 19:01:29
2735-1,2735,apple_pay,457.84,2024-08-29 04:25:59
2736-1,2736,gift_card,445.4,2024-02-05 12:55:51
2737-1,2737,apple_pay,44.11,2024-11-17 16:53:58
2738-1,2738,gift_card,779.2,2024-04-16 11:23:17
2739-1,2739,paypal,267.08,2024-02-06 15:50:47
2740-1,2740,apple_pay,182.68,2024-08-22 14:19:55
2741-1,2741,apple_pay,539.72,2024-07-23 08:45:55
2742-1,2742,gift_card,487.03,2024-10-25 11:44:02
2742-2,2742,debit_card,487.03,2024-10-25 12:17:02
2743-1,2743,debit_card,845.81,2024-04-27 20:06:13
2744-1,2744,gift_card,11.49,2024-05-07 06:41:23
2745-1,2745,debit_card,275.18,2024-10-02 10:39:56
2746-1,2746,debit_card,184.44,2024-04-21 04:03:01
2747-1,2747,gift_card,83.8,2024-04-30 03:01:21
2748-1,2748,debit_card,199.82,2024-09-05 22:25:40
2749-1,2749,debit_card,18.76,2024-07-20 21:36:37
2750-1,2750,debit_card,335.58,2024-09-27 19:23:39
2751-1,2751,debit_card,477.42,2024-08-19 03:36:45
2752-1,2752,gift_card,273.55,2024-05-03 21:11:46
2753-1,2753,apple_pay,103.97,2024-01-04 03:57:35
2754-1,2754,debit_card,440.48,2024-04-06 02:15:16
2755-1,2755,credit_card,322.97,2024-01-04 22:34:39
2755-2,2755,apple_pay,322.97,2024-01-04 22:00:39
2756-1,2756,apple_pay,228.98,2024-11-21 14:48:05
2756-2,2756,debit_card,228.98,2024-11-21 14:43:05
2757-1,2757,apple_pay,746.34,2024-04-28 23:56:07
2758-1,2758,apple_pay,425.28,2024-11-24 06:09:27
2759-1,2759,credit_card,404.93,2024-12-19 13:10:03
2760-1,2760,apple_pay,340.23,2024-11-29 08:28:41
2760-2,2760,credit_card,340.23,2024-11-29 08:02:41
2761-1,2761,paypal,58.37,2024-12-24 03:17:48
2762-1,2762,credit_card,302.74,2024-04-26 21:04:23
2763-1,2763,paypal,528.01,2024-03-13 00:24:44
2764-1,2764,debit_card,264.22,2024-10-21 22:16:09
2765-1,2765,gift_card,633.12,2024-04-23 23:36:36
2766-1,2766,gift_card,292.89,2024-09-26 17:19:54
2767-1,2767,gift_card,433.77,2024-07-25 20:59:01
2768-1,2768,debit_card,49.47,2024-06-27 17:26:32
2768-2,2768,debit_card,49.47,2024-06-27 17:34:32
2769-1,2769,paypal,529.3,2024-05-02 18:23:38
2769-2,2769,paypal,529.31,2024-05-02 17:59:38
2770-1,2770,gift_card,284.75,2024-07-16 15:37:26
2770-2,2770,debit_card,284.75,2024-07-16 15:32:26
2771-1,2771,credit_card,368.27,2024-03-09 06:51:45
2772-1,2772,gift_card,735.12,2024-05-24 11:03:02
2773-1,2773,credit_card,958.99,2024-09-11 09:32:26
2774-1,2774,gift_card,635.41,2024-09-26 08:53:43
2775-1,2775,gift_card,454.6,2024-07-01 16:26:56
2776-1,2776,credit_card,768.31,2024-09-29 03:07:05
2777-1,2777,gift_card,76.98,2024-11-21 03:32:35
2778-1,2778,apple_pay,334.17,2024-09-27 16:29:51
2779-1,2779,credit_card,200.5,2024-06-13 11:05:30
2779-2,2779,debit_card,200.51,2024-06-13 11:43:30
2780-1,2780,gift_card,325.89,2024-05-07 07:13:05
2781-1,2781,paypal,429.58,2024-10-24 10:57:59
2782-1,2782,gift_card,47.2,2024-02-20 09:13:48
2782-2,2782,paypal,47.2,2024-02-20 09:16:48
2783-1,2783,credit_card,641.74,2024-04-18 17:00:03
2784-1,2784,credit_card,303.8,2024-03-10 15:01:40
2784-2,2784,debit_card,303.8,2024-03-10 15:12:40
2785-1,2785,credit_card,197.13,2024-05-28 02:53:21
2786-1,2786,credit_card,198.1,2024-11-15 05:53:47
2786-2,2786,gift_card,198.1,2024-11-15 06:02:47
2787-1,2787,apple_pay,197.4,2024-03-28 16:23:06
2788-1,2788,gift_card,508.59,2024-03-28 13:48:28
2789-1,2789,debit_card,702.65,2024-08-13 04:59:54
2790-1,2790,credit_card,84.53,2024-01-01 09:07:59
2790-2,2790,gift_card,84.52,2024-01-01 09:52:59
2791-1,2791,debit_card,730.92,2024-05-09 09:11:32
2792-1,2792,apple_pay,104.49,2024-01-08 01:36:20
2793-1,2793,debit_card,97.0,2024-10-14 00:45:09
2793-2,2793,credit_card,97.01,2024-10-14 00:45:09
2794-1,2794,debit_card,170.12,2024-06-03 13:19:20
2795-1,2795,paypal,307.86,2024-04-25 17:45:47
2796-1,2796,paypal,1005.76,2024-01-24 20:58:39
2797-1,2797,gift_card,467.21,2024-07-20 17:37:01
2798-1,2798,gift_card,105.47,2024-06-01 07:37:26
2799-1,2799,apple_pay,437.4,2024-06-12 16:12:10
2800-1,2800,apple_pay,98.17,2024-12-01 22:09:29
2801-1,2801,paypal,97.01,2024-03-03 09:40:08
2802-1,2802,paypal,314.87,2024-02-26 04:08:02
2802-2,2802,paypal,314.86,2024-02-26 03:41:02
2803-1,2803,paypal,253.99,2024-01-11 05:33:23
2803-2,2803,debit_card,253.99,2024-01-11 05:11:23
2804-1,2804,debit_card,539.79,2024-06-22 12:39:22
2805-1,2805,gift_card,480.44,2024-02-20 04:01:49
2806-1,2806,paypal,794.91,2024-07-14 07:55:00
2807-1,2807,paypal,254.85,2024-10-26 12:11:33
2808-1,2808,paypal,133.65,2024-11-05 03:09:14
2809-1,2809,debit_card,1280.54,2024-09-13 05:43:38
2810-1,2810,debit_card,384.5,2024-06-16 02:01:33
2811-1,2811,credit_card,515.92,2024-02-28 00:45:33
2812-1,2812,gift_card,44.26,2024-05-21 19:47:16
2813-1,2813,paypal,316.44,2024-04-19 10:10:12
2814-1,2814,credit_card,528.72,2024-06-09 15:35:10
2815-1,2815,apple_pay,475.77,2024-01-15 06:23:54
2816-1,2816,credit_card,54.4,2024-04-18 13:34:27
2817-1,2817,paypal,4.9,2024-12-22 07:54:49
2817-2,2817,paypal,4.9,2024-12-22 07:56:49
2818-1,2818,apple_pay,189.22,2024-01-23 22:22:06
2819-1,2819,paypal,630.09,2024-01-16 03:18:39
2820-1,2820,paypal,132.34,2024-07-03 03:19:08
2821-1,2821,paypal,728.39,2024-12-18 08:35:28
2822-1,2822,credit_card,61.12,2024-03-13 13:03:06
2823-1,2823,debit_card,121.62,2024-06-19 09:24:17
2824-1,2824,debit_card,327.56,2024-08-01 03:59:37
2825-1,2825,apple_pay,1057.5,2024-01-16 03:25:02
2826-1,2826,debit_card,1042.47,2024-11-24 07:14:12
2827-1,2827,gift_card,1057.05,2024-09-07 09:53:28
2828-1,2828,apple_pay,595.39,2024-03-14 10:40:51
2829-1,2829,debit_card,138.04,2024-05-19 06:23:36
2830-1,2830,credit_card,99.59,2024-02-02 14:41:24
2830-2,2830,debit_card,99.6,2024-02-02 14:22:24
2831-1,2831,gift_card,755.26,2024-01-23 12:30:37
2832-1,2832,paypal,764.03,2024-03-25 00:34:35
2833-1,2833,apple_pay,67.16,2024-01-11 07:15:56
2834-1,2834,gift_card,910.05,2024-09-25 16:28:36
2835-1,2835,apple_pay,562.73,2024-09-28 12:42:06
2836-1,2836,credit_card,349.96,2024-11-21 07:08:39
2837-1,2837,debit_card,88.94,2024-05-11 16:34:20
2837-2,2837,debit_card,88.94,2024-05-11 16:16:20
2838-1,2838,paypal,968.23,2024-10-05 04:21:27
2839-1,2839,debit_card,270.02,2024-04-06 11:08:52
2840-1,2840,credit_card,397.94,2024-11-28 13:39:58
2841-1,2841,apple_pay,174.64,2024-01-04 18:35:58
2842-1,2842,paypal,61.35,2024-02-14 04:42:12
2843-1,2843,credit_card,834.64,2024-01-19 15:20:12
2844-1,2844,apple_pay,682.69,2024-01-08 12:44:39
2844-2,2844,debit_card,682.69,2024-01-08 13:02:39
2845-1,2845,paypal,402.05,2024-08-15 04:49:34
2846-1,2846,apple_pay,320.09,2024-10-11 06:17:08
2847-1,2847,apple_pay,76.61,2024-10-19 17:39:38
2848-1,2848,debit_card,115.25,2024-07-27 15:22:01
2849-1,2849,gift_card,974.98,2024-07-10 01:35:22
2850-1,2850,debit_card,517.41,2024-10-20 09:57:22
2851-1,2851,debit_card,344.43,2024-10-16 22:37:49
2851-2,2851,apple_pay,344.42,2024-10-16 22:39:49
2852-1,2852,apple_pay,95.1,2024-12-02 06:27:33
2853-1,2853,paypal,219.42,2024-06-14 00:33:23
2854-1,2854,gift_card,764.53,2024-03-10 16:29:58
2855-1,2855,credit_card,145.2,2024-03-27 09:21:18
2856-1,2856,gift_card,726.59,2024-06-21 04:36:06
2857-1,2857,debit_card,243.66,2024-03-25 09:49:03
2858-1,2858,gift_card,369.7,2024-06-10 11:43:29
2859-1,2859,credit_card,380.1,2024-07-11 10:01:48
2859-2,2859,apple_pay,380.09,2024-07-11 10:07:48
2860-1,2860,paypal,787.94,2024-09-19 18:23:45
2861-1,2861,paypal,49.17,2024-04-25 15:06:18
2862-1,2862,debit_card,752.16,2024-10-29 18:57:00
2863-1,2863,paypal,504.19,2024-07-04 21:57:09
2864-1,2864,paypal,130.88,2024-09-12 01:25:40
2865-1,2865,apple_pay,203.2,2024-05-19 01:26:36
2866-1,2866,apple_pay,804.33,2024-01-25 06:36:11
2867-1,2867,apple_pay,782.97,2024-06-30 01:13:04
2868-1,2868,apple_pay,659.65,2024-12-11 14:45:09
2869-1,2869,debit_card,708.24,2024-10-30 18:10:15
2870-1,2870,apple_pay,682.59,2024-09-25 07:13:10
2871-1,2871,gift_card,200.16,2024-06-29 09:01:11
2871-2,2871,gift_card,200.16,2024-06-29 09:48:11
2872-1,2872,credit_card,852.24,2024-09-04 17:34:03
2873-1,2873,paypal,517.32,2024-04-02 21:50:24
2874-1,2874,credit_card,1004.1,2024-01-26 17:59:42
2875-1,2875,credit_card,116.84,2024-12-16 05:45:29
2876-1,2876,gift_card,348.6,2024-04-05 02:17:16
2877-1,2877,debit_card,235.52,2024-01-27 19:34:13
2877-2,2877,paypal,235.52,2024-01-27 19:36:13
2878-1,2878,debit_card,897.06,2024-11-01 03:08:47
2879-1,2879,debit_card,394.1,2024-11-29 19:12:02
2880-1,2880,apple_pay,185.86,2024-05-12 12:50:54
2881-1,2881,gift_card,1083.03,2024-08-16 04:38:47
2882-1,2882,gift_card,248.43,2024-01-15 19:52:18
2883-1,2883,credit_card,83.13,2024-11-08 05:25:48
2884-1,2884,apple_pay,102.39,2024-04-11 18:03:25
2885-1,2885,apple_pay,203.14,2024-10-21 15:18:18
2885-2,2885,credit_card,203.14,2024-10-21 15:05:18
2886-1,2886,apple_pay,712.92,2024-04-01 05:50:49
2887-1,2887,debit_card,21.41,2024-06-12 08:33:06
2887-2,2887,gift_card,21.41,2024-06-12 07:47:06
2888-1,2888,credit_card,370.96,2024-04-23 09:55:18
2889-1,2889,gift_card,47.9,2024-03-19 06:32:13
2890-1,2890,paypal,740.0,2024-09-19 23:36:44
2891-1,2891,gift_card,296.97,2024-12-12 12:59:05
2892-1,2892,paypal,624.71,2024-01-11 08:14:42
2893-1,2893,apple_pay,41.21,2024-04-11 04:15:25
2893-2,2893,paypal,41.21,2024-04-11 03:52:25
2894-1,2894,credit_card,840.1,2024-08-24 10:20:21
2895-1,2895,credit_card,198.7,2024-06-27 04:40:57
2896-1,2896,debit_card,743.04,2024-02-09 05:53:30
2897-1,2897,paypal,247.11,2024-04-07 10:54:17
2898-1,2898,credit_card,118.31,2024-08-10 05:48:04
2898-2,2898,debit_card,118.32,2024-08-10 05:51:04
2899-1,2899,paypal,63.28,2024-05-09 11:21:54
2900-1,2900,debit_card,181.38,2024-03-02 05:27:25
2900-2,2900,gift_card,181.38,2024-03-02 05:20:25
2901-1,2901,gift_card,382.8,2024-02-17 22:59:10
2902-1,2902,paypal,231.16,2024-05-31 13:08:43
2903-1,2903,gift_card,295.69,2024-06-01 16:21:07
2904-1,2904,paypal,216.43,2024-02-29 05:17:46
2904-2,2904,gift_card,216.42,2024-02-29 05:27:46
2905-1,2905,apple_pay,126.99,2024-07-16 15:58:54
2906-1,2906,debit_card,163.15,2024-03-06 01:09:53
2907-1,2907,gift_card,231.01,2024-07-05 05:52:13
2908-1,2908,credit_card,364.32,2024-10-27 23:08:53
2909-1,2909,credit_card,195.1,2024-05-20 22:41:01
2910-1,2910,credit_card,292.15,2024-02-14 22:04:15
2910-2,2910,paypal,292.16,2024-02-14 21:31:15
2911-1,2911,apple_pay,647.74,2024-02-23 16:06:19
2912-1,2912,apple_pay,996.77,2024-03-12 09:52:03
2913-1,2913,paypal,184.2,2024-01-16 14:02:55
2914-1,2914,paypal,434.73,2024-01-18 16:08:19
2915-1,2915,gift_card,357.68,2024-06-06 19:08:09
2916-1,2916,debit_card,478.44,2024-12-19 21:39:59
2917-1,2917,debit_card,802.28,2024-09-08 08:38:46
2918-1,2918,gift_card,155.22,2024-06-28 07:46:45
2918-2,2918,paypal,155.22,2024-06-28 07:53:45
2919-1,2919,credit_card,559.61,2024-01-20 01:46:42
2920-1,2920,paypal,532.47,2024-10-20 13:01:25
2921-1,2921,apple_pay,245.79,2024-07-20 03:05:37
2922-1,2922,paypal,191.12,2024-07-11 10:49:01
2923-1,2923,gift_card,293.32,2024-08-19 22:59:58
2924-1,2924,paypal,117.65,2024-01-22 11:46:06
2925-1,2925,apple_pay,678.22,2024-09-04 21:53:19
2926-1,2926,debit_card,392.76,2024-03-01 14:09:45
2927-1,2927,gift_card,405.3,2024-01-20 22:05:24
2928-1,2928,debit_card,254.18,2024-06-24 08:20:05
2928-2,2928,debit_card,254.18,2024-06-24 07:33:05
2929-1,2929,paypal,438.08,2024-01-01 10:56:16
2930-1,2930,credit_card,81.69,2024-04-08 10:52:52
2930-2,2930,credit_card,81.7,2024-04-08 10:51:52
2931-1,2931,gift_card,639.54,2024-03-07 06:48:20
2932-1,2932,paypal,202.36,2024-05-26 04:09:32
2933-1,2933,credit_card,108.54,2024-04-15 02:04:02
2934-1,2934,gift_card,601.16,2024-03-06 10:16:37
2935-1,2935,paypal,424.44,2024-07-02 00:37:04
2936-1,2936,apple_pay,226.83,2024-02-27 11:22:20
2937-1,2937,paypal,103.84,2024-06-08 03:35:23
2938-1,2938,gift_card,282.37,2024-02-20 10:26:40
2939-1,2939,gift_card,535.34,2024-10-21 08:23:31
2940-1,2940,paypal,492.82,2024-03-05 20:58:07
2941-1,2941,debit_card,477.19,2024-01-04 18:16:58
2942-1,2942,paypal,250.08,2024-08-23 01:31:32
2943-1,2943,gift_card,870.48,2024-09-21 16:46:33
2944-1,2944,apple_pay,307.96,2024-05-25 10:16:04
2944-2,2944,debit_card,307.97,2024-05-25 09:48:04
2945-1,2945,credit_card,142.16,2024-07-13 01:27:09
2946-1,2946,debit_card,637.76,2024-08-11 20:23:00
2947-1,2947,credit_card,528.95,2024-05-21 14:29:41
2948-1,2948,debit_card,687.94,2024-04-22 03:22:47
2949-1,2949,gift_card,439.71,2024-10-10 02:50:52
2950-1,2950,gift_card,399.99,2024-07-13 15:43:26
2951-1,2951,paypal,125.84,2024-02-22 20:39:39
2952-1,2952,debit_card,751.39,2024-01-20 12:34:15
2953-1,2953,credit_card,141.96,2024-11-19 15:23:38
2954-1,2954,apple_pay,239.68,2024-11-17 13:03:10
2955-1,2955,paypal,421.88,2024-09-12 17:13:47
2956-1,2956,gift_card,1251.09,2024-12-30 00:19:40
2957-1,2957,paypal,430.56,2024-03-12 09:08:26
2958-1,2958,credit_card,532.22,2024-02-10 06:21:06
2959-1,2959,apple_pay,582.97,2024-11-22 19:13:04
2960-1,2960,paypal,324.35,2024-03-06 08:49:29
2960-2,2960,credit_card,324.35,2024-03-06 09:19:29
2961-1,2961,paypal,119.76,2024-08-23 03:25:44
2962-1,2962,debit_card,531.42,2024-02-03 02:03:17
2963-1,2963,paypal,152.03,2024-01-13 16:16:25
2964-1,2964,paypal,52.98,2024-09-18 21:23:27
2965-1,2965,credit_card,195.98,2024-02-11 12:04:47
2965-2,2965,debit_card,195.98,2024-02-11 11:40:47
2966-1,2966,gift_card,647.36,2024-04-22 23:03:52
2967-1,2967,apple_pay,635.91,2024-01-02 14:18:11
2968-1,2968,paypal,991.93,2024-11-27 16:18:06
2969-1,2969,credit_card,481.01,2024-08-23 22:54:58
2970-1,2970,apple_pay,458.68,2024-07-29 07:49:52
2971-1,2971,paypal,205.28,2024-04-24 06:59:10
2972-1,2972,paypal,319.65,2024-03-13 06:42:07
2973-1,2973,debit_card,594.85,2024-12-04 10:56:13
2974-1,2974,paypal,997.76,2024-07-14 05:19:41
2975-1,2975,debit_card,344.21,2024-09-15 11:15:37
2976-1,2976,paypal,428.46,2024-09-26 17:17:40
2976-2,2976,paypal,428.46,2024-09-26 17:47:40
2977-1,2977,gift_card,592.62,2024-08-13 04:44:15
2978-1,2978,paypal,510.34,2024-12-26 14:34:26
2979-1,2979,credit_card,207.41,2024-01-01 04:41:46
2980-1,2980,debit_card,63.06,2024-04-15 14:46:16
2981-1,2981,credit_card,28.23,2024-11-15 14:32:17
2982-1,2982,paypal,265.98,2024-12-16 15:55:12
2982-2,2982,paypal,265.98,2024-12-16 15:45:12
2983-1,2983,debit_card,574.3,2024-04-20 00:26:01
2984-1,2984,paypal,383.88,2024-02-23 13:48:45
2985-1,2985,debit_card,326.55,2024-04-12 03:03:05
2986-1,2986,debit_card,63.96,2024-09-23 22:41:49
2987-1,2987,debit_card,162.9,2024-08-30 23:10:51
2987-2,2987,debit_card,162.9,2024-08-30 22:48:51
2988-1,2988,gift_card,301.31,2024-12-26 16:17:01
2988-2,2988,credit_card,301.32,2024-12-26 16:08:01
2989-1,2989,debit_card,358.74,2024-11-05 19:55:07
2990-1,2990,paypal,168.72,2024-09-26 12:52:00
2991-1,2991,gift_card,258.54,2024-03-28 13:44:32
2992-1,2992,apple_pay,123.87,2024-08-27 03:03:03
2993-1,2993,apple_pay,375.96,2024-05-04 06:36:56
2994-1,2994,paypal,117.89,2024-10-14 01:25:47
2995-1,2995,debit_card,71.31,2024-10-27 12:25:46
2996-1,2996,gift_card,523.97,2024-09-10 02:35:46
2997-1,2997,debit_card,738.52,2024-01-22 06:53:54
2998-1,2998,apple_pay,212.96,2024-11-05 10:56:55
2999-1,2999,gift_card,396.28,2024-12-17 21:38:32
2999-2,2999,credit_card,396.28,2024-12-17 22:05:32
3000-1,3000,paypal,954.47,2024-08-20 05:54:44
3001-1,3001,credit_card,493.79,2024-07-30 01:14:56
3001-2,3001,gift_card,493.78,2024-07-30 01:27:56
3002-1,3002,paypal,240.28,2024-06-09 15:33:29
3003-1,3003,debit_card,437.87,2024-04-11 21:43:27
3004-1,3004,debit_card,179.02,2024-10-05 02:11:43
3005-1,3005,debit_card,125.6,2024-03-12 16:04:48
3006-1,3006,gift_card,188.52,2024-04-04 14:04:24
3007-1,3007,apple_pay,695.93,2024-09-17 09:01:49
3008-1,3008,credit_card,394.71,2024-06-17 06:18:58
3009-1,3009,credit_card,526.41,2024-07-11 20:23:03
3010-1,3010,credit_card,216.56,2024-08-23 00:33:43
3010-2,3010,paypal,216.56,2024-08-23 01:11:43
3011-1,3011,debit_card,214.38,2024-10-28 14:27:57
3011-2,3011,gift_card,214.38,2024-10-28 14:13:57
3012-1,3012,gift_card,429.69,2024-01-14 23:55:14
3013-1,3013,debit_card,644.45,2024-11-17 18:06:18
3014-1,3014,debit_card,771.19,2024-11-02 03:17:53
3015-1,3015,credit_card,443.85,2024-08-20 15:43:00
3016-1,3016,gift_card,422.36,2024-05-17 12:50:16
3017-1,3017,credit_card,1136.9,2024-08-21 08:55:09
3018-1,3018,paypal,60.68,2024-02-04 10:26:21
3019-1,3019,credit_card,55.46,2024-03-21 23:09:58
3020-1,3020,debit_card,468.92,2024-07-07 10:44:13
3021-1,3021,paypal,915.09,2024-03-08 01:57:59
3022-1,3022,credit_card,200.7,2024-11-07 04:36:49
3023-1,3023,credit_card,113.47,2024-11-07 00:06:51
3024-1,3024,debit_card,313.17,2024-09-16 06:14:50
3025-1,3025,credit_card,790.08,2024-12-07 05:49:09
3026-1,3026,paypal,621.3,2024-01-04 19:54:48
3027-1,3027,paypal,708.61,2024-02-10 17:47:07
3028-1,3028,apple_pay,603.67,2024-09-12 19:39:08
3029-1,3029,debit_card,391.71,2024-11-11 20:55:18
3030-1,3030,apple_pay,772.48,2024-12-10 15:05:17
3031-1,3031,debit_card,615.03,2024-09-29 23:42:57
3032-1,3032,paypal,205.32,2024-03-04 18:57:25
3033-1,3033,gift_card,590.88,2024-04-21 20:27:34
3034-1,3034,apple_pay,860.73,2024-01-20 03:40:49
3035-1,3035,apple_pay,1136.06,2024-06-27 16:28:50
3036-1,3036,apple_pay,109.7,2024-08-12 15:56:55
3037-1,3037,gift_card,473.23,2024-08-06 01:01:15
3038-1,3038,credit_card,434.75,2024-06-21 18:39:41
3039-1,3039,paypal,606.39,2024-03-28 09:23:19
3040-1,3040,apple_pay,293.33,2024-11-21 20:40:02
3040-2,3040,debit_card,293.33,2024-11-21 20:38:02
3041-1,3041,apple_pay,62.56,2024-04-19 03:26:03
3041-2,3041,gift_card,62.57,2024-04-19 03:29:03
3042-1,3042,paypal,105.87,2024-02-11 11:10:58
3043-1,3043,debit_card,420.58,2024-10-18 20:12:59
3044-1,3044,paypal,877.28,2024-10-18 10:46:41
3045-1,3045,gift_card,195.5,2024-03-29 02:43:46
3046-1,3046,debit_card,508.79,2024-02-06 06:59:56
3047-1,3047,paypal,405.65,2024-12-01 11:17:22
3048-1,3048,paypal,266.75,2024-11-23 03:57:01
3048-2,3048,gift_card,266.75,2024-11-23 03:58:01
3049-1,3049,paypal,803.78,2024-10-16 11:59:17
3050-1,3050,paypal,473.1,2024-09-25 19:35:26
3051-1,3051,apple_pay,195.51,2024-08-29 17:30:31
3052-1,3052,apple_pay,166.72,2024-12-26 00:55:36
3053-1,3053,paypal,85.18,2024-07-22 19:18:33
3054-1,3054,paypal,601.08,2024-09-07 11:49:03
3055-1,3055,apple_pay,639.37,2024-08-13 14:46:54
3056-1,3056,apple_pay,1041.1,2024-12-11 14:04:59
3057-1,3057,credit_card,627.58,2024-02-11 18:55:41
3058-1,3058,apple_pay,357.94,2024-11-05 11:25:18
3059-1,3059,credit_card,118.44,2024-01-30 15:52:40
3060-1,3060,debit_card,500.93,2024-03-02 06:45:19
3061-1,3061,credit_card,56.36,2024-07-22 15:43:35
3062-1,3062,credit_card,153.66,2024-07-07 04:48:32
3063-1,3063,gift_card,227.74,2024-11-06 13:56:06
3064-1,3064,gift_card,407.88,2024-02-02 18:27:54
3065-1,3065,credit_card,285.03,2024-07-30 08:06:45
3066-1,3066,debit_card,207.3,2024-11-18 02:59:21
3067-1,3067,credit_card,46.04,2024-01-17 06:43:15
3067-2,3067,gift_card,46.04,2024-01-17 06:33:15
3068-1,3068,gift_card,671.29,2024-10-09 01:39:45
3069-1,3069,credit_card,372.92,2024-08-04 23:52:40
3070-1,3070,debit_card,308.15,2024-01-08 17:07:57
3070-2,3070,credit_card,308.15,2024-01-08 17:04:57
3071-1,3071,debit_card,385.58,2024-11-03 21:23:26
3072-1,3072,debit_card,596.24,2024-06-11 16:51:47
3073-1,3073,gift_card,231.76,2024-01-07 11:18:35
3074-1,3074,gift_card,189.02,2024-12-09 11:46:34
3074-2,3074,gift_card,189.02,2024-12-09 12:09:34
3075-1,3075,paypal,563.59,2024-03-08 20:32:48
3076-1,3076,debit_card,890.68,2024-02-17 19:00:31
3077-1,3077,gift_card,566.8,2024-08-14 01:05:26
3078-1,3078,credit_card,786.41,2024-07-26 12:08:20
3079-1,3079,paypal,742.18,2024-11-26 01:22:56
3080-1,3080,debit_card,719.84,2024-05-15 14:37:51
3081-1,3081,gift_card,60.46,2024-11-22 17:19:24
3082-1,3082,debit_card,380.39,2024-01-31 06:58:21
3083-1,3083,gift_card,100.22,2024-08-24 17:48:23
3083-2,3083,credit_card,100.21,2024-08-24 18:03:23
3084-1,3084,apple_pay,478.68,2024-05-26 04:37:57
3085-1,3085,apple_pay,332.23,2024-01-25 03:18:18
3086-1,3086,debit_card,616.29,2024-09-06 20:22:09
3087-1,3087,paypal,306.2,2024-12-01 19:20:12
3088-1,3088,paypal,218.9,2024-04-19 06:45:26
3089-1,3089,paypal,896.26,2024-05-18 04:18:39
3090-1,3090,apple_pay,274.65,2024-06-26 23:36:09
3091-1,3091,gift_card,707.55,2024-10-22 14:17:54
3092-1,3092,debit_card,165.93,2024-04-02 00:50:10
3093-1,3093,gift_card,539.5,2024-03-12 05:20:51
3094-1,3094,debit_card,176.28,2024-03-26 19:09:50
3095-1,3095,apple_pay,177.81,2024-06-08 17:24:05
3095-2,3095,paypal,177.82,2024-06-08 18:08:05
3096-1,3096,debit_card,283.98,2024-07-18 10:30:40
3097-1,3097,gift_card,875.61,2024-10-07 06:09:18
3098-1,3098,debit_card,754.09,2024-05-02 04:02:08
3099-1,3099,credit_card,218.94,2024-11-28 03:57:36
3099-2,3099,gift_card,218.93,2024-11-28 04:25:36
3100-1,3100,apple_pay,362.32,2024-07-29 11:10:30
3101-1,3101,debit_card,397.57,2024-09-26 05:08:18
3102-1,3102,paypal,761.71,2024-02-04 13:32:57
3103-1,3103,gift_card,351.99,2024-01-12 13:16:17
3103-2,3103,paypal,351.98,2024-01-12 13:19:17
3104-1,3104,paypal,384.4,2024-03-22 13:31:14
3105-1,3105,gift_card,484.93,2024-06-28 23:10:37
3106-1,3106,debit_card,488.34,2024-05-18 16:46:01
3107-1,3107,apple_pay,430.66,2024-07-11 20:06:20
3108-1,3108,credit_card,7.8,2024-01-20 11:13:03
3109-1,3109,gift_card,852.75,2024-07-25 07:08:44
3110-1,3110,debit_card,801.9,2024-11-25 05:06:19
3111-1,3111,credit_card,1063.48,2024-05-09 15:24:39
3112-1,3112,paypal,419.56,2024-10-03 23:53:23
3112-2,3112,gift_card,419.57,2024-10-04 00:06:23
3113-1,3113,paypal,115.7,2024-02-12 20:10:32
3114-1,3114,credit_card,55.39,2024-06-09 13:59:32
3115-1,3115,debit_card,364.62,2024-08-18 04:58:58
3115-2,3115,debit_card,364.62,2024-08-18 05:49:58
3116-1,3116,gift_card,355.82,2024-07-17 02:50:35
3117-1,3117,paypal,807.36,2024-08-28 15:43:32
3118-1,3118,credit_card,839.07,2024-10-16 01:59:40
3119-1,3119,apple_pay,637.48,2024-09-02 08:44:11
3120-1,3120,debit_card,312.74,2024-12-16 09:06:49
3121-1,3121,gift_card,709.4,2024-03-23 00:45:06
3122-1,3122,apple_pay,436.09,2024-04-28 06:45:48
3123-1,3123,debit_card,198.28,2024-08-16 18:00:09
3124-1,3124,credit_card,405.97,2024-09-17 11:28:08
3125-1,3125,paypal,598.74,2024-04-11 13:47:32
3126-1,3126,credit_card,837.31,2024-04-19 14:54:58
3127-1,3127,paypal,516.95,2024-03-21 00:53:57
3128-1,3128,credit_card,503.17,2024-05-13 19:18:23
3129-1,3129,debit_card,690.81,2024-04-18 15:00:14
3130-1,3130,gift_card,1295.63,2024-12-09 11:41:43
3131-1,3131,credit_card,795.25,2024-07-29 11:52:16
3132-1,3132,debit_card,774.59,2024-09-23 23:47:23
3133-1,3133,gift_card,915.92,2024-05-16 06:44:34
3134-1,3134,gift_card,36.56,2024-08-11 10:07:32
3134-2,3134,credit_card,36.56,2024-08-11 09:27:32
3135-1,3135,apple_pay,622.38,2024-09-08 04:11:35
3136-1,3136,paypal,867.63,2024-06-12 03:43:52
3137-1,3137,gift_card,841.78,2024-09-28 10:00:30
3138-1,3138,debit_card,141.9,2024-01-02 16:06:29
3139-1,3139,apple_pay,329.49,2024-10-19 05:37:42
3140-1,3140,credit_card,466.31,2024-06-12 20:25:26
3141-1,3141,debit_card,1099.88,2024-07-23 03:21:50
3142-1,3142,gift_card,294.35,2024-10-08 08:54:04
3142-2,3142,credit_card,294.35,2024-10-08 09:18:04
3143-1,3143,credit_card,686.04,2024-03-11 03:21:01
3144-1,3144,debit_card,278.89,2024-01-10 18:23:42
3145-1,3145,apple_pay,1111.92,2024-09-14 08:31:45
3146-1,3146,debit_card,364.24,2024-08-11 19:04:20
3147-1,3147,apple_pay,329.91,2024-08-04 00:08:07
3148-1,3148,paypal,629.96,2024-02-01 12:03:08
3149-1,3149,apple_pay,723.68,2024-11-09 19:16:47
3150-1,3150,apple_pay,698.99,2024-04-14 00:05:00
3151-1,3151,apple_pay,355.12,2024-03-28 16:09:28
3151-2,3151,gift_card,355.12,2024-03-28 15:58:28
3152-1,3152,debit_card,695.03,2024-03-03 10:20:38
3153-1,3153,paypal,1202.92,2024-10-15 05:35:46
3154-1,3154,debit_card,126.68,2024-05-26 13:51:25
3154-2,3154,credit_card,126.68,2024-05-26 13:34:25
3155-1,3155,debit_card,926.8,2024-01-22 05:36:03
3156-1,3156,gift_card,119.62,2024-07-27 05:15:26
3156-2,3156,apple_pay,119.63,2024-07-27 04:51:26
3157-1,3157,debit_card,529.61,2024-04-02 15:07:05
3158-1,3158,credit_card,158.79,2024-09-09 18:31:10
3159-1,3159,debit_card,681.52,2024-11-04 16:18:07
3160-1,3160,debit_card,180.1,2024-01-19 09:52:32
3161-1,3161,debit_card,578.11,2024-04-12 00:51:49
3162-1,3162,credit_card,602.15,2024-05-17 05:01:42
3163-1,3163,gift_card,744.01,2024-01-03 15:51:21
3164-1,3164,apple_pay,673.2,2024-06-17 01:52:54
3165-1,3165,credit_card,764.22,2024-08-10 12:08:53
3166-1,3166,debit_card,236.6,2024-06-13 03:02:56
3167-1,3167,credit_card,227.92,2024-03-15 15:35:04
3168-1,3168,debit_card,341.33,2024-04-04 12:52:32
3169-1,3169,apple_pay,766.26,2024-09-02 21:16:38
3170-1,3170,credit_card,353.99,2024-12-23 14:52:02
3171-1,3171,credit_card,519.37,2024-03-26 19:31:17
3172-1,3172,credit_card,414.56,2024-07-20 19:11:07
3173-1,3173,paypal,305.89,2024-12-22 19:15:24
3174-1,3174,debit_card,900.74,2024-09-23 01:25:41
3175-1,3175,gift_card,691.61,2024-02-09 17:26:24
3176-1,3176,debit_card,252.81,2024-12-10 06:49:20
3177-1,3177,apple_pay,496.84,2024-02-01 21:11:52
3178-1,3178,paypal,288.06,2024-04-25 09:45:45
3178-2,3178,apple_pay,288.07,2024-04-25 09:33:45
3179-1,3179,paypal,407.88,2024-12-28 08:10:23
3180-1,3180,credit_card,583.7,2024-04-29 09:59:38
3181-1,3181,debit_card,244.49,2024-12-14 20:13:54
3182-1,3182,paypal,264.04,2024-12-24 00:56:39
3182-2,3182,paypal,264.04,2024-12-24 00:50:39
3183-1,3183,gift_card,142.8,2024-09-24 15:49:54
3184-1,3184,apple_pay,118.64,2024-05-27 10:24:20
3185-1,3185,credit_card,249.2,2024-08-28 10:52:23
3186-1,3186,apple_pay,212.04,2024-05-25 09:36:22
3187-1,3187,debit_card,259.88,2024-05-29 00:10:25
3187-2,3187,credit_card,259.87,2024-05-29 00:50:25
3188-1,3188,paypal,218.73,2024-01-13 05:57:11
3189-1,3189,paypal,481.35,2024-09-18 18:52:15
3190-1,3190,debit_card,33.46,2024-02-26 18:28:16
3191-1,3191,paypal,757.42,2024-03-04 19:32:06
3192-1,3192,debit_card,702.03,2024-09-12 18:37:37
3193-1,3193,credit_card,847.39,2024-04-22 23:58:49
3194-1,3194,apple_pay,435.52,2024-07-28 17:32:09
3195-1,3195,gift_card,255.63,2024-08-19 20:02:41
3196-1,3196,credit_card,678.69,2024-05-22 05:38:47
3197-1,3197,apple_pay,1008.42,2024-10-22 05:46:23
3198-1,3198,gift_card,856.53,2024-09-01 04:10:14
3199-1,3199,apple_pay,457.92,2024-11-02 17:53:08
3200-1,3200,credit_card,376.8,2024-02-28 21:21:03
3201-1,3201,paypal,108.73,2024-09-15 01:37:30
3202-1,3202,debit_card,461.34,2024-02-07 11:53:07
3202-2,3202,paypal,461.34,2024-02-07 12:02:07
3203-1,3203,gift_card,52.74,2024-12-18 20:22:38
3204-1,3204,apple_pay,82.44,2024-07-10 18:06:36
3205-1,3205,gift_card,256.28,2024-06-13 04:39:30
3206-1,3206,apple_pay,210.37,2024-03-21 15:57:20
3206-2,3206,gift_card,210.37,2024-03-21 15:38:20
3207-1,3207,credit_card,201.69,2024-09-01 16:42:00
3208-1,3208,gift_card,13.38,2024-07-26 10:26:58
3209-1,3209,apple_pay,633.43,2024-06-01 06:15:14
3210-1,3210,debit_card,234.28,2024-01-15 00:59:01
3210-2,3210,debit_card,234.28,2024-01-15 00:50:01
3211-1,3211,gift_card,1059.6,2024-01-14 07:41:53
3212-1,3212,debit_card,713.29,2024-04-28 08:41:42
3213-1,3213,paypal,696.67,2024-10-27 01:24:34
3214-1,3214,paypal,277.54,2024-10-15 02:44:17
3215-1,3215,debit_card,536.62,2024-01-01 20:43:23
3215-2,3215,gift_card,536.61,2024-01-01 20:11:23
3216-1,3216,paypal,90.9,2024-05-04 09:08:12
3217-1,3217,gift_card,616.03,2024-06-25 03:55:23
3218-1,3218,gift_card,651.02,2024-01-08 11:12:30
3219-1,3219,credit_card,499.65,2024-08-23 21:47:57
3220-1,3220,debit_card,164.1,2024-09-17 11:58:19
3220-2,3220,gift_card,164.1,2024-09-17 12:27:19
3221-1,3221,credit_card,101.43,2024-06-27 22:35:01
3222-1,3222,debit_card,458.11,2024-05-10 18:35:30
3223-1,3223,credit_card,182.53,2024-10-18 12:21:26
3223-2,3223,apple_pay,182.52,2024-10-18 11:45:26
3224-1,3224,paypal,44.63,2024-09-10 15:54:37
3225-1,3225,paypal,238.89,2024-05-27 06:23:24
3226-1,3226,debit_card,438.66,2024-07-19 01:22:02
3227-1,3227,apple_pay,568.92,2024-06-22 13:13:59
3228-1,3228,apple_pay,143.93,2024-05-14 14:04:17
3228-2,3228,credit_card,143.92,2024-05-14 14:47:17
3229-1,3229,apple_pay,395.3,2024-12-11 15:49:43
3230-1,3230,paypal,928.66,2024-11-14 22:30:56
3231-1,3231,credit_card,912.74,2024-05-30 12:40:44
3232-1,3232,apple_pay,643.61,2024-03-26 16:13:33
3233-1,3233,apple_pay,866.05,2024-05-16 16:16:06
3234-1,3234,debit_card,621.11,2024-07-13 20:36:51
3235-1,3235,credit_card,1094.6,2024-06-24 11:07:25
3236-1,3236,credit_card,443.44,2024-02-23 08:38:23
3237-1,3237,debit_card,40.44,2024-08-18 03:07:20
3238-1,3238,gift_card,943.03,2024-08-02 22:55:10
3239-1,3239,gift_card,72.99,2024-11-15 02:57:06
3240-1,3240,credit_card,380.0,2024-05-07 19:08:26
3241-1,3241,credit_card,183.34,2024-11-23 22:40:12
3241-2,3241,apple_pay,183.33,2024-11-23 22:10:12
3242-1,3242,debit_card,444.93,2024-09-29 03:56:04
3243-1,3243,credit_card,351.75,2024-03-05 12:55:14
3244-1,3244,paypal,454.36,2024-02-03 14:52:16
3245-1,3245,credit_card,204.38,2024-09-10 02:15:30
3246-1,3246,credit_card,524.9,2024-06-08 14:55:59
3247-1,3247,credit_card,540.31,2024-04-19 21:33:13
3248-1,3248,paypal,394.39,2024-10-26 23:22:39
3249-1,3249,credit_card,481.88,2024-03-15 07:20:10
3250-1,3250,gift_card,134.46,2024-01-19 16:21:15
3251-1,3251,apple_pay,775.15,2024-02-06 22:24:49
3252-1,3252,credit_card,322.71,2024-03-30 03:45:23
3253-1,3253,debit_card,719.68,2024-01-31 13:41:39
3254-1,3254,gift_card,111.79,2024-06-09 07:10:49
3255-1,3255,gift_card,226.91,2024-08-24 13:41:24
3256-1,3256,gift_card,272.36,2024-01-28 09:45:05
3257-1,3257,apple_pay,71.2,2024-07-28 03:51:06
3258-1,3258,apple_pay,730.92,2024-07-17 19:34:54
3259-1,3259,gift_card,791.37,2024-09-09 12:03:45
3260-1,3260,credit_card,418.44,2024-12-23 23:27:26
3260-2,3260,paypal,418.45,2024-12-23 23:06:26
3261-1,3261,credit_card,573.68,2024-09-26 11:44:39
3262-1,3262,credit_card,186.9,2024-06-02 10:55:10
3262-2,3262,credit_card,186.9,2024-06-02 10:11:10
3263-1,3263,debit_card,228.72,2024-01-08 00:05:48
3264-1,3264,credit_card,154.54,2024-06-13 04:47:46
3265-1,3265,gift_card,511.95,2024-10-03 15:49:41
3266-1,3266,credit_card,871.41,2024-09-18 02:18:52
3267-1,3267,paypal,656.87,2024-03-26 01:40:10
3268-1,3268,paypal,479.82,2024-01-01 04:11:19
3269-1,3269,gift_card,728.87,2024-08-22 20:32:17
3270-1,3270,gift_card,683.64,2024-12-22 05:21:13
3271-1,3271,gift_card,875.85,2024-11-27 21:52:37
3272-1,3272,apple_pay,597.63,2024-01-16 21:42:53
3273-1,3273,debit_card,366.99,2024-03-19 01:06:15
3273-2,3273,credit_card,366.99,2024-03-19 01:31:15
3274-1,3274,gift_card,694.22,2024-01-07 12:09:43
3275-1,3275,gift_card,120.81,2024-01-19 10:42:30
3276-1,3276,apple_pay,230.11,2024-11-08 01:26:46
3277-1,3277,apple_pay,361.32,2024-06-27 20:49:00
3278-1,3278,paypal,217.59,2024-09-10 05:38:05
3278-2,3278,gift_card,217.59,2024-09-10 05:16:05
3279-1,3279,credit_card,183.66,2024-10-09 01:39:06
3280-1,3280,debit_card,297.89,2024-04-16 11:34:46
3280-2,3280,debit_card,297.9,2024-04-16 11:40:46
3281-1,3281,debit_card,615.53,2024-07-28 23:37:00
3282-1,3282,gift_card,500.18,2024-04-18 11:18:25
3283-1,3283,paypal,663.45,2024-12-29 08:07:33
3284-1,3284,debit_card,326.18,2024-07-24 17:38:49
3285-1,3285,gift_card,59.67,2024-09-16 15:08:00
3286-1,3286,debit_card,648.05,2024-02-11 21:59:56
3287-1,3287,debit_card,64.29,2024-10-07 01:17:01
3288-1,3288,gift_card,389.54,2024-06-11 09:52:19
3288-2,3288,debit_card,389.53,2024-06-11 10:33:19
3289-1,3289,debit_card,238.86,2024-03-22 07:01:37
3289-2,3289,apple_pay,238.86,2024-03-22 06:24:37
3290-1,3290,paypal,882.38,2024-07-13 21:43:25
3291-1,3291,debit_card,598.2,2024-06-10 02:47:17
3292-1,3292,apple_pay,805.78,2024-08-21 10:40:26
3293-1,3293,debit_card,786.57,2024-02-01 23:20:11
3294-1,3294,paypal,170.65,2024-12-09 02:58:49
3295-1,3295,gift_card,145.89,2024-05-19 04:04:18
3296-1,3296,apple_pay,765.35,2024-10-30 13:53:39
3297-1,3297,credit_card,173.04,2024-01-24 20:04:45
3298-1,3298,paypal,580.94,2024-12-24 01:43:26
3299-1,3299,credit_card,286.55,2024-12-26 17:56:21
3300-1,3300,paypal,36.48,2024-03-11 13:18:41
3301-1,3301,debit_card,440.34,2024-11-22 07:34:32
3302-1,3302,paypal,612.18,2024-06-16 09:03:13
3303-1,3303,gift_card,530.01,2024-10-28 13:56:19
3304-1,3304,debit_card,567.86,2024-01-22 09:53:13
3305-1,3305,debit_card,517.76,2024-09-21 05:20:25
3306-1,3306,paypal,340.01,2024-02-16 10:01:14
3307-1,3307,debit_card,819.97,2024-05-06 13:44:13
3308-1,3308,paypal,667.54,2024-11-08 09:27:04
3309-1,3309,credit_card,595.37,2024-07-14 12:26:34
3310-1,3310,credit_card,977.41,2024-10-30 10:20:13
3311-1,3311,debit_card,228.82,2024-09-14 11:56:53
3312-1,3312,apple_pay,292.85,2024-11-30 19:34:08
3313-1,3313,apple_pay,1037.7,2024-10-24 15:26:12
3314-1,3314,apple_pay,124.95,2024-10-25 15:57:48
3315-1,3315,gift_card,455.72,2024-05-21 18:40:58
3316-1,3316,paypal,688.64,2024-01-21 16:01:57
3317-1,3317,paypal,903.28,2024-12-21 07:48:15
3318-1,3318,paypal,144.18,2024-04-17 23:50:30
3318-2,3318,gift_card,144.17,2024-04-18 00:10:30
3319-1,3319,debit_card,347.16,2024-10-11 04:21:44
3320-1,3320,credit_card,556.12,2024-05-07 23:13:10
3321-1,3321,gift_card,88.12,2024-08-20 10:39:06
3322-1,3322,gift_card,502.57,2024-08-30 01:08:13
3323-1,3323,credit_card,681.63,2024-02-03 12:23:51
3324-1,3324,paypal,306.26,2024-02-12 14:15:13
3325-1,3325,apple_pay,153.66,2024-12-28 06:56:20
3326-1,3326,gift_card,205.54,2024-04-25 20:56:25
3326-2,3326,debit_card,205.55,2024-04-25 21:34:25
3327-1,3327,debit_card,461.52,2024-09-13 18:52:42
3328-1,3328,gift_card,60.23,2024-09-08 09:32:44
3328-2,3328,credit_card,60.23,2024-09-08 09:12:44
3329-1,3329,gift_card,460.13,2024-11-29 21:39:24
3330-1,3330,gift_card,542.8,2024-08-12 14:16:41
3331-1,3331,debit_card,581.74,2024-04-07 05:22:51
3332-1,3332,debit_card,184.32,2024-11-06 14:33:58
3333-1,3333,apple_pay,304.83,2024-08-27 16:48:30
3334-1,3334,credit_card,473.82,2024-12-23 19:40:25
3335-1,3335,debit_card,263.82,2024-08-31 06:04:45
3335-2,3335,credit_card,263.83,2024-08-31 06:08:45
3336-1,3336,credit_card,61.73,2024-06-25 16:57:34
3337-1,3337,debit_card,19.8,2024-01-12 00:15:55
3338-1,3338,apple_pay,245.14,2024-11-16 06:18:01
3339-1,3339,credit_card,754.97,2024-08-13 08:26:48
3340-1,3340,apple_pay,305.34,2024-09-03 17:12:01
3340-2,3340,paypal,305.34,2024-09-03 17:38:01
3341-1,3341,apple_pay,785.03,2024-09-24 01:33:34
3342-1,3342,paypal,529.41,2024-02-22 17:01:03
3342-2,3342,apple_pay,529.41,2024-02-22 16:48:03
3343-1,3343,credit_card,417.01,2024-11-22 04:57:27
3344-1,3344,paypal,260.42,2024-07-22 17:13:24
3345-1,3345,debit_card,351.74,2024-10-06 04:44:10
3345-2,3345,credit_card,351.74,2024-10-06 04:51:10
3346-1,3346,gift_card,580.79,2024-09-04 20:45:57
3347-1,3347,credit_card,154.73,2024-01-22 10:33:34
3348-1,3348,credit_card,236.69,2024-09-23 01:13:20
3348-2,3348,apple_pay,236.68,2024-09-23 01:29:20
3349-1,3349,apple_pay,365.08,2024-10-15 09:44:20
3350-1,3350,gift_card,355.21,2024-11-17 20:46:19
3351-1,3351,gift_card,77.98,2024-01-05 05:26:59
3352-1,3352,paypal,67.6,2024-01-25 12:15:35
3353-1,3353,credit_card,79.26,2024-08-24 23:18:39
3354-1,3354,gift_card,202.48,2024-06-03 10:45:41
3355-1,3355,apple_pay,578.74,2024-12-19 21:53:48
3356-1,3356,paypal,631.34,2024-10-16 17:28:03
3357-1,3357,paypal,51.35,2024-03-10 16:13:44
3358-1,3358,apple_pay,393.59,2024-09-09 22:28:25
3359-1,3359,credit_card,670.94,2024-03-24 22:45:34
3360-1,3360,debit_card,225.99,2024-02-26 05:54:53
3361-1,3361,credit_card,230.35,2024-10-19 09:34:32
3361-2,3361,debit_card,230.35,2024-10-19 09:25:32
3362-1,3362,apple_pay,620.18,2024-10-12 06:27:16
3363-1,3363,gift_card,474.48,2024-08-10 21:28:24
3364-1,3364,paypal,373.49,2024-10-04 19:19:32
3365-1,3365,credit_card,625.04,2024-03-06 02:39:11
3366-1,3366,paypal,411.16,2024-08-01 20:45:09
3367-1,3367,apple_pay,133.32,2024-12-12 06:24:14
3367-2,3367,debit_card,133.32,2024-12-12 06:03:14
3368-1,3368,gift_card,179.87,2024-01-31 13:34:49
3368-2,3368,apple_pay,179.86,2024-01-31 12:51:49
3369-1,3369,paypal,411.34,2024-08-25 07:21:06
3370-1,3370,apple_pay,373.37,2024-03-25 06:54:24
3371-1,3371,credit_card,630.63,2024-05-03 23:46:03
3372-1,3372,apple_pay,532.84,2024-12-30 14:57:35
3373-1,3373,apple_pay,224.57,2024-05-15 09:06:09
3373-2,3373,credit_card,224.57,2024-05-15 08:44:09
3374-1,3374,debit_card,46.02,2024-10-08 09:49:18
3375-1,3375,credit_card,405.6,2024-02-14 16:12:46
3375-2,3375,paypal,405.6,2024-02-14 16:07:46
3376-1,3376,apple_pay,483.24,2024-11-04 21:24:12
3377-1,3377,gift_card,151.77,2024-05-09 07:53:44
3378-1,3378,credit_card,590.2,2024-01-05 21:31:58
3379-1,3379,gift_card,556.64,2024-05-19 02:52:35
3380-1,3380,credit_card,740.31,2024-04-19 00:43:53
3381-1,3381,debit_card,497.81,2024-05-02 19:00:16
3381-2,3381,apple_pay,497.82,2024-05-02 18:53:16
3382-1,3382,gift_card,593.66,2024-09-18 11:09:47
3383-1,3383,debit_card,441.62,2024-08-30 09:20:11
3384-1,3384,gift_card,315.89,2024-05-25 19:09:22
3385-1,3385,gift_card,245.6,2024-05-10 10:51:19
3386-1,3386,credit_card,107.2,2024-10-23 22:43:08
3387-1,3387,apple_pay,480.95,2024-08-03 15:14:19
3388-1,3388,credit_card,175.11,2024-07-08 05:13:28
3389-1,3389,apple_pay,45.95,2024-04-14 18:17:26
3390-1,3390,credit_card,123.16,2024-07-29 02:40:18
3391-1,3391,gift_card,302.86,2024-04-02 07:33:45
3392-1,3392,paypal,468.25,2024-08-11 09:50:44
3393-1,3393,paypal,505.84,2024-10-03 20:40:39
3394-1,3394,credit_card,744.41,2024-04-09 08:23:56
3395-1,3395,apple_pay,95.47,2024-02-16 21:23:31
3396-1,3396,gift_card,307.8,2024-10-13 12:37:53
3397-1,3397,paypal,684.31,2024-04-30 20:11:19
3398-1,3398,paypal,125.03,2024-04-27 00:54:08
3398-2,3398,apple_pay,125.03,2024-04-27 01:02:08
3399-1,3399,apple_pay,47.7,2024-10-15 18:46:31
3399-2,3399,debit_card,47.7,2024-10-15 19:07:31
3400-1,3400,paypal,273.35,2024-01-19 17:19:33
3400-2,3400,apple_pay,273.35,2024-01-19 17:26:33
3401-1,3401,credit_card,1084.02,2024-06-06 01:42:50
3402-1,3402,paypal,249.8,2024-06-27 11:34:39
3403-1,3403,debit_card,239.16,2024-02-19 10:12:41
3404-1,3404,gift_card,467.49,2024-02-01 22:33:51
3405-1,3405,apple_pay,42.79,2024-11-05 06:49:16
3406-1,3406,gift_card,244.46,2024-03-10 01:08:01
3406-2,3406,credit_card,244.45,2024-03-10 00:44:01
3407-1,3407,apple_pay,43.66,2024-09-09 06:11:51
3408-1,3408,paypal,610.88,2024-01-18 23:58:16
3409-1,3409,paypal,102.42,2024-01-31 07:14:19
3410-1,3410,paypal,632.73,2024-12-13 18:49:43
3411-1,3411,debit_card,801.98,2024-05-12 08:33:56
3412-1,3412,apple_pay,414.03,2024-03-15 19:27:53
3413-1,3413,debit_card,967.42,2024-11-21 14:51:06
3414-1,3414,paypal,146.73,2024-01-16 14:08:38
3415-1,3415,apple_pay,423.17,2024-04-30 22:07:54
3416-1,3416,paypal,286.02,2024-12-17 19:35:31
3417-1,3417,credit_card,718.05,2024-12-02 16:01:15
3418-1,3418,apple_pay,248.49,2024-10-26 12:25:52
3419-1,3419,apple_pay,879.99,2024-07-30 08:30:26
3420-1,3420,gift_card,71.16,2024-04-30 13:10:17
3421-1,3421,gift_card,450.17,2024-08-15 17:59:38
3422-1,3422,credit_card,585.23,2024-03-23 04:45:53
3423-1,3423,debit_card,340.58,2024-06-20 10:11:48
3424-1,3424,paypal,309.63,2024-05-13 11:09:15
3424-2,3424,paypal,309.64,2024-05-13 11:11:15
3425-1,3425,paypal,37.14,2024-02-16 05:15:57
3425-2,3425,gift_card,37.14,2024-02-16 05:00:57
3426-1,3426,paypal,672.52,2024-12-29 00:31:28
3427-1,3427,paypal,373.95,2024-08-18 05:20:48
3428-1,3428,debit_card,244.22,2024-05-09 13:50:00
3429-1,3429,apple_pay,435.88,2024-12-06 05:20:49
3429-2,3429,credit_card,435.87,2024-12-06 05:44:49
3430-1,3430,paypal,775.89,2024-06-05 20:55:29
3431-1,3431,debit_card,28.43,2024-05-15 22:38:31
3432-1,3432,paypal,260.29,2024-05-11 08:17:05
3433-1,3433,paypal,48.94,2024-04-22 20:20:46
3434-1,3434,debit_card,70.31,2024-10-20 01:49:48
3434-2,3434,gift_card,70.3,2024-10-20 02:34:48
3435-1,3435,debit_card,1140.74,2024-10-13 07:45:53
3436-1,3436,apple_pay,613.84,2024-04-19 11:44:51
3437-1,3437,debit_card,122.56,2024-06-04 08:16:28
3438-1,3438,debit_card,158.72,2024-04-08 21:25:49
3439-1,3439,paypal,27.57,2024-10-01 00:07:00
3440-1,3440,paypal,242.2,2024-12-10 07:44:02
3441-1,3441,paypal,504.3,2024-10-26 22:49:32
3442-1,3442,credit_card,1103.71,2024-04-11 02:37:42
3443-1,3443,debit_card,408.28,2024-08-03 09:56:30
3444-1,3444,gift_card,260.26,2024-09-25 14:33:29
3444-2,3444,gift_card,260.26,2024-09-25 14:19:29
3445-1,3445,gift_card,736.48,2024-05-10 13:13:19
3446-1,3446,paypal,388.8,2024-01-27 11:20:19
3447-1,3447,credit_card,348.76,2024-01-28 13:25:40
3448-1,3448,paypal,523.38,2024-03-05 07:20:36
3449-1,3449,apple_pay,468.23,2024-08-05 12:38:40
3450-1,3450,apple_pay,32.2,2024-10-18 02:49:20
3451-1,3451,paypal,575.52,2024-06-23 06:15:25
3452-1,3452,gift_card,1317.18,2024-04-23 12:42:26
3453-1,3453,paypal,146.49,2024-03-21 19:54:07
3453-2,3453,apple_pay,146.48,2024-03-21 20:02:07
3454-1,3454,paypal,187.35,2024-08-04 09:25:41
3454-2,3454,paypal,187.35,2024-08-04 08:52:41
3455-1,3455,gift_card,810.25,2024-12-08 09:47:16
3456-1,3456,apple_pay,13.27,2024-10-26 03:59:01
3457-1,3457,paypal,345.73,2024-06-12 15:09:24
3458-1,3458,gift_card,221.73,2024-10-27 11:15:02
3459-1,3459,debit_card,199.23,2024-03-24 05:26:14
3460-1,3460,debit_card,210.51,2024-02-19 07:48:51
3461-1,3461,gift_card,365.59,2024-04-03 03:55:42
3462-1,3462,paypal,457.51,2024-12-05 04:21:15
3462-2,3462,credit_card,457.51,2024-12-05 04:13:15
3463-1,3463,apple_pay,140.78,2024-11-22 04:09:02
3464-1,3464,debit_card,1083.27,2024-06-25 13:43:40
3465-1,3465,debit_card,562.65,2024-03-23 07:16:18
3465-2,3465,apple_pay,562.65,2024-03-23 06:54:18
3466-1,3466,debit_card,503.6,2024-09-19 18:41:24
3467-1,3467,paypal,55.21,2024-02-28 18:16:42
3468-1,3468,paypal,177.44,2024-06-27 12:44:19
3468-2,3468,apple_pay,177.45,2024-06-27 12:50:19
3469-1,3469,credit_card,562.9,2024-08-06 22:36:10
3470-1,3470,debit_card,650.07,2024-03-24 06:29:06
3471-1,3471,apple_pay,490.74,2024-06-20 06:43:39
3472-1,3472,credit_card,861.78,2024-07-29 03:59:53
3473-1,3473,apple_pay,892.44,2024-04-17 09:32:58
3474-1,3474,debit_card,353.85,2024-06-07 01:26:50
3475-1,3475,paypal,412.74,2024-03-29 18:27:11
3475-2,3475,credit_card,412.73,2024-03-29 19:00:11
3476-1,3476,gift_card,191.03,2024-07-08 04:59:39
3477-1,3477,paypal,634.19,2024-07-29 14:06:31
3478-1,3478,gift_card,519.19,2024-05-08 16:36:53
3479-1,3479,credit_card,374.94,2024-04-22 18:00:48
3480-1,3480,paypal,581.11,2024-01-01 18:55:21
3481-1,3481,debit_card,125.59,2024-07-07 05:36:08
3482-1,3482,apple_pay,847.95,2024-09-08 20:59:45
3483-1,3483,gift_card,776.77,2024-04-19 18:58:53
3484-1,3484,debit_card,268.1,2024-06-15 16:12:10
3485-1,3485,apple_pay,301.06,2024-07-10 05:03:58
3485-2,3485,paypal,301.07,2024-07-10 05:23:58
3486-1,3486,debit_card,513.3,2024-01-14 02:02:52
3487-1,3487,debit_card,104.44,2024-12-09 01:30:56
3488-1,3488,debit_card,123.08,2024-04-05 09:10:11
3489-1,3489,credit_card,340.89,2024-06-03 07:40:42
3490-1,3490,credit_card,368.4,2024-12-10 07:41:52
3491-1,3491,paypal,861.37,2024-01-27 13:07:27
3492-1,3492,debit_card,8.5,2024-11-25 03:38:27
3493-1,3493,paypal,100.25,2024-11-12 03:14:04
3493-2,3493,debit_card,100.24,2024-11-12 03:32:04
3494-1,3494,paypal,340.02,2024-09-14 04:06:10
3495-1,3495,debit_card,784.2,2024-01-05 15:23:24
3496-1,3496,paypal,415.12,2024-05-04 00:28:27
3497-1,3497,apple_pay,115.22,2024-08-12 15:21:36
3498-1,3498,debit_card,152.02,2024-05-31 13:16:39
3499-1,3499,gift_card,546.83,2024-05-20 14:44:23
3500-1,3500,apple_pay,430.45,2024-02-22 09:29:02
3501-1,3501,paypal,80.35,2024-07-28 07:00:28
3502-1,3502,credit_card,353.21,2024-09-28 02:40:53
3502-2,3502,debit_card,353.21,2024-09-28 02:17:53
3503-1,3503,credit_card,1042.38,2024-07-23 21:53:28
3504-1,3504,gift_card,273.34,2024-08-03 01:43:47
3505-1,3505,debit_card,593.31,2024-01-10 02:36:10
3506-1,3506,gift_card,158.46,2024-10-01 04:41:53
3507-1,3507,paypal,331.16,2024-12-27 08:19:48
3508-1,3508,paypal,547.0,2024-06-13 01:06:29
3509-1,3509,paypal,123.52,2024-03-22 19:51:45
3510-1,3510,paypal,326.16,2024-03-04 22:35:45
3511-1,3511,credit_card,5.51,2024-12-21 18:48:45
3512-1,3512,gift_card,452.61,2024-03-20 17:34:07
3512-2,3512,gift_card,452.6,2024-03-20 17:39:07
3513-1,3513,apple_pay,530.28,2024-01-02 09:43:57
3514-1,3514,gift_card,665.2,2024-01-29 09:38:02
3515-1,3515,paypal,514.1,2024-02-14 21:14:56
3516-1,3516,paypal,230.74,2024-10-21 19:43:22
3517-1,3517,debit_card,123.72,2024-04-15 22:18:40
3517-2,3517,paypal,123.73,2024-04-15 21:56:40
3518-1,3518,apple_pay,1036.72,2024-05-27 12:07:13
3519-1,3519,paypal,544.31,2024-11-11 11:02:51
3520-1,3520,credit_card,634.34,2024-01-03 22:22:51
3521-1,3521,paypal,185.74,2024-09-05 12:41:24
3522-1,3522,paypal,64.57,2024-08-24 10:17:34
3523-1,3523,debit_card,859.43,2024-09-20 05:20:55
3524-1,3524,debit_card,270.33,2024-08-28 20:19:23
3524-2,3524,apple_pay,270.34,2024-08-28 19:59:23
3525-1,3525,debit_card,463.76,2024-09-16 00:50:51
3526-1,3526,debit_card,204.36,2024-06-22 11:46:04
3527-1,3527,debit_card,162.08,2024-09-27 15:10:55
3528-1,3528,credit_card,143.42,2024-10-14 10:43:05
3529-1,3529,credit_card,147.99,2024-11-04 08:53:52
3530-1,3530,debit_card,375.65,2024-04-17 07:42:25
3531-1,3531,paypal,422.52,2024-09-14 17:58:54
3532-1,3532,gift_card,479.2,2024-05-25 02:30:21
3533-1,3533,debit_card,387.1,2024-05-01 02:13:19
3534-1,3534,gift_card,577.14,2024-02-05 00:56:30
3535-1,3535,paypal,229.79,2024-02-16 17:04:26
3535-2,3535,paypal,229.79,2024-02-16 16:37:26
3536-1,3536,gift_card,939.45,2024-06-30 09:16:35
3537-1,3537,apple_pay,990.44,2024-08-15 21:43:22
3538-1,3538,paypal,837.33,2024-03-18 11:34:27
3539-1,3539,credit_card,1042.91,2024-07-30 16:42:31
3540-1,3540,credit_card,202.33,2024-03-13 07:03:20
3541-1,3541,paypal,207.36,2024-09-05 04:10:49
3542-1,3542,credit_card,332.07,2024-11-27 20:02:19
3543-1,3543,gift_card,377.84,2024-04-06 01:13:25
3544-1,3544,apple_pay,207.38,2024-02-16 19:16:17
3545-1,3545,paypal,382.65,2024-01-24 21:29:13
3546-1,3546,credit_card,368.6,2024-10-26 09:38:20
3547-1,3547,apple_pay,218.79,2024-07-27 16:39:12
3548-1,3548,paypal,150.33,2024-02-27 18:05:27
3548-2,3548,gift_card,150.33,2024-02-27 17:24:27
3549-1,3549,paypal,101.52,2024-11-20 18:05:03
3550-1,3550,gift_card,400.76,2024-10-19 17:40:59
3551-1,3551,gift_card,775.05,2024-10-10 06:44:13
3552-1,3552,credit_card,416.48,2024-06-23 07:18:43
3553-1,3553,paypal,274.16,2024-03-15 16:21:02
3554-1,3554,debit_card,185.51,2024-06-27 17:42:16
3554-2,3554,credit_card,185.51,2024-06-27 17:32:16
3555-1,3555,gift_card,236.54,2024-06-22 17:44:12
3555-2,3555,paypal,236.54,2024-06-22 17:06:12
3556-1,3556,paypal,84.1,2024-11-02 06:22:04
3557-1,3557,debit_card,556.04,2024-03-13 22:19:12
3558-1,3558,paypal,277.01,2024-07-16 05:27:10
3558-2,3558,paypal,277.01,2024-07-16 05:22:10
3559-1,3559,gift_card,262.85,2024-09-27 09:50:39
3559-2,3559,debit_card,262.84,2024-09-27 10:28:39
3560-1,3560,paypal,569.33,2024-11-03 23:45:15
3561-1,3561,paypal,688.59,2024-05-24 04:21:35
3562-1,3562,debit_card,149.61,2024-04-06 10:57:04
3562-2,3562,credit_card,149.61,2024-04-06 10:41:04
3563-1,3563,gift_card,629.37,2024-07-08 03:26:45
3564-1,3564,debit_card,190.43,2024-08-13 20:29:04
3565-1,3565,gift_card,155.73,2024-10-19 16:14:37
3566-1,3566,credit_card,404.28,2024-06-12 19:58:16
3567-1,3567,paypal,940.24,2024-04-07 12:26:52
3568-1,3568,credit_card,747.08,2024-08-12 08:31:35
3569-1,3569,credit_card,334.8,2024-03-06 04:49:02
3570-1,3570,apple_pay,736.02,2024-01-15 09:16:29
3571-1,3571,gift_card,178.54,2024-06-17 21:25:01
3572-1,3572,credit_card,729.66,2024-05-05 03:39:38
3573-1,3573,gift_card,454.11,2024-04-19 17:51:22
3574-1,3574,apple_pay,218.89,2024-02-26 19:19:25
3574-2,3574,credit_card,218.89,2024-02-26 19:34:25
3575-1,3575,credit_card,184.72,2024-02-09 21:15:03
3575-2,3575,gift_card,184.73,2024-02-09 20:55:03
3576-1,3576,paypal,441.23,2024-04-13 16:27:47
3577-1,3577,debit_card,959.1,2024-06-25 12:34:01
3578-1,3578,debit_card,936.26,2024-01-09 09:42:59
3579-1,3579,debit_card,760.89,2024-01-29 06:45:37
3580-1,3580,credit_card,405.3,2024-08-02 08:54:44
3581-1,3581,apple_pay,918.9,2024-02-07 15:27:15
3582-1,3582,credit_card,526.87,2024-03-25 14:09:01
3583-1,3583,gift_card,26.34,2024-12-09 02:36:02
3584-1,3584,gift_card,132.02,2024-09-04 23:58:08
3585-1,3585,debit_card,408.94,2024-05-01 06:24:08
3586-1,3586,apple_pay,810.78,2024-03-17 19:02:41
3587-1,3587,apple_pay,307.64,2024-12-11 03:56:34
3588-1,3588,debit_card,656.81,2024-01-25 15:57:02
3589-1,3589,paypal,224.56,2024-09-10 22:56:38
3589-2,3589,paypal,224.56,2024-09-10 23:02:38
3590-1,3590,apple_pay,443.65,2024-02-23 21:07:13
3591-1,3591,debit_card,482.05,2024-02-01 17:29:29
3592-1,3592,credit_card,281.7,2024-04-30 11:57:04
3593-1,3593,debit_card,1470.41,2024-10-23 04:22:17
3594-1,3594,apple_pay,224.74,2024-02-18 16:59:51
3595-1,3595,paypal,107.28,2024-05-13 16:03:40
3596-1,3596,paypal,957.69,2024-12-10 16:29:40
3597-1,3597,paypal,567.92,2024-10-17 14:13:19
3598-1,3598,debit_card,410.39,2024-03-28 03:26:02
3599-1,3599,paypal,115.62,2024-03-18 00:51:23
3600-1,3600,apple_pay,498.54,2024-12-13 04:09:59
3601-1,3601,paypal,274.0,2024-11-16 07:08:30
3601-2,3601,credit_card,274.01,2024-11-16 07:05:30
3602-1,3602,apple_pay,249.93,2024-09-14 08:58:00
3603-1,3603,apple_pay,458.19,2024-10-17 23:28:08
3604-1,3604,paypal,486.42,2024-07-24 23:31:29
3605-1,3605,debit_card,485.93,2024-04-25 09:17:25
3606-1,3606,debit_card,939.65,2024-04-13 02:09:35
3607-1,3607,debit_card,446.49,2024-11-08 17:20:57
3607-2,3607,apple_pay,446.48,2024-11-08 16:52:57
3608-1,3608,debit_card,6.85,2024-12-29 06:18:27
3609-1,3609,paypal,733.96,2024-05-09 19:06:03
3610-1,3610,credit_card,194.28,2024-05-14 13:27:23
3611-1,3611,debit_card,1098.75,2024-02-24 04:45:06
3612-1,3612,paypal,269.01,2024-01-03 06:13:24
3613-1,3613,credit_card,64.54,2024-03-14 07:34:56
3614-1,3614,debit_card,340.12,2024-08-06 09:35:52
3615-1,3615,apple_pay,437.02,2024-09-01 22:42:59
3616-1,3616,paypal,494.3,2024-03-06 08:52:59
3617-1,3617,gift_card,456.28,2024-12-16 20:21:04
3618-1,3618,gift_card,695.77,2024-12-09 14:11:54
3619-1,3619,paypal,503.63,2024-10-04 09:10:09
3620-1,3620,paypal,518.3,2024-05-16 22:57:23
3621-1,3621,debit_card,835.45,2024-04-08 07:54:00
3622-1,3622,paypal,309.34,2024-06-06 20:36:40
3623-1,3623,debit_card,820.24,2024-05-31 18:35:39
3624-1,3624,paypal,326.31,2024-06-09 20:12:49
3625-1,3625,gift_card,382.9,2024-05-24 22:01:13
3625-2,3625,debit_card,382.9,2024-05-24 22:00:13
3626-1,3626,paypal,195.18,2024-04-04 18:05:50
3627-1,3627,gift_card,129.66,2024-12-24 14:04:53
3627-2,3627,gift_card,129.65,2024-12-24 14:02:53
3628-1,3628,apple_pay,774.24,2024-08-22 06:22:49
3629-1,3629,gift_card,808.4,2024-08-15 06:20:56
3630-1,3630,credit_card,383.2,2024-07-23 03:13:30
3631-1,3631,paypal,157.92,2024-03-25 23:49:44
3631-2,3631,paypal,157.92,2024-03-26 00:03:44
3632-1,3632,gift_card,362.89,2024-04-13 01:46:01
3633-1,3633,credit_card,177.25,2024-08-20 08:28:27
3634-1,3634,apple_pay,202.82,2024-01-16 00:39:32
3634-2,3634,credit_card,202.83,2024-01-16 00:29:32
3635-1,3635,apple_pay,704.09,2024-05-28 19:22:53
3636-1,3636,gift_card,678.37,2024-10-21 05:46:58
3637-1,3637,credit_card,444.89,2024-10-11 10:45:59
3638-1,3638,apple_pay,527.25,2024-02-14 09:34:21
3638-2,3638,apple_pay,527.24,2024-02-14 09:31:21
3639-1,3639,debit_card,98.29,2024-12-22 01:31:16
3639-2,3639,paypal,98.29,2024-12-22 01:06:16
3640-1,3640,credit_card,919.16,2024-06-17 05:19:37
3641-1,3641,credit_card,70.14,2024-07-30 11:11:58
3642-1,3642,credit_card,353.64,2024-12-11 17:02:53
3642-2,3642,gift_card,353.65,2024-12-11 16:20:53
3643-1,3643,apple_pay,1287.81,2024-04-26 12:45:56
3644-1,3644,credit_card,211.84,2024-09-29 11:57:16
3645-1,3645,apple_pay,711.51,2024-12-22 08:59:06
3646-1,3646,paypal,22.3,2024-05-13 11:48:52
3646-2,3646,gift_card,22.31,2024-05-13 11:18:52
3647-1,3647,credit_card,99.51,2024-02-12 04:54:56
3648-1,3648,paypal,440.64,2024-01-31 23:04:09
3649-1,3649,debit_card,205.42,2024-09-11 06:40:40
3650-1,3650,apple_pay,38.03,2024-04-21 09:17:42
3651-1,3651,credit_card,319.53,2024-07-24 06:55:36
3652-1,3652,gift_card,383.64,2024-02-10 15:13:42
3653-1,3653,debit_card,251.32,2024-08-28 00:02:55
3654-1,3654,gift_card,144.53,2024-09-06 02:55:35
3654-2,3654,apple_pay,144.54,2024-09-06 03:05:35
3655-1,3655,debit_card,633.2,2024-04-26 20:40:05
3656-1,3656,credit_card,908.75,2024-08-06 05:12:48
3657-1,3657,debit_card,208.3,2024-02-12 08:07:55
3658-1,3658,credit_card,866.88,2024-08-13 17:22:34
3659-1,3659,paypal,328.35,2024-10-03 13:18:54
3660-1,3660,debit_card,391.08,2024-03-01 15:17:47
3661-1,3661,apple_pay,167.41,2024-03-16 08:33:53
3661-2,3661,apple_pay,167.42,2024-03-16 07:41:53
3662-1,3662,credit_card,118.75,2024-07-14 21:25:55
3663-1,3663,apple_pay,396.38,2024-06-08 03:04:09
3663-2,3663,paypal,396.38,2024-06-08 02:39:09
3664-1,3664,apple_pay,78.51,2024-07-12 21:32:41
3665-1,3665,apple_pay,491.5,2024-10-05 10:02:35
3665-2,3665,paypal,491.51,2024-10-05 10:08:35
3666-1,3666,debit_card,610.37,2024-12-08 21:20:12
3667-1,3667,paypal,68.16,2024-07-27 08:15:59
3668-1,3668,credit_card,183.16,2024-06-24 03:42:19
3668-2,3668,apple_pay,183.17,2024-06-24 03:21:19
3669-1,3669,paypal,907.96,2024-08-13 01:36:41
3670-1,3670,debit_card,594.4,2024-09-07 00:42:16
3671-1,3671,debit_card,685.07,2024-06-23 07:24:40
3672-1,3672,credit_card,169.51,2024-07-20 23:25:49
3673-1,3673,debit_card,448.54,2024-04-26 23:13:34
3674-1,3674,gift_card,700.51,2024-09-20 10:48:17
3675-1,3675,debit_card,240.56,2024-01-16 11:12:34
3675-2,3675,paypal,240.55,2024-01-16 10:27:34
3676-1,3676,credit_card,146.42,2024-04-16 09:50:56
3677-1,3677,credit_card,714.28,2024-06-17 20:41:40
3678-1,3678,apple_pay,701.82,2024-03-15 00:36:58
3679-1,3679,credit_card,143.12,2024-06-28 06:34:53
3680-1,3680,gift_card,913.67,2024-10-12 01:12:31
3681-1,3681,apple_pay,717.66,2024-04-06 18:52:41
3682-1,3682,gift_card,278.06,2024-12-20 00:08:30
3682-2,3682,apple_pay,278.07,2024-12-19 23:27:30
3683-1,3683,paypal,205.68,2024-03-27 10:18:10
3684-1,3684,credit_card,272.11,2024-02-02 09:58:55
3685-1,3685,gift_card,54.33,2024-04-09 14:36:41
3686-1,3686,gift_card,264.48,2024-01-05 00:05:32
3687-1,3687,gift_card,566.97,2024-10-30 19:04:50
3688-1,3688,paypal,243.46,2024-02-21 22:11:21
3689-1,3689,gift_card,23.77,2024-01-29 10:54:16
3690-1,3690,gift_card,364.15,2024-04-24 07:25:19
3691-1,3691,gift_card,998.6,2024-08-27 02:26:43
3692-1,3692,debit_card,161.24,2024-08-13 18:15:33
3693-1,3693,paypal,548.0,2024-05-24 03:58:59
3693-2,3693,apple_pay,548.01,2024-05-24 04:26:59
3694-1,3694,credit_card,538.73,2024-03-26 02:08:30
3695-1,3695,apple_pay,125.52,2024-01-18 04:53:42
3696-1,3696,credit_card,251.49,2024-05-25 12:11:34
3697-1,3697,apple_pay,235.96,2024-08-24 15:24:12
3697-2,3697,credit_card,235.95,2024-08-24 15:34:12
3698-1,3698,gift_card,415.41,2024-08-02 08:45:23
3699-1,3699,credit_card,403.5,2024-11-25 12:01:24
3699-2,3699,paypal,403.5,2024-11-25 12:54:24
3700-1,3700,credit_card,776.28,2024-08-06 09:12:22
3701-1,3701,debit_card,575.52,2024-03-02 05:43:38
3702-1,3702,apple_pay,798.51,2024-03-19 13:59:40
3703-1,3703,paypal,425.12,2024-11-23 05:43:01
3704-1,3704,debit_card,681.83,2024-05-17 09:16:29
3705-1,3705,apple_pay,565.6,2024-11-02 17:10:39
3706-1,3706,debit_card,735.85,2024-07-12 22:35:42
3707-1,3707,apple_pay,914.66,2024-06-16 21:06:11
3708-1,3708,debit_card,827.64,2024-11-11 22:12:09
3709-1,3709,paypal,262.69,2024-07-10 03:25:52
3710-1,3710,gift_card,595.78,2024-09-04 22:07:30
3711-1,3711,gift_card,871.77,2024-02-11 18:38:58
3712-1,3712,gift_card,267.24,2024-08-28 06:04:19
3713-1,3713,debit_card,40.38,2024-09-06 05:05:50
3714-1,3714,credit_card,116.18,2024-10-11 21:21:45
3714-2,3714,apple_pay,116.18,2024-10-11 20:46:45
3715-1,3715,paypal,62.88,2024-08-25 03:35:25
3716-1,3716,debit_card,562.57,2024-07-16 02:09:39
3717-1,3717,debit_card,149.68,2024-09-29 20:40:22
3718-1,3718,credit_card,989.73,2024-09-28 04:00:34
3719-1,3719,gift_card,506.12,2024-09-25 03:53:08
3720-1,3720,apple_pay,130.75,2024-06-03 18:08:26
3720-2,3720,gift_card,130.74,2024-06-03 17:43:26
3721-1,3721,credit_card,316.57,2024-02-22 07:27:59
3722-1,3722,gift_card,302.48,2024-03-28 04:13:22
3723-1,3723,credit_card,169.48,2024-11-29 23:35:50
3724-1,3724,apple_pay,598.01,2024-07-04 16:48:06
3724-2,3724,credit_card,598.02,2024-07-04 16:32:06
3725-1,3725,paypal,515.09,2024-08-08 05:10:51
3725-2,3725,debit_card,515.09,2024-08-08 05:18:51
3726-1,3726,debit_card,702.32,2024-01-21 11:12:07
3727-1,3727,apple_pay,177.54,2024-11-04 21:35:01
3728-1,3728,credit_card,491.13,2024-06-09 18:51:47
3729-1,3729,debit_card,288.54,2024-05-19 01:26:10
3730-1,3730,apple_pay,222.97,2024-11-23 01:14:00
3730-2,3730,credit_card,222.98,2024-11-23 01:37:00
3731-1,3731,gift_card,118.34,2024-10-09 22:52:20
3732-1,3732,debit_card,243.17,2024-07-09 00:14:16
3733-1,3733,apple_pay,1036.41,2024-10-23 19:45:26
3734-1,3734,gift_card,78.76,2024-01-21 21:25:07
3735-1,3735,apple_pay,163.15,2024-06-23 23:12:31
3736-1,3736,paypal,1091.54,2024-08-16 04:11:18
3737-1,3737,debit_card,466.56,2024-08-27 21:55:55
3737-2,3737,paypal,466.57,2024-08-27 21:58:55
3738-1,3738,apple_pay,705.8,2024-05-24 21:06:28
3739-1,3739,apple_pay,1212.5,2024-11-15 23:52:42
3740-1,3740,credit_card,2.17,2024-02-20 06:44:13
3740-2,3740,gift_card,2.18,2024-02-20 06:03:13
3741-1,3741,paypal,528.25,2024-07-21 01:22:55
3742-1,3742,gift_card,337.7,2024-08-26 16:13:18
3743-1,3743,gift_card,203.26,2024-01-06 08:12:46
3744-1,3744,paypal,470.92,2024-11-07 04:32:12
3745-1,3745,apple_pay,720.35,2024-04-01 13:37:20
3746-1,3746,gift_card,526.56,2024-09-12 03:52:40
3747-1,3747,apple_pay,545.68,2024-05-02 20:56:56
3748-1,3748,debit_card,383.99,2024-05-24 01:40:29
3749-1,3749,debit_card,737.71,2024-08-02 21:51:10
3750-1,3750,debit_card,44.68,2024-02-17 20:17:17
3751-1,3751,paypal,798.36,2024-12-25 23:01:29
3752-1,3752,credit_card,215.1,2024-04-03 17:35:54
3753-1,3753,credit_card,573.84,2024-03-05 02:30:42
3754-1,3754,debit_card,230.14,2024-09-12 09:27:26
3755-1,3755,debit_card,544.02,2024-05-05 06:15:39
3756-1,3756,gift_card,773.4,2024-06-27 03:36:47
3757-1,3757,debit_card,58.36,2024-12-29 22:56:40
3758-1,3758,credit_card,154.22,2024-03-09 14:36:36
3759-1,3759,paypal,121.74,2024-10-19 01:26:15
3760-1,3760,gift_card,339.03,2024-05-15 03:17:06
3761-1,3761,debit_card,366.5,2024-09-30 09:13:47
3762-1,3762,apple_pay,442.16,2024-04-26 17:18:58
3763-1,3763,credit_card,113.69,2024-02-08 02:55:00
3763-2,3763,paypal,113.68,2024-02-08 03:24:00
3764-1,3764,gift_card,891.22,2024-05-10 04:49:52
3765-1,3765,paypal,55.86,2024-03-03 07:25:30
3766-1,3766,debit_card,249.35,2024-05-18 18:26:56
3767-1,3767,credit_card,37.76,2024-03-27 10:19:05
3767-2,3767,apple_pay,37.76,2024-03-27 10:11:05
3768-1,3768,debit_card,411.37,2024-06-28 21:57:20
3769-1,3769,paypal,852.49,2024-07-13 15:11:19
3770-1,3770,credit_card,296.58,2024-04-22 05:29:06
3771-1,3771,gift_card,443.29,2024-09-09 13:52:18
3772-1,3772,paypal,297.11,2024-08-10 22:46:27
3773-1,3773,apple_pay,639.12,2024-09-07 15:07:02
3774-1,3774,gift_card,416.15,2024-01-12 17:43:11
3775-1,3775,credit_card,131.06,2024-07-30 06:29:39
3776-1,3776,apple_pay,746.07,2024-04-21 17:48:23
3777-1,3777,debit_card,286.39,2024-12-02 07:45:41
3777-2,3777,credit_card,286.39,2024-12-02 08:11:41
3778-1,3778,credit_card,67.97,2024-01-29 16:16:52
3779-1,3779,gift_card,1306.99,2024-07-02 01:38:00
3780-1,3780,debit_card,245.92,2024-07-16 20:20:11
3781-1,3781,gift_card,282.78,2024-09-14 20:01:21
3782-1,3782,paypal,302.71,2024-07-21 10:22:59
3783-1,3783,debit_card,275.46,2024-02-05 02:25:46
3784-1,3784,apple_pay,756.14,2024-01-14 17:02:49
3785-1,3785,credit_card,317.21,2024-12-28 02:29:13
3786-1,3786,apple_pay,456.9,2024-01-16 15:50:28
3787-1,3787,gift_card,92.58,2024-08-18 03:59:30
3788-1,3788,apple_pay,430.4,2024-05-13 14:57:40
3789-1,3789,gift_card,284.74,2024-12-24 23:12:39
3790-1,3790,gift_card,413.16,2024-09-17 03:16:50
3791-1,3791,apple_pay,772.53,2024-02-27 17:21:36
3792-1,3792,debit_card,405.62,2024-09-01 02:20:24
3793-1,3793,apple_pay,170.82,2024-08-22 08:56:56
3794-1,3794,debit_card,1150.45,2024-03-01 12:47:31
3795-1,3795,paypal,161.58,2024-01-28 08:36:14
3796-1,3796,paypal,816.71,2024-01-29 01:56:03
3797-1,3797,credit_card,385.66,2024-03-22 04:36:54
3798-1,3798,debit_card,927.41,2024-06-19 11:12:02
3799-1,3799,apple_pay,574.34,2024-05-11 13:15:32
3800-1,3800,gift_card,59.18,2024-01-30 18:22:24
3801-1,3801,gift_card,467.52,2024-12-07 17:56:50
3802-1,3802,apple_pay,103.11,2024-12-07 07:09:07
3803-1,3803,gift_card,279.03,2024-07-20 02:22:34
3804-1,3804,gift_card,761.46,2024-09-26 06:17:32
3805-1,3805,debit_card,468.64,2024-08-15 00:25:29
3806-1,3806,paypal,984.47,2024-12-27 17:04:43
3807-1,3807,gift_card,731.17,2024-08-02 20:16:19
3808-1,3808,apple_pay,489.52,2024-05-25 11:20:44
3809-1,3809,paypal,452.64,2024-05-28 15:16:32
3810-1,3810,debit_card,355.77,2024-03-08 15:56:56
3811-1,3811,credit_card,363.3,2024-02-26 01:03:01
3812-1,3812,gift_card,265.14,2024-08-07 14:26:30
3813-1,3813,credit_card,341.62,2024-12-08 00:29:00
3814-1,3814,debit_card,516.97,2024-07-19 14:39:13
3815-1,3815,credit_card,111.76,2024-10-24 00:58:39
3816-1,3816,paypal,800.73,2024-02-26 19:02:56
3817-1,3817,gift_card,151.79,2024-04-20 04:26:04
3817-2,3817,paypal,151.8,2024-04-20 04:37:04
3818-1,3818,paypal,205.29,2024-08-16 15:05:17
3819-1,3819,gift_card,973.01,2024-02-10 15:50:48
3820-1,3820,gift_card,406.5,2024-02-07 14:39:34
3821-1,3821,paypal,578.76,2024-01-04 05:54:30
3821-2,3821,credit_card,578.76,2024-01-04 05:37:30
3822-1,3822,gift_card,270.89,2024-09-16 14:34:48
3823-1,3823,paypal,262.27,2024-02-09 07:33:55
3824-1,3824,paypal,567.19,2024-12-22 12:20:56
3825-1,3825,paypal,540.35,2024-11-09 23:45:34
3825-2,3825,gift_card,540.34,2024-11-09 23:37:34
3826-1,3826,credit_card,327.35,2024-06-21 00:31:02
3826-2,3826,debit_card,327.35,2024-06-21 01:15:02
3827-1,3827,gift_card,943.08,2024-04-18 03:18:01
3828-1,3828,gift_card,330.26,2024-03-26 13:19:03
3829-1,3829,apple_pay,35.78,2024-06-12 13:54:07
3830-1,3830,credit_card,371.88,2024-04-12 09:06:48
3831-1,3831,gift_card,961.04,2024-05-29 19:37:28
3832-1,3832,credit_card,453.86,2024-08-11 08:00:20
3833-1,3833,credit_card,296.31,2024-10-15 12:23:47
3834-1,3834,debit_card,606.91,2024-07-18 12:27:29
3835-1,3835,paypal,170.04,2024-03-20 10:12:35
3836-1,3836,credit_card,304.73,2024-01-20 05:30:13
3837-1,3837,paypal,32.53,2024-05-09 04:44:38
3837-2,3837,apple_pay,32.53,2024-05-09 05:02:38
3838-1,3838,apple_pay,280.99,2024-05-23 01:36:05
3839-1,3839,credit_card,161.05,2024-07-01 17:19:57
3840-1,3840,paypal,198.64,2024-11-16 23:44:00
3841-1,3841,paypal,454.78,2024-02-16 20:48:55
3842-1,3842,credit_card,505.5,2024-05-15 23:53:33
3843-1,3843,paypal,743.28,2024-04-30 12:17:24
3844-1,3844,gift_card,563.81,2024-01-01 20:59:58
3845-1,3845,debit_card,95.01,2024-03-18 17:22:11
3845-2,3845,debit_card,95.01,2024-03-18 17:12:11
3846-1,3846,paypal,402.36,2024-04-04 23:49:12
3847-1,3847,paypal,893.82,2024-10-13 14:53:39
3848-1,3848,apple_pay,310.79,2024-05-01 21:13:40
3849-1,3849,credit_card,185.12,2024-03-10 08:13:56
3850-1,3850,debit_card,612.66,2024-05-19 07:14:20
3851-1,3851,paypal,338.58,2024-12-10 10:51:43
3852-1,3852,debit_card,334.93,2024-05-29 09:00:29
3853-1,3853,apple_pay,279.24,2024-04-20 07:13:13
3854-1,3854,apple_pay,202.8,2024-09-28 20:06:59
3855-1,3855,paypal,430.59,2024-04-18 05:27:10
3856-1,3856,debit_card,220.16,2024-08-20 00:59:05
3856-2,3856,gift_card,220.15,2024-08-20 00:37:05
3857-1,3857,gift_card,47.85,2024-10-09 08:17:22
3858-1,3858,credit_card,311.85,2024-06-22 00:29:23
3859-1,3859,paypal,146.61,2024-10-29 16:50:14
3860-1,3860,credit_card,831.49,2024-02-21 20:53:15
3861-1,3861,gift_card,379.79,2024-12-02 18:13:59
3861-2,3861,debit_card,379.79,2024-12-02 17:50:59
3862-1,3862,debit_card,317.82,2024-11-27 00:04:50
3863-1,3863,gift_card,606.13,2024-01-03 21:31:15
3864-1,3864,debit_card,186.75,2024-04-12 13:09:36
3865-1,3865,paypal,792.88,2024-08-19 05:58:02
3866-1,3866,paypal,695.18,2024-03-02 07:01:22
3867-1,3867,gift_card,538.85,2024-04-01 13:44:18
3868-1,3868,gift_card,35.54,2024-02-21 12:18:20
3868-2,3868,gift_card,35.54,2024-02-21 11:55:20
3869-1,3869,credit_card,293.37,2024-10-14 00:30:59
3870-1,3870,debit_card,648.67,2024-07-17 14:45:05
3871-1,3871,apple_pay,248.61,2024-07-01 04:18:09
3871-2,3871,apple_pay,248.61,2024-07-01 04:35:09
3872-1,3872,gift_card,307.45,2024-05-24 21:28:58
3872-2,3872,credit_card,307.46,2024-05-24 21:26:58
3873-1,3873,debit_card,727.42,2024-05-04 09:56:55
3874-1,3874,credit_card,145.12,2024-08-02 14:08:40
3875-1,3875,debit_card,40.38,2024-08-28 23:49:55
3876-1,3876,credit_card,770.7,2024-11-18 22:56:50
3877-1,3877,credit_card,147.6,2024-06-15 05:44:31
3878-1,3878,apple_pay,263.52,2024-08-02 05:57:03
3879-1,3879,paypal,237.92,2024-12-20 07:35:49
3880-1,3880,apple_pay,223.98,2024-03-01 17:43:17
3881-1,3881,gift_card,969.76,2024-02-23 17:20:51
3882-1,3882,debit_card,722.79,2024-12-18 07:26:23
3883-1,3883,gift_card,337.17,2024-12-04 02:18:04
3884-1,3884,credit_card,136.14,2024-09-11 14:55:07
3885-1,3885,apple_pay,47.43,2024-06-21 16:19:07
3885-2,3885,credit_card,47.43,2024-06-21 16:29:07
3886-1,3886,paypal,170.13,2024-07-02 14:51:54
3887-1,3887,credit_card,114.62,2024-04-09 03:51:23
3888-1,3888,credit_card,259.75,2024-01-30 11:58:15
3888-2,3888,credit_card,259.76,2024-01-30 11:04:15
3889-1,3889,apple_pay,201.79,2024-07-29 14:04:33
3889-2,3889,debit_card,201.79,2024-07-29 13:23:33
3890-1,3890,gift_card,355.81,2024-08-06 22:13:24
3890-2,3890,credit_card,355.81,2024-08-06 22:04:24
3891-1,3891,paypal,263.59,2024-11-13 17:25:22
3891-2,3891,paypal,263.59,2024-11-13 18:00:22
3892-1,3892,gift_card,332.88,2024-04-24 19:46:13
3893-1,3893,gift_card,461.13,2024-06-26 22:39:45
3894-1,3894,gift_card,855.95,2024-02-25 23:54:55
3895-1,3895,gift_card,370.3,2024-07-31 18:43:36
3896-1,3896,paypal,178.39,2024-03-11 10:16:51
3897-1,3897,paypal,705.98,2024-09-01 20:51:09
3898-1,3898,gift_card,426.69,2024-07-04 18:52:25
3899-1,3899,credit_card,474.45,2024-11-28 15:31:03
3900-1,3900,apple_pay,290.74,2024-01-25 05:39:03
3900-2,3900,apple_pay,290.74,2024-01-25 06:27:03
3901-1,3901,debit_card,130.76,2024-08-18 12:44:42
3902-1,3902,apple_pay,781.54,2024-05-07 23:56:47
3902-2,3902,gift_card,781.54,2024-05-07 23:15:47
3903-1,3903,credit_card,1148.62,2024-05-06 03:35:27
3904-1,3904,gift_card,232.12,2024-02-25 01:50:58
3905-1,3905,paypal,251.27,2024-10-04 01:56:35
3906-1,3906,paypal,224.42,2024-01-31 09:52:01
3907-1,3907,credit_card,380.43,2024-12-09 07:31:33
3908-1,3908,credit_card,392.9,2024-09-26 02:46:41
3909-1,3909,credit_card,726.31,2024-07-16 01:35:38
3910-1,3910,paypal,248.84,2024-05-21 00:16:22
3911-1,3911,apple_pay,450.16,2024-10-21 08:15:20
3912-1,3912,debit_card,30.2,2024-07-31 04:53:50
3913-1,3913,apple_pay,512.27,2024-08-16 22:21:25
3914-1,3914,debit_card,715.22,2024-02-23 14:19:00
3915-1,3915,paypal,679.71,2024-07-18 02:00:37
3916-1,3916,debit_card,107.45,2024-07-16 21:13:10
3917-1,3917,debit_card,88.94,2024-07-24 00:29:01
3917-2,3917,paypal,88.94,2024-07-24 00:56:01
3918-1,3918,gift_card,60.64,2024-12-15 22:21:55
3918-2,3918,apple_pay,60.64,2024-12-15 21:54:55
3919-1,3919,apple_pay,340.79,2024-10-15 08:51:31
3920-1,3920,credit_card,784.87,2024-10-10 20:55:11
3921-1,3921,gift_card,474.47,2024-02-29 12:55:28
3922-1,3922,gift_card,788.66,2024-06-18 04:42:56
3923-1,3923,credit_card,648.34,2024-01-11 23:40:10
3924-1,3924,paypal,143.34,2024-07-29 02:11:28
3925-1,3925,apple_pay,94.29,2024-06-10 19:42:25
3926-1,3926,apple_pay,519.41,2024-04-17 16:13:33
3927-1,3927,paypal,462.11,2024-09-30 08:08:30
3928-1,3928,apple_pay,139.6,2024-03-05 19:05:03
3928-2,3928,paypal,139.61,2024-03-05 18:16:03
3929-1,3929,paypal,196.47,2024-04-26 21:07:05
3930-1,3930,paypal,61.0,2024-10-03 23:39:49
3931-1,3931,gift_card,616.94,2024-02-20 12:22:24
3932-1,3932,credit_card,37.12,2024-03-24 12:23:34
3933-1,3933,gift_card,871.44,2024-11-15 04:05:15
3934-1,3934,debit_card,463.33,2024-07-13 14:29:07
3935-1,3935,apple_pay,787.73,2024-12-23 06:16:36
3936-1,3936,gift_card,36.09,2024-06-04 02:24:13
3937-1,3937,debit_card,803.22,2024-08-01 12:17:35
3938-1,3938,paypal,1040.26,2024-03-26 00:52:17
3939-1,3939,debit_card,586.5,2024-04-30 21:18:31
3940-1,3940,debit_card,103.89,2024-02-10 02:09:35
3941-1,3941,apple_pay,464.31,2024-04-05 06:02:28
3942-1,3942,apple_pay,624.69,2024-06-03 18:44:06
3943-1,3943,debit_card,890.5,2024-09-27 08:13:08
3944-1,3944,apple_pay,284.16,2024-09-18 10:48:58
3945-1,3945,apple_pay,288.99,2024-12-29 09:59:30
3946-1,3946,paypal,404.22,2024-02-12 00:43:24
3947-1,3947,apple_pay,247.01,2024-06-08 17:14:41
3948-1,3948,paypal,211.92,2024-07-13 12:27:09
3949-1,3949,paypal,706.19,2024-02-19 14:18:40
3950-1,3950,gift_card,1266.55,2024-04-20 09:53:36
3951-1,3951,debit_card,413.56,2024-12-11 11:30:50
3952-1,3952,credit_card,57.28,2024-09-10 04:29:08
3952-2,3952,gift_card,57.28,2024-09-10 05:00:08
3953-1,3953,apple_pay,260.75,2024-08-27 06:29:16
3954-1,3954,credit_card,997.69,2024-01-15 17:53:46
3955-1,3955,credit_card,362.99,2024-03-14 04:02:59
3956-1,3956,apple_pay,251.18,2024-04-05 01:49:51
3957-1,3957,apple_pay,29.38,2024-03-13 11:31:04
3958-1,3958,debit_card,315.15,2024-01-21 09:08:01
3958-2,3958,paypal,315.16,2024-01-21 09:21:01
3959-1,3959,credit_card,453.76,2024-09-10 11:02:16
3960-1,3960,credit_card,52.99,2024-01-09 09:44:03
3960-2,3960,gift_card,53.0,2024-01-09 09:36:03
3961-1,3961,apple_pay,122.83,2024-01-31 10:52:04
3961-2,3961,debit_card,122.84,2024-01-31 11:11:04
3962-1,3962,debit_card,230.54,2024-04-11 21:53:05
3963-1,3963,debit_card,754.95,2024-02-26 08:47:40
3964-1,3964,gift_card,5.54,2024-04-30 16:09:17
3964-2,3964,paypal,5.54,2024-04-30 16:52:17
3965-1,3965,debit_card,1194.81,2024-09-08 22:26:20
3966-1,3966,gift_card,19.56,2024-07-29 23:06:45
3967-1,3967,debit_card,288.63,2024-09-11 23:57:33
3968-1,3968,apple_pay,36.98,2024-04-11 17:38:18
3969-1,3969,credit_card,590.59,2024-06-19 10:55:40
3970-1,3970,apple_pay,248.0,2024-03-27 13:29:05
3971-1,3971,paypal,78.02,2024-02-15 19:04:57
3972-1,3972,paypal,162.42,2024-01-04 18:59:00
3973-1,3973,apple_pay,1216.28,2024-10-17 01:35:47
3974-1,3974,paypal,749.21,2024-03-22 21:05:44
3975-1,3975,gift_card,1295.77,2024-12-05 02:56:10
3976-1,3976,debit_card,261.66,2024-11-19 01:55:47
3977-1,3977,paypal,1007.19,2024-02-10 16:46:37
3978-1,3978,gift_card,148.14,2024-03-19 16:13:31
3979-1,3979,debit_card,790.12,2024-05-21 20:13:28
3980-1,3980,gift_card,738.96,2024-10-07 09:24:01
3981-1,3981,credit_card,244.96,2024-06-05 03:19:38
3982-1,3982,paypal,518.56,2024-06-27 11:48:45
3983-1,3983,credit_card,559.53,2024-12-22 07:54:41
3984-1,3984,gift_card,57.4,2024-03-27 18:36:44
3984-2,3984,gift_card,57.4,2024-03-27 18:55:44
3985-1,3985,apple_pay,468.03,2024-05-22 19:48:54
3986-1,3986,gift_card,143.1,2024-01-22 12:34:59
3987-1,3987,gift_card,806.8,2024-09-16 15:01:05
3988-1,3988,debit_card,469.63,2024-02-08 06:37:33
3989-1,3989,gift_card,434.68,2024-12-20 13:57:36
3990-1,3990,gift_card,642.84,2024-03-16 20:09:28
3991-1,3991,apple_pay,388.43,2024-09-13 00:38:19
3992-1,3992,paypal,44.27,2024-04-15 05:47:22
3993-1,3993,debit_card,851.59,2024-07-18 04:47:57
3994-1,3994,apple_pay,260.55,2024-11-20 06:37:01
3995-1,3995,credit_card,533.0,2024-08-10 04:25:22
3996-1,3996,credit_card,46.8,2024-11-09 09:03:09
3997-1,3997,paypal,356.88,2024-06-03 08:41:41
3998-1,3998,debit_card,429.7,2024-07-22 01:15:24
3999-1,3999,apple_pay,524.34,2024-10-21 12:32:14
4000-1,4000,paypal,780.29,2024-01-10 01:18:43
