order_item_id,order_id,product_id,quantity,unit_price,line_total
1,1,110,2,78.74,157.48
2,1,87,2,34.48,68.96
3,2,77,1,29.18,29.18
4,2,78,3,86.39,259.17
5,3,60,3,82.23,246.69
6,3,106,4,71.38,285.52
7,4,62,1,42.35,42.35
8,5,25,2,63.52,127.04
9,5,31,1,97.24,97.24
10,5,103,4,80.28,321.12
11,6,95,1,71.21,71.21
12,6,74,2,43.15,86.3
13,6,92,2,83.3,166.6
14,6,82,4,109.06,436.24
15,7,38,1,58.08,58.08
16,7,95,3,87.85,263.55
17,8,96,3,52.2,156.6
18,8,114,3,46.49,139.47
19,9,80,1,58.25,58.25
20,9,25,1,104.5,104.5
21,9,49,3,51.33,153.99
22,9,112,2,19.07,38.14
23,9,26,3,50.88,152.64
24,10,81,2,39.67,79.34
25,10,8,1,55.89,55.89
26,10,27,2,70.42,140.84
27,11,50,1,7.41,7.41
28,11,26,3,114.16,342.48
29,11,115,3,91.55,274.65
30,11,68,2,5.1,10.2
31,12,76,3,22.54,67.62
32,12,106,1,37.89,37.89
33,12,38,4,88.16,352.64
34,12,77,3,53.74,161.22
35,12,88,2,43.1,86.2
36,13,28,1,71.99,71.99
37,13,22,1,45.89,45.89
38,14,77,1,80.45,80.45
39,15,33,4,85.12,340.48
40,15,27,1,38.23,38.23
41,15,85,1,80.51,80.51
42,15,35,2,52.0,104.0
43,15,116,1,62.86,62.86
44,16,107,2,44.88,89.76
45,16,53,3,21.76,65.28
46,16,71,4,109.51,438.04
47,17,107,4,20.45,81.8
48,18,59,3,33.9,101.7
49,18,7,1,98.14,98.14
50,19,2,2,80.61,161.22
51,20,105,3,24.4,73.2
52,20,52,4,115.59,462.36
53,20,35,4,83.72,334.88
54,21,109,2,15.13,30.26
55,22,4,2,59.52,119.04
56,22,63,1,106.85,106.85
57,22,57,1,10.41,10.41
58,22,84,3,4.45,13.35
59,22,112,2,117.41,234.82
60,23,62,3,80.65,241.95
61,23,83,4,20.39,81.56
62,24,110,4,104.72,418.88
63,24,10,4,40.51,162.04
64,24,43,3,8.89,26.67
65,24,29,4,50.18,200.72
66,25,41,1,117.74,117.74
67,25,96,1,15.01,15.01
68,25,53,1,68.18,68.18
69,25,1,1,95.64,95.64
70,26,106,1,98.54,98.54
71,26,109,4,41.84,167.36
72,26,99,4,86.85,347.4
73,27,71,3,85.15,255.45
74,27,6,2,60.61,121.22
75,27,106,4,15.51,62.04
76,28,92,3,15.61,46.83
77,28,54,1,111.42,111.42
78,29,18,4,3.51,14.04
79,29,95,1,67.73,67.73
80,29,56,4,111.15,444.6
81,29,100,2,83.94,167.88
82,29,23,2,15.12,30.24
83,30,118,2,35.01,70.02
84,30,44,3,55.98,167.94
85,30,18,2,51.29,102.58
86,30,90,3,101.64,304.92
87,30,71,3,86.29,258.87
88,31,91,2,61.96,123.92
89,31,89,3,86.11,258.33
90,32,37,4,97.57,390.28
91,32,67,1,5.96,5.96
92,32,19,1,81.42,81.42
93,32,26,3,90.77,272.31
94,32,21,3,82.96,248.88
95,33,105,4,14.99,59.96
96,33,112,2,89.86,179.72
97,33,72,4,30.8,123.2
98,34,71,1,4.52,4.52
99,34,33,2,75.61,151.22
100,34,100,4,100.11,400.44
101,35,38,4,23.76,95.04
102,35,88,1,24.88,24.88
103,36,21,3,3.66,10.98
104,36,60,2,7.67,15.34
105,37,10,3,64.47,193.41
106,37,24,1,94.99,94.99
107,37,21,4,66.54,266.16
108,38,28,4,119.61,478.44
109,38,106,1,16.42,16.42
110,38,45,4,31.12,124.48
111,39,50,3,66.21,198.63
112,40,6,3,108.1,324.3
113,40,25,3,63.13,189.39
114,40,13,2,116.68,233.36
115,40,99,1,76.35,76.35
116,41,83,1,90.39,90.39
117,41,20,1,56.73,56.73
118,41,43,1,13.24,13.24
119,41,7,2,95.92,191.84
120,42,56,3,4.98,14.94
121,42,87,1,65.58,65.58
122,42,83,1,91.45,91.45
123,42,75,1,85.0,85.0
124,43,49,4,99.19,396.76
125,43,4,4,21.29,85.16
126,43,29,2,90.37,180.74
127,43,102,3,115.34,346.02
128,44,1,4,65.85,263.4
129,45,29,3,25.74,77.22
130,45,24,1,102.61,102.61
131,46,63,3,44.79,134.37
132,46,86,2,14.71,29.42
133,46,80,1,108.31,108.31
134,46,41,4,55.73,222.92
135,46,79,3,84.13,252.39
136,47,101,2,86.33,172.66
137,47,83,4,35.37,141.48
138,48,71,1,23.57,23.57
139,48,78,1,101.49,101.49
140,48,110,2,107.28,214.56
141,48,26,3,88.82,266.46
142,49,52,2,109.04,218.08
143,49,71,3,66.59,199.77
144,49,70,4,79.51,318.04
145,49,20,3,48.92,146.76
146,49,115,3,18.66,55.98
147,50,88,2,91.59,183.18
148,50,18,4,21.63,86.52
149,50,73,2,89.1,178.2
150,50,62,3,7.73,23.19
151,50,98,4,30.11,120.44
152,51,61,4,106.14,424.56
153,51,6,3,15.08,45.24
154,51,67,3,100.68,302.04
155,51,34,2,47.07,94.14
156,52,67,4,44.29,177.16
157,52,112,3,59.96,179.88
158,53,83,3,27.75,83.25
159,53,24,2,45.38,90.76
160,53,92,1,80.35,80.35
161,53,54,3,87.27,261.81
162,53,62,4,59.05,236.2
163,54,81,1,107.22,107.22
164,54,19,1,22.46,22.46
165,55,11,2,55.56,111.12
166,55,61,4,22.96,91.84
167,55,107,4,73.3,293.2
168,56,119,4,72.79,291.16
169,56,9,2,47.25,94.5
170,56,17,1,4.94,4.94
171,57,77,1,105.7,105.7
172,57,69,1,13.9,13.9
173,57,85,2,108.53,217.06
174,57,70,1,107.95,107.95
175,57,100,4,64.08,256.32
176,58,45,1,52.78,52.78
177,58,33,4,92.61,370.44
178,58,117,1,36.14,36.14
179,58,113,4,33.16,132.64
180,59,89,3,50.83,152.49
181,59,14,2,52.85,105.7
182,60,97,2,51.35,102.7
183,60,101,4,23.91,95.64
184,60,72,4,32.69,130.76
185,60,40,3,93.58,280.74
186,61,13,2,62.48,124.96
187,61,101,3,96.7,290.1
188,62,61,4,13.31,53.24
189,62,34,2,46.39,92.78
190,63,8,2,77.91,155.82
191,63,57,1,26.6,26.6
192,63,85,3,25.79,77.37
193,63,101,2,74.98,149.96
194,63,87,1,45.09,45.09
195,64,26,1,89.22,89.22
196,64,9,1,67.3,67.3
197,64,93,3,43.65,130.95
198,64,105,3,29.48,88.44
199,64,25,4,111.78,447.12
200,65,44,1,96.94,96.94
201,65,33,3,84.22,252.66
202,65,49,4,93.09,372.36
203,66,9,4,77.14,308.56
204,66,29,2,96.62,193.24
205,66,53,3,63.43,190.29
206,67,10,2,58.76,117.52
207,67,46,2,107.64,215.28
208,67,35,2,113.81,227.62
209,68,27,2,26.72,53.44
210,68,32,3,21.25,63.75
211,68,14,1,110.66,110.66
212,69,41,4,108.08,432.32
213,69,113,3,60.42,181.26
214,69,98,3,49.55,148.65
215,69,97,2,9.34,18.68
216,69,103,4,58.96,235.84
217,70,90,4,39.93,159.72
218,71,24,3,30.75,92.25
219,71,61,3,45.81,137.43
220,71,64,4,27.63,110.52
221,72,74,2,98.26,196.52
222,72,93,3,97.08,291.24
223,73,54,4,18.73,74.92
224,73,115,3,94.88,284.64
225,74,28,3,58.76,176.28
226,75,45,1,51.18,51.18
227,75,45,2,70.49,140.98
228,75,84,2,117.59,235.18
229,76,49,3,57.26,171.78
230,77,11,2,43.2,86.4
231,78,100,3,90.5,271.5
232,78,67,4,51.44,205.76
233,78,24,1,17.63,17.63
234,78,31,3,113.03,339.09
235,79,71,1,6.08,6.08
236,79,51,1,15.16,15.16
237,79,80,2,12.86,25.72
238,79,120,4,39.2,156.8
239,80,5,3,103.66,310.98
240,81,90,2,72.13,144.26
241,81,59,4,64.24,256.96
242,82,40,3,51.23,153.69
243,82,20,3,4.24,12.72
244,82,67,2,43.23,86.46
245,82,61,1,83.47,83.47
246,83,71,3,25.06,75.18
247,84,34,1,52.4,52.4
248,84,31,3,36.31,108.93
249,85,80,4,34.84,139.36
250,85,80,4,24.97,99.88
251,85,3,2,8.81,17.62
252,85,69,1,24.75,24.75
253,86,2,4,28.41,113.64
254,86,54,3,94.93,284.79
255,87,8,3,93.75,281.25
256,87,10,4,24.25,97.0
257,88,32,1,26.3,26.3
258,88,95,1,63.97,63.97
259,88,27,4,48.53,194.12
260,88,40,3,21.56,64.68
261,89,114,1,104.05,104.05
262,89,28,1,30.61,30.61
263,89,56,3,4.76,14.28
264,90,89,2,46.45,92.9
265,90,12,2,21.45,42.9
266,90,12,3,111.91,335.73
267,90,98,1,9.99,9.99
268,91,101,3,97.25,291.75
269,91,57,2,5.5,11.0
270,91,49,3,87.75,263.25
271,91,33,1,59.78,59.78
272,91,57,3,66.5,199.5
273,92,118,2,11.06,22.12
274,92,20,4,37.59,150.36
275,92,34,3,56.13,168.39
276,92,100,4,88.84,355.36
277,92,114,1,75.51,75.51
278,93,25,4,92.59,370.36
279,93,20,3,40.74,122.22
280,93,83,3,15.92,47.76
281,93,67,1,8.12,8.12
282,94,85,4,64.52,258.08
283,94,90,3,8.74,26.22
284,94,29,1,4.53,4.53
285,94,118,2,79.72,159.44
286,95,102,1,99.37,99.37
287,95,35,1,88.91,88.91
288,95,107,3,12.12,36.36
289,96,68,2,69.69,139.38
290,96,23,4,90.29,361.16
291,97,22,2,67.35,134.7
292,98,42,3,51.24,153.72
293,98,82,4,99.66,398.64
294,98,42,2,68.89,137.78
295,98,28,4,92.59,370.36
296,98,119,3,45.12,135.36
297,99,114,3,3.77,11.31
298,99,29,2,103.12,206.24
299,100,13,1,56.86,56.86
300,100,20,2,34.0,68.0
301,101,94,1,87.66,87.66
302,101,102,4,23.23,92.92
303,102,49,1,94.27,94.27
304,102,118,3,43.71,131.13
305,102,105,4,51.73,206.92
306,102,112,1,104.77,104.77
307,102,30,1,77.16,77.16
308,103,65,2,20.92,41.84
309,103,87,4,116.61,466.44
310,103,97,1,28.98,28.98
311,104,71,4,33.72,134.88
312,105,63,4,79.31,317.24
313,105,26,2,31.35,62.7
314,106,47,3,25.29,75.87
315,106,45,1,93.05,93.05
316,106,22,3,75.1,225.3
317,106,103,4,75.91,303.64
318,107,15,1,31.44,31.44
319,108,40,4,58.13,232.52
320,109,80,2,84.32,168.64
321,109,86,1,47.06,47.06
322,109,116,1,32.89,32.89
323,109,8,3,26.48,79.44
324,110,85,3,104.12,312.36
325,110,3,3,104.49,313.47
326,110,84,4,30.05,120.2
327,111,26,4,68.6,274.4
328,111,92,1,7.65,7.65
329,112,81,3,30.64,91.92
330,112,65,3,97.99,293.97
331,112,81,3,105.81,317.43
332,113,12,4,63.92,255.68
333,113,87,2,51.83,103.66
334,114,84,2,70.98,141.96
335,114,88,2,103.92,207.84
336,115,118,2,40.15,80.3
337,115,72,1,24.54,24.54
338,115,108,2,88.07,176.14
339,115,98,3,105.98,317.94
340,115,53,4,38.49,153.96
341,116,79,3,73.86,221.58
342,116,79,2,72.77,145.54
343,116,30,1,45.03,45.03
344,116,89,4,18.69,74.76
345,116,109,4,86.31,345.24
346,117,98,1,111.28,111.28
347,117,53,2,89.86,179.72
348,117,26,2,10.74,21.48
349,117,119,4,104.45,417.8
350,118,95,4,87.26,349.04
351,118,51,1,63.92,63.92
352,118,58,4,99.76,399.04
353,118,6,2,63.69,127.38
354,118,51,1,68.25,68.25
355,119,60,2,52.43,104.86
356,119,79,1,83.72,83.72
357,119,116,2,57.24,114.48
358,120,18,4,51.39,205.56
359,120,58,1,23.93,23.93
360,120,76,2,106.26,212.52
361,120,12,3,40.92,122.76
362,120,84,2,87.05,174.1
363,121,94,2,47.31,94.62
364,121,49,1,92.89,92.89
365,121,117,3,69.16,207.48
366,121,85,2,21.97,43.94
367,122,81,2,16.75,33.5
368,122,17,2,3.41,6.82
369,122,98,3,4.43,13.29
370,123,76,4,56.09,224.36
371,123,57,1,73.34,73.34
372,124,24,2,9.44,18.88
373,125,118,1,8.74,8.74
374,125,54,2,21.88,43.76
375,125,37,2,116.06,232.12
376,126,105,1,91.74,91.74
377,126,108,1,37.26,37.26
378,126,18,1,84.27,84.27
379,126,36,3,64.67,194.01
380,127,12,4,87.72,350.88
381,127,78,3,52.97,158.91
382,127,109,3,33.38,100.14
383,127,74,3,111.47,334.41
384,127,79,4,63.81,255.24
385,128,1,1,5.81,5.81
386,128,81,1,89.28,89.28
387,129,2,2,83.73,167.46
388,129,33,1,39.01,39.01
389,130,79,1,100.35,100.35
390,130,25,3,100.56,301.68
391,130,119,4,110.19,440.76
392,130,103,1,78.54,78.54
393,130,62,2,76.38,152.76
394,131,39,3,67.96,203.88
395,131,3,2,70.56,141.12
396,131,43,3,10.75,32.25
397,131,20,3,101.37,304.11
398,131,44,4,76.3,305.2
399,132,91,3,86.05,258.15
400,132,35,4,13.16,52.64
401,132,113,2,46.48,92.96
402,133,100,2,109.86,219.72
403,134,94,3,93.74,281.22
404,134,19,1,99.19,99.19
405,134,67,2,27.01,54.02
406,134,5,4,48.35,193.4
407,135,60,1,15.06,15.06
408,135,99,3,5.63,16.89
409,135,98,3,77.75,233.25
410,136,35,2,21.43,42.86
411,137,35,2,113.36,226.72
412,137,103,3,70.17,210.51
413,137,22,1,39.43,39.43
414,138,7,1,52.9,52.9
415,138,23,4,75.11,300.44
416,138,40,3,98.64,295.92
417,138,92,1,116.92,116.92
418,139,13,4,39.32,157.28
419,139,83,4,58.05,232.2
420,139,29,2,103.75,207.5
421,139,79,3,109.8,329.4
422,140,15,3,59.0,177.0
423,140,109,2,36.02,72.04
424,140,45,2,62.43,124.86
425,140,52,1,41.13,41.13
426,141,71,2,116.95,233.9
427,141,50,1,42.86,42.86
428,142,23,1,89.51,89.51
429,142,92,4,16.38,65.52
430,143,77,1,83.2,83.2
431,144,114,1,91.58,91.58
432,144,85,2,56.0,112.0
433,145,73,3,110.46,331.38
434,145,120,4,86.98,347.92
435,145,118,3,118.86,356.58
436,146,7,1,85.29,85.29
437,146,106,3,15.83,47.49
438,146,37,1,30.52,30.52
439,146,90,4,76.15,304.6
440,146,92,4,50.51,202.04
441,147,108,4,21.05,84.2
442,147,112,2,18.71,37.42
443,147,10,1,19.85,19.85
444,148,120,4,75.92,303.68
445,148,59,4,67.59,270.36
446,148,58,4,44.57,178.28
447,148,24,4,73.74,294.96
448,148,74,4,102.08,408.32
449,149,73,4,85.47,341.88
450,150,60,1,64.23,64.23
451,150,79,1,31.69,31.69
452,150,81,1,83.04,83.04
453,151,61,4,62.98,251.92
454,152,96,3,88.06,264.18
455,152,73,3,10.19,30.57
456,152,61,2,70.02,140.04
457,152,85,3,97.64,292.92
458,152,80,1,36.56,36.56
459,153,110,3,4.66,13.98
460,153,15,2,109.49,218.98
461,153,95,2,80.12,160.24
462,154,111,1,43.11,43.11
463,154,11,2,72.68,145.36
464,154,106,2,101.0,202.0
465,154,97,4,93.13,372.52
466,154,31,4,87.94,351.76
467,155,7,2,57.29,114.58
468,156,61,3,19.98,59.94
469,156,112,4,4.39,17.56
470,156,119,4,47.69,190.76
471,156,41,1,14.39,14.39
472,157,35,3,96.87,290.61
473,157,33,4,56.95,227.8
474,157,87,2,88.91,177.82
475,158,87,1,100.31,100.31
476,159,33,2,6.98,13.96
477,159,80,1,9.66,9.66
478,159,77,2,114.21,228.42
479,160,103,2,107.83,215.66
480,160,90,2,32.64,65.28
481,160,60,1,77.74,77.74
482,160,119,3,93.02,279.06
483,160,89,3,33.11,99.33
484,161,105,3,23.82,71.46
485,161,9,4,117.59,470.36
486,161,26,4,23.88,95.52
487,162,92,3,15.08,45.24
488,162,10,1,69.85,69.85
489,162,33,4,5.2,20.8
490,162,64,2,79.39,158.78
491,163,74,1,63.3,63.3
492,163,99,4,58.94,235.76
493,163,52,1,66.2,66.2
494,163,1,4,114.64,458.56
495,164,52,1,76.98,76.98
496,164,83,1,45.75,45.75
497,164,110,3,12.41,37.23
498,165,39,4,107.89,431.56
499,165,81,3,59.92,179.76
500,166,63,4,10.37,41.48
501,166,70,3,61.46,184.38
502,167,28,4,112.99,451.96
503,168,61,1,31.39,31.39
504,169,59,2,100.74,201.48
505,170,55,3,97.95,293.85
506,170,95,4,40.94,163.76
507,171,9,1,35.05,35.05
508,171,97,4,22.66,90.64
509,171,48,2,54.32,108.64
510,172,113,4,12.44,49.76
511,173,89,2,27.12,54.24
512,173,82,3,64.2,192.6
513,173,53,2,112.76,225.52
514,173,79,1,72.76,72.76
515,174,1,2,25.45,50.9
516,174,68,1,75.41,75.41
517,174,111,2,57.31,114.62
518,174,81,2,35.34,70.68
519,175,7,3,36.35,109.05
520,176,23,2,94.9,189.8
521,176,63,1,11.29,11.29
522,176,31,4,72.35,289.4
523,176,42,4,26.25,105.0
524,176,87,3,29.92,89.76
525,177,10,4,71.46,285.84
526,177,7,4,19.96,79.84
527,178,26,3,17.88,53.64
528,178,89,1,35.83,35.83
529,178,15,4,56.65,226.6
530,179,116,2,70.64,141.28
531,179,71,2,13.12,26.24
532,179,110,4,103.88,415.52
533,179,28,4,100.93,403.72
534,179,36,1,88.41,88.41
535,180,20,1,51.88,51.88
536,180,6,1,118.98,118.98
537,180,94,1,52.81,52.81
538,180,51,4,97.74,390.96
539,180,90,1,55.94,55.94
540,181,46,3,30.97,92.91
541,181,12,1,59.13,59.13
542,182,99,2,105.28,210.56
543,182,52,2,95.41,190.82
544,182,48,4,85.36,341.44
545,182,1,1,48.03,48.03
546,183,70,2,95.16,190.32
547,183,11,3,89.08,267.24
548,183,8,3,106.89,320.67
549,183,15,4,45.77,183.08
550,183,80,1,45.77,45.77
551,184,31,1,78.94,78.94
552,184,95,2,91.12,182.24
553,184,98,2,40.49,80.98
554,185,68,1,58.01,58.01
555,185,69,3,55.88,167.64
556,185,48,1,25.04,25.04
557,185,114,4,13.22,52.88
558,185,51,2,36.74,73.48
559,186,81,1,37.3,37.3
560,186,88,2,58.45,116.9
561,186,54,4,89.31,357.24
562,186,3,3,25.12,75.36
563,186,3,2,100.69,201.38
564,187,76,4,56.59,226.36
565,187,73,2,108.1,216.2
566,187,40,2,95.34,190.68
567,187,30,4,46.51,186.04
568,188,92,3,24.33,72.99
569,188,23,2,21.87,43.74
570,189,91,1,80.87,80.87
571,189,45,2,46.63,93.26
572,189,70,2,65.44,130.88
573,189,16,1,50.33,50.33
574,189,64,2,113.89,227.78
575,190,97,2,96.55,193.1
576,190,94,4,42.63,170.52
577,190,15,4,108.32,433.28
578,191,46,1,41.18,41.18
579,191,78,2,71.26,142.52
580,191,29,3,25.9,77.7
581,191,11,4,82.22,328.88
582,192,51,2,86.77,173.54
583,192,55,3,48.18,144.54
584,192,2,3,43.36,130.08
585,193,103,4,36.77,147.08
586,193,104,4,88.25,353.0
587,193,54,2,100.75,201.5
588,193,77,1,19.81,19.81
589,194,82,3,51.5,154.5
590,194,72,4,86.1,344.4
591,194,97,2,26.31,52.62
592,194,107,4,36.87,147.48
593,195,4,1,21.02,21.02
594,195,39,4,17.53,70.12
595,196,16,3,60.69,182.07
596,197,89,1,46.66,46.66
597,197,94,1,101.9,101.9
598,197,21,1,20.1,20.1
599,197,60,2,44.81,89.62
600,198,66,2,92.67,185.34
601,199,35,3,14.21,42.63
602,199,75,3,99.33,297.99
603,199,2,2,63.63,127.26
604,200,107,2,96.03,192.06
605,200,72,1,51.83,51.83
606,201,105,4,107.1,428.4
607,201,77,3,23.15,69.45
608,202,27,2,117.79,235.58
609,202,55,1,12.1,12.1
610,203,8,4,16.91,67.64
611,203,33,1,10.75,10.75
612,203,86,1,91.28,91.28
613,203,101,1,110.65,110.65
614,203,27,2,24.62,49.24
615,204,110,2,62.07,124.14
616,204,9,1,98.89,98.89
617,205,1,1,111.14,111.14
618,205,118,4,45.88,183.52
619,205,76,2,54.44,108.88
620,205,14,2,100.66,201.32
621,205,49,4,28.07,112.28
622,206,98,3,85.45,256.35
623,206,72,1,12.62,12.62
624,206,64,1,48.02,48.02
625,206,59,3,83.38,250.14
626,207,115,4,112.87,451.48
627,208,16,2,49.19,98.38
628,209,26,4,17.36,69.44
629,209,108,4,87.85,351.4
630,209,36,3,91.49,274.47
631,210,36,2,92.86,185.72
632,210,14,1,32.33,32.33
633,210,64,2,76.52,153.04
634,210,18,1,14.65,14.65
635,210,7,1,61.28,61.28
636,211,13,1,80.35,80.35
637,211,67,4,95.75,383.0
638,211,26,3,80.46,241.38
639,211,63,3,66.47,199.41
640,211,104,1,114.45,114.45
641,212,57,4,7.21,28.84
642,212,23,3,106.51,319.53
643,212,22,4,53.39,213.56
644,212,40,4,60.03,240.12
645,213,110,2,62.28,124.56
646,213,51,3,60.88,182.64
647,213,49,3,92.68,278.04
648,213,37,3,10.19,30.57
649,213,76,1,18.0,18.0
650,214,46,4,44.1,176.4
651,214,85,2,31.97,63.94
652,214,83,3,72.33,216.99
653,215,85,4,69.46,277.84
654,215,116,4,34.19,136.76
655,215,90,4,71.79,287.16
656,215,41,4,69.73,278.92
657,216,65,3,22.5,67.5
658,216,39,3,116.42,349.26
659,216,26,4,77.35,309.4
660,216,101,1,101.32,101.32
661,217,96,1,86.97,86.97
662,217,75,1,72.25,72.25
663,217,35,1,69.27,69.27
664,217,68,4,52.97,211.88
665,217,45,1,79.23,79.23
666,218,80,4,81.57,326.28
667,218,71,2,106.06,212.12
668,218,81,2,70.49,140.98
669,219,120,1,64.11,64.11
670,219,47,4,20.29,81.16
671,219,20,3,101.76,305.28
672,219,53,3,103.64,310.92
673,220,31,4,30.9,123.6
674,220,20,2,6.24,12.48
675,220,103,3,57.31,171.93
676,220,72,4,52.38,209.52
677,220,116,1,26.63,26.63
678,221,93,4,94.52,378.08
679,222,115,3,81.59,244.77
680,222,114,1,49.44,49.44
681,222,108,2,30.62,61.24
682,222,74,1,64.07,64.07
683,223,43,4,97.28,389.12
684,223,96,2,112.45,224.9
685,223,28,2,15.5,31.0
686,224,48,1,40.03,40.03
687,224,55,4,82.88,331.52
688,224,36,2,45.47,90.94
689,224,92,3,99.1,297.3
690,224,3,1,101.45,101.45
691,225,82,3,108.67,326.01
692,225,88,1,65.58,65.58
693,225,31,4,48.45,193.8
694,226,118,4,76.87,307.48
695,226,113,4,95.35,381.4
696,227,92,4,105.58,422.32
697,227,105,1,99.45,99.45
698,227,90,3,62.24,186.72
699,228,98,1,78.04,78.04
700,229,41,1,15.97,15.97
701,229,32,2,102.09,204.18
702,229,88,4,95.74,382.96
703,230,103,3,26.24,78.72
704,230,54,3,24.28,72.84
705,230,113,4,113.54,454.16
706,231,60,2,33.63,67.26
707,232,73,1,4.65,4.65
708,232,68,4,93.48,373.92
709,233,96,4,47.7,190.8
710,233,56,2,73.21,146.42
711,233,106,3,88.02,264.06
712,234,80,4,109.16,436.64
713,234,48,4,13.03,52.12
714,235,95,3,11.55,34.65
715,235,72,1,9.1,9.1
716,235,120,2,58.1,116.2
717,235,46,1,3.63,3.63
718,236,6,2,33.45,66.9
719,236,65,4,111.85,447.4
720,236,113,4,18.43,73.72
721,236,41,4,19.59,78.36
722,236,15,3,8.17,24.51
723,237,107,3,63.49,190.47
724,237,56,2,39.92,79.84
725,237,63,2,68.01,136.02
726,237,119,4,9.23,36.92
727,237,20,1,29.89,29.89
728,238,6,4,44.71,178.84
729,238,91,4,56.56,226.24
730,238,15,2,17.47,34.94
731,238,12,2,104.58,209.16
732,239,75,1,64.54,64.54
733,239,74,2,51.72,103.44
734,240,51,3,72.07,216.21
735,241,77,1,41.54,41.54
736,241,6,4,41.02,164.08
737,241,94,2,27.73,55.46
738,242,49,1,49.67,49.67
739,242,23,2,115.91,231.82
740,242,111,4,13.44,53.76
741,242,110,2,22.06,44.12
742,242,100,4,36.34,145.36
743,243,116,2,45.01,90.02
744,243,13,3,62.98,188.94
745,243,63,4,106.59,426.36
746,244,24,4,76.79,307.16
747,244,12,1,63.06,63.06
748,244,60,2,78.77,157.54
749,244,92,2,111.89,223.78
750,244,68,1,37.01,37.01
751,245,67,4,37.57,150.28
752,245,7,1,110.32,110.32
753,246,46,3,71.51,214.53
754,246,99,1,16.33,16.33
755,246,85,4,24.01,96.04
756,247,93,4,91.61,366.44
757,247,58,3,42.94,128.82
758,247,118,2,27.69,55.38
759,247,11,3,104.98,314.94
760,247,14,4,65.52,262.08
761,248,93,4,38.43,153.72
762,248,105,3,83.81,251.43
763,248,89,4,97.14,388.56
764,248,12,2,18.81,37.62
765,248,25,1,98.47,98.47
766,249,56,2,13.07,26.14
767,249,99,4,20.34,81.36
768,250,61,1,103.6,103.6
769,250,75,2,26.56,53.12
770,250,73,4,8.96,35.84
771,250,2,1,76.76,76.76
772,251,5,4,49.76,199.04
773,251,66,4,30.13,120.52
774,251,8,1,52.37,52.37
775,252,80,3,55.45,166.35
776,252,56,1,21.88,21.88
777,252,93,2,57.9,115.8
778,252,57,2,62.39,124.78
779,253,93,4,115.3,461.2
780,253,107,3,96.13,288.39
781,253,103,2,75.76,151.52
782,254,13,4,113.34,453.36
783,254,64,3,30.46,91.38
784,254,72,1,119.91,119.91
785,254,46,3,44.77,134.31
786,255,16,2,59.9,119.8
787,255,44,3,93.02,279.06
788,256,86,1,85.65,85.65
789,256,119,4,96.48,385.92
790,256,108,1,117.04,117.04
791,256,101,1,99.36,99.36
792,256,6,1,22.54,22.54
793,257,64,1,21.05,21.05
794,257,47,3,98.84,296.52
795,257,16,2,54.38,108.76
796,257,54,1,31.7,31.7
797,257,104,4,42.93,171.72
798,258,20,4,95.1,380.4
799,258,18,4,51.37,205.48
800,259,57,2,93.11,186.22
801,260,56,1,49.01,49.01
802,260,5,2,108.59,217.18
803,261,93,3,109.38,328.14
804,261,2,3,108.32,324.96
805,261,79,2,84.93,169.86
806,262,114,4,93.72,374.88
807,262,113,3,12.86,38.58
808,262,69,3,48.63,145.89
809,263,67,3,91.57,274.71
810,263,21,1,6.26,6.26
811,263,102,3,31.24,93.72
812,264,46,1,8.58,8.58
813,264,84,1,55.5,55.5
814,264,74,1,56.02,56.02
815,264,31,2,43.99,87.98
816,264,37,2,86.58,173.16
817,265,59,1,20.15,20.15
818,265,55,4,12.59,50.36
819,265,8,4,106.96,427.84
820,266,100,4,105.03,420.12
821,266,75,4,77.47,309.88
822,266,57,4,88.61,354.44
823,266,54,2,19.89,39.78
824,266,17,4,86.2,344.8
825,267,96,2,113.46,226.92
826,268,6,2,16.78,33.56
827,268,40,3,38.48,115.44
828,268,63,1,95.57,95.57
829,269,1,1,67.06,67.06
830,269,9,1,51.86,51.86
831,269,74,3,69.19,207.57
832,269,116,3,94.42,283.26
833,270,86,4,20.43,81.72
834,270,94,3,13.45,40.35
835,270,80,4,48.31,193.24
836,270,116,4,42.66,170.64
837,271,74,3,68.64,205.92
838,272,67,2,90.82,181.64
839,272,65,1,17.07,17.07
840,272,120,2,115.6,231.2
841,272,36,2,31.7,63.4
842,272,91,4,12.9,51.6
843,273,56,2,51.55,103.1
844,273,111,3,47.7,143.1
845,273,12,1,117.63,117.63
846,274,87,2,9.89,19.78
847,274,42,2,6.18,12.36
848,274,8,3,48.62,145.86
849,274,41,2,51.3,102.6
850,275,76,2,60.68,121.36
851,275,97,4,114.07,456.28
852,275,35,1,40.25,40.25
853,275,71,4,10.66,42.64
854,275,4,4,77.12,308.48
855,276,39,4,55.18,220.72
856,276,109,2,94.6,189.2
857,277,58,1,3.12,3.12
858,277,60,3,79.41,238.23
859,277,22,1,10.04,10.04
860,277,118,4,34.98,139.92
861,277,33,4,119.91,479.64
862,278,73,1,38.17,38.17
863,278,51,1,100.17,100.17
864,278,93,3,105.76,317.28
865,278,27,3,106.42,319.26
866,278,44,3,117.62,352.86
867,279,43,1,109.94,109.94
868,279,18,1,74.23,74.23
869,279,1,1,81.71,81.71
870,279,53,4,92.21,368.84
871,279,69,1,95.11,95.11
872,280,106,3,48.25,144.75
873,280,108,1,17.6,17.6
874,280,48,2,55.02,110.04
875,280,29,1,91.74,91.74
876,281,30,4,116.17,464.68
877,281,5,3,60.66,181.98
878,282,73,4,22.95,91.8
879,282,25,2,10.65,21.3
880,282,17,1,17.91,17.91
881,283,79,3,82.64,247.92
882,283,114,4,3.23,12.92
883,283,55,1,102.9,102.9
884,283,42,4,101.79,407.16
885,283,53,3,17.24,51.72
886,284,118,4,65.29,261.16
887,284,41,1,48.85,48.85
888,284,43,1,105.97,105.97
889,285,40,1,76.24,76.24
890,285,13,1,59.16,59.16
891,285,104,1,72.33,72.33
892,286,107,1,99.13,99.13
893,286,67,2,113.4,226.8
894,286,100,4,92.4,369.6
895,287,101,2,10.25,20.5
896,288,72,1,37.51,37.51
897,289,2,4,47.92,191.68
898,289,102,4,105.95,423.8
899,289,80,1,42.74,42.74
900,289,87,1,56.13,56.13
901,289,43,2,15.64,31.28
902,290,33,3,52.26,156.78
903,290,93,4,24.75,99.0
904,290,18,1,10.08,10.08
905,290,40,4,63.04,252.16
906,290,84,3,39.41,118.23
907,291,76,2,9.71,19.42
908,291,65,1,52.38,52.38
909,291,26,2,77.94,155.88
910,291,26,1,42.96,42.96
911,291,86,4,84.29,337.16
912,292,21,1,56.15,56.15
913,292,102,1,61.02,61.02
914,292,118,1,77.74,77.74
915,293,104,4,27.02,108.08
916,293,24,1,45.45,45.45
917,293,10,3,6.51,19.53
918,294,4,2,26.15,52.3
919,295,3,2,101.62,203.24
920,295,117,1,5.46,5.46
921,296,31,3,97.71,293.13
922,296,85,2,113.12,226.24
923,296,103,4,105.77,423.08
924,296,9,1,19.9,19.9
925,297,118,1,92.28,92.28
926,297,76,2,102.97,205.94
927,298,109,4,27.48,109.92
928,298,11,4,95.55,382.2
929,299,60,2,40.65,81.3
930,299,48,4,86.73,346.92
931,299,64,4,34.4,137.6
932,299,52,1,27.24,27.24
933,299,115,2,55.89,111.78
934,300,33,1,18.72,18.72
935,300,11,3,55.01,165.03
936,300,46,2,71.32,142.64
937,301,41,3,47.74,143.22
938,301,23,4,30.35,121.4
939,301,83,1,45.01,45.01
940,301,11,3,101.58,304.74
941,302,70,2,42.05,84.1
942,303,18,3,4.0,12.0
943,303,39,3,99.21,297.63
944,303,101,4,113.66,454.64
945,303,106,1,58.22,58.22
946,303,66,2,104.26,208.52
947,304,93,4,42.86,171.44
948,304,11,3,101.96,305.88
949,304,55,4,27.52,110.08
950,304,58,1,46.84,46.84
951,305,44,2,52.04,104.08
952,305,88,4,92.25,369.0
953,305,89,3,41.15,123.45
954,306,117,4,117.68,470.72
955,306,27,4,10.45,41.8
956,306,50,2,58.55,117.1
957,306,43,4,77.76,311.04
958,306,39,1,23.06,23.06
959,307,9,4,36.21,144.84
960,307,30,3,80.17,240.51
961,308,51,2,118.78,237.56
962,308,17,4,58.96,235.84
963,308,9,4,114.75,459.0
964,308,111,2,18.2,36.4
965,309,76,2,61.79,123.58
966,309,88,4,35.23,140.92
967,309,1,2,55.15,110.3
968,310,59,4,70.41,281.64
969,310,95,1,36.69,36.69
970,310,113,4,43.57,174.28
971,310,108,3,48.76,146.28
972,311,50,2,84.73,169.46
973,311,13,4,84.74,338.96
974,311,6,2,106.61,213.22
975,311,21,3,106.26,318.78
976,312,98,1,119.45,119.45
977,312,10,1,62.01,62.01
978,312,100,3,50.98,152.94
979,312,22,3,27.26,81.78
980,313,96,4,103.13,412.52
981,313,51,1,4.26,4.26
982,313,15,2,41.27,82.54
983,314,18,4,98.99,395.96
984,314,108,2,22.96,45.92
985,314,3,1,23.74,23.74
986,314,16,4,22.71,90.84
987,315,115,2,54.72,109.44
988,316,57,1,72.99,72.99
989,316,7,4,92.75,371.0
990,316,119,2,46.83,93.66
991,317,29,1,96.24,96.24
992,318,42,2,76.09,152.18
993,318,120,4,112.85,451.4
994,318,16,2,28.01,56.02
995,319,29,1,79.98,79.98
996,319,36,3,8.14,24.42
997,319,114,2,51.1,102.2
998,319,99,4,118.02,472.08
999,320,42,4,82.31,329.24
1000,320,99,2,41.85,83.7
1001,320,82,3,117.43,352.29
1002,320,86,4,10.9,43.6
1003,320,3,4,47.74,190.96
1004,321,40,2,89.34,178.68
1005,322,49,2,78.12,156.24
1006,322,31,4,89.49,357.96
1007,323,97,1,29.79,29.79
1008,323,94,3,43.1,129.3
1009,323,27,1,109.08,109.08
1010,324,67,3,24.47,73.41
1011,324,81,1,10.56,10.56
1012,324,63,1,114.58,114.58
1013,324,7,2,112.78,225.56
1014,325,40,2,87.44,174.88
1015,325,32,4,23.64,94.56
1016,325,32,3,36.39,109.17
1017,325,58,2,34.81,69.62
1018,326,55,4,91.96,367.84
1019,326,105,4,5.32,21.28
1020,326,49,4,102.92,411.68
1021,326,98,3,72.64,217.92
1022,327,78,4,11.42,45.68
1023,327,18,4,25.9,103.6
1024,327,118,2,3.49,6.98
1025,327,111,3,60.5,181.5
1026,327,119,4,113.01,452.04
1027,328,50,2,25.72,51.44
1028,329,90,1,79.16,79.16
1029,329,119,4,89.07,356.28
1030,329,32,4,7.04,28.16
1031,330,33,2,73.45,146.9
1032,330,85,2,4.44,8.88
1033,331,113,4,22.4,89.6
1034,331,55,3,83.94,251.82
1035,332,14,3,98.26,294.78
1036,333,105,4,3.18,12.72
1037,333,9,4,64.42,257.68
1038,334,24,1,55.73,55.73
1039,334,105,2,24.72,49.44
1040,334,8,2,97.67,195.34
1041,334,25,3,118.0,354.0
1042,335,16,3,10.52,31.56
1043,335,4,2,58.91,117.82
1044,335,87,1,4.11,4.11
1045,335,35,1,80.84,80.84
1046,336,98,3,112.06,336.18
1047,336,61,3,73.71,221.13
1048,336,44,3,82.78,248.34
1049,336,44,3,98.57,295.71
1050,336,47,4,47.28,189.12
1051,337,93,2,6.0,12.0
1052,337,16,3,114.27,342.81
1053,337,97,2,46.11,92.22
1054,337,80,4,63.24,252.96
1055,338,104,3,82.32,246.96
1056,339,85,1,88.91,88.91
1057,339,38,2,86.3,172.6
1058,339,112,1,17.96,17.96
1059,339,102,1,38.26,38.26
1060,340,85,2,31.47,62.94
1061,340,22,1,15.34,15.34
1062,340,92,1,21.75,21.75
1063,340,119,3,108.61,325.83
1064,341,119,4,13.58,54.32
1065,341,89,3,105.02,315.06
1066,342,110,4,97.59,390.36
1067,342,29,3,16.54,49.62
1068,342,12,1,13.43,13.43
1069,342,95,2,90.12,180.24
1070,342,15,3,17.91,53.73
1071,343,109,4,117.64,470.56
1072,343,41,3,96.31,288.93
1073,344,41,2,98.49,196.98
1074,344,38,2,61.48,122.96
1075,344,59,2,73.37,146.74
1076,344,19,1,73.07,73.07
1077,345,64,3,85.38,256.14
1078,345,49,1,117.79,117.79
1079,346,110,4,88.11,352.44
1080,346,39,2,118.95,237.9
1081,347,68,3,36.04,108.12
1082,348,59,2,70.53,141.06
1083,348,57,4,37.06,148.24
1084,348,19,2,28.52,57.04
1085,349,49,4,82.5,330.0
1086,349,22,1,14.24,14.24
1087,350,81,4,31.67,126.68
1088,350,16,2,49.41,98.82
1089,351,100,4,104.19,416.76
1090,352,16,4,78.04,312.16
1091,353,24,4,59.65,238.6
1092,353,83,4,37.91,151.64
1093,353,17,1,41.05,41.05
1094,353,92,2,50.42,100.84
1095,353,90,1,49.07,49.07
1096,354,97,2,115.98,231.96
1097,355,6,2,70.28,140.56
1098,356,70,2,52.5,105.0
1099,356,85,1,32.06,32.06
1100,356,6,3,80.12,240.36
1101,357,78,2,83.49,166.98
1102,357,85,1,30.74,30.74
1103,357,25,2,38.07,76.14
1104,358,55,1,67.33,67.33
1105,358,34,4,79.02,316.08
1106,358,21,4,56.36,225.44
1107,358,33,4,113.0,452.0
1108,358,19,2,11.26,22.52
1109,359,21,4,99.12,396.48
1110,359,41,4,47.34,189.36
1111,359,78,2,12.07,24.14
1112,359,16,1,83.03,83.03
1113,359,53,1,41.53,41.53
1114,360,13,4,117.6,470.4
1115,361,76,4,14.18,56.72
1116,361,45,3,67.53,202.59
1117,361,78,1,107.9,107.9
1118,362,113,4,58.79,235.16
1119,362,17,3,4.11,12.33
1120,362,66,2,79.93,159.86
1121,362,19,4,69.4,277.6
1122,362,35,1,110.46,110.46
1123,363,24,4,118.39,473.56
1124,363,103,4,61.76,247.04
1125,363,36,4,63.91,255.64
1126,363,92,2,38.71,77.42
1127,364,22,1,12.9,12.9
1128,365,62,4,63.26,253.04
1129,365,87,1,50.44,50.44
1130,366,88,1,74.06,74.06
1131,366,22,2,23.45,46.9
1132,366,47,2,63.1,126.2
1133,366,7,4,60.97,243.88
1134,366,22,3,116.46,349.38
1135,367,28,1,89.35,89.35
1136,367,73,4,28.44,113.76
1137,367,40,1,112.44,112.44
1138,368,45,2,50.04,100.08
1139,369,16,4,3.81,15.24
1140,369,99,3,29.45,88.35
1141,369,51,3,38.02,114.06
1142,369,55,2,65.76,131.52
1143,370,1,3,106.38,319.14
1144,370,91,2,15.95,31.9
1145,370,37,1,18.64,18.64
1146,370,54,3,108.42,325.26
1147,371,64,2,41.01,82.02
1148,371,98,4,61.72,246.88
1149,371,119,4,18.38,73.52
1150,371,14,1,17.76,17.76
1151,371,45,1,92.78,92.78
1152,372,37,4,12.67,50.68
1153,372,55,2,75.26,150.52
1154,372,94,2,32.19,64.38
1155,373,90,2,25.07,50.14
1156,374,3,2,13.64,27.28
1157,374,7,4,50.65,202.6
1158,374,40,2,28.95,57.9
1159,374,55,4,10.18,40.72
1160,375,32,3,107.73,323.19
1161,375,24,1,3.06,3.06
1162,375,85,3,27.8,83.4
1163,375,61,3,109.29,327.87
1164,376,86,1,82.91,82.91
1165,377,68,3,30.88,92.64
1166,377,36,2,71.37,142.74
1167,377,12,1,18.27,18.27
1168,377,96,1,7.8,7.8
1169,377,117,2,25.57,51.14
1170,378,98,2,65.43,130.86
1171,378,20,1,17.96,17.96
1172,378,54,3,107.32,321.96
1173,378,98,3,107.7,323.1
1174,379,102,1,22.53,22.53
1175,379,36,2,36.89,73.78
1176,379,73,1,95.94,95.94
1177,379,89,2,89.66,179.32
1178,379,51,4,83.11,332.44
1179,380,35,2,24.54,49.08
1180,380,21,2,72.28,144.56
1181,380,2,4,61.95,247.8
1182,380,93,3,38.5,115.5
1183,380,29,3,85.87,257.61
1184,381,114,3,111.49,334.47
1185,381,35,1,78.16,78.16
1186,382,42,1,113.73,113.73
1187,382,114,3,87.48,262.44
1188,382,53,3,40.98,122.94
1189,383,69,1,87.54,87.54
1190,384,29,3,34.45,103.35
1191,384,75,4,21.21,84.84
1192,384,30,4,46.13,184.52
1193,384,116,4,13.96,55.84
1194,385,83,3,5.46,16.38
1195,385,21,2,98.65,197.3
1196,386,13,2,88.03,176.06
1197,386,104,1,73.59,73.59
1198,386,49,4,5.42,21.68
1199,386,106,1,92.32,92.32
1200,387,2,1,115.04,115.04
1201,387,14,3,102.77,308.31
1202,387,11,2,19.29,38.58
1203,387,98,4,98.41,393.64
1204,387,40,3,59.03,177.09
1205,388,14,3,15.0,45.0
1206,389,84,3,29.43,88.29
1207,389,113,4,83.35,333.4
1208,389,92,1,60.54,60.54
1209,390,115,1,73.73,73.73
1210,391,80,3,43.76,131.28
1211,391,14,3,110.2,330.6
1212,391,85,3,112.15,336.45
1213,392,50,4,87.4,349.6
1214,392,101,4,98.31,393.24
1215,393,99,4,44.26,177.04
1216,393,64,4,59.31,237.24
1217,394,64,4,65.3,261.2
1218,394,106,2,48.0,96.0
1219,394,75,4,64.65,258.6
1220,394,100,2,85.26,170.52
1221,394,31,3,3.34,10.02
1222,395,47,2,37.48,74.96
1223,395,19,4,31.37,125.48
1224,395,106,2,9.54,19.08
1225,396,85,1,58.79,58.79
1226,397,73,4,20.52,82.08
1227,398,57,1,36.55,36.55
1228,398,20,1,106.1,106.1
1229,398,5,2,61.89,123.78
1230,399,65,3,85.99,257.97
1231,399,55,2,34.8,69.6
1232,399,12,4,117.42,469.68
1233,399,17,2,49.85,99.7
1234,399,8,2,48.9,97.8
1235,400,84,4,99.79,399.16
1236,400,22,1,96.99,96.99
1237,400,83,4,25.78,103.12
1238,401,14,1,27.79,27.79
1239,401,2,3,24.97,74.91
1240,401,26,1,31.12,31.12
1241,401,11,1,68.96,68.96
1242,401,102,4,8.34,33.36
1243,402,93,3,116.94,350.82
1244,402,90,1,41.76,41.76
1245,402,115,1,61.75,61.75
1246,402,100,2,5.77,11.54
1247,403,11,1,114.48,114.48
1248,403,30,2,97.47,194.94
1249,403,84,2,92.95,185.9
1250,403,21,3,55.36,166.08
1251,404,31,2,119.65,239.3
1252,404,78,1,115.09,115.09
1253,404,73,4,14.4,57.6
1254,404,2,2,92.66,185.32
1255,405,9,3,70.45,211.35
1256,405,46,1,11.32,11.32
1257,406,16,4,7.63,30.52
1258,406,110,3,49.91,149.73
1259,407,65,4,33.75,135.0
1260,407,113,1,75.61,75.61
1261,407,83,1,89.7,89.7
1262,407,32,1,21.08,21.08
1263,408,86,1,43.83,43.83
1264,408,60,4,15.77,63.08
1265,408,24,1,110.34,110.34
1266,408,119,4,92.88,371.52
1267,409,15,3,56.19,168.57
1268,409,70,2,113.98,227.96
1269,409,19,2,40.46,80.92
1270,409,5,4,10.3,41.2
1271,410,35,3,77.38,232.14
1272,410,11,2,11.1,22.2
1273,410,52,1,37.91,37.91
1274,410,92,4,104.94,419.76
1275,411,97,3,22.25,66.75
1276,411,45,4,59.35,237.4
1277,411,69,2,115.97,231.94
1278,412,10,2,40.88,81.76
1279,412,106,3,4.66,13.98
1280,413,58,2,77.21,154.42
1281,414,100,2,73.31,146.62
1282,414,28,3,27.54,82.62
1283,414,25,1,46.32,46.32
1284,414,47,1,38.33,38.33
1285,414,40,1,84.82,84.82
1286,415,98,3,16.27,48.81
1287,415,23,4,53.12,212.48
1288,415,23,2,66.5,133.0
1289,415,49,3,101.88,305.64
1290,415,89,4,77.19,308.76
1291,416,14,4,90.74,362.96
1292,416,80,1,77.12,77.12
1293,416,65,1,81.12,81.12
1294,416,110,4,27.79,111.16
1295,417,102,4,51.31,205.24
1296,417,106,4,3.89,15.56
1297,417,48,2,62.38,124.76
1298,418,5,1,6.07,6.07
1299,418,102,3,101.37,304.11
1300,418,67,3,42.21,126.63
1301,418,74,4,31.29,125.16
1302,419,94,2,50.16,100.32
1303,419,41,2,54.18,108.36
1304,419,13,2,62.0,124.0
1305,419,81,4,101.63,406.52
1306,420,56,1,76.58,76.58
1307,421,96,2,118.06,236.12
1308,422,108,2,87.98,175.96
1309,422,104,4,93.14,372.56
1310,422,85,1,35.17,35.17
1311,422,120,2,76.41,152.82
1312,422,82,1,15.98,15.98
1313,423,117,2,48.72,97.44
1314,423,63,1,51.41,51.41
1315,423,63,1,27.6,27.6
1316,424,116,2,80.18,160.36
1317,425,70,1,21.53,21.53
1318,425,95,3,111.41,334.23
1319,425,25,1,65.71,65.71
1320,425,67,2,28.31,56.62
1321,425,47,1,108.13,108.13
1322,426,62,2,114.53,229.06
1323,426,45,3,57.64,172.92
1324,426,104,4,54.02,216.08
1325,427,40,2,95.91,191.82
1326,427,93,4,53.72,214.88
1327,427,58,4,72.77,291.08
1328,427,35,3,75.88,227.64
1329,427,78,4,53.23,212.92
1330,428,33,4,37.34,149.36
1331,428,106,3,49.6,148.8
1332,428,15,2,97.66,195.32
1333,428,55,2,44.86,89.72
1334,428,10,2,79.86,159.72
1335,429,60,3,108.15,324.45
1336,429,72,1,48.11,48.11
1337,430,74,4,82.81,331.24
1338,431,54,1,17.52,17.52
1339,431,22,3,72.17,216.51
1340,431,31,1,36.35,36.35
1341,432,5,1,42.47,42.47
1342,432,3,1,57.98,57.98
1343,432,107,4,87.62,350.48
1344,432,36,3,91.18,273.54
1345,433,64,1,101.64,101.64
1346,433,80,1,6.43,6.43
1347,433,7,1,19.23,19.23
1348,433,42,4,29.48,117.92
1349,434,34,1,15.96,15.96
1350,435,75,4,17.03,68.12
1351,435,41,2,91.11,182.22
1352,436,36,3,93.4,280.2
1353,436,62,2,13.74,27.48
1354,436,99,3,86.23,258.69
1355,436,46,2,80.16,160.32
1356,437,60,4,24.99,99.96
1357,437,14,3,27.41,82.23
1358,438,109,1,109.95,109.95
1359,438,29,3,48.11,144.33
1360,439,88,3,114.32,342.96
1361,439,74,1,20.23,20.23
1362,440,58,3,34.07,102.21
1363,440,119,1,44.47,44.47
1364,440,28,2,49.44,98.88
1365,440,56,3,9.22,27.66
1366,440,35,3,14.44,43.32
1367,441,78,4,63.68,254.72
1368,441,14,1,78.62,78.62
1369,441,15,2,16.48,32.96
1370,441,115,1,70.3,70.3
1371,441,31,1,65.26,65.26
1372,442,64,2,23.01,46.02
1373,442,27,3,77.52,232.56
1374,442,91,3,88.86,266.58
1375,443,22,3,82.73,248.19
1376,443,22,2,41.86,83.72
1377,444,113,1,22.97,22.97
1378,444,98,1,72.5,72.5
1379,444,61,1,60.13,60.13
1380,445,68,2,91.33,182.66
1381,445,100,1,14.7,14.7
1382,446,33,3,56.67,170.01
1383,446,106,3,38.23,114.69
1384,446,43,4,16.19,64.76
1385,446,88,1,20.3,20.3
1386,447,47,2,90.09,180.18
1387,447,25,4,77.73,310.92
1388,447,36,4,118.52,474.08
1389,447,113,2,34.04,68.08
1390,448,67,3,100.6,301.8
1391,448,16,4,96.05,384.2
1392,448,73,3,36.74,110.22
1393,448,2,4,111.49,445.96
1394,448,19,4,82.67,330.68
1395,449,103,3,4.82,14.46
1396,450,46,1,8.84,8.84
1397,450,18,3,105.81,317.43
1398,450,101,2,114.58,229.16
1399,450,92,3,19.69,59.07
1400,451,32,4,52.44,209.76
1401,451,116,1,107.48,107.48
1402,451,118,3,72.85,218.55
1403,452,33,2,51.71,103.42
1404,452,26,3,38.68,116.04
1405,453,18,4,84.21,336.84
1406,454,4,1,115.03,115.03
1407,454,54,1,91.44,91.44
1408,454,79,3,95.04,285.12
1409,454,75,3,17.89,53.67
1410,455,86,1,57.15,57.15
1411,455,98,4,101.19,404.76
1412,455,11,1,34.61,34.61
1413,455,84,1,42.02,42.02
1414,456,87,1,85.08,85.08
1415,456,67,2,68.76,137.52
1416,456,64,2,29.15,58.3
1417,456,87,2,38.2,76.4
1418,456,40,1,97.26,97.26
1419,457,13,2,26.9,53.8
1420,457,61,1,100.43,100.43
1421,457,57,4,9.51,38.04
1422,457,16,3,50.33,150.99
1423,457,24,2,101.48,202.96
1424,458,24,2,98.77,197.54
1425,459,38,1,115.21,115.21
1426,459,64,3,81.12,243.36
1427,459,51,4,84.63,338.52
1428,460,50,1,70.92,70.92
1429,460,5,4,7.99,31.96
1430,460,117,3,115.65,346.95
1431,460,60,4,35.4,141.6
1432,460,21,3,61.57,184.71
1433,461,44,4,86.68,346.72
1434,461,101,2,35.57,71.14
1435,461,98,3,111.05,333.15
1436,461,9,4,47.05,188.2
1437,461,61,2,70.4,140.8
1438,462,9,1,6.45,6.45
1439,462,94,2,30.11,60.22
1440,462,86,1,61.43,61.43
1441,462,87,4,40.87,163.48
1442,463,119,1,10.25,10.25
1443,463,33,1,7.38,7.38
1444,463,96,1,54.66,54.66
1445,463,48,1,111.06,111.06
1446,464,63,4,82.43,329.72
1447,464,29,2,89.83,179.66
1448,464,56,2,13.06,26.12
1449,465,73,1,42.86,42.86
1450,465,88,4,25.25,101.0
1451,465,27,4,61.6,246.4
1452,465,46,2,96.79,193.58
1453,466,13,1,61.35,61.35
1454,466,7,3,5.64,16.92
1455,466,106,3,110.91,332.73
1456,467,110,3,49.71,149.13
1457,467,8,1,71.18,71.18
1458,468,18,2,67.01,134.02
1459,469,45,1,114.14,114.14
1460,470,14,1,61.1,61.1
1461,471,3,1,6.08,6.08
1462,471,101,2,65.5,131.0
1463,472,71,2,16.52,33.04
1464,472,16,3,44.16,132.48
1465,472,44,4,110.41,441.64
1466,472,31,2,13.76,27.52
1467,473,112,2,98.08,196.16
1468,474,38,2,73.92,147.84
1469,474,62,1,79.82,79.82
1470,475,57,3,113.15,339.45
1471,475,100,3,104.67,314.01
1472,476,91,4,35.73,142.92
1473,476,27,2,101.45,202.9
1474,476,67,2,38.68,77.36
1475,476,71,2,17.36,34.72
1476,477,3,4,100.85,403.4
1477,478,64,1,103.94,103.94
1478,478,50,4,8.2,32.8
1479,478,27,4,24.58,98.32
1480,478,56,1,80.27,80.27
1481,479,104,2,91.6,183.2
1482,479,44,4,104.29,417.16
1483,479,101,1,97.47,97.47
1484,480,99,3,22.02,66.06
1485,480,49,4,90.24,360.96
1486,480,119,2,18.43,36.86
1487,480,2,3,96.55,289.65
1488,480,36,1,119.86,119.86
1489,481,85,3,94.54,283.62
1490,481,104,1,17.54,17.54
1491,481,73,3,100.81,302.43
1492,482,62,2,50.81,101.62
1493,482,75,1,35.34,35.34
1494,482,79,3,114.54,343.62
1495,483,81,2,20.19,40.38
1496,483,80,1,30.22,30.22
1497,484,8,3,117.11,351.33
1498,484,3,3,66.23,198.69
1499,485,31,2,41.12,82.24
1500,486,78,3,42.19,126.57
1501,486,53,3,58.07,174.21
1502,486,38,1,21.76,21.76
1503,487,66,3,112.97,338.91
1504,487,49,1,79.88,79.88
1505,487,20,4,92.23,368.92
1506,488,69,1,102.17,102.17
1507,488,68,1,74.03,74.03
1508,488,85,4,40.08,160.32
1509,488,25,3,109.6,328.8
1510,489,94,4,45.34,181.36
1511,489,46,1,110.01,110.01
1512,489,84,4,73.81,295.24
1513,489,58,4,29.88,119.52
1514,490,86,2,73.85,147.7
1515,490,102,3,42.96,128.88
1516,490,16,1,50.79,50.79
1517,490,65,2,70.39,140.78
1518,490,81,2,108.29,216.58
1519,491,17,1,100.56,100.56
1520,492,46,2,50.07,100.14
1521,492,72,2,86.3,172.6
1522,492,16,3,108.0,324.0
1523,492,115,3,72.2,216.6
1524,493,95,4,36.85,147.4
1525,493,62,2,88.81,177.62
1526,493,93,1,20.81,20.81
1527,493,1,3,81.85,245.55
1528,494,30,3,60.72,182.16
1529,495,42,4,40.27,161.08
1530,495,23,2,7.91,15.82
1531,495,95,2,53.37,106.74
1532,496,63,4,29.17,116.68
1533,496,22,3,112.89,338.67
1534,496,34,1,111.17,111.17
1535,497,77,1,115.3,115.3
1536,498,55,4,63.94,255.76
1537,498,107,4,37.51,150.04
1538,498,15,1,55.0,55.0
1539,498,56,4,33.78,135.12
1540,498,111,2,119.19,238.38
1541,499,42,2,62.33,124.66
1542,500,56,1,112.09,112.09
1543,501,82,1,31.77,31.77
1544,502,94,4,36.06,144.24
1545,502,26,1,114.25,114.25
1546,503,54,3,74.77,224.31
1547,504,108,2,105.38,210.76
1548,504,86,4,60.36,241.44
1549,504,81,4,72.95,291.8
1550,505,54,4,41.07,164.28
1551,505,85,4,16.55,66.2
1552,505,60,3,80.29,240.87
1553,506,53,2,6.39,12.78
1554,506,35,2,107.11,214.22
1555,506,101,4,10.11,40.44
1556,506,99,3,33.61,100.83
1557,506,41,4,48.79,195.16
1558,507,82,1,39.1,39.1
1559,507,53,2,69.98,139.96
1560,507,22,2,94.21,188.42
1561,508,103,4,13.56,54.24
1562,509,47,2,118.27,236.54
1563,509,108,4,103.59,414.36
1564,510,2,1,101.92,101.92
1565,510,97,1,61.68,61.68
1566,511,5,3,90.74,272.22
1567,511,105,4,79.67,318.68
1568,512,3,1,89.89,89.89
1569,512,70,2,14.18,28.36
1570,512,76,4,25.73,102.92
1571,512,78,3,94.82,284.46
1572,513,61,4,37.07,148.28
1573,513,12,2,116.13,232.26
1574,513,72,3,59.55,178.65
1575,513,117,2,47.74,95.48
1576,513,64,4,114.32,457.28
1577,514,48,4,68.89,275.56
1578,514,83,3,41.89,125.67
1579,514,104,1,14.16,14.16
1580,514,22,2,104.18,208.36
1581,515,98,2,9.9,19.8
1582,515,64,3,51.19,153.57
1583,515,95,3,100.62,301.86
1584,515,5,3,83.61,250.83
1585,515,77,4,104.96,419.84
1586,516,42,4,85.94,343.76
1587,516,66,1,110.78,110.78
1588,517,26,4,104.76,419.04
1589,517,15,1,106.6,106.6
1590,518,38,1,53.95,53.95
1591,519,19,3,64.22,192.66
1592,519,27,3,63.77,191.31
1593,520,22,4,4.15,16.6
1594,520,54,2,20.59,41.18
1595,521,43,1,10.15,10.15
1596,521,60,2,10.81,21.62
1597,521,82,2,43.36,86.72
1598,521,2,2,35.13,70.26
1599,522,72,2,12.06,24.12
1600,522,20,1,88.49,88.49
1601,522,36,2,33.76,67.52
1602,523,78,3,116.1,348.3
1603,523,95,4,27.49,109.96
1604,523,1,2,118.72,237.44
1605,523,12,2,19.77,39.54
1606,523,61,1,40.83,40.83
1607,524,98,1,31.17,31.17
1608,524,51,4,93.55,374.2
1609,524,91,4,44.53,178.12
1610,524,108,3,65.09,195.27
1611,524,114,2,114.78,229.56
1612,525,88,1,68.27,68.27
1613,525,56,3,23.83,71.49
1614,525,111,3,103.08,309.24
1615,526,49,3,23.94,71.82
1616,526,96,1,25.91,25.91
1617,527,65,1,73.99,73.99
1618,527,5,3,78.08,234.24
1619,527,51,1,119.5,119.5
1620,528,78,4,60.37,241.48
1621,528,61,1,7.47,7.47
1622,528,4,2,85.56,171.12
1623,528,23,2,12.69,25.38
1624,529,36,2,79.65,159.3
1625,529,95,1,41.92,41.92
1626,529,87,3,108.04,324.12
1627,529,22,3,63.41,190.23
1628,529,86,4,51.72,206.88
1629,530,57,1,35.24,35.24
1630,530,26,4,23.24,92.96
1631,531,108,1,69.24,69.24
1632,531,60,1,16.6,16.6
1633,531,12,2,88.36,176.72
1634,531,24,3,72.16,216.48
1635,531,3,2,95.28,190.56
1636,532,96,2,39.33,78.66
1637,532,49,3,23.83,71.49
1638,533,34,4,33.95,135.8
1639,533,63,3,70.71,212.13
1640,533,45,4,100.05,400.2
1641,534,90,4,43.59,174.36
1642,534,104,3,27.27,81.81
1643,535,34,2,57.72,115.44
1644,535,5,1,63.49,63.49
1645,536,116,1,40.72,40.72
1646,536,14,3,104.71,314.13
1647,536,2,2,52.3,104.6
1648,536,43,3,78.8,236.4
1649,536,13,2,109.84,219.68
1650,537,74,4,88.52,354.08
1651,537,61,2,32.55,65.1
1652,537,48,3,59.46,178.38
1653,537,52,3,7.7,23.1
1654,537,119,2,92.29,184.58
1655,538,66,2,110.92,221.84
1656,538,114,2,114.32,228.64
1657,539,102,2,96.77,193.54
1658,539,59,4,22.35,89.4
1659,539,1,2,26.45,52.9
1660,540,20,3,3.58,10.74
1661,540,21,3,14.69,44.07
1662,541,98,1,48.35,48.35
1663,541,41,2,49.79,99.58
1664,542,10,3,60.13,180.39
1665,542,95,1,28.94,28.94
1666,542,78,2,92.84,185.68
1667,542,48,3,42.76,128.28
1668,542,106,1,74.44,74.44
1669,543,56,1,42.73,42.73
1670,543,84,2,52.81,105.62
1671,543,37,3,48.26,144.78
1672,544,107,1,57.4,57.4
1673,544,11,3,83.27,249.81
1674,544,13,4,97.02,388.08
1675,544,2,2,40.33,80.66
1676,544,74,4,83.3,333.2
1677,545,78,4,61.74,246.96
1678,546,69,4,104.83,419.32
1679,546,11,2,3.81,7.62
1680,546,120,3,26.12,78.36
1681,546,105,4,53.88,215.52
1682,547,88,3,32.52,97.56
1683,547,44,3,92.72,278.16
1684,547,4,3,23.91,71.73
1685,547,46,4,5.05,20.2
1686,547,42,3,77.41,232.23
1687,548,69,1,17.75,17.75
1688,549,118,4,7.75,31.0
1689,549,42,3,7.48,22.44
1690,550,55,4,5.62,22.48
1691,550,96,3,87.43,262.29
1692,550,96,1,100.91,100.91
1693,551,110,2,84.23,168.46
1694,551,7,3,70.08,210.24
1695,551,28,4,35.15,140.6
1696,551,89,2,35.39,70.78
1697,551,86,1,73.74,73.74
1698,552,35,4,73.09,292.36
1699,552,82,3,14.37,43.11
1700,552,29,1,85.95,85.95
1701,553,82,3,66.35,199.05
1702,553,61,1,43.13,43.13
1703,553,41,3,99.25,297.75
1704,553,20,4,102.96,411.84
1705,554,11,4,68.68,274.72
1706,554,45,1,27.28,27.28
1707,554,68,3,38.57,115.71
1708,554,97,3,55.83,167.49
1709,554,60,1,21.24,21.24
1710,555,72,4,118.79,475.16
1711,555,49,2,47.28,94.56
1712,555,109,1,14.35,14.35
1713,556,71,4,44.19,176.76
1714,556,28,4,108.35,433.4
1715,556,36,3,93.15,279.45
1716,556,81,1,80.72,80.72
1717,557,97,4,36.5,146.0
1718,557,119,4,21.37,85.48
1719,557,112,2,49.81,99.62
1720,557,1,3,92.26,276.78
1721,558,80,2,19.21,38.42
1722,559,22,4,83.07,332.28
1723,559,48,1,89.93,89.93
1724,560,23,4,112.65,450.6
1725,560,118,2,40.76,81.52
1726,561,31,2,116.82,233.64
1727,561,65,1,97.03,97.03
1728,561,108,3,105.03,315.09
1729,561,117,2,31.65,63.3
1730,562,61,4,11.23,44.92
1731,562,54,3,106.35,319.05
1732,562,69,1,86.75,86.75
1733,562,78,1,54.31,54.31
1734,562,106,1,37.28,37.28
1735,563,55,1,15.12,15.12
1736,563,109,3,91.68,275.04
1737,563,75,1,87.47,87.47
1738,563,47,4,79.81,319.24
1739,564,59,4,91.04,364.16
1740,565,73,3,72.55,217.65
1741,565,98,2,20.32,40.64
1742,565,37,1,28.86,28.86
1743,566,61,4,81.77,327.08
1744,566,20,2,20.14,40.28
1745,566,38,4,33.1,132.4
1746,567,96,4,58.81,235.24
1747,567,116,2,116.77,233.54
1748,567,83,2,71.69,143.38
1749,567,65,3,64.23,192.69
1750,567,49,4,78.86,315.44
1751,568,27,2,20.56,41.12
1752,568,78,1,79.05,79.05
1753,568,46,4,56.74,226.96
1754,569,81,1,114.39,114.39
1755,569,65,1,34.76,34.76
1756,569,69,1,116.54,116.54
1757,569,8,4,69.3,277.2
1758,570,30,4,23.76,95.04
1759,570,78,3,67.58,202.74
1760,571,8,2,29.63,59.26
1761,571,75,4,57.32,229.28
1762,571,69,1,40.31,40.31
1763,572,76,2,73.0,146.0
1764,572,39,1,71.06,71.06
1765,572,111,1,87.24,87.24
1766,572,57,2,71.91,143.82
1767,572,82,4,119.09,476.36
1768,573,66,3,114.32,342.96
1769,573,39,3,104.47,313.41
1770,573,32,3,35.21,105.63
1771,573,72,3,76.23,228.69
1772,574,23,1,91.97,91.97
1773,574,87,3,14.06,42.18
1774,575,40,3,40.44,121.32
1775,575,68,4,15.04,60.16
1776,576,101,2,102.73,205.46
1777,576,79,2,41.1,82.2
1778,576,67,4,79.46,317.84
1779,576,101,4,94.23,376.92
1780,577,107,3,55.62,166.86
1781,577,55,4,92.24,368.96
1782,577,1,4,9.47,37.88
1783,578,85,3,37.49,112.47
1784,578,48,1,40.66,40.66
1785,579,57,3,15.5,46.5
1786,579,32,2,41.08,82.16
1787,579,62,4,114.39,457.56
1788,579,6,4,83.47,333.88
1789,579,117,4,32.23,128.92
1790,580,119,3,15.99,47.97
1791,580,18,1,40.97,40.97
1792,580,100,4,99.44,397.76
1793,580,112,2,72.01,144.02
1794,581,72,3,83.68,251.04
1795,581,18,1,104.87,104.87
1796,581,90,3,114.99,344.97
1797,582,47,3,26.28,78.84
1798,582,91,3,32.88,98.64
1799,582,96,1,19.41,19.41
1800,582,83,4,53.0,212.0
1801,583,56,1,115.3,115.3
1802,583,112,3,95.45,286.35
1803,583,63,3,70.25,210.75
1804,583,82,1,88.93,88.93
1805,583,73,1,116.98,116.98
1806,584,79,2,90.97,181.94
1807,584,99,4,98.68,394.72
1808,584,60,4,107.05,428.2
1809,584,95,2,79.1,158.2
1810,585,114,1,49.97,49.97
1811,585,38,1,75.97,75.97
1812,585,50,1,4.0,4.0
1813,585,42,4,20.61,82.44
1814,586,119,3,107.51,322.53
1815,586,92,2,25.1,50.2
1816,586,19,2,39.09,78.18
1817,586,13,1,65.41,65.41
1818,586,109,1,94.2,94.2
1819,587,39,2,52.64,105.28
1820,587,35,2,112.55,225.1
1821,588,57,2,47.51,95.02
1822,589,65,1,22.06,22.06
1823,589,27,1,113.06,113.06
1824,590,47,4,32.87,131.48
1825,590,15,4,4.89,19.56
1826,590,49,4,49.84,199.36
1827,590,110,1,44.5,44.5
1828,590,40,1,53.8,53.8
1829,591,3,3,88.37,265.11
1830,591,115,3,8.31,24.93
1831,591,109,2,23.75,47.5
1832,591,2,2,63.68,127.36
1833,592,48,4,99.32,397.28
1834,592,54,2,23.43,46.86
1835,592,67,2,89.81,179.62
1836,593,40,4,76.16,304.64
1837,593,117,3,75.76,227.28
1838,594,6,4,92.21,368.84
1839,594,93,2,21.51,43.02
1840,594,2,3,107.97,323.91
1841,594,12,4,118.62,474.48
1842,595,40,4,57.93,231.72
1843,596,96,2,17.72,35.44
1844,596,66,2,97.24,194.48
1845,596,19,2,80.13,160.26
1846,596,96,1,86.92,86.92
1847,597,43,4,81.2,324.8
1848,597,67,3,91.91,275.73
1849,597,17,3,52.38,157.14
1850,598,102,2,117.61,235.22
1851,599,62,4,103.35,413.4
1852,599,25,4,55.9,223.6
1853,599,28,4,75.69,302.76
1854,599,70,4,16.78,67.12
1855,599,36,3,42.46,127.38
1856,600,98,3,10.38,31.14
1857,600,47,4,78.15,312.6
1858,600,70,2,14.07,28.14
1859,601,71,1,116.06,116.06
1860,601,65,2,49.51,99.02
1861,601,114,2,19.58,39.16
1862,601,88,2,93.78,187.56
1863,602,103,3,66.12,198.36
1864,603,29,2,66.28,132.56
1865,603,79,4,103.42,413.68
1866,603,36,1,115.21,115.21
1867,603,52,3,48.6,145.8
1868,603,67,4,107.57,430.28
1869,604,86,3,27.42,82.26
1870,604,94,1,9.93,9.93
1871,604,53,2,19.82,39.64
1872,604,106,2,92.46,184.92
1873,604,104,2,48.77,97.54
1874,605,36,2,107.44,214.88
1875,605,16,2,27.08,54.16
1876,606,14,4,30.17,120.68
1877,606,57,3,99.2,297.6
1878,606,70,4,20.98,83.92
1879,606,113,3,105.4,316.2
1880,606,6,4,101.04,404.16
1881,607,98,3,29.28,87.84
1882,607,14,1,119.72,119.72
1883,607,78,3,31.23,93.69
1884,607,109,4,100.89,403.56
1885,608,82,3,52.1,156.3
1886,608,108,3,118.02,354.06
1887,608,11,1,14.83,14.83
1888,609,100,4,68.6,274.4
1889,610,108,1,70.35,70.35
1890,610,16,2,45.2,90.4
1891,610,87,4,98.39,393.56
1892,610,92,1,43.63,43.63
1893,610,101,4,102.71,410.84
1894,611,86,1,28.28,28.28
1895,611,24,1,76.77,76.77
1896,611,43,1,37.2,37.2
1897,611,53,1,88.3,88.3
1898,612,36,4,94.69,378.76
1899,612,42,4,84.8,339.2
1900,613,100,2,101.83,203.66
1901,613,110,1,42.05,42.05
1902,613,79,2,40.03,80.06
1903,614,26,3,103.15,309.45
1904,614,63,3,42.43,127.29
1905,614,57,3,91.31,273.93
1906,614,22,3,4.86,14.58
1907,615,69,2,49.56,99.12
1908,615,90,1,26.24,26.24
1909,615,12,4,102.71,410.84
1910,615,19,3,65.34,196.02
1911,615,51,2,110.79,221.58
1912,616,32,2,81.1,162.2
1913,617,83,2,20.01,40.02
1914,617,38,2,115.86,231.72
1915,617,110,4,101.04,404.16
1916,617,54,2,51.24,102.48
1917,618,91,3,97.0,291.0
1918,618,34,4,46.32,185.28
1919,618,116,2,40.46,80.92
1920,619,13,4,65.64,262.56
1921,619,14,2,87.25,174.5
1922,620,80,4,61.16,244.64
1923,620,56,1,114.52,114.52
1924,620,22,1,68.52,68.52
1925,620,72,1,107.81,107.81
1926,621,115,1,86.49,86.49
1927,621,63,4,85.39,341.56
1928,621,18,4,28.18,112.72
1929,622,53,2,92.66,185.32
1930,622,88,3,103.94,311.82
1931,622,79,1,86.32,86.32
1932,622,46,1,93.63,93.63
1933,622,10,1,64.98,64.98
1934,623,94,1,41.82,41.82
1935,623,13,4,70.16,280.64
1936,623,88,4,97.17,388.68
1937,623,49,4,19.21,76.84
1938,624,12,2,33.48,66.96
1939,624,26,2,44.09,88.18
1940,624,83,1,42.75,42.75
1941,624,97,1,64.29,64.29
1942,625,68,1,3.55,3.55
1943,626,25,4,24.27,97.08
1944,626,28,3,14.34,43.02
1945,627,65,2,98.28,196.56
1946,627,57,1,75.78,75.78
1947,628,22,1,61.23,61.23
1948,628,78,2,119.69,239.38
1949,628,118,3,112.72,338.16
1950,628,119,4,94.74,378.96
1951,628,15,1,42.59,42.59
1952,629,118,4,97.88,391.52
1953,630,90,4,91.56,366.24
1954,630,83,2,36.06,72.12
1955,630,18,4,92.33,369.32
1956,630,38,4,50.3,201.2
1957,630,49,1,60.38,60.38
1958,631,99,1,64.72,64.72
1959,631,6,2,113.77,227.54
1960,631,40,2,77.99,155.98
1961,632,7,4,89.41,357.64
1962,632,68,2,62.52,125.04
1963,632,88,1,109.55,109.55
1964,632,13,4,114.15,456.6
1965,632,115,2,86.35,172.7
1966,633,27,1,111.14,111.14
1967,633,1,2,80.17,160.34
1968,633,118,3,118.18,354.54
1969,633,50,2,46.5,93.0
1970,634,88,3,26.97,80.91
1971,634,113,3,50.88,152.64
1972,634,2,4,99.36,397.44
1973,634,49,3,101.59,304.77
1974,635,17,2,11.25,22.5
1975,635,15,1,21.59,21.59
1976,635,102,4,10.78,43.12
1977,635,69,3,22.58,67.74
1978,636,98,1,49.2,49.2
1979,637,61,4,15.79,63.16
1980,638,48,4,89.39,357.56
1981,638,57,1,80.56,80.56
1982,638,65,2,92.92,185.84
1983,638,93,3,8.12,24.36
1984,638,2,2,42.94,85.88
1985,639,65,1,29.35,29.35
1986,639,81,2,42.3,84.6
1987,639,93,4,5.96,23.84
1988,640,8,1,83.12,83.12
1989,640,53,1,75.37,75.37
1990,640,22,3,46.33,138.99
1991,641,99,1,103.27,103.27
1992,641,98,1,68.95,68.95
1993,641,10,1,78.92,78.92
1994,641,117,4,112.65,450.6
1995,642,79,3,43.38,130.14
1996,642,82,4,59.06,236.24
1997,642,116,2,56.14,112.28
1998,642,113,3,29.19,87.57
1999,643,19,1,56.81,56.81
2000,643,91,2,118.54,237.08
2001,643,17,3,27.35,82.05
2002,644,42,4,18.57,74.28
2003,644,68,2,31.78,63.56
2004,644,92,2,69.5,139.0
2005,645,19,4,15.71,62.84
2006,645,84,4,38.14,152.56
2007,645,107,4,8.95,35.8
2008,645,28,3,67.55,202.65
2009,646,50,2,34.98,69.96
2010,646,96,2,78.02,156.04
2011,647,98,4,40.0,160.0
2012,647,120,1,82.11,82.11
2013,648,26,2,115.08,230.16
2014,648,40,1,45.46,45.46
2015,648,117,3,71.26,213.78
2016,649,21,2,22.1,44.2
2017,649,16,4,21.52,86.08
2018,649,71,4,84.88,339.52
2019,649,36,2,117.21,234.42
2020,649,85,2,109.37,218.74
2021,650,76,3,111.92,335.76
2022,651,11,3,11.06,33.18
2023,651,18,3,82.25,246.75
2024,651,118,2,15.98,31.96
2025,652,3,4,119.03,476.12
2026,652,47,3,25.47,76.41
2027,652,36,1,60.28,60.28
2028,652,116,2,9.09,18.18
2029,653,85,1,41.95,41.95
2030,653,5,2,105.03,210.06
2031,653,119,1,88.95,88.95
2032,653,3,3,47.54,142.62
2033,654,110,4,50.64,202.56
2034,654,44,2,113.32,226.64
2035,654,93,3,67.63,202.89
2036,654,63,3,34.2,102.6
2037,654,117,4,110.5,442.0
2038,655,32,1,23.72,23.72
2039,656,95,3,104.81,314.43
2040,657,79,1,9.57,9.57
2041,658,27,1,86.89,86.89
2042,658,50,3,76.18,228.54
2043,659,111,1,54.77,54.77
2044,659,65,1,12.31,12.31
2045,659,26,3,19.84,59.52
2046,659,70,2,84.9,169.8
2047,659,90,1,25.02,25.02
2048,660,65,3,28.54,85.62
2049,660,33,3,89.05,267.15
2050,660,68,1,79.62,79.62
2051,660,88,3,35.93,107.79
2052,661,11,4,4.4,17.6
2053,661,96,1,40.25,40.25
2054,661,99,3,84.67,254.01
2055,661,78,1,69.6,69.6
2056,662,98,4,39.68,158.72
2057,662,96,2,29.69,59.38
2058,662,22,1,83.83,83.83
2059,663,20,2,89.33,178.66
2060,663,50,4,114.11,456.44
2061,663,112,2,95.23,190.46
2062,663,49,2,49.73,99.46
2063,664,20,3,42.47,127.41
2064,664,3,4,48.89,195.56
2065,664,39,3,29.65,88.95
2066,664,63,4,53.64,214.56
2067,665,38,2,30.51,61.02
2068,665,64,2,51.71,103.42
2069,665,2,3,76.89,230.67
2070,665,44,3,83.03,249.09
2071,665,55,1,73.1,73.1
2072,666,9,1,55.31,55.31
2073,666,54,2,27.51,55.02
2074,666,42,2,109.49,218.98
2075,666,116,3,77.16,231.48
2076,667,42,2,85.85,171.7
2077,667,79,2,98.16,196.32
2078,668,97,2,75.96,151.92
2079,668,11,4,57.13,228.52
2080,668,116,3,10.83,32.49
2081,668,50,2,95.58,191.16
2082,669,42,3,99.51,298.53
2083,670,26,2,115.05,230.1
2084,670,77,1,37.59,37.59
2085,670,8,2,64.25,128.5
2086,670,65,3,32.04,96.12
2087,670,49,4,84.98,339.92
2088,671,11,3,57.4,172.2
2089,671,117,2,55.26,110.52
2090,671,49,2,72.48,144.96
2091,671,98,3,15.61,46.83
2092,672,42,1,17.5,17.5
2093,672,112,3,67.65,202.95
2094,673,51,2,41.21,82.42
2095,673,108,1,78.3,78.3
2096,673,42,1,106.34,106.34
2097,674,92,2,13.75,27.5
2098,674,47,3,42.56,127.68
2099,675,89,2,67.13,134.26
2100,675,12,2,55.47,110.94
2101,675,15,3,29.61,88.83
2102,675,8,1,9.14,9.14
2103,676,112,2,61.57,123.14
2104,676,42,4,91.45,365.8
2105,677,71,1,7.7,7.7
2106,677,76,1,27.43,27.43
2107,677,75,4,3.84,15.36
2108,677,90,1,71.05,71.05
2109,678,37,3,68.08,204.24
2110,678,66,4,21.7,86.8
2111,678,26,3,42.13,126.39
2112,678,42,3,48.94,146.82
2113,678,84,3,55.84,167.52
2114,679,96,2,26.42,52.84
2115,680,47,4,9.36,37.44
2116,680,81,2,69.32,138.64
2117,680,114,3,28.37,85.11
2118,681,93,3,56.57,169.71
2119,681,51,2,110.74,221.48
2120,681,62,3,96.02,288.06
2121,681,86,2,12.09,24.18
2122,682,120,1,38.5,38.5
2123,682,49,2,14.38,28.76
2124,682,48,2,78.56,157.12
2125,683,39,2,33.74,67.48
2126,684,59,3,34.6,103.8
2127,684,90,4,10.4,41.6
2128,685,107,4,51.25,205.0
2129,685,2,1,79.82,79.82
2130,685,99,3,86.06,258.18
2131,685,93,4,26.72,106.88
2132,686,112,4,68.4,273.6
2133,687,48,4,99.02,396.08
2134,687,70,2,46.67,93.34
2135,687,116,3,87.97,263.91
2136,687,70,2,40.52,81.04
2137,687,82,3,50.62,151.86
2138,688,87,4,45.16,180.64
2139,688,56,1,73.45,73.45
2140,688,114,2,41.94,83.88
2141,688,46,4,55.74,222.96
2142,689,77,3,66.2,198.6
2143,689,107,2,102.58,205.16
2144,690,65,1,63.79,63.79
2145,691,63,1,41.08,41.08
2146,691,108,3,67.17,201.51
2147,691,51,4,28.63,114.52
2148,692,107,2,86.8,173.6
2149,692,115,1,60.94,60.94
2150,693,4,1,6.64,6.64
2151,693,16,2,24.73,49.46
2152,694,2,3,43.15,129.45
2153,694,48,2,38.54,77.08
2154,694,80,4,77.32,309.28
2155,694,76,1,82.46,82.46
2156,695,99,1,52.46,52.46
2157,695,76,3,114.05,342.15
2158,695,88,4,119.37,477.48
2159,695,49,1,115.64,115.64
2160,695,98,1,58.56,58.56
2161,696,96,3,31.24,93.72
2162,696,61,1,40.78,40.78
2163,696,71,4,28.34,113.36
2164,696,53,1,4.2,4.2
2165,697,90,4,96.75,387.0
2166,697,69,1,32.62,32.62
2167,697,16,4,23.35,93.4
2168,698,108,1,26.3,26.3
2169,698,63,2,3.67,7.34
2170,699,109,4,29.76,119.04
2171,699,57,1,14.88,14.88
2172,699,18,2,89.62,179.24
2173,699,78,1,54.26,54.26
2174,699,47,4,5.4,21.6
2175,700,72,4,10.83,43.32
2176,700,12,3,105.7,317.1
2177,700,86,3,58.53,175.59
2178,700,65,2,109.07,218.14
2179,701,48,3,58.91,176.73
2180,701,102,2,71.11,142.22
2181,701,15,1,30.17,30.17
2182,701,19,3,18.59,55.77
2183,701,90,4,4.31,17.24
2184,702,113,2,40.38,80.76
2185,702,32,4,96.74,386.96
2186,702,25,4,58.96,235.84
2187,703,19,2,103.37,206.74
2188,704,108,3,112.7,338.1
2189,704,106,3,50.55,151.65
2190,704,97,4,8.02,32.08
2191,704,42,4,6.24,24.96
2192,705,62,4,78.59,314.36
2193,705,97,2,31.24,62.48
2194,706,11,2,93.43,186.86
2195,706,6,3,35.45,106.35
2196,706,36,4,79.07,316.28
2197,706,118,3,38.51,115.53
2198,706,69,3,110.56,331.68
2199,707,77,2,57.91,115.82
2200,707,12,4,117.1,468.4
2201,707,69,1,32.44,32.44
2202,707,35,3,105.35,316.05
2203,707,77,2,39.63,79.26
2204,708,36,3,72.94,218.82
2205,708,86,2,92.89,185.78
2206,708,114,2,96.86,193.72
2207,708,89,3,25.23,75.69
2208,709,16,3,77.72,233.16
2209,709,27,3,24.42,73.26
2210,710,59,3,20.12,60.36
2211,710,78,1,32.55,32.55
2212,710,49,4,3.38,13.52
2213,710,25,3,111.55,334.65
2214,710,59,3,62.8,188.4
2215,711,50,3,16.98,50.94
2216,711,24,1,45.28,45.28
2217,711,103,1,7.8,7.8
2218,711,9,3,15.57,46.71
2219,712,8,1,16.04,16.04
2220,712,80,3,36.25,108.75
2221,712,31,2,28.79,57.58
2222,712,78,3,111.56,334.68
2223,712,46,2,20.75,41.5
2224,713,79,1,114.67,114.67
2225,713,12,3,97.72,293.16
2226,713,16,1,31.8,31.8
2227,713,53,2,31.32,62.64
2228,713,79,2,107.35,214.7
2229,714,58,2,30.17,60.34
2230,714,109,1,50.8,50.8
2231,714,57,4,20.6,82.4
2232,714,114,4,102.52,410.08
2233,715,102,3,40.68,122.04
2234,715,64,4,101.07,404.28
2235,715,78,2,46.64,93.28
2236,715,91,1,73.31,73.31
2237,716,36,2,86.65,173.3
2238,716,116,2,47.39,94.78
2239,716,113,4,115.4,461.6
2240,716,88,2,78.52,157.04
2241,717,93,4,109.38,437.52
2242,717,12,4,32.83,131.32
2243,717,30,3,45.89,137.67
2244,717,34,4,21.5,86.0
2245,718,49,3,8.61,25.83
2246,719,120,3,56.01,168.03
2247,719,38,2,103.44,206.88
2248,719,36,2,29.8,59.6
2249,719,40,2,63.9,127.8
2250,719,30,1,75.65,75.65
2251,720,104,2,73.51,147.02
2252,721,98,3,87.62,262.86
2253,721,20,2,31.74,63.48
2254,721,2,3,103.08,309.24
2255,721,99,3,63.05,189.15
2256,721,3,1,49.08,49.08
2257,722,74,3,57.1,171.3
2258,722,59,2,86.09,172.18
2259,722,92,2,21.96,43.92
2260,723,87,4,67.39,269.56
2261,723,93,4,106.99,427.96
2262,723,60,3,95.01,285.03
2263,723,74,4,90.94,363.76
2264,724,77,3,101.51,304.53
2265,725,97,1,28.22,28.22
2266,725,100,2,55.64,111.28
2267,726,116,4,32.59,130.36
2268,726,52,4,86.41,345.64
2269,727,38,3,9.21,27.63
2270,728,71,4,7.74,30.96
2271,728,112,4,10.93,43.72
2272,728,43,2,39.31,78.62
2273,728,65,2,4.29,8.58
2274,728,13,2,90.09,180.18
2275,729,52,3,96.43,289.29
2276,729,59,3,75.75,227.25
2277,729,37,3,8.96,26.88
2278,729,67,1,106.37,106.37
2279,730,65,1,119.84,119.84
2280,730,20,4,41.63,166.52
2281,730,92,4,88.58,354.32
2282,730,82,3,19.84,59.52
2283,730,98,2,13.9,27.8
2284,731,54,2,51.86,103.72
2285,731,106,2,52.95,105.9
2286,732,101,1,28.63,28.63
2287,732,118,2,111.2,222.4
2288,732,64,1,12.36,12.36
2289,732,59,3,75.17,225.51
2290,733,20,3,97.32,291.96
2291,733,100,2,29.47,58.94
2292,733,3,4,59.56,238.24
2293,733,43,3,61.37,184.11
2294,733,93,4,9.0,36.0
2295,734,113,2,57.33,114.66
2296,734,20,1,84.59,84.59
2297,735,21,4,113.97,455.88
2298,735,85,1,93.67,93.67
2299,736,48,1,39.04,39.04
2300,736,63,4,111.56,446.24
2301,736,51,2,50.42,100.84
2302,737,49,1,14.78,14.78
2303,737,11,1,20.56,20.56
2304,737,55,4,107.9,431.6
2305,737,120,2,119.04,238.08
2306,737,1,4,23.78,95.12
2307,738,22,3,41.63,124.89
2308,739,115,4,99.43,397.72
2309,739,63,1,34.28,34.28
2310,740,110,3,21.42,64.26
2311,740,100,1,61.08,61.08
2312,740,29,3,6.75,20.25
2313,740,110,3,80.81,242.43
2314,740,89,4,97.8,391.2
2315,741,102,3,80.95,242.85
2316,741,27,2,56.97,113.94
2317,742,17,2,87.56,175.12
2318,742,37,3,83.46,250.38
2319,742,75,2,87.08,174.16
2320,742,56,4,17.35,69.4
2321,743,84,1,45.61,45.61
2322,743,51,2,43.38,86.76
2323,743,7,1,101.41,101.41
2324,743,103,3,48.58,145.74
2325,744,18,3,90.2,270.6
2326,744,91,4,80.03,320.12
2327,744,118,2,3.87,7.74
2328,744,101,2,114.65,229.3
2329,745,78,4,114.98,459.92
2330,745,117,2,87.33,174.66
2331,745,54,1,93.19,93.19
2332,745,81,3,86.23,258.69
2333,745,103,3,42.45,127.35
2334,746,36,4,107.08,428.32
2335,746,76,2,53.89,107.78
2336,746,94,1,56.23,56.23
2337,746,93,3,66.04,198.12
2338,746,97,4,8.21,32.84
2339,747,118,2,111.0,222.0
2340,747,107,2,55.56,111.12
2341,747,39,1,98.56,98.56
2342,747,86,3,49.19,147.57
2343,748,10,3,65.63,196.89
2344,749,99,1,61.11,61.11
2345,749,75,2,65.49,130.98
2346,749,71,3,94.22,282.66
2347,750,43,2,113.75,227.5
2348,751,54,2,109.0,218.0
2349,751,27,2,45.29,90.58
2350,751,98,3,39.21,117.63
2351,752,31,1,94.1,94.1
2352,753,60,1,59.31,59.31
2353,753,79,3,94.9,284.7
2354,753,46,1,44.33,44.33
2355,753,50,2,66.8,133.6
2356,753,33,1,109.58,109.58
2357,754,25,4,118.96,475.84
2358,754,97,3,6.49,19.47
2359,754,110,4,95.74,382.96
2360,754,56,1,97.45,97.45
2361,754,100,4,27.85,111.4
2362,755,107,4,68.22,272.88
2363,755,59,4,40.7,162.8
2364,756,84,3,51.62,154.86
2365,756,108,1,116.44,116.44
2366,756,111,4,12.97,51.88
2367,757,71,3,17.01,51.03
2368,757,104,1,94.98,94.98
2369,757,82,3,31.79,95.37
2370,757,69,4,37.33,149.32
2371,757,110,1,9.42,9.42
2372,758,10,3,11.79,35.37
2373,758,40,3,50.6,151.8
2374,758,4,3,41.35,124.05
2375,758,92,1,104.73,104.73
2376,759,24,2,71.12,142.24
2377,760,104,3,109.04,327.12
2378,761,85,3,34.48,103.44
2379,762,61,3,50.5,151.5
2380,763,22,2,78.87,157.74
2381,763,73,1,76.81,76.81
2382,763,3,4,28.55,114.2
2383,764,88,3,70.47,211.41
2384,765,25,3,43.28,129.84
2385,765,52,4,109.56,438.24
2386,765,37,3,32.14,96.42
2387,765,110,1,85.71,85.71
2388,766,89,2,70.46,140.92
2389,766,105,1,116.16,116.16
2390,766,32,2,86.19,172.38
2391,767,36,1,70.23,70.23
2392,767,84,2,86.92,173.84
2393,768,112,3,41.04,123.12
2394,769,27,4,44.32,177.28
2395,769,112,2,60.32,120.64
2396,770,96,4,64.34,257.36
2397,771,61,1,71.62,71.62
2398,772,35,2,59.2,118.4
2399,772,57,2,5.01,10.02
2400,772,31,4,48.0,192.0
2401,772,71,2,15.85,31.7
2402,773,96,4,5.38,21.52
2403,773,73,1,31.22,31.22
2404,773,37,3,97.74,293.22
2405,774,81,4,117.36,469.44
2406,774,1,2,115.16,230.32
2407,775,94,3,87.34,262.02
2408,776,73,3,14.24,42.72
2409,776,61,2,107.16,214.32
2410,776,42,1,103.36,103.36
2411,776,46,4,91.79,367.16
2412,776,69,3,60.7,182.1
2413,777,53,1,26.98,26.98
2414,777,53,1,15.01,15.01
2415,778,2,4,17.07,68.28
2416,778,36,4,107.49,429.96
2417,778,12,3,111.06,333.18
2418,779,6,4,83.61,334.44
2419,779,70,2,79.9,159.8
2420,780,13,1,61.93,61.93
2421,780,30,3,3.01,9.03
2422,780,90,3,112.35,337.05
2423,781,3,3,25.53,76.59
2424,781,106,2,30.4,60.8
2425,781,6,2,25.92,51.84
2426,781,27,2,18.52,37.04
2427,781,59,1,80.41,80.41
2428,782,107,4,21.01,84.04
2429,782,9,2,58.43,116.86
2430,782,1,2,46.82,93.64
2431,783,56,2,84.86,169.72
2432,784,43,4,21.42,85.68
2433,784,77,2,114.57,229.14
2434,784,55,2,74.48,148.96
2435,784,102,4,35.66,142.64
2436,784,34,2,111.37,222.74
2437,785,112,1,96.2,96.2
2438,786,51,2,9.18,18.36
2439,786,24,2,96.48,192.96
2440,786,31,1,62.48,62.48
2441,786,78,1,31.25,31.25
2442,787,106,2,8.15,16.3
2443,787,63,2,19.35,38.7
2444,788,11,3,56.93,170.79
2445,788,88,3,119.15,357.45
2446,788,44,1,6.87,6.87
2447,788,2,1,93.71,93.71
2448,788,89,1,103.96,103.96
2449,789,89,2,59.25,118.5
2450,790,4,2,118.64,237.28
2451,790,41,4,81.64,326.56
2452,790,102,3,91.05,273.15
2453,790,34,2,12.95,25.9
2454,790,105,2,73.24,146.48
2455,791,106,3,61.67,185.01
2456,791,101,1,39.75,39.75
2457,792,114,2,47.21,94.42
2458,792,82,3,13.38,40.14
2459,792,93,3,65.01,195.03
2460,793,42,3,80.37,241.11
2461,793,47,3,99.12,297.36
2462,794,53,2,31.13,62.26
2463,795,100,2,17.71,35.42
2464,795,8,3,96.83,290.49
2465,795,119,1,104.23,104.23
2466,795,33,1,107.15,107.15
2467,795,118,1,33.61,33.61
2468,796,25,4,87.03,348.12
2469,796,25,1,49.77,49.77
2470,796,32,2,81.74,163.48
2471,796,19,4,75.43,301.72
2472,796,38,2,64.04,128.08
2473,797,48,4,28.02,112.08
2474,797,40,3,12.61,37.83
2475,798,24,4,95.27,381.08
2476,799,86,1,57.97,57.97
2477,800,99,2,88.5,177.0
2478,801,93,2,57.48,114.96
2479,801,107,1,81.82,81.82
2480,801,44,1,36.89,36.89
2481,802,107,3,71.69,215.07
2482,802,114,1,49.18,49.18
2483,803,60,1,66.69,66.69
2484,803,78,2,31.21,62.42
2485,803,12,2,60.63,121.26
2486,803,18,4,78.35,313.4
2487,803,29,1,106.24,106.24
2488,804,60,4,94.13,376.52
2489,805,104,1,71.57,71.57
2490,806,32,4,42.06,168.24
2491,807,118,1,106.23,106.23
2492,807,88,2,48.84,97.68
2493,807,79,3,18.67,56.01
2494,807,8,1,39.41,39.41
2495,808,38,2,30.07,60.14
2496,808,68,4,43.13,172.52
2497,808,4,2,91.51,183.02
2498,808,53,2,22.96,45.92
2499,808,93,2,113.17,226.34
2500,809,10,1,32.85,32.85
2501,809,5,3,18.22,54.66
2502,809,69,4,113.06,452.24
2503,809,6,3,76.77,230.31
2504,810,67,1,16.63,16.63
2505,811,47,4,49.55,198.2
2506,811,78,1,98.73,98.73
2507,812,13,2,92.81,185.62
2508,812,33,3,44.63,133.89
2509,813,55,2,75.68,151.36
2510,813,68,3,36.98,110.94
2511,813,6,1,31.33,31.33
2512,813,115,1,95.88,95.88
2513,814,18,4,8.4,33.6
2514,814,30,3,74.9,224.7
2515,814,16,1,14.99,14.99
2516,814,48,4,83.86,335.44
2517,814,3,1,62.37,62.37
2518,815,33,2,50.13,100.26
2519,815,77,4,92.7,370.8
2520,815,74,4,104.74,418.96
2521,815,85,3,100.14,300.42
2522,816,12,3,19.99,59.97
2523,816,101,3,70.78,212.34
2524,816,82,2,20.19,40.38
2525,816,73,1,37.45,37.45
2526,817,108,2,37.45,74.9
2527,817,19,4,50.29,201.16
2528,818,82,1,56.49,56.49
2529,818,54,1,78.11,78.11
2530,818,23,2,39.21,78.42
2531,818,93,2,63.84,127.68
2532,819,85,1,100.81,100.81
2533,819,37,1,107.98,107.98
2534,820,52,3,66.71,200.13
2535,820,19,4,80.33,321.32
2536,821,2,4,97.62,390.48
2537,821,13,2,92.68,185.36
2538,822,52,2,31.15,62.3
2539,822,102,3,102.42,307.26
2540,822,35,1,102.99,102.99
2541,823,56,4,109.16,436.64
2542,823,50,1,119.82,119.82
2543,823,15,4,61.96,247.84
2544,823,10,1,81.19,81.19
2545,823,105,3,99.36,298.08
2546,824,11,3,76.69,230.07
2547,824,10,3,9.36,28.08
2548,824,53,2,103.96,207.92
2549,825,29,3,34.6,103.8
2550,825,115,4,54.56,218.24
2551,825,77,3,48.72,146.16
2552,826,77,2,43.31,86.62
2553,826,72,1,90.27,90.27
2554,827,9,3,5.66,16.98
2555,827,120,3,10.86,32.58
2556,827,25,2,26.71,53.42
2557,827,30,1,112.66,112.66
2558,827,120,3,44.87,134.61
2559,828,109,2,82.33,164.66
2560,828,11,2,3.05,6.1
2561,829,70,3,46.99,140.97
2562,829,25,2,55.36,110.72
2563,829,115,3,38.93,116.79
2564,829,76,1,87.94,87.94
2565,830,105,1,53.45,53.45
2566,831,61,1,111.54,111.54
2567,831,116,4,89.69,358.76
2568,831,64,2,110.07,220.14
2569,831,10,1,100.57,100.57
2570,832,34,4,23.08,92.32
2571,832,70,3,88.94,266.82
2572,833,32,1,102.22,102.22
2573,833,23,3,50.79,152.37
2574,833,44,2,69.97,139.94
2575,833,58,1,60.66,60.66
2576,833,90,4,50.13,200.52
2577,834,67,2,103.63,207.26
2578,834,2,3,92.45,277.35
2579,834,49,2,12.87,25.74
2580,834,108,2,24.11,48.22
2581,835,2,3,66.07,198.21
2582,835,58,1,83.35,83.35
2583,835,52,2,88.7,177.4
2584,836,97,1,68.23,68.23
2585,836,69,3,30.52,91.56
2586,836,80,3,94.65,283.95
2587,836,112,1,114.51,114.51
2588,837,56,3,62.36,187.08
2589,837,38,2,37.88,75.76
2590,837,78,3,102.0,306.0
2591,837,79,1,78.73,78.73
2592,837,37,3,55.87,167.61
2593,838,119,2,30.53,61.06
2594,838,70,4,55.37,221.48
2595,838,62,2,66.09,132.18
2596,839,93,4,60.9,243.6
2597,840,92,2,100.93,201.86
2598,840,17,3,63.39,190.17
2599,840,26,4,119.32,477.28
2600,840,5,3,82.74,248.22
2601,841,85,3,91.4,274.2
2602,842,22,3,108.27,324.81
2603,843,59,4,25.94,103.76
2604,843,46,3,24.73,74.19
2605,843,32,2,82.97,165.94
2606,843,95,3,95.38,286.14
2607,844,44,4,22.24,88.96
2608,845,50,2,116.33,232.66
2609,845,22,4,113.69,454.76
2610,845,29,2,43.17,86.34
2611,846,47,1,114.34,114.34
2612,846,63,3,114.88,344.64
2613,846,109,3,4.83,14.49
2614,847,40,1,105.7,105.7
2615,847,115,1,111.38,111.38
2616,848,75,2,34.49,68.98
2617,848,5,1,101.11,101.11
2618,848,27,4,38.99,155.96
2619,849,47,2,98.65,197.3
2620,849,61,1,30.86,30.86
2621,850,37,1,7.12,7.12
2622,851,72,1,73.79,73.79
2623,851,107,2,91.66,183.32
2624,851,1,3,45.24,135.72
2625,851,31,3,50.06,150.18
2626,852,102,4,66.05,264.2
2627,852,36,3,103.92,311.76
2628,852,18,4,85.61,342.44
2629,852,66,3,118.03,354.09
2630,853,37,2,61.74,123.48
2631,853,39,1,116.21,116.21
2632,853,104,4,118.29,473.16
2633,853,4,2,112.11,224.22
2634,853,1,1,8.02,8.02
2635,854,17,1,96.52,96.52
2636,854,112,3,11.1,33.3
2637,855,95,2,82.79,165.58
2638,855,37,3,36.27,108.81
2639,855,67,4,48.14,192.56
2640,855,80,4,19.86,79.44
2641,855,109,2,52.5,105.0
2642,856,95,2,110.55,221.1
2643,856,37,2,114.12,228.24
2644,856,9,2,97.23,194.46
2645,856,23,1,89.23,89.23
2646,856,25,1,17.78,17.78
2647,857,114,1,63.79,63.79
2648,858,22,4,50.27,201.08
2649,858,91,1,80.82,80.82
2650,858,23,2,108.28,216.56
2651,858,62,4,40.54,162.16
2652,858,96,3,68.76,206.28
2653,859,66,4,47.74,190.96
2654,860,16,4,23.54,94.16
2655,860,59,2,26.2,52.4
2656,860,101,2,111.32,222.64
2657,860,84,2,114.93,229.86
2658,861,113,2,114.78,229.56
2659,861,94,4,96.53,386.12
2660,861,85,1,77.92,77.92
2661,861,31,2,30.67,61.34
2662,862,27,3,68.05,204.15
2663,862,40,3,51.89,155.67
2664,862,63,4,89.24,356.96
2665,862,113,4,28.61,114.44
2666,862,104,4,36.91,147.64
2667,863,24,4,73.62,294.48
2668,864,8,3,31.84,95.52
2669,864,116,4,91.89,367.56
2670,865,32,2,20.46,40.92
2671,865,104,1,18.76,18.76
2672,865,47,4,88.32,353.28
2673,865,93,1,67.11,67.11
2674,865,23,1,106.35,106.35
2675,866,111,4,43.87,175.48
2676,866,27,3,81.08,243.24
2677,866,46,2,30.71,61.42
2678,866,69,4,111.14,444.56
2679,866,103,1,26.63,26.63
2680,867,42,1,56.85,56.85
2681,867,45,2,114.63,229.26
2682,867,112,1,5.67,5.67
2683,867,20,2,94.17,188.34
2684,867,94,3,80.69,242.07
2685,868,79,2,109.66,219.32
2686,869,19,4,8.66,34.64
2687,870,53,4,91.06,364.24
2688,870,18,1,16.47,16.47
2689,870,99,1,16.56,16.56
2690,870,49,4,15.23,60.92
2691,871,98,4,112.09,448.36
2692,871,26,2,7.33,14.66
2693,871,74,2,53.48,106.96
2694,871,44,2,65.73,131.46
2695,871,85,2,56.28,112.56
2696,872,102,4,76.17,304.68
2697,873,77,3,46.94,140.82
2698,873,3,2,84.97,169.94
2699,874,104,2,86.73,173.46
2700,875,30,4,16.88,67.52
2701,876,98,2,27.81,55.62
2702,876,4,3,113.16,339.48
2703,876,114,2,6.0,12.0
2704,877,8,2,73.09,146.18
2705,877,8,4,87.1,348.4
2706,877,11,4,52.87,211.48
2707,878,44,3,33.54,100.62
2708,879,64,4,46.12,184.48
2709,879,115,3,75.88,227.64
2710,879,48,4,72.04,288.16
2711,879,100,3,46.52,139.56
2712,880,60,4,3.32,13.28
2713,880,6,1,92.99,92.99
2714,880,103,1,7.53,7.53
2715,881,63,2,52.59,105.18
2716,882,76,1,104.61,104.61
2717,882,14,3,85.4,256.2
2718,883,92,2,41.86,83.72
2719,883,7,3,45.25,135.75
2720,883,68,3,60.57,181.71
2721,883,26,4,23.47,93.88
2722,884,87,3,55.28,165.84
2723,884,91,4,72.75,291.0
2724,884,64,1,26.93,26.93
2725,884,72,1,42.05,42.05
2726,884,86,2,74.01,148.02
2727,885,11,3,71.46,214.38
2728,885,68,2,100.19,200.38
2729,886,40,3,76.34,229.02
2730,887,16,3,7.37,22.11
2731,887,96,3,71.51,214.53
2732,887,70,1,99.0,99.0
2733,887,73,3,70.18,210.54
2734,888,5,3,78.65,235.95
2735,888,77,4,111.72,446.88
2736,888,51,4,77.75,311.0
2737,888,83,1,26.24,26.24
2738,888,76,4,83.16,332.64
2739,889,13,2,28.31,56.62
2740,889,37,1,59.75,59.75
2741,889,74,3,32.04,96.12
2742,889,107,2,92.18,184.36
2743,890,73,1,119.49,119.49
2744,890,58,1,10.84,10.84
2745,890,106,3,22.32,66.96
2746,890,56,2,6.08,12.16
2747,890,60,1,63.32,63.32
2748,891,85,1,76.81,76.81
2749,891,85,3,14.12,42.36
2750,892,77,4,108.4,433.6
2751,892,115,1,12.77,12.77
2752,892,57,1,88.52,88.52
2753,892,69,3,111.55,334.65
2754,892,66,1,98.39,98.39
2755,893,58,3,64.07,192.21
2756,894,23,1,97.99,97.99
2757,894,34,1,52.0,52.0
2758,894,41,4,80.99,323.96
2759,894,107,2,101.53,203.06
2760,894,49,1,38.05,38.05
2761,895,35,2,73.19,146.38
2762,895,55,2,57.21,114.42
2763,895,97,4,70.7,282.8
2764,895,86,4,80.76,323.04
2765,895,7,3,8.05,24.15
2766,896,55,1,60.84,60.84
2767,896,71,2,23.71,47.42
2768,896,37,2,42.0,84.0
2769,897,24,3,77.88,233.64
2770,897,114,4,85.14,340.56
2771,897,37,4,47.9,191.6
2772,897,32,3,112.46,337.38
2773,898,72,3,14.96,44.88
2774,898,19,2,117.8,235.6
2775,899,65,2,34.11,68.22
2776,900,51,4,20.71,82.84
2777,900,97,4,73.43,293.72
2778,900,9,4,5.58,22.32
2779,901,46,2,119.83,239.66
2780,901,112,2,86.62,173.24
2781,902,6,3,40.58,121.74
2782,902,66,1,49.87,49.87
2783,903,19,3,17.57,52.71
2784,903,13,4,40.19,160.76
2785,903,5,2,84.55,169.1
2786,903,36,1,95.16,95.16
2787,904,99,2,84.92,169.84
2788,905,111,4,57.02,228.08
2789,906,101,2,101.25,202.5
2790,907,80,2,84.77,169.54
2791,907,75,4,84.49,337.96
2792,907,71,4,39.46,157.84
2793,907,65,4,69.36,277.44
2794,907,89,1,41.3,41.3
2795,908,87,2,9.85,19.7
2796,908,88,4,119.38,477.52
2797,908,32,4,107.03,428.12
2798,908,6,3,16.27,48.81
2799,908,61,1,52.43,52.43
2800,909,27,4,39.78,159.12
2801,909,53,2,14.7,29.4
2802,909,75,3,41.34,124.02
2803,909,77,1,47.34,47.34
2804,910,68,3,23.93,71.79
2805,910,38,4,119.84,479.36
2806,910,88,3,94.91,284.73
2807,911,34,2,4.68,9.36
2808,911,102,3,39.83,119.49
2809,911,111,3,60.33,180.99
2810,911,57,3,65.89,197.67
2811,912,101,1,52.74,52.74
2812,912,32,3,33.2,99.6
2813,913,7,1,49.39,49.39
2814,913,43,3,29.78,89.34
2815,913,7,1,84.29,84.29
2816,914,55,4,84.19,336.76
2817,914,61,3,49.94,149.82
2818,914,98,3,74.75,224.25
2819,914,50,1,15.13,15.13
2820,915,82,4,119.22,476.88
2821,915,1,1,15.68,15.68
2822,915,76,4,59.3,237.2
2823,915,64,2,25.92,51.84
2824,915,11,2,70.61,141.22
2825,916,102,3,102.77,308.31
2826,916,82,4,11.91,47.64
2827,916,94,1,110.58,110.58
2828,916,7,2,64.87,129.74
2829,917,111,1,56.96,56.96
2830,917,45,2,46.11,92.22
2831,917,34,2,39.24,78.48
2832,917,16,2,61.91,123.82
2833,918,37,4,42.61,170.44
2834,918,19,2,101.92,203.84
2835,918,10,1,19.37,19.37
2836,919,88,1,55.74,55.74
2837,919,116,4,92.41,369.64
2838,919,32,3,78.47,235.41
2839,919,87,2,60.25,120.5
2840,920,46,1,79.64,79.64
2841,920,8,1,73.99,73.99
2842,920,50,2,99.72,199.44
2843,920,33,3,86.63,259.89
2844,921,35,2,41.73,83.46
2845,921,30,3,4.38,13.14
2846,922,116,1,101.58,101.58
2847,922,45,2,35.63,71.26
2848,922,33,3,33.61,100.83
2849,922,55,1,99.62,99.62
2850,922,27,3,83.55,250.65
2851,923,31,1,20.21,20.21
2852,923,59,3,105.27,315.81
2853,923,95,4,97.06,388.24
2854,924,8,3,119.21,357.63
2855,924,41,4,70.72,282.88
2856,924,18,4,15.24,60.96
2857,924,108,4,82.68,330.72
2858,924,33,4,30.21,120.84
2859,925,116,2,100.3,200.6
2860,925,84,2,72.31,144.62
2861,926,64,1,48.85,48.85
2862,926,105,2,113.41,226.82
2863,926,73,2,118.06,236.12
2864,926,67,1,86.27,86.27
2865,926,72,2,22.63,45.26
2866,927,89,4,56.97,227.88
2867,928,118,4,86.64,346.56
2868,928,16,1,67.09,67.09
2869,928,105,3,25.15,75.45
2870,928,50,1,36.79,36.79
2871,928,118,2,108.04,216.08
2872,929,101,4,35.33,141.32
2873,930,41,1,7.08,7.08
2874,930,26,1,56.47,56.47
2875,930,97,4,110.17,440.68
2876,930,1,3,98.63,295.89
2877,930,36,3,114.44,343.32
2878,931,56,4,52.38,209.52
2879,931,12,1,4.53,4.53
2880,931,83,4,110.19,440.76
2881,931,39,1,85.95,85.95
2882,932,105,3,93.37,280.11
2883,932,61,1,64.17,64.17
2884,932,2,3,93.44,280.32
2885,932,98,2,53.3,106.6
2886,932,71,2,37.42,74.84
2887,933,59,1,64.77,64.77
2888,933,70,4,68.29,273.16
2889,933,67,1,58.28,58.28
2890,933,88,4,94.45,377.8
2891,933,10,3,6.58,19.74
2892,934,3,2,17.8,35.6
2893,934,12,2,53.5,107.0
2894,934,90,3,56.18,168.54
2895,934,81,2,47.48,94.96
2896,935,10,4,45.26,181.04
2897,935,66,3,116.67,350.01
2898,936,38,4,73.45,293.8
2899,936,101,1,14.3,14.3
2900,936,87,2,35.8,71.6
2901,936,78,4,112.98,451.92
2902,937,58,1,97.91,97.91
2903,938,48,4,100.51,402.04
2904,938,6,3,53.91,161.73
2905,938,65,2,3.34,6.68
2906,939,3,1,10.41,10.41
2907,939,52,2,111.26,222.52
2908,939,116,3,50.97,152.91
2909,939,7,4,23.09,92.36
2910,939,106,2,35.58,71.16
2911,940,1,1,13.41,13.41
2912,940,67,2,21.83,43.66
2913,940,34,4,31.12,124.48
2914,941,1,4,10.71,42.84
2915,941,101,3,113.33,339.99
2916,941,83,1,13.7,13.7
2917,942,41,2,53.01,106.02
2918,943,106,2,26.35,52.7
2919,944,33,1,105.64,105.64
2920,944,74,3,68.73,206.19
2921,944,42,3,29.56,88.68
2922,944,83,2,96.3,192.6
2923,945,17,3,35.65,106.95
2924,945,61,1,51.37,51.37
2925,945,94,1,115.24,115.24
2926,946,11,2,108.5,217.0
2927,946,93,1,7.16,7.16
2928,946,43,1,20.99,20.99
2929,946,100,4,28.95,115.8
2930,946,24,1,57.79,57.79
2931,947,112,2,52.22,104.44
2932,947,8,4,103.86,415.44
2933,947,70,4,7.55,30.2
2934,948,65,2,67.02,134.04
2935,948,23,3,96.62,289.86
2936,948,49,3,50.49,151.47
2937,948,18,1,41.71,41.71
2938,948,7,4,98.51,394.04
2939,949,21,2,69.05,138.1
2940,949,94,1,72.51,72.51
2941,949,70,3,108.57,325.71
2942,949,42,1,7.97,7.97
2943,950,11,1,57.14,57.14
2944,951,91,4,82.79,331.16
2945,951,7,2,22.68,45.36
2946,951,4,4,86.9,347.6
2947,952,1,1,81.02,81.02
2948,952,24,4,108.43,433.72
2949,953,11,3,15.99,47.97
2950,954,34,4,77.14,308.56
2951,954,80,3,6.74,20.22
2952,954,37,1,114.84,114.84
2953,954,64,1,92.5,92.5
2954,954,91,2,101.81,203.62
2955,955,83,1,109.87,109.87
2956,955,86,1,8.63,8.63
2957,955,51,3,115.01,345.03
2958,956,1,3,43.74,131.22
2959,957,39,1,114.78,114.78
2960,957,84,3,106.02,318.06
2961,957,79,2,115.3,230.6
2962,957,46,3,91.92,275.76
2963,957,32,3,83.26,249.78
2964,958,73,1,78.36,78.36
2965,958,51,4,113.32,453.28
2966,958,117,1,11.62,11.62
2967,958,50,4,58.87,235.48
2968,959,85,2,69.72,139.44
2969,959,37,3,70.98,212.94
2970,960,43,3,3.94,11.82
2971,960,21,3,99.93,299.79
2972,961,14,4,65.86,263.44
2973,961,24,1,76.45,76.45
2974,961,85,2,28.6,57.2
2975,962,6,4,101.15,404.6
2976,962,6,3,31.58,94.74
2977,962,82,4,62.72,250.88
2978,962,32,1,20.72,20.72
2979,962,116,1,13.34,13.34
2980,963,119,4,42.09,168.36
2981,963,113,4,40.82,163.28
2982,963,73,2,13.26,26.52
2983,964,54,2,96.29,192.58
2984,964,114,2,56.54,113.08
2985,965,17,1,109.16,109.16
2986,965,15,1,96.73,96.73
2987,965,108,2,29.4,58.8
2988,965,97,1,24.17,24.17
2989,965,56,2,14.58,29.16
2990,966,93,1,83.31,83.31
2991,966,73,1,53.75,53.75
2992,966,99,1,61.87,61.87
2993,966,28,3,41.88,125.64
2994,967,22,1,47.66,47.66
2995,967,67,1,85.93,85.93
2996,967,97,3,110.31,330.93
2997,967,62,2,10.86,21.72
2998,968,36,3,115.49,346.47
2999,968,40,1,79.91,79.91
3000,968,66,2,22.67,45.34
3001,968,97,4,22.01,88.04
3002,968,7,2,67.49,134.98
3003,969,33,1,35.46,35.46
3004,970,96,1,10.73,10.73
3005,970,47,2,85.03,170.06
3006,970,87,2,89.08,178.16
3007,970,95,1,17.93,17.93
3008,970,82,2,117.51,235.02
3009,971,109,2,84.37,168.74
3010,971,14,2,46.63,93.26
3011,971,25,1,108.13,108.13
3012,972,26,1,82.82,82.82
3013,972,106,1,43.3,43.3
3014,972,102,2,112.38,224.76
3015,972,57,4,56.77,227.08
3016,973,84,2,118.91,237.82
3017,974,75,2,16.96,33.92
3018,974,101,1,33.85,33.85
3019,975,73,1,96.77,96.77
3020,975,26,1,52.12,52.12
3021,976,108,4,56.88,227.52
3022,976,97,1,47.83,47.83
3023,976,90,4,111.79,447.16
3024,976,11,4,45.36,181.44
3025,977,51,2,83.13,166.26
3026,977,78,2,86.92,173.84
3027,977,73,4,43.22,172.88
3028,977,39,4,22.57,90.28
3029,978,19,3,28.32,84.96
3030,978,53,2,110.6,221.2
3031,978,95,3,113.08,339.24
3032,979,82,1,65.45,65.45
3033,979,64,1,89.57,89.57
3034,979,120,4,20.26,81.04
3035,979,31,3,109.17,327.51
3036,979,92,1,79.99,79.99
3037,980,93,3,113.83,341.49
3038,980,24,3,81.01,243.03
3039,981,10,1,85.65,85.65
3040,981,47,4,50.46,201.84
3041,982,87,3,61.43,184.29
3042,982,102,4,49.96,199.84
3043,982,92,3,87.44,262.32
3044,982,116,3,113.8,341.4
3045,982,47,2,54.08,108.16
3046,983,56,2,109.0,218.0
3047,984,74,3,111.26,333.78
3048,985,101,3,70.36,211.08
3049,985,51,3,101.78,305.34
3050,985,24,1,102.85,102.85
3051,986,16,3,24.25,72.75
3052,986,16,3,9.16,27.48
3053,986,86,3,79.13,237.39
3054,986,75,2,31.99,63.98
3055,986,115,2,113.09,226.18
3056,987,73,4,28.74,114.96
3057,987,99,4,29.44,117.76
3058,987,117,1,6.51,6.51
3059,987,83,1,60.99,60.99
3060,988,58,1,110.19,110.19
3061,988,72,3,40.25,120.75
3062,988,27,3,98.43,295.29
3063,988,85,3,89.48,268.44
3064,988,23,4,107.03,428.12
3065,989,15,4,25.7,102.8
3066,990,116,4,57.15,228.6
3067,990,17,4,49.84,199.36
3068,991,119,3,98.39,295.17
3069,992,5,1,110.73,110.73
3070,993,16,4,6.1,24.4
3071,993,39,2,116.22,232.44
3072,994,64,2,109.29,218.58
3073,995,23,1,73.31,73.31
3074,995,24,4,94.74,378.96
3075,995,45,2,87.14,174.28
3076,995,79,3,99.79,299.37
3077,996,30,2,107.55,215.1
3078,996,78,2,3.17,6.34
3079,996,47,4,83.87,335.48
3080,996,107,2,94.48,188.96
3081,997,51,1,109.17,109.17
3082,997,71,4,8.33,33.32
3083,997,24,4,74.03,296.12
3084,997,101,1,92.45,92.45
3085,998,13,3,78.44,235.32
3086,998,106,2,107.47,214.94
3087,998,72,2,85.61,171.22
3088,998,110,4,80.95,323.8
3089,999,62,2,40.94,81.88
3090,999,97,3,18.33,54.99
3091,999,27,2,117.91,235.82
3092,999,20,2,114.42,228.84
3093,1000,20,2,23.9,47.8
3094,1000,46,4,9.69,38.76
3095,1000,24,3,27.69,83.07
3096,1000,84,1,108.33,108.33
3097,1000,32,4,104.15,416.6
3098,1001,14,2,3.74,7.48
3099,1001,86,3,29.81,89.43
3100,1001,72,3,93.34,280.02
3101,1002,52,1,62.52,62.52
3102,1002,37,4,29.82,119.28
3103,1003,6,3,40.26,120.78
3104,1003,73,1,96.52,96.52
3105,1003,120,1,46.09,46.09
3106,1003,55,3,11.43,34.29
3107,1004,74,4,72.31,289.24
3108,1005,103,1,97.91,97.91
3109,1005,3,3,22.74,68.22
3110,1005,21,1,11.32,11.32
3111,1005,111,4,14.24,56.96
3112,1006,116,4,57.14,228.56
3113,1006,73,4,50.5,202.0
3114,1006,73,4,28.23,112.92
3115,1006,22,4,60.39,241.56
3116,1007,59,3,84.37,253.11
3117,1008,81,3,26.75,80.25
3118,1008,78,1,76.71,76.71
3119,1009,24,2,17.59,35.18
3120,1009,6,2,17.16,34.32
3121,1009,9,3,101.53,304.59
3122,1010,62,1,86.18,86.18
3123,1010,1,2,52.24,104.48
3124,1010,72,4,49.29,197.16
3125,1011,114,1,52.12,52.12
3126,1011,26,4,107.19,428.76
3127,1011,55,1,33.06,33.06
3128,1012,5,4,117.08,468.32
3129,1012,73,4,75.13,300.52
3130,1013,29,3,27.09,81.27
3131,1013,89,3,72.45,217.35
3132,1013,93,1,23.97,23.97
3133,1013,45,1,21.9,21.9
3134,1014,79,3,110.19,330.57
3135,1014,80,3,74.57,223.71
3136,1014,45,3,51.43,154.29
3137,1015,96,2,38.96,77.92
3138,1015,33,1,95.63,95.63
3139,1015,40,1,49.28,49.28
3140,1016,37,2,70.27,140.54
3141,1016,35,4,33.86,135.44
3142,1016,68,2,20.09,40.18
3143,1016,7,3,61.56,184.68
3144,1017,75,3,14.67,44.01
3145,1017,21,1,116.18,116.18
3146,1017,115,4,18.1,72.4
3147,1017,89,2,16.47,32.94
3148,1017,62,1,59.03,59.03
3149,1018,44,4,96.64,386.56
3150,1018,17,2,7.36,14.72
3151,1018,2,1,38.31,38.31
3152,1019,7,1,19.55,19.55
3153,1019,95,3,15.48,46.44
3154,1019,100,1,26.87,26.87
3155,1019,111,4,42.0,168.0
3156,1019,51,3,64.87,194.61
3157,1020,72,4,116.59,466.36
3158,1021,25,3,84.4,253.2
3159,1021,51,4,28.89,115.56
3160,1021,10,2,112.34,224.68
3161,1022,21,2,6.92,13.84
3162,1022,32,2,39.27,78.54
3163,1022,38,2,34.02,68.04
3164,1022,27,1,5.19,5.19
3165,1023,101,1,6.82,6.82
3166,1023,102,3,86.16,258.48
3167,1023,115,2,69.58,139.16
3168,1023,36,4,91.13,364.52
3169,1024,34,2,119.24,238.48
3170,1024,39,2,101.45,202.9
3171,1024,8,2,29.72,59.44
3172,1024,102,3,113.83,341.49
3173,1025,97,3,88.39,265.17
3174,1025,97,2,26.28,52.56
3175,1025,18,2,75.96,151.92
3176,1025,30,1,18.95,18.95
3177,1026,29,2,32.68,65.36
3178,1027,47,1,54.19,54.19
3179,1027,55,2,93.78,187.56
3180,1027,79,3,90.86,272.58
3181,1027,41,2,108.14,216.28
3182,1028,117,2,88.96,177.92
3183,1028,72,3,98.48,295.44
3184,1029,70,3,56.64,169.92
3185,1029,103,1,13.63,13.63
3186,1030,57,4,110.21,440.84
3187,1031,42,3,51.43,154.29
3188,1031,80,2,111.3,222.6
3189,1031,7,4,45.09,180.36
3190,1031,70,2,65.81,131.62
3191,1032,20,3,73.06,219.18
3192,1032,103,3,48.08,144.24
3193,1033,63,2,76.38,152.76
3194,1033,58,1,95.95,95.95
3195,1034,31,3,117.95,353.85
3196,1035,38,1,96.36,96.36
3197,1035,120,2,73.0,146.0
3198,1035,46,1,71.77,71.77
3199,1035,80,3,84.25,252.75
3200,1036,116,4,113.61,454.44
3201,1036,96,3,32.22,96.66
3202,1037,49,2,47.1,94.2
3203,1038,95,1,84.01,84.01
3204,1038,105,2,26.68,53.36
3205,1039,66,3,4.37,13.11
3206,1039,60,1,97.12,97.12
3207,1039,2,3,74.82,224.46
3208,1039,49,3,11.35,34.05
3209,1040,51,4,77.26,309.04
3210,1040,27,2,113.87,227.74
3211,1041,41,2,21.72,43.44
3212,1041,46,2,5.05,10.1
3213,1041,11,4,43.87,175.48
3214,1041,11,2,97.71,195.42
3215,1042,42,4,28.55,114.2
3216,1043,32,4,81.2,324.8
3217,1043,104,2,78.55,157.1
3218,1043,23,3,80.7,242.1
3219,1043,24,1,53.48,53.48
3220,1044,25,2,87.69,175.38
3221,1045,91,2,10.52,21.04
3222,1045,83,1,23.68,23.68
3223,1046,92,3,65.98,197.94
3224,1047,15,3,33.67,101.01
3225,1047,69,1,48.57,48.57
3226,1047,40,2,100.95,201.9
3227,1047,87,1,7.98,7.98
3228,1047,50,2,69.69,139.38
3229,1048,42,4,77.62,310.48
3230,1048,37,4,90.63,362.52
3231,1048,100,1,72.71,72.71
3232,1048,93,2,28.47,56.94
3233,1048,85,2,16.08,32.16
3234,1049,89,1,8.32,8.32
3235,1049,21,3,65.23,195.69
3236,1049,102,1,35.92,35.92
3237,1050,12,4,103.94,415.76
3238,1051,13,2,63.1,126.2
3239,1051,26,1,89.04,89.04
3240,1051,3,1,28.66,28.66
3241,1051,56,4,50.95,203.8
3242,1051,95,2,85.63,171.26
3243,1052,51,2,105.14,210.28
3244,1052,1,3,76.92,230.76
3245,1052,42,2,34.61,69.22
3246,1052,114,2,67.33,134.66
3247,1052,1,3,67.72,203.16
3248,1053,8,1,55.78,55.78
3249,1053,69,4,22.19,88.76
3250,1053,59,4,112.23,448.92
3251,1053,110,2,23.75,47.5
3252,1053,72,2,106.2,212.4
3253,1054,65,3,77.29,231.87
3254,1055,100,1,3.1,3.1
3255,1055,10,2,21.14,42.28
3256,1055,65,2,26.53,53.06
3257,1056,45,2,56.95,113.9
3258,1056,77,1,64.82,64.82
3259,1057,55,3,99.59,298.77
3260,1058,80,2,57.65,115.3
3261,1059,54,2,66.3,132.6
3262,1059,39,3,80.31,240.93
3263,1059,23,1,118.91,118.91
3264,1059,106,2,85.07,170.14
3265,1059,49,3,84.42,253.26
3266,1060,18,3,55.44,166.32
3267,1061,86,4,76.51,306.04
3268,1061,2,4,89.37,357.48
3269,1061,114,2,70.78,141.56
3270,1062,76,3,10.36,31.08
3271,1062,57,4,59.68,238.72
3272,1062,72,1,67.73,67.73
3273,1062,77,4,38.92,155.68
3274,1063,36,1,114.57,114.57
3275,1063,25,3,16.17,48.51
3276,1063,60,2,36.81,73.62
3277,1063,59,3,27.13,81.39
3278,1064,4,3,36.93,110.79
3279,1064,2,2,80.56,161.12
3280,1064,66,4,105.47,421.88
3281,1064,42,2,16.84,33.68
3282,1064,114,1,22.19,22.19
3283,1065,3,2,34.66,69.32
3284,1066,72,2,105.37,210.74
3285,1066,103,1,41.6,41.6
3286,1066,40,2,75.41,150.82
3287,1066,95,4,33.64,134.56
3288,1066,110,1,67.74,67.74
3289,1067,1,2,8.37,16.74
3290,1068,46,2,5.02,10.04
3291,1068,46,4,37.26,149.04
3292,1068,72,3,92.77,278.31
3293,1068,25,4,117.51,470.04
3294,1068,86,3,53.54,160.62
3295,1069,61,2,51.49,102.98
3296,1069,83,1,6.65,6.65
3297,1069,81,2,53.04,106.08
3298,1069,114,1,8.57,8.57
3299,1069,35,3,38.45,115.35
3300,1070,72,4,98.76,395.04
3301,1070,48,2,38.2,76.4
3302,1070,5,4,19.59,78.36
3303,1070,100,2,16.67,33.34
3304,1071,24,2,17.61,35.22
3305,1071,2,3,30.6,91.8
3306,1072,37,3,46.57,139.71
3307,1072,29,4,41.17,164.68
3308,1072,13,2,65.52,131.04
3309,1072,41,1,60.22,60.22
3310,1072,11,2,36.63,73.26
3311,1073,1,2,49.14,98.28
3312,1074,119,2,77.1,154.2
3313,1074,60,4,21.38,85.52
3314,1075,92,3,67.83,203.49
3315,1075,22,2,71.38,142.76
3316,1075,40,2,82.71,165.42
3317,1076,11,4,10.79,43.16
3318,1076,44,1,64.9,64.9
3319,1076,82,1,45.5,45.5
3320,1076,77,1,33.22,33.22
3321,1076,59,3,34.5,103.5
3322,1077,94,3,16.12,48.36
3323,1077,102,4,16.93,67.72
3324,1077,75,3,85.17,255.51
3325,1077,74,4,26.33,105.32
3326,1077,38,2,7.29,14.58
3327,1078,11,1,83.54,83.54
3328,1078,31,2,52.97,105.94
3329,1078,5,4,62.21,248.84
3330,1078,114,2,98.01,196.02
3331,1079,106,4,24.52,98.08
3332,1079,88,1,39.67,39.67
3333,1079,16,4,83.91,335.64
3334,1080,7,1,62.89,62.89
3335,1080,111,1,44.68,44.68
3336,1080,88,4,25.0,100.0
3337,1080,36,4,61.1,244.4
3338,1080,95,4,54.8,219.2
3339,1081,29,2,98.2,196.4
3340,1081,18,3,106.97,320.91
3341,1081,81,4,33.65,134.6
3342,1082,77,3,59.12,177.36
3343,1082,74,1,65.16,65.16
3344,1082,30,3,22.16,66.48
3345,1082,91,1,66.22,66.22
3346,1082,53,3,108.84,326.52
3347,1083,80,4,71.19,284.76
3348,1083,57,2,68.64,137.28
3349,1083,113,3,99.39,298.17
3350,1084,7,2,19.78,39.56
3351,1084,57,4,88.54,354.16
3352,1084,78,1,98.94,98.94
3353,1084,39,2,77.8,155.6
3354,1084,117,4,108.15,432.6
3355,1085,104,1,95.42,95.42
3356,1085,102,2,52.78,105.56
3357,1085,98,2,64.2,128.4
3358,1086,68,3,90.98,272.94
3359,1086,109,1,93.72,93.72
3360,1087,74,1,106.84,106.84
3361,1087,3,2,100.51,201.02
3362,1087,57,4,70.52,282.08
3363,1088,106,3,13.46,40.38
3364,1088,107,3,90.11,270.33
3365,1089,25,2,81.78,163.56
3366,1089,3,1,17.26,17.26
3367,1089,31,1,4.22,4.22
3368,1090,32,4,7.94,31.76
3369,1091,6,3,41.35,124.05
3370,1092,64,2,47.36,94.72
3371,1092,52,2,110.06,220.12
3372,1092,11,2,83.75,167.5
3373,1092,66,4,69.5,278.0
3374,1092,27,3,31.31,93.93
3375,1093,12,3,77.05,231.15
3376,1093,38,4,80.88,323.52
3377,1093,12,3,103.71,311.13
3378,1093,106,4,31.01,124.04
3379,1094,87,1,80.22,80.22
3380,1094,108,2,58.17,116.34
3381,1094,24,4,6.3,25.2
3382,1094,21,4,119.62,478.48
3383,1095,104,3,33.0,99.0
3384,1095,105,4,11.96,47.84
3385,1095,115,1,75.94,75.94
3386,1095,90,4,115.19,460.76
3387,1096,6,3,115.71,347.13
3388,1096,5,2,81.31,162.62
3389,1096,70,1,18.84,18.84
3390,1097,112,1,33.81,33.81
3391,1097,34,3,56.03,168.09
3392,1097,68,2,72.26,144.52
3393,1097,102,2,111.41,222.82
3394,1097,74,4,70.29,281.16
3395,1098,81,1,69.65,69.65
3396,1098,23,3,112.8,338.4
3397,1098,66,4,92.54,370.16
3398,1098,112,3,91.26,273.78
3399,1098,45,1,103.11,103.11
3400,1099,35,2,5.49,10.98
3401,1099,55,1,95.29,95.29
3402,1099,97,4,101.18,404.72
3403,1099,106,3,93.75,281.25
3404,1100,65,4,27.05,108.2
3405,1101,58,1,100.04,100.04
3406,1101,13,2,86.94,173.88
3407,1101,78,1,75.85,75.85
3408,1101,15,3,25.58,76.74
3409,1102,101,2,116.48,232.96
3410,1102,119,3,10.93,32.79
3411,1102,109,2,103.9,207.8
3412,1103,1,3,91.68,275.04
3413,1103,9,1,9.62,9.62
3414,1104,48,2,101.3,202.6
3415,1104,83,1,9.96,9.96
3416,1104,62,3,14.56,43.68
3417,1105,61,2,90.1,180.2
3418,1105,33,4,26.95,107.8
3419,1105,23,3,12.14,36.42
3420,1105,64,3,95.83,287.49
3421,1105,24,3,4.64,13.92
3422,1106,5,2,38.74,77.48
3423,1107,52,4,84.25,337.0
3424,1107,22,1,112.31,112.31
3425,1107,20,1,6.72,6.72
3426,1107,43,2,48.74,97.48
3427,1107,103,4,87.41,349.64
3428,1108,61,3,6.51,19.53
3429,1108,13,4,31.48,125.92
3430,1108,43,1,6.04,6.04
3431,1108,60,2,74.99,149.98
3432,1109,105,4,69.27,277.08
3433,1109,96,4,106.5,426.0
3434,1109,84,4,60.99,243.96
3435,1109,24,1,5.92,5.92
3436,1109,106,3,40.0,120.0
3437,1110,61,1,56.21,56.21
3438,1111,24,3,19.87,59.61
3439,1111,83,4,4.8,19.2
3440,1112,75,3,38.7,116.1
3441,1113,54,3,39.95,119.85
3442,1113,29,2,58.03,116.06
3443,1114,35,3,99.78,299.34
3444,1114,46,3,16.1,48.3
3445,1115,75,1,22.98,22.98
3446,1115,56,4,119.22,476.88
3447,1115,90,3,88.7,266.1
3448,1115,103,4,32.87,131.48
3449,1115,72,4,95.57,382.28
3450,1116,68,3,39.5,118.5
3451,1116,34,1,62.81,62.81
3452,1116,30,4,99.04,396.16
3453,1116,72,1,117.28,117.28
3454,1116,15,1,60.41,60.41
3455,1117,95,2,48.99,97.98
3456,1117,94,2,100.53,201.06
3457,1117,101,3,117.62,352.86
3458,1117,36,3,62.65,187.95
3459,1117,35,4,113.51,454.04
3460,1118,24,2,86.59,173.18
3461,1118,2,2,10.71,21.42
3462,1118,22,2,89.99,179.98
3463,1118,63,2,104.35,208.7
3464,1119,3,4,32.09,128.36
3465,1120,67,1,17.19,17.19
3466,1120,16,4,96.4,385.6
3467,1120,3,1,47.98,47.98
3468,1120,97,2,98.99,197.98
3469,1120,18,4,26.58,106.32
3470,1121,6,4,4.04,16.16
3471,1121,102,3,38.12,114.36
3472,1121,108,1,113.31,113.31
3473,1121,111,4,59.16,236.64
3474,1121,34,4,31.66,126.64
3475,1122,56,1,107.17,107.17
3476,1122,93,2,114.51,229.02
3477,1123,83,3,84.23,252.69
3478,1123,43,2,91.83,183.66
3479,1123,104,3,20.56,61.68
3480,1123,3,2,77.4,154.8
3481,1123,104,1,11.0,11.0
3482,1124,78,3,36.16,108.48
3483,1124,114,3,104.0,312.0
3484,1124,56,4,20.35,81.4
3485,1124,7,1,9.85,9.85
3486,1124,18,3,106.1,318.3
3487,1125,118,2,79.36,158.72
3488,1125,66,4,72.79,291.16
3489,1126,114,1,61.14,61.14
3490,1126,89,3,108.87,326.61
3491,1126,60,2,95.39,190.78
3492,1126,46,2,51.16,102.32
3493,1126,21,2,43.3,86.6
3494,1127,18,3,15.54,46.62
3495,1127,15,4,112.78,451.12
3496,1127,81,2,95.0,190.0
3497,1127,42,3,69.04,207.12
3498,1127,37,4,16.39,65.56
3499,1128,7,1,17.95,17.95
3500,1129,26,2,69.43,138.86
3501,1129,119,4,11.03,44.12
3502,1130,95,4,53.92,215.68
3503,1130,42,2,114.82,229.64
3504,1130,99,3,39.51,118.53
3505,1130,93,1,116.57,116.57
3506,1131,50,1,15.53,15.53
3507,1131,12,3,30.68,92.04
3508,1131,47,4,87.14,348.56
3509,1132,72,4,12.72,50.88
3510,1132,53,2,22.09,44.18
3511,1132,41,1,90.69,90.69
3512,1133,51,4,85.32,341.28
3513,1133,50,3,112.03,336.09
3514,1133,101,4,114.47,457.88
3515,1133,110,2,35.3,70.6
3516,1133,10,4,106.41,425.64
3517,1134,107,1,80.5,80.5
3518,1134,75,1,77.78,77.78
3519,1134,47,1,7.27,7.27
3520,1134,120,1,97.33,97.33
3521,1135,104,2,38.99,77.98
3522,1135,40,4,105.81,423.24
3523,1135,97,4,67.08,268.32
3524,1136,21,3,33.04,99.12
3525,1136,101,2,5.01,10.02
3526,1136,52,3,96.72,290.16
3527,1137,70,1,65.15,65.15
3528,1137,60,2,3.3,6.6
3529,1138,112,2,87.71,175.42
3530,1138,68,3,71.64,214.92
3531,1138,54,1,119.19,119.19
3532,1138,52,3,104.34,313.02
3533,1138,3,3,102.07,306.21
3534,1139,85,3,12.62,37.86
3535,1139,93,2,31.91,63.82
3536,1140,64,2,14.76,29.52
3537,1140,94,4,9.19,36.76
3538,1141,80,1,12.38,12.38
3539,1141,104,3,6.79,20.37
3540,1141,2,2,37.84,75.68
3541,1141,120,4,98.16,392.64
3542,1141,31,1,90.77,90.77
3543,1142,100,1,106.5,106.5
3544,1143,93,3,14.53,43.59
3545,1144,10,2,115.11,230.22
3546,1145,72,4,64.14,256.56
3547,1145,1,4,19.1,76.4
3548,1146,71,1,94.17,94.17
3549,1147,82,4,32.4,129.6
3550,1147,63,1,65.65,65.65
3551,1147,63,3,100.99,302.97
3552,1147,6,4,105.76,423.04
3553,1147,72,1,108.26,108.26
3554,1148,60,1,4.72,4.72
3555,1148,84,3,81.29,243.87
3556,1148,38,2,96.41,192.82
3557,1149,78,4,67.52,270.08
3558,1149,109,4,33.37,133.48
3559,1149,86,4,5.33,21.32
3560,1149,103,4,82.82,331.28
3561,1150,90,2,13.46,26.92
3562,1150,8,1,101.13,101.13
3563,1150,115,3,99.34,298.02
3564,1151,99,3,107.46,322.38
3565,1151,21,3,102.28,306.84
3566,1151,90,1,75.54,75.54
3567,1151,111,2,70.61,141.22
3568,1151,37,3,61.9,185.7
3569,1152,105,1,40.02,40.02
3570,1153,50,3,50.3,150.9
3571,1153,102,2,30.04,60.08
3572,1153,112,3,30.22,90.66
3573,1153,71,1,13.94,13.94
3574,1153,42,1,98.96,98.96
3575,1154,101,4,103.1,412.4
3576,1154,16,3,58.28,174.84
3577,1154,71,3,40.55,121.65
3578,1154,98,1,19.01,19.01
3579,1154,99,1,108.98,108.98
3580,1155,13,3,45.39,136.17
3581,1155,20,4,102.93,411.72
3582,1155,82,1,92.2,92.2
3583,1155,104,4,21.81,87.24
3584,1155,94,4,5.21,20.84
3585,1156,99,4,57.82,231.28
3586,1156,5,3,10.56,31.68
3587,1156,14,1,56.9,56.9
3588,1156,8,4,17.33,69.32
3589,1157,86,1,28.33,28.33
3590,1157,63,3,38.91,116.73
3591,1157,30,1,93.83,93.83
3592,1157,114,4,37.69,150.76
3593,1158,7,2,68.83,137.66
3594,1158,43,3,93.16,279.48
3595,1158,51,4,117.81,471.24
3596,1158,115,4,24.75,99.0
3597,1159,84,4,82.93,331.72
3598,1159,19,4,113.63,454.52
3599,1159,111,2,113.34,226.68
3600,1159,27,4,58.68,234.72
3601,1160,107,4,74.06,296.24
3602,1160,53,1,96.29,96.29
3603,1160,67,4,72.18,288.72
3604,1160,30,2,9.73,19.46
3605,1160,43,3,93.96,281.88
3606,1161,61,2,70.59,141.18
3607,1161,96,1,114.97,114.97
3608,1162,53,4,9.76,39.04
3609,1162,61,4,61.48,245.92
3610,1162,44,3,32.8,98.4
3611,1163,19,2,58.79,117.58
3612,1163,111,4,90.7,362.8
3613,1163,17,4,88.25,353.0
3614,1164,107,4,100.13,400.52
3615,1165,100,3,21.44,64.32
3616,1166,48,2,112.98,225.96
3617,1167,116,2,90.38,180.76
3618,1168,107,1,10.08,10.08
3619,1168,70,1,104.6,104.6
3620,1168,58,4,106.37,425.48
3621,1168,98,1,110.83,110.83
3622,1169,88,1,113.14,113.14
3623,1169,38,2,27.42,54.84
3624,1169,53,4,24.47,97.88
3625,1170,56,2,110.16,220.32
3626,1170,1,2,115.07,230.14
3627,1170,5,4,91.48,365.92
3628,1170,42,3,10.12,30.36
3629,1171,29,2,57.06,114.12
3630,1171,21,4,24.08,96.32
3631,1171,111,1,21.73,21.73
3632,1171,74,1,99.2,99.2
3633,1171,29,3,79.31,237.93
3634,1172,58,4,78.57,314.28
3635,1172,106,2,56.07,112.14
3636,1172,22,3,44.64,133.92
3637,1172,27,4,33.98,135.92
3638,1173,56,3,98.48,295.44
3639,1173,54,4,119.26,477.04
3640,1173,97,4,102.04,408.16
3641,1173,3,2,8.22,16.44
3642,1173,2,1,69.11,69.11
3643,1174,100,3,106.21,318.63
3644,1174,31,1,35.7,35.7
3645,1174,70,1,71.42,71.42
3646,1175,32,3,10.87,32.61
3647,1175,20,3,108.99,326.97
3648,1176,44,3,41.44,124.32
3649,1176,92,1,29.45,29.45
3650,1177,25,2,25.55,51.1
3651,1177,21,3,102.43,307.29
3652,1177,51,2,72.28,144.56
3653,1177,17,1,97.99,97.99
3654,1177,4,3,69.03,207.09
3655,1178,8,4,94.27,377.08
3656,1178,97,4,39.63,158.52
3657,1178,112,2,114.31,228.62
3658,1178,16,2,31.4,62.8
3659,1178,64,4,26.18,104.72
3660,1179,24,3,77.99,233.97
3661,1179,73,2,108.5,217.0
3662,1179,44,1,71.56,71.56
3663,1179,24,4,55.22,220.88
3664,1180,110,3,58.39,175.17
3665,1180,20,4,32.47,129.88
3666,1180,14,2,85.04,170.08
3667,1180,114,4,17.09,68.36
3668,1181,116,3,39.9,119.7
3669,1181,18,3,10.15,30.45
3670,1181,22,1,10.35,10.35
3671,1181,89,2,103.63,207.26
3672,1181,46,1,40.18,40.18
3673,1182,67,4,59.76,239.04
3674,1183,111,2,20.94,41.88
3675,1183,12,2,85.86,171.72
3676,1183,33,3,84.95,254.85
3677,1184,62,4,7.85,31.4
3678,1184,64,4,100.05,400.2
3679,1184,26,2,106.03,212.06
3680,1184,97,2,71.9,143.8
3681,1184,72,4,44.45,177.8
3682,1185,56,3,9.71,29.13
3683,1185,67,3,77.48,232.44
3684,1185,101,3,89.02,267.06
3685,1186,18,4,95.26,381.04
3686,1186,3,3,49.55,148.65
3687,1186,17,2,45.4,90.8
3688,1186,119,2,103.88,207.76
3689,1187,21,2,24.48,48.96
3690,1187,45,1,91.33,91.33
3691,1187,69,2,44.26,88.52
3692,1187,102,4,22.66,90.64
3693,1187,114,3,55.32,165.96
3694,1188,109,2,95.77,191.54
3695,1189,78,4,49.15,196.6
3696,1190,106,1,115.66,115.66
3697,1190,47,4,25.72,102.88
3698,1190,9,4,100.81,403.24
3699,1191,74,2,31.74,63.48
3700,1192,12,2,47.73,95.46
3701,1193,85,1,40.48,40.48
3702,1193,36,4,15.97,63.88
3703,1193,88,4,100.22,400.88
3704,1193,8,4,117.15,468.6
3705,1194,42,2,57.17,114.34
3706,1194,26,3,52.57,157.71
3707,1194,57,4,80.11,320.44
3708,1194,110,2,81.78,163.56
3709,1194,27,2,95.02,190.04
3710,1195,92,1,48.52,48.52
3711,1195,36,3,16.61,49.83
3712,1196,62,4,107.63,430.52
3713,1196,97,1,52.37,52.37
3714,1196,89,2,95.43,190.86
3715,1197,61,3,103.43,310.29
3716,1198,73,2,23.17,46.34
3717,1198,90,2,7.82,15.64
3718,1198,22,3,68.56,205.68
3719,1198,57,3,34.19,102.57
3720,1198,35,1,92.92,92.92
3721,1199,74,3,55.49,166.47
3722,1199,98,1,22.36,22.36
3723,1199,112,3,93.41,280.23
3724,1199,48,2,47.28,94.56
3725,1200,67,4,88.87,355.48
3726,1200,35,1,79.38,79.38
3727,1201,23,1,48.73,48.73
3728,1201,36,2,40.59,81.18
3729,1201,76,1,100.72,100.72
3730,1202,63,4,89.23,356.92
3731,1202,38,2,56.31,112.62
3732,1202,117,3,35.27,105.81
3733,1203,113,4,33.0,132.0
3734,1203,54,4,18.37,73.48
3735,1203,113,4,91.34,365.36
3736,1204,105,1,112.79,112.79
3737,1204,20,4,58.62,234.48
3738,1204,90,2,70.49,140.98
3739,1205,50,1,36.94,36.94
3740,1205,31,3,51.19,153.57
3741,1205,113,4,6.89,27.56
3742,1205,116,1,29.66,29.66
3743,1205,32,4,34.24,136.96
3744,1206,3,4,58.11,232.44
3745,1206,102,1,67.12,67.12
3746,1207,79,1,93.22,93.22
3747,1208,104,1,48.3,48.3
3748,1208,97,2,70.0,140.0
3749,1208,27,3,82.53,247.59
3750,1208,22,4,118.53,474.12
3751,1208,4,3,96.46,289.38
3752,1209,89,4,9.87,39.48
3753,1210,88,4,6.48,25.92
3754,1210,51,2,24.86,49.72
3755,1210,8,1,50.06,50.06
3756,1210,21,1,58.52,58.52
3757,1211,105,2,60.39,120.78
3758,1211,72,2,51.99,103.98
3759,1211,42,2,93.4,186.8
3760,1211,30,4,13.58,54.32
3761,1211,95,1,65.47,65.47
3762,1212,27,2,116.78,233.56
3763,1213,37,3,93.69,281.07
3764,1214,105,4,25.21,100.84
3765,1214,48,3,119.56,358.68
3766,1214,68,2,115.16,230.32
3767,1215,104,1,84.59,84.59
3768,1215,101,1,57.51,57.51
3769,1216,85,2,82.3,164.6
3770,1216,44,1,15.05,15.05
3771,1216,84,3,106.25,318.75
3772,1217,58,1,16.39,16.39
3773,1217,7,2,51.24,102.48
3774,1218,67,1,56.15,56.15
3775,1219,107,3,101.57,304.71
3776,1219,42,1,80.28,80.28
3777,1219,3,4,20.23,80.92
3778,1220,12,1,52.02,52.02
3779,1220,1,4,112.64,450.56
3780,1220,88,1,87.15,87.15
3781,1221,5,2,101.36,202.72
3782,1221,31,1,56.39,56.39
3783,1221,82,2,119.33,238.66
3784,1221,54,2,81.68,163.36
3785,1221,113,3,35.83,107.49
3786,1222,88,4,108.3,433.2
3787,1222,11,2,4.28,8.56
3788,1222,96,3,97.83,293.49
3789,1222,120,2,37.9,75.8
3790,1222,85,3,28.15,84.45
3791,1223,24,3,69.68,209.04
3792,1224,118,3,31.35,94.05
3793,1224,41,2,101.8,203.6
3794,1225,90,4,95.4,381.6
3795,1226,108,2,16.91,33.82
3796,1226,112,4,119.78,479.12
3797,1226,32,3,35.34,106.02
3798,1227,104,4,73.71,294.84
3799,1227,80,4,36.19,144.76
3800,1227,10,2,46.62,93.24
3801,1227,40,4,116.23,464.92
3802,1228,53,2,4.3,8.6
3803,1228,54,4,11.5,46.0
3804,1229,76,2,71.79,143.58
3805,1229,95,2,28.19,56.38
3806,1229,97,4,104.22,416.88
3807,1229,52,4,86.08,344.32
3808,1229,58,2,46.54,93.08
3809,1230,111,3,107.74,323.22
3810,1230,105,2,14.19,28.38
3811,1230,26,2,117.2,234.4
3812,1230,77,1,21.11,21.11
3813,1230,17,4,4.15,16.6
3814,1231,19,1,114.92,114.92
3815,1231,40,2,102.79,205.58
3816,1231,112,3,88.54,265.62
3817,1231,73,1,28.47,28.47
3818,1232,61,2,6.88,13.76
3819,1232,79,4,78.4,313.6
3820,1232,107,4,37.76,151.04
3821,1232,96,2,37.73,75.46
3822,1232,2,3,75.67,227.01
3823,1233,73,4,119.22,476.88
3824,1234,118,1,78.94,78.94
3825,1234,110,3,50.07,150.21
3826,1235,58,4,50.86,203.44
3827,1236,109,1,39.23,39.23
3828,1236,102,3,60.42,181.26
3829,1236,16,2,40.2,80.4
3830,1237,64,2,78.16,156.32
3831,1237,10,4,118.9,475.6
3832,1237,45,1,29.41,29.41
3833,1237,12,2,116.02,232.04
3834,1238,76,2,63.33,126.66
3835,1239,36,4,36.53,146.12
3836,1239,78,1,94.23,94.23
3837,1239,64,4,6.0,24.0
3838,1240,119,1,83.94,83.94
3839,1241,118,3,13.51,40.53
3840,1242,25,3,7.33,21.99
3841,1242,105,1,68.33,68.33
3842,1242,46,1,43.28,43.28
3843,1242,70,1,88.28,88.28
3844,1243,51,3,32.12,96.36
3845,1243,86,1,110.85,110.85
3846,1243,7,4,99.09,396.36
3847,1243,1,1,36.35,36.35
3848,1243,76,2,107.39,214.78
3849,1244,98,2,73.69,147.38
3850,1245,76,4,49.06,196.24
3851,1245,21,1,30.91,30.91
3852,1246,85,4,65.5,262.0
3853,1247,37,4,85.99,343.96
3854,1247,27,2,87.52,175.04
3855,1247,44,4,18.46,73.84
3856,1247,8,2,73.77,147.54
3857,1248,63,1,62.15,62.15
3858,1248,78,4,119.11,476.44
3859,1248,6,2,7.8,15.6
3860,1248,87,1,73.14,73.14
3861,1249,11,1,26.36,26.36
3862,1249,110,2,97.86,195.72
3863,1250,21,4,31.19,124.76
3864,1250,85,1,16.04,16.04
3865,1250,84,4,6.78,27.12
3866,1251,62,3,45.51,136.53
3867,1251,36,3,59.19,177.57
3868,1251,90,1,104.03,104.03
3869,1251,87,2,110.47,220.94
3870,1252,94,2,70.46,140.92
3871,1252,54,4,97.06,388.24
3872,1252,53,2,105.12,210.24
3873,1253,2,2,90.64,181.28
3874,1253,10,3,4.92,14.76
3875,1254,7,3,111.59,334.77
3876,1254,7,4,30.67,122.68
3877,1254,51,4,30.93,123.72
3878,1254,107,1,46.4,46.4
3879,1255,80,1,4.28,4.28
3880,1256,19,3,18.82,56.46
3881,1257,60,3,30.06,90.18
3882,1257,15,2,116.39,232.78
3883,1257,6,1,75.92,75.92
3884,1257,69,4,8.03,32.12
3885,1257,111,4,43.81,175.24
3886,1258,18,1,40.33,40.33
3887,1258,96,3,84.14,252.42
3888,1258,119,3,29.34,88.02
3889,1258,12,1,68.22,68.22
3890,1258,81,1,87.05,87.05
3891,1259,98,3,49.58,148.74
3892,1259,52,2,104.43,208.86
3893,1259,77,3,20.48,61.44
3894,1260,14,4,101.32,405.28
3895,1260,40,4,6.57,26.28
3896,1260,2,3,55.52,166.56
3897,1260,82,2,91.66,183.32
3898,1261,48,2,82.66,165.32
3899,1262,41,4,9.31,37.24
3900,1263,32,3,38.99,116.97
3901,1263,73,3,9.62,28.86
3902,1264,89,4,71.27,285.08
3903,1264,41,4,17.4,69.6
3904,1264,120,1,91.74,91.74
3905,1265,75,2,53.27,106.54
3906,1265,50,1,67.79,67.79
3907,1265,25,3,86.48,259.44
3908,1265,64,3,76.38,229.14
3909,1266,32,4,102.17,408.68
3910,1266,103,1,66.42,66.42
3911,1267,47,4,60.2,240.8
3912,1267,28,2,102.49,204.98
3913,1267,19,4,27.89,111.56
3914,1267,88,2,27.61,55.22
3915,1267,111,4,36.82,147.28
3916,1268,120,4,47.0,188.0
3917,1268,111,2,33.22,66.44
3918,1268,57,4,110.46,441.84
3919,1268,80,2,29.19,58.38
3920,1269,74,1,32.41,32.41
3921,1270,39,4,80.2,320.8
3922,1270,78,2,107.07,214.14
3923,1271,89,3,17.84,53.52
3924,1271,50,1,110.04,110.04
3925,1271,57,3,54.06,162.18
3926,1272,101,3,118.21,354.63
3927,1272,28,2,24.56,49.12
3928,1272,98,4,119.17,476.68
3929,1272,93,2,109.89,219.78
3930,1273,90,1,114.73,114.73
3931,1273,52,3,88.42,265.26
3932,1273,4,4,3.4,13.6
3933,1273,72,3,9.13,27.39
3934,1273,49,1,42.2,42.2
3935,1274,82,4,95.56,382.24
3936,1275,61,3,62.24,186.72
3937,1275,55,4,52.17,208.68
3938,1275,48,1,101.5,101.5
3939,1275,56,2,4.61,9.22
3940,1276,114,3,113.67,341.01
3941,1276,94,1,36.08,36.08
3942,1276,58,3,39.86,119.58
3943,1276,63,2,15.23,30.46
3944,1277,108,1,33.15,33.15
3945,1277,117,4,7.02,28.08
3946,1277,95,3,98.22,294.66
3947,1278,38,2,17.92,35.84
3948,1278,96,2,117.12,234.24
3949,1278,33,4,14.87,59.48
3950,1278,13,2,87.08,174.16
3951,1279,79,3,68.8,206.4
3952,1279,44,2,32.42,64.84
3953,1279,1,1,24.35,24.35
3954,1280,64,3,23.2,69.6
3955,1280,114,2,42.9,85.8
3956,1280,92,4,90.34,361.36
3957,1281,27,4,64.53,258.12
3958,1281,70,4,9.76,39.04
3959,1282,90,3,70.34,211.02
3960,1282,48,4,38.8,155.2
3961,1283,66,4,83.34,333.36
3962,1283,80,3,69.38,208.14
3963,1283,102,4,25.56,102.24
3964,1284,51,1,8.93,8.93
3965,1284,70,1,70.15,70.15
3966,1285,116,3,88.7,266.1
3967,1285,88,4,114.28,457.12
3968,1285,43,4,80.86,323.44
3969,1286,33,4,53.42,213.68
3970,1286,1,1,9.12,9.12
3971,1287,88,1,44.82,44.82
3972,1287,54,4,44.29,177.16
3973,1287,42,1,21.01,21.01
3974,1288,19,2,26.59,53.18
3975,1289,112,1,88.43,88.43
3976,1289,58,1,115.12,115.12
3977,1289,53,2,8.33,16.66
3978,1289,80,3,97.76,293.28
3979,1290,94,1,66.25,66.25
3980,1290,95,2,6.56,13.12
3981,1290,78,3,90.36,271.08
3982,1291,77,4,104.56,418.24
3983,1291,118,4,18.79,75.16
3984,1291,35,3,118.83,356.49
3985,1291,72,3,15.81,47.43
3986,1292,27,3,91.16,273.48
3987,1292,49,4,38.0,152.0
3988,1292,66,1,70.05,70.05
3989,1292,64,2,70.05,140.1
3990,1293,1,2,86.92,173.84
3991,1293,33,3,20.22,60.66
3992,1293,112,1,96.77,96.77
3993,1293,12,3,109.63,328.89
3994,1294,25,3,20.97,62.91
3995,1294,30,1,68.93,68.93
3996,1294,57,4,58.13,232.52
3997,1294,69,4,56.85,227.4
3998,1295,117,2,26.57,53.14
3999,1295,65,2,101.17,202.34
4000,1295,41,4,84.47,337.88
4001,1296,22,4,6.64,26.56
4002,1296,83,3,87.54,262.62
4003,1297,119,2,14.54,29.08
4004,1297,57,2,84.88,169.76
4005,1297,50,4,24.27,97.08
4006,1298,60,2,37.5,75.0
4007,1299,76,1,112.23,112.23
4008,1299,119,2,30.56,61.12
4009,1299,59,2,28.75,57.5
4010,1299,61,1,55.69,55.69
4011,1299,65,1,117.74,117.74
4012,1300,41,3,105.13,315.39
4013,1300,92,4,9.51,38.04
4014,1300,114,3,97.76,293.28
4015,1300,58,3,85.28,255.84
4016,1301,105,1,101.63,101.63
4017,1302,8,3,46.24,138.72
4018,1302,78,4,22.61,90.44
4019,1302,106,2,62.15,124.3
4020,1302,71,4,51.09,204.36
4021,1302,68,1,103.77,103.77
4022,1303,120,1,76.95,76.95
4023,1304,67,4,102.14,408.56
4024,1304,101,1,62.76,62.76
4025,1304,18,1,78.92,78.92
4026,1304,63,1,110.1,110.1
4027,1304,50,1,105.15,105.15
4028,1305,50,2,29.2,58.4
4029,1305,116,4,80.38,321.52
4030,1306,42,4,62.79,251.16
4031,1306,53,2,119.6,239.2
4032,1306,25,3,44.45,133.35
4033,1306,58,1,96.64,96.64
4034,1307,43,3,76.96,230.88
4035,1307,88,3,54.48,163.44
4036,1307,116,1,44.82,44.82
4037,1308,36,3,33.82,101.46
4038,1308,40,3,117.88,353.64
4039,1308,69,2,15.25,30.5
4040,1308,10,3,10.48,31.44
4041,1308,114,4,114.26,457.04
4042,1309,26,4,65.68,262.72
4043,1310,10,1,71.19,71.19
4044,1310,57,4,75.3,301.2
4045,1310,69,1,105.22,105.22
4046,1310,19,2,77.74,155.48
4047,1310,39,3,44.79,134.37
4048,1311,105,4,87.9,351.6
4049,1311,55,3,98.29,294.87
4050,1312,65,2,104.63,209.26
4051,1312,46,4,45.83,183.32
4052,1312,91,2,73.37,146.74
4053,1312,91,2,80.52,161.04
4054,1313,18,1,41.78,41.78
4055,1314,110,3,11.07,33.21
4056,1314,45,3,65.89,197.67
4057,1314,75,4,96.26,385.04
4058,1314,4,4,109.51,438.04
4059,1315,45,3,66.74,200.22
4060,1316,44,1,113.95,113.95
4061,1317,115,1,29.67,29.67
4062,1317,98,3,101.02,303.06
4063,1317,86,4,48.23,192.92
4064,1318,76,2,65.71,131.42
4065,1318,37,2,116.62,233.24
4066,1319,74,4,85.73,342.92
4067,1320,96,4,118.82,475.28
4068,1320,53,4,114.45,457.8
4069,1320,1,2,119.69,239.38
4070,1320,96,4,110.09,440.36
4071,1320,36,2,97.92,195.84
4072,1321,6,1,108.26,108.26
4073,1321,27,4,116.72,466.88
4074,1321,71,2,107.26,214.52
4075,1321,63,3,75.21,225.63
4076,1321,3,1,58.5,58.5
4077,1322,36,3,6.15,18.45
4078,1323,117,3,53.81,161.43
4079,1323,40,2,104.62,209.24
4080,1323,49,1,15.88,15.88
4081,1323,50,2,60.29,120.58
4082,1324,115,3,44.65,133.95
4083,1324,98,2,77.8,155.6
4084,1324,63,4,46.95,187.8
4085,1324,113,3,97.99,293.97
4086,1325,44,1,88.25,88.25
4087,1325,27,3,94.2,282.6
4088,1325,119,3,105.38,316.14
4089,1326,97,2,114.93,229.86
4090,1326,9,3,111.24,333.72
4091,1326,36,4,88.55,354.2
4092,1326,90,1,46.73,46.73
4093,1327,59,4,71.99,287.96
4094,1327,41,2,10.43,20.86
4095,1327,112,1,36.87,36.87
4096,1327,75,3,36.39,109.17
4097,1327,57,4,79.12,316.48
4098,1328,8,1,87.6,87.6
4099,1329,33,2,53.68,107.36
4100,1330,59,1,8.3,8.3
4101,1330,86,4,76.81,307.24
4102,1330,41,4,38.24,152.96
4103,1330,43,4,101.16,404.64
4104,1330,53,1,19.71,19.71
4105,1331,34,2,85.69,171.38
4106,1331,26,1,50.3,50.3
4107,1331,7,2,25.84,51.68
4108,1332,87,3,110.11,330.33
4109,1333,53,4,7.29,29.16
4110,1333,41,1,32.96,32.96
4111,1333,95,2,5.23,10.46
4112,1333,111,4,52.66,210.64
4113,1334,41,2,104.68,209.36
4114,1335,13,1,102.49,102.49
4115,1336,30,2,45.54,91.08
4116,1336,67,4,114.78,459.12
4117,1337,87,3,41.99,125.97
4118,1337,28,3,24.72,74.16
4119,1337,52,3,93.38,280.14
4120,1337,39,4,53.1,212.4
4121,1338,94,3,31.96,95.88
4122,1339,23,4,100.15,400.6
4123,1339,46,4,100.68,402.72
4124,1339,12,3,83.54,250.62
4125,1340,21,3,95.14,285.42
4126,1340,112,1,75.49,75.49
4127,1340,54,4,38.12,152.48
4128,1340,35,4,94.58,378.32
4129,1341,100,3,111.09,333.27
4130,1341,51,4,87.2,348.8
4131,1341,86,2,42.55,85.1
4132,1341,72,4,17.89,71.56
4133,1342,113,4,60.78,243.12
4134,1342,76,2,37.84,75.68
4135,1343,26,2,40.91,81.82
4136,1343,28,3,51.07,153.21
4137,1343,43,4,31.82,127.28
4138,1343,74,1,51.32,51.32
4139,1344,78,1,51.59,51.59
4140,1344,46,2,81.84,163.68
4141,1344,65,1,14.88,14.88
4142,1344,115,2,84.27,168.54
4143,1344,12,1,31.65,31.65
4144,1345,13,3,65.75,197.25
4145,1346,94,3,70.14,210.42
4146,1346,16,2,117.57,235.14
4147,1346,37,4,94.7,378.8
4148,1346,76,3,94.61,283.83
4149,1347,50,3,43.3,129.9
4150,1347,52,2,110.31,220.62
4151,1348,81,3,4.33,12.99
4152,1348,51,3,62.16,186.48
4153,1348,86,1,119.24,119.24
4154,1348,15,2,78.12,156.24
4155,1348,90,4,87.08,348.32
4156,1349,29,2,41.45,82.9
4157,1349,77,1,6.84,6.84
4158,1349,50,1,22.87,22.87
4159,1349,101,1,16.29,16.29
4160,1349,100,2,69.42,138.84
4161,1350,28,4,110.36,441.44
4162,1350,54,4,79.84,319.36
4163,1350,27,3,65.42,196.26
4164,1351,10,4,60.75,243.0
4165,1352,75,1,93.28,93.28
4166,1352,7,3,79.77,239.31
4167,1352,119,2,107.55,215.1
4168,1353,118,1,90.51,90.51
4169,1353,10,1,31.83,31.83
4170,1353,19,1,114.71,114.71
4171,1353,99,2,33.16,66.32
4172,1354,55,1,84.36,84.36
4173,1355,8,1,40.9,40.9
4174,1355,62,1,103.06,103.06
4175,1355,114,1,95.51,95.51
4176,1355,15,2,105.6,211.2
4177,1356,39,4,81.27,325.08
4178,1356,1,2,116.57,233.14
4179,1357,41,2,109.31,218.62
4180,1357,120,1,93.4,93.4
4181,1357,78,2,116.46,232.92
4182,1358,10,2,67.83,135.66
4183,1358,11,1,110.4,110.4
4184,1358,64,3,74.92,224.76
4185,1358,15,4,17.29,69.16
4186,1358,74,3,22.81,68.43
4187,1359,28,3,9.01,27.03
4188,1359,77,4,116.0,464.0
4189,1359,24,4,10.77,43.08
4190,1360,115,1,3.24,3.24
4191,1360,82,3,36.11,108.33
4192,1360,93,1,112.31,112.31
4193,1361,55,4,73.73,294.92
4194,1361,65,2,117.8,235.6
4195,1361,4,3,15.4,46.2
4196,1362,100,3,106.72,320.16
4197,1362,110,2,55.45,110.9
4198,1362,93,1,56.32,56.32
4199,1363,112,1,58.74,58.74
4200,1363,85,1,12.71,12.71
4201,1363,110,3,16.01,48.03
4202,1363,29,1,118.46,118.46
4203,1364,100,1,105.6,105.6
4204,1364,1,4,50.87,203.48
4205,1364,77,1,81.66,81.66
4206,1364,103,1,59.85,59.85
4207,1365,45,2,19.38,38.76
4208,1366,61,3,104.36,313.08
4209,1366,68,2,44.88,89.76
4210,1366,78,3,6.74,20.22
4211,1367,30,3,107.12,321.36
4212,1368,25,3,116.16,348.48
4213,1368,57,2,22.27,44.54
4214,1368,83,2,111.05,222.1
4215,1369,72,1,73.06,73.06
4216,1369,60,2,6.42,12.84
4217,1369,119,1,102.62,102.62
4218,1369,4,3,14.97,44.91
4219,1370,101,1,111.79,111.79
4220,1370,34,3,57.94,173.82
4221,1371,83,2,5.64,11.28
4222,1372,60,1,81.11,81.11
4223,1372,13,2,99.4,198.8
4224,1373,2,3,98.28,294.84
4225,1373,71,3,115.07,345.21
4226,1373,118,4,94.76,379.04
4227,1373,76,3,84.65,253.95
4228,1373,3,3,24.83,74.49
4229,1374,46,2,63.82,127.64
4230,1374,103,4,4.73,18.92
4231,1374,9,1,48.46,48.46
4232,1375,52,3,19.84,59.52
4233,1376,8,2,44.85,89.7
4234,1376,82,1,62.91,62.91
4235,1376,25,4,87.58,350.32
4236,1376,79,2,77.9,155.8
4237,1376,109,4,37.6,150.4
4238,1377,69,3,82.01,246.03
4239,1378,36,1,56.16,56.16
4240,1379,42,3,39.89,119.67
4241,1380,2,2,35.47,70.94
4242,1380,48,4,10.19,40.76
4243,1380,98,2,28.93,57.86
4244,1380,19,3,82.05,246.15
4245,1381,68,4,29.48,117.92
4246,1381,36,1,109.66,109.66
4247,1382,13,4,37.57,150.28
4248,1382,21,2,100.02,200.04
4249,1383,46,2,72.07,144.14
4250,1384,97,1,116.63,116.63
4251,1384,16,2,71.61,143.22
4252,1384,65,1,38.34,38.34
4253,1385,7,1,70.45,70.45
4254,1385,83,2,27.76,55.52
4255,1385,80,2,60.26,120.52
4256,1385,63,1,73.63,73.63
4257,1385,1,1,78.6,78.6
4258,1386,49,3,84.9,254.7
4259,1386,9,3,44.41,133.23
4260,1386,77,3,3.29,9.87
4261,1387,94,2,19.0,38.0
4262,1387,30,1,115.6,115.6
4263,1387,84,4,57.46,229.84
4264,1388,57,1,94.54,94.54
4265,1388,16,3,113.56,340.68
4266,1389,55,4,86.25,345.0
4267,1389,44,1,43.32,43.32
4268,1389,85,4,78.83,315.32
4269,1389,98,4,10.83,43.32
4270,1390,71,1,50.59,50.59
4271,1390,10,1,21.24,21.24
4272,1390,32,1,82.0,82.0
4273,1390,51,4,76.25,305.0
4274,1391,43,2,18.85,37.7
4275,1391,26,4,17.4,69.6
4276,1392,83,3,51.45,154.35
4277,1392,117,4,12.8,51.2
4278,1392,37,2,73.93,147.86
4279,1393,73,2,105.22,210.44
4280,1393,90,1,27.24,27.24
4281,1394,27,2,116.6,233.2
4282,1394,97,3,15.08,45.24
4283,1394,85,2,96.77,193.54
4284,1394,64,4,43.07,172.28
4285,1394,10,3,107.78,323.34
4286,1395,103,3,22.15,66.45
4287,1395,55,4,37.26,149.04
4288,1395,56,4,104.3,417.2
4289,1395,113,2,104.97,209.94
4290,1396,63,3,81.7,245.1
4291,1396,41,4,74.79,299.16
4292,1397,37,3,100.16,300.48
4293,1397,3,3,50.6,151.8
4294,1397,18,3,3.68,11.04
4295,1397,53,2,116.57,233.14
4296,1397,54,3,47.82,143.46
4297,1398,23,2,89.54,179.08
4298,1398,90,1,74.83,74.83
4299,1398,75,2,33.12,66.24
4300,1398,113,3,104.38,313.14
4301,1399,24,2,95.13,190.26
4302,1400,37,3,116.78,350.34
4303,1401,90,1,56.7,56.7
4304,1401,27,2,79.02,158.04
4305,1401,68,2,13.95,27.9
4306,1402,89,1,111.4,111.4
4307,1402,90,3,40.05,120.15
4308,1403,81,2,81.5,163.0
4309,1403,109,4,26.45,105.8
4310,1403,15,1,118.65,118.65
4311,1403,114,2,6.17,12.34
4312,1404,27,2,119.16,238.32
4313,1404,28,4,102.35,409.4
4314,1404,87,4,5.68,22.72
4315,1404,102,2,112.81,225.62
4316,1404,89,4,61.36,245.44
4317,1405,78,3,107.21,321.63
4318,1405,113,2,5.81,11.62
4319,1405,48,4,35.75,143.0
4320,1406,117,2,46.78,93.56
4321,1407,101,1,66.28,66.28
4322,1407,7,2,114.34,228.68
4323,1407,94,1,36.44,36.44
4324,1408,115,3,11.87,35.61
4325,1408,28,3,25.34,76.02
4326,1408,82,1,35.11,35.11
4327,1408,83,2,58.85,117.7
4328,1409,119,4,63.41,253.64
4329,1410,5,1,115.56,115.56
4330,1410,78,1,21.11,21.11
4331,1410,60,1,50.36,50.36
4332,1411,14,3,63.37,190.11
4333,1412,57,3,70.76,212.28
4334,1412,92,2,80.69,161.38
4335,1412,21,4,10.68,42.72
4336,1412,112,1,87.17,87.17
4337,1413,45,4,41.28,165.12
4338,1413,91,2,66.82,133.64
4339,1413,32,3,114.37,343.11
4340,1413,32,2,36.03,72.06
4341,1413,50,4,80.16,320.64
4342,1414,119,4,53.05,212.2
4343,1414,63,2,3.5,7.0
4344,1414,112,2,3.76,7.52
4345,1415,76,2,32.84,65.68
4346,1415,9,3,97.89,293.67
4347,1415,91,1,22.26,22.26
4348,1415,17,3,113.38,340.14
4349,1416,69,4,17.63,70.52
4350,1417,62,4,57.89,231.56
4351,1417,118,1,17.14,17.14
4352,1418,118,4,26.22,104.88
4353,1418,100,1,4.01,4.01
4354,1418,117,1,20.13,20.13
4355,1418,7,2,86.81,173.62
4356,1418,36,2,25.64,51.28
4357,1419,109,4,118.3,473.2
4358,1419,13,4,112.36,449.44
4359,1419,87,4,15.68,62.72
4360,1419,47,4,43.93,175.72
4361,1420,68,2,25.79,51.58
4362,1420,100,3,4.88,14.64
4363,1420,79,3,20.82,62.46
4364,1420,120,3,113.56,340.68
4365,1421,17,1,70.8,70.8
4366,1421,98,3,31.53,94.59
4367,1422,54,1,92.18,92.18
4368,1422,43,4,95.27,381.08
4369,1423,9,4,85.93,343.72
4370,1424,86,3,101.83,305.49
4371,1424,117,3,72.95,218.85
4372,1425,77,2,15.61,31.22
4373,1426,119,4,118.24,472.96
4374,1426,50,3,82.42,247.26
4375,1426,31,2,5.68,11.36
4376,1426,27,1,113.26,113.26
4377,1426,64,2,98.62,197.24
4378,1427,34,2,118.65,237.3
4379,1427,64,2,36.94,73.88
4380,1427,6,1,83.64,83.64
4381,1428,102,1,40.4,40.4
4382,1428,76,1,68.46,68.46
4383,1428,44,3,27.39,82.17
4384,1428,19,4,105.66,422.64
4385,1429,41,4,101.87,407.48
4386,1429,117,2,47.62,95.24
4387,1430,76,1,64.58,64.58
4388,1431,110,1,23.3,23.3
4389,1431,83,2,42.3,84.6
4390,1431,36,1,42.21,42.21
4391,1432,91,2,77.1,154.2
4392,1432,54,4,13.36,53.44
4393,1432,99,4,49.09,196.36
4394,1433,67,1,43.81,43.81
4395,1433,111,3,94.24,282.72
4396,1433,115,3,92.99,278.97
4397,1433,109,1,105.0,105.0
4398,1434,2,4,61.17,244.68
4399,1434,26,4,75.39,301.56
4400,1435,78,2,58.5,117.0
4401,1435,53,3,78.77,236.31
4402,1435,97,1,50.45,50.45
4403,1435,63,4,59.04,236.16
4404,1436,53,2,53.6,107.2
4405,1436,68,3,5.88,17.64
4406,1437,76,2,24.54,49.08
4407,1437,56,4,54.93,219.72
4408,1438,11,4,118.77,475.08
4409,1438,42,2,24.91,49.82
4410,1438,118,1,57.26,57.26
4411,1438,75,2,97.59,195.18
4412,1439,56,3,117.02,351.06
4413,1439,108,4,47.48,189.92
4414,1440,119,1,110.46,110.46
4415,1441,74,1,114.55,114.55
4416,1441,18,3,104.49,313.47
4417,1442,68,4,7.61,30.44
4418,1442,112,3,93.54,280.62
4419,1442,1,2,33.64,67.28
4420,1443,82,4,119.11,476.44
4421,1443,81,2,78.18,156.36
4422,1443,100,2,71.99,143.98
4423,1444,51,1,60.73,60.73
4424,1444,22,1,49.98,49.98
4425,1444,83,3,20.46,61.38
4426,1444,24,2,29.57,59.14
4427,1444,25,4,73.75,295.0
4428,1445,82,2,5.32,10.64
4429,1445,18,3,94.9,284.7
4430,1445,116,4,79.19,316.76
4431,1445,55,2,33.37,66.74
4432,1446,90,3,60.89,182.67
4433,1447,48,4,82.36,329.44
4434,1447,117,4,32.92,131.68
4435,1447,93,4,66.5,266.0
4436,1447,64,2,45.34,90.68
4437,1447,39,3,112.95,338.85
4438,1448,69,4,44.41,177.64
4439,1448,112,2,80.95,161.9
4440,1448,112,3,62.28,186.84
4441,1448,101,3,68.7,206.1
4442,1448,110,2,80.38,160.76
4443,1449,107,3,63.56,190.68
4444,1449,31,2,6.43,12.86
4445,1449,85,4,58.31,233.24
4446,1449,68,4,3.54,14.16
4447,1450,72,2,79.86,159.72
4448,1450,84,3,38.19,114.57
4449,1450,112,4,119.63,478.52
4450,1450,89,3,104.38,313.14
4451,1450,5,3,5.78,17.34
4452,1451,69,3,49.9,149.7
4453,1451,22,1,8.98,8.98
4454,1452,58,2,110.02,220.04
4455,1452,63,2,101.81,203.62
4456,1452,76,3,34.55,103.65
4457,1452,101,3,81.03,243.09
4458,1453,15,3,7.5,22.5
4459,1453,17,1,38.09,38.09
4460,1453,44,1,79.98,79.98
4461,1454,99,2,99.45,198.9
4462,1454,97,4,75.59,302.36
4463,1454,107,3,25.01,75.03
4464,1455,112,2,49.93,99.86
4465,1455,24,4,98.6,394.4
4466,1455,20,4,101.34,405.36
4467,1456,64,2,64.84,129.68
4468,1456,71,3,43.78,131.34
4469,1456,44,1,33.37,33.37
4470,1457,11,4,80.87,323.48
4471,1458,119,4,18.88,75.52
4472,1459,108,2,101.97,203.94
4473,1460,98,4,33.11,132.44
4474,1460,13,2,91.13,182.26
4475,1461,2,1,52.6,52.6
4476,1461,30,1,73.61,73.61
4477,1462,56,4,113.1,452.4
4478,1463,118,2,109.98,219.96
4479,1463,91,4,54.56,218.24
4480,1464,118,1,39.1,39.1
4481,1464,45,1,79.94,79.94
4482,1464,84,2,9.69,19.38
4483,1464,48,2,49.89,99.78
4484,1464,47,1,103.51,103.51
4485,1465,47,3,54.66,163.98
4486,1465,60,2,73.95,147.9
4487,1465,9,1,87.05,87.05
4488,1465,38,1,90.57,90.57
4489,1466,32,4,106.3,425.2
4490,1466,48,2,110.1,220.2
4491,1466,11,1,83.22,83.22
4492,1467,88,1,114.0,114.0
4493,1467,120,4,73.78,295.12
4494,1468,108,4,19.53,78.12
4495,1469,13,2,49.46,98.92
4496,1469,116,1,95.06,95.06
4497,1470,73,4,60.02,240.08
4498,1470,57,3,43.51,130.53
4499,1471,36,3,8.98,26.94
4500,1471,104,2,3.69,7.38
4501,1471,100,4,89.86,359.44
4502,1472,82,3,106.02,318.06
4503,1472,22,3,61.85,185.55
4504,1472,58,4,8.53,34.12
4505,1473,53,4,82.49,329.96
4506,1473,39,1,65.77,65.77
4507,1473,93,2,31.09,62.18
4508,1474,58,2,11.39,22.78
4509,1474,112,3,14.72,44.16
4510,1475,31,2,45.31,90.62
4511,1476,67,1,87.67,87.67
4512,1476,82,4,29.0,116.0
4513,1476,108,1,30.79,30.79
4514,1476,73,1,78.88,78.88
4515,1477,91,3,78.82,236.46
4516,1477,55,4,24.55,98.2
4517,1477,6,1,44.37,44.37
4518,1477,11,3,84.75,254.25
4519,1477,13,1,116.08,116.08
4520,1478,108,3,15.19,45.57
4521,1478,28,4,3.75,15.0
4522,1478,48,1,92.48,92.48
4523,1478,113,1,75.8,75.8
4524,1478,103,3,45.33,135.99
4525,1479,77,2,56.06,112.12
4526,1480,65,4,90.76,363.04
4527,1480,109,4,31.14,124.56
4528,1480,46,4,15.47,61.88
4529,1480,95,4,92.49,369.96
4530,1480,49,4,66.64,266.56
4531,1481,62,3,99.31,297.93
4532,1481,6,2,88.34,176.68
4533,1481,28,3,81.06,243.18
4534,1481,9,3,37.76,113.28
4535,1481,51,4,23.58,94.32
4536,1482,100,1,83.05,83.05
4537,1482,23,1,46.83,46.83
4538,1482,38,2,16.19,32.38
4539,1482,51,4,27.24,108.96
4540,1483,50,4,111.46,445.84
4541,1483,28,4,67.49,269.96
4542,1483,100,2,3.35,6.7
4543,1483,36,2,59.91,119.82
4544,1483,78,2,49.98,99.96
4545,1484,15,2,59.46,118.92
4546,1484,8,4,41.59,166.36
4547,1484,29,3,10.54,31.62
4548,1484,117,3,8.84,26.52
4549,1484,96,2,70.74,141.48
4550,1485,25,1,13.24,13.24
4551,1485,15,4,84.49,337.96
4552,1485,99,4,79.28,317.12
4553,1485,109,4,42.16,168.64
4554,1485,58,3,100.42,301.26
4555,1486,120,2,15.46,30.92
4556,1486,16,1,35.66,35.66
4557,1487,115,1,53.62,53.62
4558,1488,22,4,117.79,471.16
4559,1489,54,3,74.23,222.69
4560,1490,110,1,48.86,48.86
4561,1490,22,1,16.32,16.32
4562,1490,27,1,61.45,61.45
4563,1490,55,4,43.72,174.88
4564,1490,102,2,16.45,32.9
4565,1491,79,3,34.33,102.99
4566,1491,5,1,39.33,39.33
4567,1491,78,1,31.39,31.39
4568,1491,87,2,73.36,146.72
4569,1492,116,2,82.57,165.14
4570,1492,118,1,20.92,20.92
4571,1492,109,3,119.91,359.73
4572,1492,28,2,20.02,40.04
4573,1493,42,1,76.63,76.63
4574,1493,108,3,100.35,301.05
4575,1494,16,4,30.29,121.16
4576,1495,30,1,39.73,39.73
4577,1495,28,1,73.56,73.56
4578,1495,2,4,72.94,291.76
4579,1496,47,4,18.87,75.48
4580,1496,36,1,68.8,68.8
4581,1496,96,2,85.21,170.42
4582,1497,113,2,28.25,56.5
4583,1498,62,2,85.67,171.34
4584,1499,13,2,97.86,195.72
4585,1499,8,4,81.82,327.28
4586,1499,32,2,88.82,177.64
4587,1500,38,3,22.68,68.04
4588,1500,98,3,21.17,63.51
4589,1500,86,1,21.41,21.41
4590,1501,16,4,79.91,319.64
4591,1502,25,1,107.98,107.98
4592,1502,60,1,40.43,40.43
4593,1502,107,2,38.11,76.22
4594,1503,50,1,81.09,81.09
4595,1503,106,1,6.18,6.18
4596,1504,5,2,31.3,62.6
4597,1504,49,4,53.64,214.56
4598,1505,50,1,69.54,69.54
4599,1505,12,1,76.14,76.14
4600,1505,70,2,74.23,148.46
4601,1505,3,2,94.66,189.32
4602,1505,40,2,35.81,71.62
4603,1506,35,4,25.38,101.52
4604,1506,104,3,81.92,245.76
4605,1507,49,4,108.6,434.4
4606,1507,33,1,62.4,62.4
4607,1507,100,3,98.0,294.0
4608,1507,23,3,32.14,96.42
4609,1507,72,2,47.9,95.8
4610,1508,106,1,70.58,70.58
4611,1508,45,2,116.97,233.94
4612,1508,110,3,74.23,222.69
4613,1509,37,3,27.51,82.53
4614,1509,77,1,101.22,101.22
4615,1509,61,4,41.39,165.56
4616,1509,34,4,17.58,70.32
4617,1510,71,4,27.84,111.36
4618,1510,36,3,89.53,268.59
4619,1511,79,3,56.47,169.41
4620,1511,53,1,56.54,56.54
4621,1511,110,1,105.05,105.05
4622,1511,111,4,71.36,285.44
4623,1511,11,3,75.68,227.04
4624,1512,14,3,48.89,146.67
4625,1512,107,3,52.0,156.0
4626,1512,94,3,3.01,9.03
4627,1512,44,1,66.51,66.51
4628,1513,114,2,26.92,53.84
4629,1513,89,2,116.45,232.9
4630,1513,48,4,70.33,281.32
4631,1513,42,1,106.3,106.3
4632,1513,119,3,40.93,122.79
4633,1514,44,3,8.33,24.99
4634,1514,106,3,108.45,325.35
4635,1514,102,4,11.44,45.76
4636,1514,107,2,108.24,216.48
4637,1515,69,3,104.94,314.82
4638,1515,63,4,90.11,360.44
4639,1516,67,3,70.04,210.12
4640,1516,98,4,103.56,414.24
4641,1517,99,1,102.47,102.47
4642,1518,84,2,3.18,6.36
4643,1518,38,3,20.25,60.75
4644,1518,112,4,56.78,227.12
4645,1518,68,4,91.8,367.2
4646,1518,7,2,48.31,96.62
4647,1519,28,3,50.15,150.45
4648,1519,100,4,90.42,361.68
4649,1519,92,2,30.22,60.44
4650,1520,92,1,55.47,55.47
4651,1520,29,1,106.65,106.65
4652,1520,39,3,104.37,313.11
4653,1520,60,4,106.68,426.72
4654,1521,90,1,62.6,62.6
4655,1521,116,4,98.2,392.8
4656,1521,34,4,116.04,464.16
4657,1522,76,3,102.27,306.81
4658,1522,58,4,95.1,380.4
4659,1523,34,2,5.64,11.28
4660,1524,10,3,91.26,273.78
4661,1525,74,3,89.4,268.2
4662,1526,93,3,43.18,129.54
4663,1526,68,3,79.6,238.8
4664,1526,55,3,31.78,95.34
4665,1527,111,1,33.45,33.45
4666,1528,75,3,99.46,298.38
4667,1528,10,1,73.2,73.2
4668,1528,98,4,100.53,402.12
4669,1529,101,3,50.01,150.03
4670,1529,10,3,88.43,265.29
4671,1529,61,4,52.73,210.92
4672,1529,12,4,62.8,251.2
4673,1530,71,2,85.86,171.72
4674,1530,3,3,86.31,258.93
4675,1530,48,4,43.14,172.56
4676,1530,77,3,4.96,14.88
4677,1531,94,2,70.19,140.38
4678,1532,80,4,23.44,93.76
4679,1532,20,1,32.65,32.65
4680,1533,40,4,104.51,418.04
4681,1533,28,1,32.64,32.64
4682,1533,94,3,22.62,67.86
4683,1533,59,3,104.18,312.54
4684,1534,118,2,94.62,189.24
4685,1534,62,2,101.08,202.16
4686,1535,27,3,11.93,35.79
4687,1536,99,3,65.54,196.62
4688,1536,11,3,27.57,82.71
4689,1536,80,3,77.61,232.83
4690,1536,89,1,60.21,60.21
4691,1537,91,1,110.25,110.25
4692,1537,71,4,41.64,166.56
4693,1537,104,1,47.08,47.08
4694,1538,40,1,67.08,67.08
4695,1538,92,1,88.68,88.68
4696,1539,40,2,15.03,30.06
4697,1539,78,3,70.19,210.57
4698,1540,23,1,63.26,63.26
4699,1541,32,1,41.88,41.88
4700,1541,83,3,45.41,136.23
4701,1542,2,4,54.59,218.36
4702,1542,12,1,107.56,107.56
4703,1542,79,4,45.19,180.76
4704,1543,96,3,41.09,123.27
4705,1543,114,3,17.0,51.0
4706,1544,35,3,20.87,62.61
4707,1544,54,3,83.08,249.24
4708,1544,120,1,5.68,5.68
4709,1544,14,4,117.92,471.68
4710,1544,49,1,5.02,5.02
4711,1545,69,2,51.84,103.68
4712,1545,65,2,20.78,41.56
4713,1545,11,4,44.63,178.52
4714,1545,82,4,22.95,91.8
4715,1546,64,1,90.25,90.25
4716,1546,2,3,69.54,208.62
4717,1546,18,3,60.6,181.8
4718,1547,6,4,109.81,439.24
4719,1548,60,1,19.94,19.94
4720,1548,45,1,37.54,37.54
4721,1548,24,1,41.75,41.75
4722,1548,66,1,85.66,85.66
4723,1548,19,4,4.86,19.44
4724,1549,2,4,94.63,378.52
4725,1549,109,3,106.71,320.13
4726,1549,34,4,114.69,458.76
4727,1550,82,3,53.97,161.91
4728,1551,104,2,28.81,57.62
4729,1551,72,4,65.11,260.44
4730,1551,119,4,88.18,352.72
4731,1551,49,3,52.79,158.37
4732,1552,114,2,101.67,203.34
4733,1552,3,1,119.1,119.1
4734,1553,36,4,108.6,434.4
4735,1553,11,1,28.08,28.08
4736,1553,3,2,41.52,83.04
4737,1553,98,3,103.25,309.75
4738,1553,67,3,88.39,265.17
4739,1554,59,1,114.97,114.97
4740,1554,30,3,54.54,163.62
4741,1554,72,2,71.86,143.72
4742,1555,64,1,97.52,97.52
4743,1555,33,4,98.32,393.28
4744,1555,68,4,100.66,402.64
4745,1555,43,4,83.59,334.36
4746,1556,112,2,64.49,128.98
4747,1556,22,1,91.94,91.94
4748,1557,66,3,52.97,158.91
4749,1557,94,3,82.74,248.22
4750,1557,107,4,59.74,238.96
4751,1557,53,4,61.78,247.12
4752,1557,79,4,35.59,142.36
4753,1558,61,3,20.15,60.45
4754,1558,30,3,77.43,232.29
4755,1558,11,4,40.72,162.88
4756,1558,45,3,73.16,219.48
4757,1558,21,4,35.12,140.48
4758,1559,50,2,53.14,106.28
4759,1559,42,1,101.17,101.17
4760,1559,84,1,95.42,95.42
4761,1559,80,4,52.65,210.6
4762,1559,43,2,34.38,68.76
4763,1560,79,4,54.55,218.2
4764,1561,45,2,10.14,20.28
4765,1561,15,4,94.76,379.04
4766,1562,23,3,19.92,59.76
4767,1562,68,3,91.84,275.52
4768,1563,71,1,69.42,69.42
4769,1563,67,3,54.0,162.0
4770,1563,89,1,114.73,114.73
4771,1563,103,1,35.13,35.13
4772,1564,112,2,54.32,108.64
4773,1564,31,3,95.96,287.88
4774,1564,68,4,49.83,199.32
4775,1565,45,2,71.54,143.08
4776,1566,82,2,61.01,122.02
4777,1566,7,3,90.68,272.04
4778,1566,51,3,76.01,228.03
4779,1566,9,1,73.12,73.12
4780,1567,103,3,89.33,267.99
4781,1567,22,1,105.9,105.9
4782,1568,71,2,13.45,26.9
4783,1568,21,4,24.34,97.36
4784,1568,34,2,113.26,226.52
4785,1569,72,1,100.25,100.25
4786,1569,107,3,12.62,37.86
4787,1569,101,1,74.04,74.04
4788,1569,9,4,59.54,238.16
4789,1570,78,2,42.67,85.34
4790,1570,87,1,53.24,53.24
4791,1570,36,2,63.84,127.68
4792,1571,57,4,53.82,215.28
4793,1571,49,3,71.13,213.39
4794,1571,5,4,5.19,20.76
4795,1572,99,4,65.83,263.32
4796,1572,85,4,14.92,59.68
4797,1573,63,4,113.75,455.0
4798,1574,16,1,80.69,80.69
4799,1574,15,1,114.12,114.12
4800,1574,83,3,57.09,171.27
4801,1574,110,2,92.68,185.36
4802,1575,62,2,23.24,46.48
4803,1575,47,4,115.55,462.2
4804,1575,44,4,32.78,131.12
4805,1575,29,3,34.63,103.89
4806,1575,94,4,39.16,156.64
4807,1576,20,2,103.7,207.4
4808,1576,69,3,116.11,348.33
4809,1576,45,1,100.58,100.58
4810,1577,47,1,79.47,79.47
4811,1577,52,1,21.18,21.18
4812,1577,115,3,76.48,229.44
4813,1577,16,2,51.03,102.06
4814,1578,104,4,77.13,308.52
4815,1578,13,3,88.36,265.08
4816,1578,64,4,87.28,349.12
4817,1578,104,2,116.98,233.96
4818,1579,64,3,46.63,139.89
4819,1579,99,4,7.34,29.36
4820,1580,79,1,80.11,80.11
4821,1580,6,1,54.28,54.28
4822,1580,5,4,56.82,227.28
4823,1581,68,3,39.72,119.16
4824,1581,13,4,108.75,435.0
4825,1582,55,4,50.01,200.04
4826,1582,32,3,119.79,359.37
4827,1582,102,4,59.96,239.84
4828,1582,31,3,105.87,317.61
4829,1582,102,3,85.28,255.84
4830,1583,35,1,116.14,116.14
4831,1583,30,3,98.97,296.91
4832,1584,22,4,77.32,309.28
4833,1584,79,2,53.57,107.14
4834,1584,109,2,39.7,79.4
4835,1585,26,1,80.71,80.71
4836,1586,50,1,63.1,63.1
4837,1586,109,3,24.23,72.69
4838,1587,114,4,53.21,212.84
4839,1587,75,1,13.35,13.35
4840,1588,42,2,97.2,194.4
4841,1588,11,1,71.51,71.51
4842,1589,51,3,55.83,167.49
4843,1589,34,3,47.17,141.51
4844,1589,48,2,24.16,48.32
4845,1590,86,3,12.98,38.94
4846,1590,49,4,24.95,99.8
4847,1590,3,3,19.89,59.67
4848,1590,27,1,83.73,83.73
4849,1590,28,4,100.99,403.96
4850,1591,11,3,47.69,143.07
4851,1591,18,2,6.26,12.52
4852,1591,10,3,80.44,241.32
4853,1591,32,2,31.42,62.84
4854,1592,117,4,4.34,17.36
4855,1592,1,4,105.78,423.12
4856,1593,85,4,53.95,215.8
4857,1593,70,2,93.73,187.46
4858,1593,49,2,89.63,179.26
4859,1593,48,1,59.53,59.53
4860,1594,70,4,68.63,274.52
4861,1594,85,3,15.05,45.15
4862,1594,50,2,8.23,16.46
4863,1595,14,1,49.95,49.95
4864,1595,42,2,74.28,148.56
4865,1595,3,4,94.8,379.2
4866,1596,30,3,18.29,54.87
4867,1597,9,3,68.36,205.08
4868,1597,13,2,49.46,98.92
4869,1597,70,2,70.81,141.62
4870,1597,60,1,57.1,57.1
4871,1597,23,1,115.4,115.4
4872,1598,22,4,96.12,384.48
4873,1598,18,2,16.23,32.46
4874,1598,74,1,67.4,67.4
4875,1599,30,2,93.41,186.82
4876,1599,48,2,91.45,182.9
4877,1599,106,3,25.48,76.44
4878,1599,108,1,3.5,3.5
4879,1599,47,4,31.0,124.0
4880,1600,99,3,17.29,51.87
4881,1600,113,2,88.93,177.86
4882,1601,48,4,69.25,277.0
4883,1601,2,2,42.65,85.3
4884,1601,98,4,14.7,58.8
4885,1602,117,1,107.51,107.51
4886,1602,39,1,18.16,18.16
4887,1602,117,4,3.56,14.24
4888,1602,12,4,32.64,130.56
4889,1603,15,4,92.38,369.52
4890,1603,52,4,57.38,229.52
4891,1603,86,4,103.35,413.4
4892,1604,103,4,82.13,328.52
4893,1604,86,2,101.6,203.2
4894,1604,82,4,91.96,367.84
4895,1604,6,2,29.42,58.84
4896,1604,34,4,90.56,362.24
4897,1605,15,1,38.36,38.36
4898,1605,36,1,71.64,71.64
4899,1605,90,4,87.87,351.48
4900,1606,21,4,9.02,36.08
4901,1606,77,3,98.66,295.98
4902,1606,92,3,96.92,290.76
4903,1607,113,4,45.36,181.44
4904,1607,87,3,51.94,155.82
4905,1607,60,2,62.87,125.74
4906,1608,35,1,91.71,91.71
4907,1608,75,1,74.24,74.24
4908,1608,34,4,64.83,259.32
4909,1609,24,4,10.92,43.68
4910,1609,67,2,111.98,223.96
4911,1609,101,4,6.95,27.8
4912,1609,99,4,106.33,425.32
4913,1609,114,4,54.37,217.48
4914,1610,19,4,29.07,116.28
4915,1610,60,2,105.88,211.76
4916,1610,104,4,11.16,44.64
4917,1610,101,1,9.46,9.46
4918,1611,85,1,50.6,50.6
4919,1611,116,2,36.63,73.26
4920,1612,76,2,32.51,65.02
4921,1612,49,1,95.14,95.14
4922,1612,105,1,100.64,100.64
4923,1612,49,3,85.8,257.4
4924,1612,88,1,49.66,49.66
4925,1613,77,3,13.57,40.71
4926,1613,65,3,31.37,94.11
4927,1614,114,3,36.61,109.83
4928,1614,62,3,31.71,95.13
4929,1614,15,1,32.94,32.94
4930,1614,47,3,115.68,347.04
4931,1614,116,2,64.94,129.88
4932,1615,62,4,67.43,269.72
4933,1616,17,2,17.31,34.62
4934,1616,114,1,110.3,110.3
4935,1616,5,1,75.71,75.71
4936,1616,92,3,68.54,205.62
4937,1616,54,2,114.32,228.64
4938,1617,118,4,26.75,107.0
4939,1617,103,1,32.44,32.44
4940,1618,118,4,39.24,156.96
4941,1618,15,4,3.98,15.92
4942,1618,25,2,66.4,132.8
4943,1618,65,1,58.11,58.11
4944,1619,20,1,20.22,20.22
4945,1620,9,4,35.22,140.88
4946,1620,64,2,80.05,160.1
4947,1620,90,1,9.5,9.5
4948,1621,46,2,50.47,100.94
4949,1622,8,4,65.54,262.16
4950,1622,99,3,37.21,111.63
4951,1622,70,2,26.59,53.18
4952,1622,74,3,62.4,187.2
4953,1623,55,1,96.09,96.09
4954,1624,44,1,75.65,75.65
4955,1624,59,1,14.19,14.19
4956,1624,6,1,69.16,69.16
4957,1624,64,4,81.31,325.24
4958,1624,4,2,44.0,88.0
4959,1625,17,2,29.54,59.08
4960,1625,20,4,101.49,405.96
4961,1625,107,3,70.32,210.96
4962,1626,118,3,97.83,293.49
4963,1626,10,4,101.55,406.2
4964,1626,103,4,12.74,50.96
4965,1627,90,1,119.41,119.41
4966,1627,40,2,37.99,75.98
4967,1627,104,4,99.73,398.92
4968,1628,31,1,23.8,23.8
4969,1628,84,4,88.13,352.52
4970,1628,31,4,85.87,343.48
4971,1628,60,4,23.11,92.44
4972,1628,97,3,37.76,113.28
4973,1629,67,4,22.28,89.12
4974,1629,111,4,45.34,181.36
4975,1629,15,3,108.77,326.31
4976,1629,97,3,29.07,87.21
4977,1630,35,1,77.96,77.96
4978,1630,17,3,58.1,174.3
4979,1631,90,3,59.5,178.5
4980,1631,62,4,17.91,71.64
4981,1631,113,2,50.45,100.9
4982,1631,89,2,17.73,35.46
4983,1632,77,1,86.99,86.99
4984,1633,91,1,91.0,91.0
4985,1634,54,1,105.82,105.82
4986,1634,82,1,64.04,64.04
4987,1634,17,2,28.44,56.88
4988,1635,69,2,100.59,201.18
4989,1635,98,3,75.13,225.39
4990,1635,88,4,109.66,438.64
4991,1635,62,4,96.28,385.12
4992,1635,11,3,32.16,96.48
4993,1636,52,3,4.24,12.72
4994,1636,93,2,19.76,39.52
4995,1637,53,1,104.17,104.17
4996,1637,83,3,38.23,114.69
4997,1637,58,4,32.18,128.72
4998,1637,95,3,40.22,120.66
4999,1638,80,4,73.05,292.2
5000,1638,93,1,88.96,88.96
5001,1638,57,3,97.94,293.82
5002,1638,35,2,75.77,151.54
5003,1639,95,2,95.57,191.14
5004,1639,89,3,23.42,70.26
5005,1640,13,2,31.81,63.62
5006,1640,120,4,30.2,120.8
5007,1640,44,2,76.6,153.2
5008,1640,108,2,8.91,17.82
5009,1640,30,4,39.3,157.2
5010,1641,69,3,25.33,75.99
5011,1641,105,4,21.4,85.6
5012,1641,31,2,43.58,87.16
5013,1641,42,1,49.77,49.77
5014,1641,17,2,99.12,198.24
5015,1642,7,3,77.18,231.54
5016,1642,90,1,34.99,34.99
5017,1642,20,3,113.72,341.16
5018,1642,51,3,11.33,33.99
5019,1643,66,1,113.14,113.14
5020,1643,99,1,71.61,71.61
5021,1644,79,3,112.0,336.0
5022,1644,9,4,15.88,63.52
5023,1644,89,4,103.42,413.68
5024,1645,81,2,117.74,235.48
5025,1645,53,2,5.04,10.08
5026,1645,101,4,17.08,68.32
5027,1645,53,2,101.91,203.82
5028,1645,10,3,107.34,322.02
5029,1646,10,3,7.86,23.58
5030,1646,20,1,39.78,39.78
5031,1646,72,4,61.61,246.44
5032,1646,46,4,72.69,290.76
5033,1647,117,1,90.18,90.18
5034,1648,109,1,88.72,88.72
5035,1649,27,1,35.88,35.88
5036,1649,115,4,79.8,319.2
5037,1649,50,2,67.92,135.84
5038,1649,15,4,116.13,464.52
5039,1649,61,3,13.37,40.11
5040,1650,49,3,119.21,357.63
5041,1650,98,2,47.48,94.96
5042,1650,23,1,4.41,4.41
5043,1650,20,4,21.32,85.28
5044,1650,1,1,81.77,81.77
5045,1651,60,2,88.08,176.16
5046,1652,98,3,15.08,45.24
5047,1652,33,3,117.3,351.9
5048,1652,78,2,51.16,102.32
5049,1652,115,1,33.44,33.44
5050,1652,62,3,69.02,207.06
5051,1653,98,4,107.51,430.04
5052,1653,11,4,38.61,154.44
5053,1653,56,1,44.08,44.08
5054,1654,65,1,110.18,110.18
5055,1655,68,3,53.14,159.42
5056,1655,98,2,31.11,62.22
5057,1655,61,4,59.41,237.64
5058,1656,101,2,101.24,202.48
5059,1656,14,3,36.13,108.39
5060,1656,62,2,4.48,8.96
5061,1656,14,2,33.73,67.46
5062,1656,8,2,114.61,229.22
5063,1657,65,1,80.9,80.9
5064,1658,31,4,18.81,75.24
5065,1658,49,1,48.83,48.83
5066,1658,2,2,96.41,192.82
5067,1658,99,3,32.1,96.3
5068,1659,79,3,75.36,226.08
5069,1659,29,1,60.53,60.53
5070,1660,97,4,20.85,83.4
5071,1660,80,4,84.1,336.4
5072,1660,46,1,64.06,64.06
5073,1660,103,4,21.34,85.36
5074,1661,32,1,18.17,18.17
5075,1661,115,3,7.56,22.68
5076,1662,67,1,99.65,99.65
5077,1662,14,2,93.35,186.7
5078,1662,65,1,42.41,42.41
5079,1663,75,2,60.07,120.14
5080,1663,71,3,93.24,279.72
5081,1664,42,2,58.42,116.84
5082,1665,21,3,84.21,252.63
5083,1665,20,3,65.79,197.37
5084,1666,39,3,7.86,23.58
5085,1667,104,1,110.65,110.65
5086,1667,101,1,73.7,73.7
5087,1667,32,4,3.75,15.0
5088,1667,11,1,33.85,33.85
5089,1667,120,1,105.18,105.18
5090,1668,109,4,114.9,459.6
5091,1668,87,2,106.94,213.88
5092,1668,93,4,50.88,203.52
5093,1669,26,1,63.33,63.33
5094,1670,21,3,77.43,232.29
5095,1670,57,1,39.24,39.24
5096,1671,104,4,56.03,224.12
5097,1672,104,3,92.26,276.78
5098,1672,50,3,39.82,119.46
5099,1672,17,2,56.55,113.1
5100,1673,28,4,34.07,136.28
5101,1673,80,4,3.43,13.72
5102,1674,105,4,115.73,462.92
5103,1674,10,1,100.51,100.51
5104,1675,6,3,60.2,180.6
5105,1675,51,2,13.25,26.5
5106,1675,108,1,12.5,12.5
5107,1675,69,4,78.35,313.4
5108,1675,38,4,95.06,380.24
5109,1676,57,3,114.22,342.66
5110,1676,52,4,73.14,292.56
5111,1676,113,4,93.66,374.64
5112,1677,115,2,50.42,100.84
5113,1678,57,4,114.11,456.44
5114,1679,104,2,98.46,196.92
5115,1679,120,1,54.97,54.97
5116,1680,5,3,75.08,225.24
5117,1681,55,4,35.68,142.72
5118,1681,30,2,80.87,161.74
5119,1681,67,3,80.64,241.92
5120,1681,94,4,118.24,472.96
5121,1681,119,3,46.76,140.28
5122,1682,47,2,109.1,218.2
5123,1682,113,1,39.4,39.4
5124,1683,93,4,86.96,347.84
5125,1683,95,4,78.77,315.08
5126,1684,35,4,86.97,347.88
5127,1684,20,2,95.76,191.52
5128,1685,107,2,104.29,208.58
5129,1685,85,4,67.75,271.0
5130,1686,115,4,110.34,441.36
5131,1687,112,2,99.5,199.0
5132,1687,60,2,16.86,33.72
5133,1687,92,1,48.46,48.46
5134,1687,44,1,49.0,49.0
5135,1688,27,4,4.82,19.28
5136,1688,38,3,45.19,135.57
5137,1688,1,2,73.12,146.24
5138,1688,31,3,80.39,241.17
5139,1689,47,3,17.76,53.28
5140,1689,107,1,41.52,41.52
5141,1690,86,1,12.73,12.73
5142,1691,99,1,19.3,19.3
5143,1691,12,2,3.14,6.28
5144,1691,87,2,79.65,159.3
5145,1692,110,4,58.93,235.72
5146,1692,26,2,11.61,23.22
5147,1692,34,3,64.92,194.76
5148,1692,64,4,114.0,456.0
5149,1692,32,4,103.16,412.64
5150,1693,71,2,105.82,211.64
5151,1693,3,4,27.96,111.84
5152,1693,11,4,99.17,396.68
5153,1693,16,4,47.98,191.92
5154,1693,82,2,99.93,199.86
5155,1694,55,2,40.07,80.14
5156,1694,81,1,51.42,51.42
5157,1695,92,2,80.05,160.1
5158,1696,23,4,106.9,427.6
5159,1697,120,2,39.62,79.24
5160,1697,117,4,92.11,368.44
5161,1698,99,4,62.35,249.4
5162,1698,112,1,11.7,11.7
5163,1698,101,2,28.83,57.66
5164,1698,55,3,5.84,17.52
5165,1699,90,3,72.48,217.44
5166,1699,85,1,93.2,93.2
5167,1699,117,4,84.74,338.96
5168,1700,13,2,4.85,9.7
5169,1700,94,3,114.68,344.04
5170,1700,31,4,22.69,90.76
5171,1700,53,2,106.7,213.4
5172,1700,51,4,87.81,351.24
5173,1701,80,3,43.33,129.99
5174,1701,80,4,57.8,231.2
5175,1702,110,3,92.35,277.05
5176,1702,9,2,32.82,65.64
5177,1702,58,3,82.82,248.46
5178,1702,10,1,59.1,59.1
5179,1703,46,4,115.07,460.28
5180,1703,60,4,15.18,60.72
5181,1704,70,1,45.29,45.29
5182,1705,18,4,29.11,116.44
5183,1705,117,2,96.53,193.06
5184,1705,6,4,82.91,331.64
5185,1705,67,2,12.74,25.48
5186,1705,82,4,29.85,119.4
5187,1706,61,2,3.77,7.54
5188,1707,56,2,60.34,120.68
5189,1708,46,3,13.69,41.07
5190,1708,91,1,5.14,5.14
5191,1708,47,1,6.79,6.79
5192,1709,27,1,4.51,4.51
5193,1709,54,1,119.54,119.54
5194,1710,91,2,81.35,162.7
5195,1711,99,2,102.38,204.76
5196,1711,72,1,104.14,104.14
5197,1711,15,4,86.01,344.04
5198,1711,29,1,52.38,52.38
5199,1712,27,1,32.75,32.75
5200,1712,36,3,10.52,31.56
5201,1713,37,3,95.29,285.87
5202,1713,43,1,14.68,14.68
5203,1713,94,1,60.31,60.31
5204,1713,39,2,70.87,141.74
5205,1713,53,2,63.34,126.68
5206,1714,104,4,74.99,299.96
5207,1714,91,4,14.55,58.2
5208,1714,93,2,17.29,34.58
5209,1714,108,2,85.88,171.76
5210,1714,48,2,84.68,169.36
5211,1715,25,4,78.81,315.24
5212,1715,82,3,30.5,91.5
5213,1715,118,3,89.6,268.8
5214,1715,90,3,61.14,183.42
5215,1715,52,2,112.8,225.6
5216,1716,100,2,98.6,197.2
5217,1716,41,4,100.67,402.68
5218,1716,60,4,85.38,341.52
5219,1717,3,2,5.33,10.66
5220,1717,117,3,96.87,290.61
5221,1717,69,1,85.68,85.68
5222,1717,76,4,16.77,67.08
5223,1717,70,4,10.89,43.56
5224,1718,85,3,72.76,218.28
5225,1718,24,1,41.14,41.14
5226,1718,102,3,68.93,206.79
5227,1719,101,4,118.76,475.04
5228,1719,103,2,5.14,10.28
5229,1720,12,4,3.07,12.28
5230,1721,113,3,80.14,240.42
5231,1722,1,2,34.86,69.72
5232,1723,80,2,3.82,7.64
5233,1723,118,4,35.85,143.4
5234,1723,116,1,89.64,89.64
5235,1723,96,2,88.47,176.94
5236,1723,74,4,70.55,282.2
5237,1724,28,4,90.54,362.16
5238,1724,113,3,106.25,318.75
5239,1725,84,1,66.89,66.89
5240,1725,99,3,93.79,281.37
5241,1725,74,4,49.32,197.28
5242,1725,32,1,86.28,86.28
5243,1725,115,1,78.47,78.47
5244,1726,101,3,39.58,118.74
5245,1726,88,3,104.74,314.22
5246,1726,40,3,15.91,47.73
5247,1727,37,2,37.83,75.66
5248,1727,58,3,119.24,357.72
5249,1727,14,4,6.63,26.52
5250,1728,67,3,114.71,344.13
5251,1728,82,1,57.06,57.06
5252,1728,78,4,45.57,182.28
5253,1728,110,3,55.7,167.1
5254,1728,97,2,110.87,221.74
5255,1729,106,2,118.94,237.88
5256,1729,87,1,60.19,60.19
5257,1729,89,2,9.64,19.28
5258,1730,41,1,78.1,78.1
5259,1730,1,4,62.42,249.68
5260,1731,37,1,30.65,30.65
5261,1731,25,4,71.05,284.2
5262,1731,78,3,18.2,54.6
5263,1732,120,4,39.86,159.44
5264,1732,21,4,30.83,123.32
5265,1733,89,1,25.04,25.04
5266,1733,17,2,34.34,68.68
5267,1733,63,1,37.17,37.17
5268,1733,102,3,106.69,320.07
5269,1733,75,2,86.11,172.22
5270,1734,15,4,32.42,129.68
5271,1734,25,4,117.0,468.0
5272,1734,34,3,68.94,206.82
5273,1734,103,4,96.51,386.04
5274,1735,82,2,58.88,117.76
5275,1736,116,2,22.76,45.52
5276,1737,38,3,52.05,156.15
5277,1737,89,3,32.05,96.15
5278,1737,1,3,46.4,139.2
5279,1737,42,3,70.93,212.79
5280,1738,99,3,110.98,332.94
5281,1738,28,2,78.6,157.2
5282,1738,63,4,103.37,413.48
5283,1738,25,1,33.75,33.75
5284,1739,73,4,87.34,349.36
5285,1739,105,2,113.92,227.84
5286,1739,55,1,24.5,24.5
5287,1739,88,2,20.51,41.02
5288,1740,5,4,78.27,313.08
5289,1740,118,4,5.78,23.12
5290,1740,93,1,114.87,114.87
5291,1740,87,1,23.2,23.2
5292,1740,8,2,71.33,142.66
5293,1741,117,1,47.74,47.74
5294,1741,94,1,67.49,67.49
5295,1742,95,2,70.62,141.24
5296,1743,11,2,23.28,46.56
5297,1743,54,1,104.31,104.31
5298,1743,115,2,106.48,212.96
5299,1743,66,2,79.33,158.66
5300,1744,63,4,95.35,381.4
5301,1744,115,2,10.27,20.54
5302,1744,25,2,21.58,43.16
5303,1745,34,4,85.33,341.32
5304,1745,47,3,19.07,57.21
5305,1745,113,3,60.46,181.38
5306,1746,57,2,84.29,168.58
5307,1746,33,3,23.7,71.1
5308,1746,60,2,56.01,112.02
5309,1747,1,3,51.74,155.22
5310,1747,62,4,56.6,226.4
5311,1747,112,1,119.3,119.3
5312,1747,12,2,108.87,217.74
5313,1748,8,2,62.98,125.96
5314,1748,19,4,83.38,333.52
5315,1748,10,4,33.09,132.36
5316,1748,57,1,3.15,3.15
5317,1748,26,4,11.72,46.88
5318,1749,2,2,11.69,23.38
5319,1749,108,4,47.23,188.92
5320,1749,61,3,77.41,232.23
5321,1749,19,4,71.17,284.68
5322,1749,25,1,105.97,105.97
5323,1750,11,4,95.64,382.56
5324,1750,11,1,117.32,117.32
5325,1750,72,3,68.07,204.21
5326,1751,63,1,45.94,45.94
5327,1751,6,4,57.68,230.72
5328,1751,14,1,58.14,58.14
5329,1751,37,1,36.34,36.34
5330,1752,83,3,51.24,153.72
5331,1752,86,1,41.32,41.32
5332,1753,7,1,61.07,61.07
5333,1753,95,3,6.29,18.87
5334,1753,23,1,46.55,46.55
5335,1753,20,3,80.82,242.46
5336,1754,5,1,4.4,4.4
5337,1754,87,2,75.55,151.1
5338,1755,82,2,104.57,209.14
5339,1755,55,3,72.62,217.86
5340,1755,96,4,90.54,362.16
5341,1756,86,2,9.57,19.14
5342,1756,11,4,36.25,145.0
5343,1756,45,2,54.57,109.14
5344,1757,99,2,104.6,209.2
5345,1757,102,4,96.16,384.64
5346,1757,51,4,47.38,189.52
5347,1757,15,4,92.75,371.0
5348,1757,1,3,43.19,129.57
5349,1758,79,4,63.4,253.6
5350,1758,11,3,34.93,104.79
5351,1758,79,1,63.31,63.31
5352,1759,57,3,34.07,102.21
5353,1759,4,4,27.46,109.84
5354,1759,34,3,92.49,277.47
5355,1760,117,3,96.68,290.04
5356,1761,77,2,98.77,197.54
5357,1761,10,2,44.77,89.54
5358,1761,74,4,16.78,67.12
5359,1762,89,1,105.68,105.68
5360,1762,6,2,20.29,40.58
5361,1762,110,4,33.97,135.88
5362,1763,70,2,99.25,198.5
5363,1763,67,4,110.8,443.2
5364,1763,71,1,87.04,87.04
5365,1764,36,4,38.69,154.76
5366,1764,1,3,23.42,70.26
5367,1764,32,4,115.13,460.52
5368,1764,62,3,82.82,248.46
5369,1764,102,2,12.43,24.86
5370,1765,103,2,75.71,151.42
5371,1765,115,2,52.59,105.18
5372,1765,111,4,75.5,302.0
5373,1766,38,3,41.54,124.62
5374,1766,34,4,91.74,366.96
5375,1766,9,2,35.48,70.96
5376,1767,54,1,83.88,83.88
5377,1767,78,4,24.29,97.16
5378,1768,78,1,15.97,15.97
5379,1768,108,3,101.45,304.35
5380,1768,68,3,95.15,285.45
5381,1768,62,2,52.37,104.74
5382,1768,101,3,50.63,151.89
5383,1769,112,1,116.03,116.03
5384,1769,104,4,6.3,25.2
5385,1770,49,1,18.36,18.36
5386,1771,104,4,10.89,43.56
5387,1771,53,2,36.26,72.52
5388,1772,27,1,60.51,60.51
5389,1773,54,1,40.32,40.32
5390,1773,113,3,43.57,130.71
5391,1773,111,3,63.09,189.27
5392,1773,49,2,44.38,88.76
5393,1774,23,3,19.32,57.96
5394,1774,22,4,53.64,214.56
5395,1774,6,3,100.6,301.8
5396,1774,79,3,48.64,145.92
5397,1774,119,3,23.55,70.65
5398,1775,20,1,31.38,31.38
5399,1775,86,2,101.25,202.5
5400,1775,22,4,13.67,54.68
5401,1776,49,4,117.68,470.72
5402,1776,17,4,111.75,447.0
5403,1776,96,4,66.78,267.12
5404,1776,18,4,113.53,454.12
5405,1777,93,2,20.5,41.0
5406,1778,96,1,50.58,50.58
5407,1779,62,2,43.03,86.06
5408,1779,55,2,25.57,51.14
5409,1779,84,2,103.48,206.96
5410,1780,61,2,10.12,20.24
5411,1780,17,4,28.81,115.24
5412,1780,82,2,22.92,45.84
5413,1780,45,4,110.97,443.88
5414,1780,3,3,85.97,257.91
5415,1781,67,2,117.79,235.58
5416,1781,102,4,107.41,429.64
5417,1781,59,1,37.3,37.3
5418,1781,14,4,58.77,235.08
5419,1782,52,4,30.24,120.96
5420,1782,51,3,47.47,142.41
5421,1782,2,3,115.78,347.34
5422,1783,92,2,75.96,151.92
5423,1783,10,2,36.16,72.32
5424,1784,115,2,30.98,61.96
5425,1784,79,3,112.98,338.94
5426,1784,75,3,115.19,345.57
5427,1784,54,3,6.72,20.16
5428,1785,29,2,70.38,140.76
5429,1786,19,2,31.99,63.98
5430,1786,55,1,40.49,40.49
5431,1786,114,1,7.47,7.47
5432,1786,87,1,113.76,113.76
5433,1787,59,1,18.13,18.13
5434,1787,84,4,60.45,241.8
5435,1787,66,4,11.29,45.16
5436,1787,41,4,45.8,183.2
5437,1788,46,4,42.85,171.4
5438,1788,44,3,117.22,351.66
5439,1788,4,3,40.93,122.79
5440,1789,66,3,105.41,316.23
5441,1789,108,3,108.02,324.06
5442,1789,72,2,76.04,152.08
5443,1790,83,2,93.66,187.32
5444,1790,10,4,79.06,316.24
5445,1790,13,1,74.4,74.4
5446,1790,91,2,13.83,27.66
5447,1790,107,3,60.5,181.5
5448,1791,61,4,92.51,370.04
5449,1791,113,3,57.2,171.6
5450,1792,23,1,94.94,94.94
5451,1792,95,3,105.73,317.19
5452,1793,74,3,13.56,40.68
5453,1794,46,4,69.89,279.56
5454,1794,75,1,85.77,85.77
5455,1795,116,2,41.02,82.04
5456,1795,53,1,13.1,13.1
5457,1796,103,3,58.34,175.02
5458,1796,26,2,73.3,146.6
5459,1796,88,4,83.95,335.8
5460,1797,99,1,20.64,20.64
5461,1798,6,1,36.93,36.93
5462,1798,110,3,68.58,205.74
5463,1799,75,4,82.26,329.04
5464,1800,112,1,63.04,63.04
5465,1800,9,2,25.49,50.98
5466,1800,51,2,14.01,28.02
5467,1800,20,2,91.96,183.92
5468,1800,113,4,60.22,240.88
5469,1801,12,1,106.88,106.88
5470,1801,102,4,37.0,148.0
5471,1801,42,1,16.11,16.11
5472,1801,93,2,94.46,188.92
5473,1801,3,2,34.87,69.74
5474,1802,61,4,43.36,173.44
5475,1802,106,4,56.09,224.36
5476,1802,97,2,44.9,89.8
5477,1802,111,4,20.79,83.16
5478,1802,10,4,91.44,365.76
5479,1803,94,1,13.86,13.86
5480,1803,110,1,39.91,39.91
5481,1803,114,4,117.26,469.04
5482,1803,4,2,91.88,183.76
5483,1803,74,4,103.59,414.36
5484,1804,36,4,109.94,439.76
5485,1804,111,4,49.47,197.88
5486,1804,78,2,103.77,207.54
5487,1804,18,2,28.53,57.06
5488,1804,60,1,6.43,6.43
5489,1805,36,1,68.45,68.45
5490,1806,44,4,37.3,149.2
5491,1806,113,2,75.9,151.8
5492,1806,84,2,31.48,62.96
5493,1806,43,1,101.37,101.37
5494,1807,88,3,67.4,202.2
5495,1807,44,3,44.66,133.98
5496,1808,118,3,63.77,191.31
5497,1808,22,2,53.12,106.24
5498,1809,19,2,65.23,130.46
5499,1809,5,3,84.3,252.9
5500,1810,67,4,89.35,357.4
5501,1810,92,3,14.5,43.5
5502,1810,30,4,92.71,370.84
5503,1811,57,4,49.76,199.04
5504,1811,16,3,44.93,134.79
5505,1811,39,1,63.01,63.01
5506,1811,15,3,32.61,97.83
5507,1811,11,3,54.41,163.23
5508,1812,69,4,16.84,67.36
5509,1812,40,4,110.34,441.36
5510,1812,111,2,105.66,211.32
5511,1812,10,1,63.42,63.42
5512,1813,45,3,23.53,70.59
5513,1813,51,2,47.43,94.86
5514,1813,97,3,111.21,333.63
5515,1813,100,2,61.48,122.96
5516,1814,81,3,35.85,107.55
5517,1814,44,3,81.92,245.76
5518,1814,101,4,6.35,25.4
5519,1815,20,4,93.73,374.92
5520,1815,29,4,96.58,386.32
5521,1816,96,2,48.7,97.4
5522,1816,68,2,65.6,131.2
5523,1816,85,1,113.25,113.25
5524,1816,42,4,5.51,22.04
5525,1817,5,1,11.15,11.15
5526,1817,53,3,103.17,309.51
5527,1817,97,1,31.14,31.14
5528,1818,5,1,83.85,83.85
5529,1818,23,4,111.57,446.28
5530,1818,43,3,105.52,316.56
5531,1818,16,3,97.92,293.76
5532,1819,38,2,100.73,201.46
5533,1819,95,4,101.58,406.32
5534,1819,90,3,101.83,305.49
5535,1820,83,4,26.95,107.8
5536,1821,30,3,81.88,245.64
5537,1821,105,4,86.26,345.04
5538,1822,88,1,9.2,9.2
5539,1823,82,3,55.47,166.41
5540,1823,10,2,7.79,15.58
5541,1823,35,3,68.45,205.35
5542,1824,41,3,93.54,280.62
5543,1824,101,2,77.87,155.74
5544,1825,74,1,80.17,80.17
5545,1825,7,2,51.5,103.0
5546,1825,42,4,35.05,140.2
5547,1825,59,4,14.22,56.88
5548,1826,5,3,11.54,34.62
5549,1826,93,1,60.05,60.05
5550,1826,74,1,16.57,16.57
5551,1826,54,1,11.9,11.9
5552,1827,8,4,45.5,182.0
5553,1827,39,2,88.58,177.16
5554,1828,110,3,116.5,349.5
5555,1828,24,2,61.15,122.3
5556,1828,93,4,116.55,466.2
5557,1828,72,4,56.64,226.56
5558,1828,8,4,68.56,274.24
5559,1829,107,1,67.42,67.42
5560,1829,21,2,50.52,101.04
5561,1829,74,1,74.9,74.9
5562,1829,86,4,51.2,204.8
5563,1829,3,2,66.31,132.62
5564,1830,40,4,91.68,366.72
5565,1830,86,2,117.09,234.18
5566,1830,99,1,100.01,100.01
5567,1830,25,4,4.13,16.52
5568,1831,100,1,64.74,64.74
5569,1831,66,4,110.53,442.12
5570,1831,91,4,90.92,363.68
5571,1831,75,2,22.21,44.42
5572,1831,64,1,69.76,69.76
5573,1832,63,3,66.28,198.84
5574,1832,111,4,112.26,449.04
5575,1832,23,4,43.67,174.68
5576,1832,110,4,96.42,385.68
5577,1833,51,3,82.21,246.63
5578,1833,12,2,61.75,123.5
5579,1833,58,3,61.31,183.93
5580,1833,74,3,3.41,10.23
5581,1834,23,4,74.54,298.16
5582,1834,29,1,28.35,28.35
5583,1834,109,4,80.61,322.44
5584,1834,116,3,43.4,130.2
5585,1835,60,3,93.74,281.22
5586,1836,35,4,49.77,199.08
5587,1836,62,3,17.29,51.87
5588,1837,93,3,101.35,304.05
5589,1838,28,3,18.15,54.45
5590,1838,69,3,84.57,253.71
5591,1839,64,2,24.79,49.58
5592,1839,97,2,14.93,29.86
5593,1840,70,3,19.68,59.04
5594,1841,114,2,82.89,165.78
5595,1841,81,2,65.4,130.8
5596,1842,35,4,28.64,114.56
5597,1843,62,4,69.85,279.4
5598,1844,40,3,88.17,264.51
5599,1844,89,2,14.22,28.44
5600,1844,63,2,57.24,114.48
5601,1845,26,4,64.12,256.48
5602,1845,47,2,33.78,67.56
5603,1845,17,2,77.37,154.74
5604,1845,74,1,28.85,28.85
5605,1846,11,3,5.67,17.01
5606,1846,22,1,72.48,72.48
5607,1847,88,1,17.95,17.95
5608,1848,52,4,29.11,116.44
5609,1849,55,2,19.65,39.3
5610,1849,75,3,87.73,263.19
5611,1849,12,1,30.04,30.04
5612,1849,43,2,39.32,78.64
5613,1849,110,4,47.59,190.36
5614,1850,27,4,29.66,118.64
5615,1850,78,3,74.97,224.91
5616,1850,118,3,3.85,11.55
5617,1851,26,1,57.98,57.98
5618,1851,66,4,28.41,113.64
5619,1851,7,2,89.38,178.76
5620,1852,88,2,44.06,88.12
5621,1852,50,4,26.97,107.88
5622,1853,35,2,73.01,146.02
5623,1853,9,4,81.1,324.4
5624,1853,1,1,70.89,70.89
5625,1853,5,1,38.38,38.38
5626,1854,53,3,38.59,115.77
5627,1854,97,4,93.51,374.04
5628,1855,47,3,13.69,41.07
5629,1855,56,1,95.07,95.07
5630,1855,79,1,73.14,73.14
5631,1855,64,1,110.46,110.46
5632,1855,38,3,77.7,233.1
5633,1856,56,3,32.83,98.49
5634,1856,64,2,83.57,167.14
5635,1856,30,4,92.87,371.48
5636,1856,113,1,90.07,90.07
5637,1857,45,1,67.72,67.72
5638,1857,57,3,89.6,268.8
5639,1857,57,1,72.43,72.43
5640,1857,119,2,117.27,234.54
5641,1858,28,1,49.22,49.22
5642,1858,96,3,9.76,29.28
5643,1858,31,1,62.85,62.85
5644,1858,74,4,35.81,143.24
5645,1858,103,2,34.03,68.06
5646,1859,24,1,83.27,83.27
5647,1860,43,3,52.09,156.27
5648,1860,38,4,52.98,211.92
5649,1861,95,1,79.88,79.88
5650,1861,113,1,52.85,52.85
5651,1861,24,2,16.55,33.1
5652,1861,44,1,118.25,118.25
5653,1862,101,4,86.09,344.36
5654,1862,92,1,77.7,77.7
5655,1862,116,1,7.96,7.96
5656,1862,107,3,17.35,52.05
5657,1862,67,2,28.14,56.28
5658,1863,66,3,39.93,119.79
5659,1863,1,1,22.58,22.58
5660,1864,9,2,103.1,206.2
5661,1865,50,1,72.94,72.94
5662,1866,113,3,42.32,126.96
5663,1867,56,4,11.99,47.96
5664,1867,1,1,78.12,78.12
5665,1867,79,2,72.9,145.8
5666,1867,27,2,90.89,181.78
5667,1867,109,3,5.02,15.06
5668,1868,98,2,35.7,71.4
5669,1869,62,1,112.47,112.47
5670,1869,61,4,45.5,182.0
5671,1870,14,1,83.79,83.79
5672,1870,115,2,108.9,217.8
5673,1870,101,2,87.34,174.68
5674,1870,84,2,110.27,220.54
5675,1871,15,1,67.86,67.86
5676,1871,7,1,66.42,66.42
5677,1872,8,2,40.97,81.94
5678,1872,75,4,70.95,283.8
5679,1873,72,1,101.96,101.96
5680,1873,113,4,77.09,308.36
5681,1873,74,4,103.64,414.56
5682,1873,7,3,45.04,135.12
5683,1874,67,1,50.38,50.38
5684,1875,108,1,105.54,105.54
5685,1875,90,1,83.94,83.94
5686,1875,64,1,33.03,33.03
5687,1875,103,2,34.96,69.92
5688,1876,88,3,99.95,299.85
5689,1876,117,1,51.43,51.43
5690,1876,17,4,33.69,134.76
5691,1876,51,4,72.51,290.04
5692,1876,29,3,69.87,209.61
5693,1877,85,1,36.97,36.97
5694,1877,46,4,111.8,447.2
5695,1877,84,4,109.2,436.8
5696,1877,23,3,102.21,306.63
5697,1877,87,3,56.13,168.39
5698,1878,51,3,60.96,182.88
5699,1879,41,1,18.77,18.77
5700,1879,101,4,18.15,72.6
5701,1879,104,4,115.01,460.04
5702,1879,11,1,91.75,91.75
5703,1879,50,2,92.94,185.88
5704,1880,104,4,105.51,422.04
5705,1880,77,4,59.52,238.08
5706,1880,6,1,49.31,49.31
5707,1881,106,4,114.37,457.48
5708,1881,27,1,86.87,86.87
5709,1881,19,3,20.31,60.93
5710,1882,1,3,90.18,270.54
5711,1883,47,1,42.72,42.72
5712,1884,93,1,63.26,63.26
5713,1884,48,4,4.95,19.8
5714,1885,1,1,106.33,106.33
5715,1886,117,1,35.88,35.88
5716,1886,4,4,62.9,251.6
5717,1886,34,2,82.67,165.34
5718,1887,97,2,14.31,28.62
5719,1888,111,1,61.76,61.76
5720,1888,84,1,115.33,115.33
5721,1888,103,4,20.62,82.48
5722,1888,40,2,116.89,233.78
5723,1888,45,4,63.76,255.04
5724,1889,37,3,104.42,313.26
5725,1889,54,2,92.77,185.54
5726,1889,39,2,25.86,51.72
5727,1889,97,4,99.4,397.6
5728,1890,15,1,108.19,108.19
5729,1890,68,2,67.76,135.52
5730,1890,43,1,118.23,118.23
5731,1891,21,1,118.48,118.48
5732,1891,57,4,58.32,233.28
5733,1891,49,4,85.91,343.64
5734,1891,69,2,66.22,132.44
5735,1892,41,2,11.45,22.9
5736,1892,108,2,86.86,173.72
5737,1892,50,3,73.69,221.07
5738,1892,14,3,93.92,281.76
5739,1893,92,1,33.06,33.06
5740,1893,34,2,3.44,6.88
5741,1893,105,1,4.78,4.78
5742,1894,49,3,44.25,132.75
5743,1894,60,3,34.73,104.19
5744,1894,27,2,11.09,22.18
5745,1894,102,4,14.31,57.24
5746,1894,16,3,29.53,88.59
5747,1895,60,1,13.79,13.79
5748,1895,97,1,90.32,90.32
5749,1895,102,3,29.48,88.44
5750,1895,39,4,45.62,182.48
5751,1895,92,3,98.21,294.63
5752,1896,66,4,9.28,37.12
5753,1896,91,2,16.53,33.06
5754,1896,74,2,61.4,122.8
5755,1896,33,2,56.39,112.78
5756,1897,28,1,21.74,21.74
5757,1897,24,2,104.9,209.8
5758,1898,40,2,96.31,192.62
5759,1899,3,2,50.11,100.22
5760,1899,53,3,50.06,150.18
5761,1899,1,4,47.18,188.72
5762,1899,92,2,21.96,43.92
5763,1900,110,4,104.23,416.92
5764,1900,69,2,59.25,118.5
5765,1901,26,1,109.04,109.04
5766,1901,93,3,78.33,234.99
5767,1902,5,3,66.54,199.62
5768,1902,30,1,24.26,24.26
5769,1902,33,3,27.05,81.15
5770,1902,44,3,70.66,211.98
5771,1903,24,1,6.4,6.4
5772,1903,50,2,57.72,115.44
5773,1903,88,1,58.44,58.44
5774,1904,81,1,12.73,12.73
5775,1904,53,3,70.79,212.37
5776,1904,119,3,89.36,268.08
5777,1905,74,2,110.8,221.6
5778,1905,27,4,25.63,102.52
5779,1905,89,4,42.37,169.48
5780,1905,64,2,60.2,120.4
5781,1906,55,1,27.41,27.41
5782,1906,100,3,13.45,40.35
5783,1906,33,1,71.42,71.42
5784,1906,29,1,115.31,115.31
5785,1906,84,3,23.96,71.88
5786,1907,109,4,16.45,65.8
5787,1907,111,1,6.88,6.88
5788,1907,10,1,29.2,29.2
5789,1907,14,3,39.03,117.09
5790,1908,34,1,13.18,13.18
5791,1909,106,4,85.37,341.48
5792,1909,3,3,101.19,303.57
5793,1909,103,1,43.09,43.09
5794,1910,50,4,24.24,96.96
5795,1910,5,4,16.83,67.32
5796,1911,47,4,69.41,277.64
5797,1912,47,4,75.31,301.24
5798,1912,21,4,57.63,230.52
5799,1912,16,1,82.71,82.71
5800,1913,94,4,3.54,14.16
5801,1913,76,4,62.43,249.72
5802,1914,5,3,81.81,245.43
5803,1915,38,2,114.02,228.04
5804,1915,118,2,119.16,238.32
5805,1915,53,3,34.77,104.31
5806,1915,64,1,22.68,22.68
5807,1915,26,2,60.33,120.66
5808,1916,95,3,63.63,190.89
5809,1916,84,4,48.05,192.2
5810,1916,34,3,116.78,350.34
5811,1917,117,3,104.03,312.09
5812,1917,83,1,86.88,86.88
5813,1917,17,3,5.75,17.25
5814,1917,47,2,54.79,109.58
5815,1918,51,3,105.78,317.34
5816,1918,83,3,41.93,125.79
5817,1918,4,2,54.59,109.18
5818,1918,105,3,35.72,107.16
5819,1918,111,1,93.42,93.42
5820,1919,119,4,70.9,283.6
5821,1919,24,1,31.98,31.98
5822,1919,77,4,38.44,153.76
5823,1920,59,2,9.48,18.96
5824,1920,103,3,13.22,39.66
5825,1921,6,2,50.69,101.38
5826,1922,119,4,57.67,230.68
5827,1922,83,4,34.18,136.72
5828,1922,101,4,104.06,416.24
5829,1923,80,4,33.94,135.76
5830,1923,43,2,94.56,189.12
5831,1923,91,3,98.72,296.16
5832,1923,9,1,105.62,105.62
5833,1923,3,2,76.51,153.02
5834,1924,51,3,117.28,351.84
5835,1925,111,1,52.97,52.97
5836,1925,34,3,28.15,84.45
5837,1926,3,3,81.24,243.72
5838,1926,99,2,50.96,101.92
5839,1926,24,4,6.39,25.56
5840,1927,82,1,113.15,113.15
5841,1928,15,2,24.95,49.9
5842,1928,60,3,45.58,136.74
5843,1928,83,3,115.31,345.93
5844,1928,14,2,109.38,218.76
5845,1928,32,4,51.11,204.44
5846,1929,75,1,91.74,91.74
5847,1929,81,4,101.87,407.48
5848,1929,47,1,106.71,106.71
5849,1929,105,4,34.28,137.12
5850,1930,94,3,62.94,188.82
5851,1930,26,1,29.68,29.68
5852,1930,67,3,57.11,171.33
5853,1930,56,3,80.21,240.63
5854,1930,89,1,104.55,104.55
5855,1931,71,2,95.65,191.3
5856,1931,101,4,97.02,388.08
5857,1931,33,2,89.5,179.0
5858,1931,11,4,60.62,242.48
5859,1932,72,3,119.59,358.77
5860,1932,76,2,5.8,11.6
5861,1932,24,1,56.96,56.96
5862,1932,114,3,53.98,161.94
5863,1932,109,3,21.08,63.24
5864,1933,116,2,74.03,148.06
5865,1934,117,2,44.91,89.82
5866,1934,52,3,33.97,101.91
5867,1935,36,1,97.1,97.1
5868,1935,88,4,27.39,109.56
5869,1935,21,1,16.74,16.74
5870,1936,11,2,84.87,169.74
5871,1936,98,4,112.19,448.76
5872,1937,117,1,109.42,109.42
5873,1937,45,3,65.09,195.27
5874,1938,58,2,71.67,143.34
5875,1938,68,2,34.69,69.38
5876,1938,92,3,77.66,232.98
5877,1938,42,2,64.57,129.14
5878,1938,14,3,103.39,310.17
5879,1939,56,3,102.68,308.04
5880,1939,76,3,104.56,313.68
5881,1940,100,1,42.38,42.38
5882,1940,44,1,31.51,31.51
5883,1940,120,1,70.3,70.3
5884,1940,94,3,101.86,305.58
5885,1941,66,3,71.47,214.41
5886,1941,15,3,89.24,267.72
5887,1941,66,2,79.57,159.14
5888,1942,77,3,43.56,130.68
5889,1942,46,2,46.09,92.18
5890,1942,43,1,103.48,103.48
5891,1942,65,2,80.69,161.38
5892,1943,48,2,46.28,92.56
5893,1943,113,1,17.76,17.76
5894,1943,66,4,20.36,81.44
5895,1944,3,4,10.27,41.08
5896,1945,89,4,57.04,228.16
5897,1945,34,1,54.06,54.06
5898,1945,17,2,82.3,164.6
5899,1945,44,4,80.1,320.4
5900,1945,63,1,21.02,21.02
5901,1946,58,3,76.02,228.06
5902,1946,102,1,46.95,46.95
5903,1946,16,2,109.62,219.24
5904,1946,20,4,20.26,81.04
5905,1947,89,2,35.33,70.66
5906,1948,46,3,75.83,227.49
5907,1948,44,3,111.06,333.18
5908,1948,103,2,115.11,230.22
5909,1949,90,4,51.53,206.12
5910,1949,7,3,91.76,275.28
5911,1949,39,1,6.51,6.51
5912,1949,54,1,37.36,37.36
5913,1950,12,4,71.22,284.88
5914,1950,29,4,68.05,272.2
5915,1951,114,3,78.61,235.83
5916,1951,4,1,6.91,6.91
5917,1951,48,2,72.87,145.74
5918,1951,12,1,46.22,46.22
5919,1951,27,2,8.11,16.22
5920,1952,91,2,113.03,226.06
5921,1952,56,2,61.47,122.94
5922,1953,22,1,68.47,68.47
5923,1953,79,2,64.8,129.6
5924,1953,37,4,63.81,255.24
5925,1953,97,4,93.43,373.72
5926,1953,56,4,32.07,128.28
5927,1954,24,4,53.89,215.56
5928,1954,62,3,20.42,61.26
5929,1954,105,4,38.91,155.64
5930,1955,98,4,73.11,292.44
5931,1955,56,4,31.04,124.16
5932,1956,35,2,39.4,78.8
5933,1956,68,4,80.66,322.64
5934,1956,40,3,47.93,143.79
5935,1957,104,4,50.19,200.76
5936,1957,84,2,25.93,51.86
5937,1957,36,1,113.16,113.16
5938,1958,99,4,48.69,194.76
5939,1958,86,1,115.17,115.17
5940,1958,16,2,101.25,202.5
5941,1959,50,4,19.07,76.28
5942,1959,116,1,29.51,29.51
5943,1959,27,2,59.86,119.72
5944,1960,63,3,85.7,257.1
5945,1960,67,3,61.01,183.03
5946,1960,32,1,111.6,111.6
5947,1960,101,3,41.36,124.08
5948,1961,106,4,61.78,247.12
5949,1961,72,1,9.33,9.33
5950,1961,46,3,10.85,32.55
5951,1962,78,3,28.14,84.42
5952,1962,54,2,22.38,44.76
5953,1962,5,3,51.1,153.3
5954,1963,38,2,13.27,26.54
5955,1964,7,2,41.12,82.24
5956,1964,81,1,69.88,69.88
5957,1965,41,3,8.81,26.43
5958,1965,12,3,118.7,356.1
5959,1966,24,4,81.58,326.32
5960,1966,89,1,94.19,94.19
5961,1967,79,1,89.19,89.19
5962,1967,63,1,7.46,7.46
5963,1967,20,2,73.57,147.14
5964,1967,68,3,43.9,131.7
5965,1967,116,3,70.9,212.7
5966,1968,91,2,44.11,88.22
5967,1969,106,2,8.24,16.48
5968,1969,112,1,76.42,76.42
5969,1969,62,3,17.45,52.35
5970,1969,6,4,11.99,47.96
5971,1969,77,2,107.96,215.92
5972,1970,15,3,119.81,359.43
5973,1970,31,2,8.12,16.24
5974,1970,32,1,74.32,74.32
5975,1970,57,3,32.12,96.36
5976,1971,26,4,13.11,52.44
5977,1971,53,3,42.75,128.25
5978,1972,18,1,81.91,81.91
5979,1972,52,4,90.44,361.76
5980,1972,19,4,87.71,350.84
5981,1972,15,1,3.9,3.9
5982,1973,99,1,116.66,116.66
5983,1974,104,2,116.71,233.42
5984,1974,47,2,70.2,140.4
5985,1975,90,3,116.29,348.87
5986,1975,112,4,41.71,166.84
5987,1975,105,1,107.88,107.88
5988,1975,75,3,25.04,75.12
5989,1975,111,1,85.63,85.63
5990,1976,101,3,76.49,229.47
5991,1976,88,3,89.49,268.47
5992,1976,74,1,19.69,19.69
5993,1976,5,3,11.05,33.15
5994,1976,100,1,40.79,40.79
5995,1977,37,4,93.64,374.56
5996,1977,93,2,29.24,58.48
5997,1978,25,4,84.97,339.88
5998,1978,7,1,70.58,70.58
5999,1978,70,3,16.98,50.94
6000,1979,101,4,4.25,17.0
6001,1980,22,2,103.93,207.86
6002,1980,118,4,13.83,55.32
6003,1980,83,3,47.54,142.62
6004,1980,14,4,47.3,189.2
6005,1980,57,3,7.31,21.93
6006,1981,98,1,117.78,117.78
6007,1982,25,2,86.94,173.88
6008,1982,10,4,71.9,287.6
6009,1982,114,4,36.64,146.56
6010,1982,64,1,63.74,63.74
6011,1982,92,3,87.55,262.65
6012,1983,106,2,117.56,235.12
6013,1983,43,2,111.97,223.94
6014,1983,48,4,5.51,22.04
6015,1984,61,3,52.77,158.31
6016,1985,98,2,117.45,234.9
6017,1986,95,1,6.09,6.09
6018,1987,109,1,98.31,98.31
6019,1987,9,4,8.73,34.92
6020,1987,112,2,119.38,238.76
6021,1988,60,4,99.32,397.28
6022,1988,109,4,94.83,379.32
6023,1988,11,3,81.51,244.53
6024,1988,60,2,84.63,169.26
6025,1988,65,2,106.07,212.14
6026,1989,40,4,6.3,25.2
6027,1989,63,4,26.67,106.68
6028,1989,41,3,48.67,146.01
6029,1989,103,1,118.89,118.89
6030,1990,120,4,96.26,385.04
6031,1990,94,2,44.15,88.3
6032,1990,7,4,44.76,179.04
6033,1990,55,4,90.4,361.6
6034,1990,113,4,77.76,311.04
6035,1991,34,4,113.43,453.72
6036,1991,37,4,55.78,223.12
6037,1991,31,3,104.01,312.03
6038,1991,79,3,79.59,238.77
6039,1992,23,3,19.92,59.76
6040,1993,82,1,20.4,20.4
6041,1993,104,4,16.1,64.4
6042,1993,12,4,115.57,462.28
6043,1993,74,2,27.67,55.34
6044,1994,28,1,40.55,40.55
6045,1994,51,2,63.33,126.66
6046,1994,95,4,46.75,187.0
6047,1994,31,3,101.64,304.92
6048,1994,23,4,83.68,334.72
6049,1995,15,2,68.35,136.7
6050,1996,22,2,19.08,38.16
6051,1996,29,1,54.54,54.54
6052,1996,59,4,42.27,169.08
6053,1996,120,1,95.81,95.81
6054,1996,73,3,83.22,249.66
6055,1997,89,4,87.8,351.2
6056,1997,100,1,56.67,56.67
6057,1997,27,1,110.01,110.01
6058,1997,86,3,27.77,83.31
6059,1998,64,3,6.7,20.1
6060,1998,76,2,108.29,216.58
6061,1998,59,2,8.87,17.74
6062,1999,58,3,119.04,357.12
6063,1999,24,3,26.06,78.18
6064,1999,74,1,50.61,50.61
6065,2000,74,3,29.66,88.98
6066,2000,119,3,34.12,102.36
6067,2000,14,1,94.94,94.94
6068,2000,9,1,38.08,38.08
6069,2001,118,1,15.5,15.5
6070,2002,83,1,28.05,28.05
6071,2002,20,2,46.26,92.52
6072,2002,42,2,64.85,129.7
6073,2002,102,1,14.79,14.79
6074,2002,42,4,7.4,29.6
6075,2003,37,2,47.97,95.94
6076,2003,39,3,109.31,327.93
6077,2003,37,4,118.73,474.92
6078,2003,1,2,115.5,231.0
6079,2004,85,2,69.65,139.3
6080,2004,1,4,100.87,403.48
6081,2005,118,3,100.48,301.44
6082,2006,119,1,9.02,9.02
6083,2006,74,3,15.68,47.04
6084,2007,1,2,22.36,44.72
6085,2007,82,1,60.05,60.05
6086,2008,68,3,34.57,103.71
6087,2009,44,1,41.46,41.46
6088,2009,56,3,67.58,202.74
6089,2009,57,1,81.04,81.04
6090,2009,94,4,67.21,268.84
6091,2009,73,1,85.36,85.36
6092,2010,83,1,79.1,79.1
6093,2011,1,1,28.32,28.32
6094,2011,66,3,84.12,252.36
6095,2011,51,2,70.92,141.84
6096,2012,106,1,15.64,15.64
6097,2012,39,1,20.8,20.8
6098,2013,66,4,50.18,200.72
6099,2013,80,3,66.62,199.86
6100,2013,89,2,57.21,114.42
6101,2013,103,1,31.93,31.93
6102,2013,50,4,106.77,427.08
6103,2014,16,3,25.39,76.17
6104,2014,20,1,68.49,68.49
6105,2014,4,1,14.51,14.51
6106,2014,8,3,106.27,318.81
6107,2014,28,1,45.04,45.04
6108,2015,94,2,20.26,40.52
6109,2016,100,2,4.17,8.34
6110,2016,18,3,31.89,95.67
6111,2017,61,4,6.47,25.88
6112,2017,99,2,75.43,150.86
6113,2017,94,2,79.26,158.52
6114,2017,82,4,77.86,311.44
6115,2018,63,2,11.78,23.56
6116,2018,58,3,23.88,71.64
6117,2018,38,1,5.39,5.39
6118,2018,107,2,84.78,169.56
6119,2019,118,2,36.19,72.38
6120,2019,60,2,43.33,86.66
6121,2019,24,4,43.52,174.08
6122,2019,114,1,54.11,54.11
6123,2020,97,2,70.97,141.94
6124,2020,41,2,28.69,57.38
6125,2020,85,1,97.18,97.18
6126,2020,22,2,109.22,218.44
6127,2021,62,1,35.08,35.08
6128,2022,79,3,70.72,212.16
6129,2022,10,1,87.88,87.88
6130,2022,88,2,81.91,163.82
6131,2022,84,2,40.29,80.58
6132,2022,40,4,87.23,348.92
6133,2023,71,3,69.26,207.78
6134,2023,85,4,26.14,104.56
6135,2023,45,4,47.21,188.84
6136,2023,54,4,17.65,70.6
6137,2023,10,2,66.98,133.96
6138,2024,71,3,89.56,268.68
6139,2024,36,2,22.06,44.12
6140,2024,48,3,42.39,127.17
6141,2025,13,4,27.36,109.44
6142,2025,89,3,15.84,47.52
6143,2025,96,1,6.03,6.03
6144,2026,30,4,91.49,365.96
6145,2026,94,1,113.31,113.31
6146,2026,43,1,32.46,32.46
6147,2026,63,2,61.11,122.22
6148,2027,101,4,104.6,418.4
6149,2027,6,2,106.37,212.74
6150,2027,106,2,28.33,56.66
6151,2027,106,1,19.37,19.37
6152,2027,11,4,10.39,41.56
6153,2028,111,3,81.95,245.85
6154,2028,95,3,105.65,316.95
6155,2028,106,1,11.26,11.26
6156,2029,10,1,38.78,38.78
6157,2029,108,2,30.92,61.84
6158,2030,101,3,81.78,245.34
6159,2030,4,1,30.48,30.48
6160,2030,119,1,62.6,62.6
6161,2031,17,1,61.59,61.59
6162,2032,55,1,52.68,52.68
6163,2032,71,4,65.36,261.44
6164,2032,83,2,24.49,48.98
6165,2033,86,2,115.63,231.26
6166,2033,36,2,78.37,156.74
6167,2034,53,3,10.76,32.28
6168,2035,15,2,17.27,34.54
6169,2035,44,3,42.07,126.21
6170,2035,96,4,69.83,279.32
6171,2036,77,3,52.52,157.56
6172,2036,111,4,18.27,73.08
6173,2037,115,4,86.69,346.76
6174,2037,116,4,60.46,241.84
6175,2037,61,4,110.39,441.56
6176,2037,111,1,28.48,28.48
6177,2037,62,4,79.78,319.12
6178,2038,83,2,7.88,15.76
6179,2038,65,4,29.3,117.2
6180,2038,36,3,16.68,50.04
6181,2038,33,3,42.97,128.91
6182,2039,36,1,66.01,66.01
6183,2039,116,1,61.34,61.34
6184,2040,45,4,97.17,388.68
6185,2041,31,4,87.27,349.08
6186,2041,5,3,108.36,325.08
6187,2041,106,3,73.31,219.93
6188,2042,53,2,63.44,126.88
6189,2043,99,3,26.07,78.21
6190,2044,93,3,91.42,274.26
6191,2044,87,3,34.24,102.72
6192,2044,120,1,55.67,55.67
6193,2045,69,2,78.39,156.78
6194,2045,115,2,117.07,234.14
6195,2045,103,1,92.19,92.19
6196,2045,5,1,56.3,56.3
6197,2045,18,1,111.29,111.29
6198,2046,14,4,45.95,183.8
6199,2046,63,1,107.42,107.42
6200,2046,36,1,113.29,113.29
6201,2046,3,3,67.58,202.74
6202,2047,99,3,38.17,114.51
6203,2047,64,1,84.4,84.4
6204,2048,60,4,94.09,376.36
6205,2048,30,2,21.37,42.74
6206,2048,60,1,84.07,84.07
6207,2048,85,3,29.22,87.66
6208,2048,97,1,57.24,57.24
6209,2049,77,1,91.31,91.31
6210,2049,82,1,33.51,33.51
6211,2049,30,1,96.93,96.93
6212,2050,52,2,36.18,72.36
6213,2050,3,3,103.04,309.12
6214,2050,16,1,111.7,111.7
6215,2051,11,3,110.91,332.73
6216,2051,89,4,98.42,393.68
6217,2052,8,1,31.75,31.75
6218,2052,31,4,34.68,138.72
6219,2052,94,2,44.43,88.86
6220,2052,49,4,37.63,150.52
6221,2053,16,1,99.13,99.13
6222,2053,34,1,77.53,77.53
6223,2054,95,4,79.0,316.0
6224,2054,27,1,94.73,94.73
6225,2055,101,4,79.52,318.08
6226,2055,32,3,98.51,295.53
6227,2055,72,3,81.36,244.08
6228,2055,41,4,17.03,68.12
6229,2056,40,3,88.94,266.82
6230,2056,53,1,65.47,65.47
6231,2056,109,3,39.81,119.43
6232,2056,57,3,65.63,196.89
6233,2056,20,4,65.01,260.04
6234,2057,105,3,116.2,348.6
6235,2057,24,2,18.63,37.26
6236,2057,45,3,72.4,217.2
6237,2057,106,3,62.81,188.43
6238,2057,89,2,114.03,228.06
6239,2058,119,4,39.99,159.96
6240,2059,34,3,109.71,329.13
6241,2059,46,2,35.82,71.64
6242,2059,90,4,60.6,242.4
6243,2060,32,1,38.82,38.82
6244,2060,37,1,8.71,8.71
6245,2060,2,4,69.49,277.96
6246,2060,112,2,48.65,97.3
6247,2060,70,4,17.73,70.92
6248,2061,30,3,108.68,326.04
6249,2061,111,3,79.43,238.29
6250,2061,49,1,71.19,71.19
6251,2061,18,1,5.59,5.59
6252,2061,109,3,5.85,17.55
6253,2062,12,4,10.07,40.28
6254,2063,60,1,54.52,54.52
6255,2063,19,4,114.41,457.64
6256,2063,47,1,85.68,85.68
6257,2064,96,3,31.84,95.52
6258,2064,82,3,113.89,341.67
6259,2065,76,3,69.68,209.04
6260,2065,93,3,42.33,126.99
6261,2065,103,3,73.73,221.19
6262,2065,96,3,86.22,258.66
6263,2066,64,3,82.68,248.04
6264,2067,116,1,21.88,21.88
6265,2067,77,2,49.11,98.22
6266,2067,86,2,58.67,117.34
6267,2068,6,3,88.22,264.66
6268,2068,50,3,80.66,241.98
6269,2068,13,1,22.11,22.11
6270,2069,91,2,65.23,130.46
6271,2069,78,2,7.43,14.86
6272,2070,92,2,54.76,109.52
6273,2070,120,4,60.37,241.48
6274,2070,102,3,24.36,73.08
6275,2070,80,2,40.25,80.5
6276,2070,34,2,109.55,219.1
6277,2071,78,4,93.06,372.24
6278,2071,75,2,12.34,24.68
6279,2072,33,2,107.6,215.2
6280,2073,28,4,10.99,43.96
6281,2073,116,3,58.74,176.22
6282,2073,15,1,44.66,44.66
6283,2074,47,1,58.73,58.73
6284,2074,27,2,57.65,115.3
6285,2074,109,2,15.34,30.68
6286,2074,17,4,118.7,474.8
6287,2074,114,3,113.14,339.42
6288,2075,78,1,64.48,64.48
6289,2075,53,1,3.03,3.03
6290,2075,8,4,20.64,82.56
6291,2076,45,2,31.7,63.4
6292,2076,83,3,69.72,209.16
6293,2076,99,1,18.37,18.37
6294,2077,15,4,45.21,180.84
6295,2077,102,1,26.13,26.13
6296,2077,26,1,98.83,98.83
6297,2078,9,4,42.34,169.36
6298,2078,22,3,17.25,51.75
6299,2078,29,1,8.51,8.51
6300,2079,42,3,82.88,248.64
6301,2079,44,1,71.76,71.76
6302,2079,74,1,38.53,38.53
6303,2079,6,3,75.38,226.14
6304,2080,23,4,114.79,459.16
6305,2080,14,1,36.7,36.7
6306,2080,89,2,7.61,15.22
6307,2080,102,2,79.2,158.4
6308,2081,14,4,105.58,422.32
6309,2081,34,2,111.7,223.4
6310,2082,58,3,116.33,348.99
6311,2082,57,4,68.95,275.8
6312,2082,95,3,65.35,196.05
6313,2082,58,3,75.61,226.83
6314,2083,38,1,61.97,61.97
6315,2083,80,2,79.41,158.82
6316,2083,58,3,28.35,85.05
6317,2083,61,1,11.48,11.48
6318,2084,67,2,111.38,222.76
6319,2084,34,2,118.43,236.86
6320,2084,57,1,34.64,34.64
6321,2084,1,3,7.6,22.8
6322,2084,81,2,48.51,97.02
6323,2085,116,2,91.55,183.1
6324,2085,107,2,81.18,162.36
6325,2085,93,2,57.95,115.9
6326,2085,27,3,93.83,281.49
6327,2086,1,1,67.65,67.65
6328,2086,44,4,80.19,320.76
6329,2087,100,4,47.54,190.16
6330,2087,1,1,105.43,105.43
6331,2087,43,4,97.91,391.64
6332,2088,10,2,99.15,198.3
6333,2088,52,3,79.55,238.65
6334,2088,17,3,53.74,161.22
6335,2089,95,4,96.75,387.0
6336,2090,32,4,6.67,26.68
6337,2090,7,3,88.79,266.37
6338,2091,85,4,30.89,123.56
6339,2092,107,1,89.47,89.47
6340,2092,33,3,100.5,301.5
6341,2092,56,4,17.27,69.08
6342,2093,47,2,76.45,152.9
6343,2093,33,1,87.92,87.92
6344,2093,78,4,23.26,93.04
6345,2093,27,3,83.27,249.81
6346,2093,23,1,77.06,77.06
6347,2094,16,3,68.89,206.67
6348,2094,4,1,56.94,56.94
6349,2095,66,3,110.99,332.97
6350,2095,45,4,56.05,224.2
6351,2095,102,4,11.32,45.28
6352,2096,38,3,51.87,155.61
6353,2097,48,4,79.39,317.56
6354,2097,63,4,90.96,363.84
6355,2097,52,3,98.52,295.56
6356,2098,17,1,61.52,61.52
6357,2098,95,3,102.43,307.29
6358,2098,18,4,39.37,157.48
6359,2099,68,2,72.41,144.82
6360,2099,65,4,119.54,478.16
6361,2099,60,3,37.99,113.97
6362,2099,36,2,22.49,44.98
6363,2100,106,4,94.69,378.76
6364,2100,30,4,94.86,379.44
6365,2100,36,1,10.22,10.22
6366,2100,103,4,19.34,77.36
6367,2100,54,4,26.65,106.6
6368,2101,70,2,119.98,239.96
6369,2102,103,3,81.22,243.66
6370,2103,18,3,44.59,133.77
6371,2103,73,4,15.21,60.84
6372,2103,10,3,25.56,76.68
6373,2104,74,2,79.07,158.14
6374,2104,59,1,79.84,79.84
6375,2104,43,3,116.36,349.08
6376,2104,55,4,116.89,467.56
6377,2105,56,3,10.99,32.97
6378,2105,84,2,41.26,82.52
6379,2105,88,4,108.76,435.04
6380,2105,89,1,73.2,73.2
6381,2105,96,1,93.66,93.66
6382,2106,76,2,49.02,98.04
6383,2106,114,3,19.07,57.21
6384,2107,73,1,13.58,13.58
6385,2107,113,1,18.34,18.34
6386,2107,120,4,98.14,392.56
6387,2107,78,1,82.52,82.52
6388,2108,118,2,17.53,35.06
6389,2109,22,3,98.41,295.23
6390,2109,93,3,51.8,155.4
6391,2109,24,2,7.17,14.34
6392,2109,51,3,52.73,158.19
6393,2110,25,2,47.84,95.68
6394,2110,42,2,81.81,163.62
6395,2110,12,3,4.7,14.1
6396,2111,87,3,107.59,322.77
6397,2112,48,1,91.92,91.92
6398,2112,96,2,89.29,178.58
6399,2112,32,2,63.31,126.62
6400,2113,12,1,109.15,109.15
6401,2113,2,4,59.65,238.6
6402,2114,97,4,58.54,234.16
6403,2114,83,2,60.27,120.54
6404,2115,29,3,40.5,121.5
6405,2115,72,1,36.71,36.71
6406,2115,13,2,109.37,218.74
6407,2115,53,4,15.37,61.48
6408,2116,23,4,85.81,343.24
6409,2116,107,2,115.52,231.04
6410,2116,45,1,112.25,112.25
6411,2117,21,4,75.39,301.56
6412,2117,95,3,62.0,186.0
6413,2117,115,3,98.05,294.15
6414,2117,61,2,28.18,56.36
6415,2118,89,1,20.32,20.32
6416,2119,37,2,12.86,25.72
6417,2120,110,3,72.97,218.91
6418,2120,6,1,86.91,86.91
6419,2120,107,3,25.18,75.54
6420,2120,33,2,48.9,97.8
6421,2121,76,1,32.59,32.59
6422,2121,21,1,76.89,76.89
6423,2121,60,2,22.32,44.64
6424,2121,114,4,49.56,198.24
6425,2122,118,3,81.23,243.69
6426,2122,14,1,73.39,73.39
6427,2122,28,2,66.23,132.46
6428,2122,48,2,7.62,15.24
6429,2123,44,4,78.51,314.04
6430,2123,61,4,106.51,426.04
6431,2124,60,1,31.24,31.24
6432,2124,36,4,77.61,310.44
6433,2124,29,2,86.27,172.54
6434,2125,106,1,42.1,42.1
6435,2125,96,4,88.98,355.92
6436,2125,43,1,57.47,57.47
6437,2126,51,4,45.0,180.0
6438,2126,105,3,109.83,329.49
6439,2126,53,3,95.32,285.96
6440,2126,2,1,94.92,94.92
6441,2127,108,4,89.2,356.8
6442,2127,67,3,77.58,232.74
6443,2127,12,1,68.98,68.98
6444,2127,24,2,41.15,82.3
6445,2127,94,3,42.61,127.83
6446,2128,63,4,51.35,205.4
6447,2128,35,1,36.31,36.31
6448,2129,20,2,72.07,144.14
6449,2129,19,1,4.89,4.89
6450,2129,100,2,45.32,90.64
6451,2129,97,2,39.43,78.86
6452,2130,73,4,108.04,432.16
6453,2130,72,3,5.99,17.97
6454,2130,104,4,82.19,328.76
6455,2131,85,3,90.93,272.79
6456,2131,52,4,83.38,333.52
6457,2132,49,3,83.48,250.44
6458,2132,29,4,111.73,446.92
6459,2132,105,1,82.56,82.56
6460,2132,73,3,27.61,82.83
6461,2133,42,3,70.78,212.34
6462,2133,43,4,22.32,89.28
6463,2133,62,2,47.11,94.22
6464,2133,73,2,27.65,55.3
6465,2133,117,2,41.31,82.62
6466,2134,118,2,58.41,116.82
6467,2134,8,3,57.7,173.1
6468,2134,25,2,32.64,65.28
6469,2134,33,4,51.69,206.76
6470,2135,70,1,117.7,117.7
6471,2136,61,2,34.81,69.62
6472,2136,33,3,107.07,321.21
6473,2136,97,2,82.58,165.16
6474,2136,102,3,12.76,38.28
6475,2136,55,3,51.8,155.4
6476,2137,112,1,66.7,66.7
6477,2137,70,1,17.19,17.19
6478,2138,64,4,73.49,293.96
6479,2138,101,2,76.9,153.8
6480,2139,10,4,28.16,112.64
6481,2140,47,2,28.3,56.6
6482,2141,76,2,12.31,24.62
6483,2142,5,1,24.4,24.4
6484,2142,45,1,108.02,108.02
6485,2143,1,1,83.76,83.76
6486,2144,106,2,112.86,225.72
6487,2144,109,3,64.96,194.88
6488,2145,117,1,39.58,39.58
6489,2145,93,4,38.62,154.48
6490,2145,80,1,16.29,16.29
6491,2146,116,1,101.72,101.72
6492,2146,7,1,75.92,75.92
6493,2147,83,1,23.91,23.91
6494,2147,27,2,16.25,32.5
6495,2147,86,1,5.93,5.93
6496,2147,111,2,23.82,47.64
6497,2147,90,1,66.93,66.93
6498,2148,114,2,13.33,26.66
6499,2149,22,4,60.81,243.24
6500,2149,4,1,90.67,90.67
6501,2150,102,4,89.21,356.84
6502,2150,77,1,24.0,24.0
6503,2150,13,3,25.09,75.27
6504,2150,51,3,91.22,273.66
6505,2151,11,4,83.24,332.96
6506,2151,120,3,27.42,82.26
6507,2151,110,1,36.1,36.1
6508,2152,8,3,6.21,18.63
6509,2153,53,4,55.25,221.0
6510,2153,30,4,61.99,247.96
6511,2153,56,4,74.37,297.48
6512,2154,35,3,100.2,300.6
6513,2154,44,2,40.67,81.34
6514,2154,92,1,12.85,12.85
6515,2154,116,2,54.7,109.4
6516,2155,16,2,18.26,36.52
6517,2156,115,2,102.43,204.86
6518,2156,69,1,11.54,11.54
6519,2156,80,1,45.57,45.57
6520,2156,23,3,7.85,23.55
6521,2157,103,1,87.12,87.12
6522,2157,59,1,81.19,81.19
6523,2157,35,3,112.88,338.64
6524,2157,110,4,69.31,277.24
6525,2158,107,1,55.4,55.4
6526,2158,85,1,39.02,39.02
6527,2158,39,1,112.98,112.98
6528,2159,106,3,84.75,254.25
6529,2159,64,4,57.37,229.48
6530,2159,54,1,71.38,71.38
6531,2160,20,1,55.63,55.63
6532,2160,40,3,11.79,35.37
6533,2160,116,4,104.79,419.16
6534,2160,60,1,18.09,18.09
6535,2160,20,2,67.95,135.9
6536,2161,85,2,40.74,81.48
6537,2161,25,2,9.94,19.88
6538,2161,118,3,77.42,232.26
6539,2161,83,2,65.26,130.52
6540,2162,59,2,75.47,150.94
6541,2162,113,2,28.15,56.3
6542,2163,4,2,70.31,140.62
6543,2163,52,4,25.87,103.48
6544,2163,78,3,92.6,277.8
6545,2164,41,4,96.14,384.56
6546,2164,45,2,86.08,172.16
6547,2165,61,2,42.02,84.04
6548,2165,111,2,100.16,200.32
6549,2166,32,3,94.21,282.63
6550,2166,15,3,83.87,251.61
6551,2167,23,4,27.78,111.12
6552,2167,22,4,24.29,97.16
6553,2167,28,2,45.64,91.28
6554,2168,27,3,104.94,314.82
6555,2168,120,2,12.83,25.66
6556,2168,14,4,42.73,170.92
6557,2169,81,3,24.02,72.06
6558,2170,80,1,17.39,17.39
6559,2170,117,4,34.95,139.8
6560,2171,77,4,23.3,93.2
6561,2171,57,2,40.82,81.64
6562,2171,84,4,46.83,187.32
6563,2171,83,1,45.14,45.14
6564,2171,110,1,10.16,10.16
6565,2172,62,2,110.34,220.68
6566,2172,115,2,8.7,17.4
6567,2172,60,2,33.43,66.86
6568,2173,116,2,89.91,179.82
6569,2173,69,4,112.95,451.8
6570,2173,40,2,90.14,180.28
6571,2174,50,1,87.87,87.87
6572,2174,49,4,31.35,125.4
6573,2174,58,3,74.03,222.09
6574,2174,113,2,96.48,192.96
6575,2174,102,1,63.71,63.71
6576,2175,57,1,43.95,43.95
6577,2175,2,1,15.58,15.58
6578,2175,22,3,3.26,9.78
6579,2176,24,4,22.31,89.24
6580,2177,8,4,106.96,427.84
6581,2177,34,3,19.5,58.5
6582,2178,65,3,22.18,66.54
6583,2178,120,1,78.74,78.74
6584,2178,37,1,35.56,35.56
6585,2178,35,2,33.11,66.22
6586,2179,118,4,10.92,43.68
6587,2179,46,3,22.85,68.55
6588,2179,91,3,89.56,268.68
6589,2179,91,3,56.46,169.38
6590,2179,42,4,84.61,338.44
6591,2180,44,3,61.37,184.11
6592,2181,40,1,7.72,7.72
6593,2181,76,2,73.81,147.62
6594,2181,94,1,40.03,40.03
6595,2181,99,3,98.63,295.89
6596,2182,46,4,75.42,301.68
6597,2182,50,4,86.85,347.4
6598,2182,110,4,27.74,110.96
6599,2182,40,4,109.14,436.56
6600,2182,51,1,109.09,109.09
6601,2183,50,2,80.6,161.2
6602,2183,49,3,101.1,303.3
6603,2184,8,3,117.97,353.91
6604,2184,78,2,40.63,81.26
6605,2184,48,2,42.35,84.7
6606,2185,5,4,87.56,350.24
6607,2185,54,3,93.49,280.47
6608,2185,42,4,107.84,431.36
6609,2186,43,1,22.94,22.94
6610,2186,43,3,52.06,156.18
6611,2187,110,4,71.91,287.64
6612,2187,82,2,75.68,151.36
6613,2188,33,1,19.64,19.64
6614,2188,105,2,80.78,161.56
6615,2188,44,3,7.45,22.35
6616,2188,1,1,68.55,68.55
6617,2189,95,3,57.96,173.88
6618,2189,41,2,100.95,201.9
6619,2189,70,3,11.1,33.3
6620,2189,26,4,46.89,187.56
6621,2189,32,3,21.84,65.52
6622,2190,8,3,19.47,58.41
6623,2190,51,2,26.93,53.86
6624,2190,114,4,11.92,47.68
6625,2191,116,3,119.6,358.8
6626,2191,115,2,80.1,160.2
6627,2191,89,1,36.56,36.56
6628,2191,92,1,59.27,59.27
6629,2192,8,3,37.15,111.45
6630,2192,12,3,32.23,96.69
6631,2193,12,2,58.13,116.26
6632,2193,71,1,88.55,88.55
6633,2194,64,4,94.63,378.52
6634,2194,59,2,102.84,205.68
6635,2194,44,4,47.16,188.64
6636,2194,46,3,37.96,113.88
6637,2195,26,3,93.27,279.81
6638,2195,93,1,15.62,15.62
6639,2195,7,2,47.67,95.34
6640,2196,25,2,25.07,50.14
6641,2196,113,1,27.08,27.08
6642,2197,60,1,19.76,19.76
6643,2198,41,1,90.32,90.32
6644,2199,37,2,88.97,177.94
6645,2199,33,2,56.02,112.04
6646,2199,113,4,32.16,128.64
6647,2199,23,3,9.28,27.84
6648,2200,95,3,62.35,187.05
6649,2200,27,4,57.07,228.28
6650,2201,78,1,72.23,72.23
6651,2201,114,3,100.13,300.39
6652,2201,46,1,47.94,47.94
6653,2201,93,3,76.12,228.36
6654,2201,9,3,39.69,119.07
6655,2202,1,1,33.17,33.17
6656,2202,48,2,38.47,76.94
6657,2202,20,4,60.98,243.92
6658,2202,47,3,32.91,98.73
6659,2202,114,1,95.13,95.13
6660,2203,115,3,46.96,140.88
6661,2204,96,2,109.19,218.38
6662,2205,107,4,31.23,124.92
6663,2206,2,4,71.73,286.92
6664,2206,17,1,48.08,48.08
6665,2206,35,3,59.33,177.99
6666,2207,112,2,91.95,183.9
6667,2207,97,4,60.32,241.28
6668,2208,120,1,43.66,43.66
6669,2208,96,4,15.85,63.4
6670,2208,42,3,100.79,302.37
6671,2208,87,4,12.47,49.88
6672,2208,54,4,68.48,273.92
6673,2209,33,4,77.79,311.16
6674,2209,44,3,39.69,119.07
6675,2209,90,4,16.64,66.56
6676,2209,117,1,28.63,28.63
6677,2210,66,2,46.66,93.32
6678,2211,58,3,68.29,204.87
6679,2211,98,4,70.83,283.32
6680,2211,71,3,64.49,193.47
6681,2211,74,4,89.52,358.08
6682,2211,11,4,111.78,447.12
6683,2212,113,2,24.11,48.22
6684,2212,45,1,52.37,52.37
6685,2212,18,2,3.51,7.02
6686,2212,16,2,59.47,118.94
6687,2212,52,1,15.94,15.94
6688,2213,32,4,119.55,478.2
6689,2213,84,1,100.91,100.91
6690,2213,47,3,29.47,88.41
6691,2213,50,1,52.15,52.15
6692,2214,63,4,46.72,186.88
6693,2214,80,3,22.45,67.35
6694,2214,78,3,96.65,289.95
6695,2215,61,2,5.16,10.32
6696,2215,97,2,39.1,78.2
6697,2216,17,2,95.08,190.16
6698,2216,108,4,12.46,49.84
6699,2216,72,2,4.51,9.02
6700,2217,43,4,116.09,464.36
6701,2217,85,1,68.78,68.78
6702,2217,26,1,86.09,86.09
6703,2217,13,2,61.79,123.58
6704,2217,11,4,59.68,238.72
6705,2218,39,4,23.5,94.0
6706,2218,10,2,21.53,43.06
6707,2218,109,3,71.04,213.12
6708,2218,36,3,4.19,12.57
6709,2218,26,4,74.5,298.0
6710,2219,86,1,80.24,80.24
6711,2219,20,3,89.54,268.62
6712,2220,81,3,8.55,25.65
6713,2220,104,2,9.38,18.76
6714,2220,52,4,67.99,271.96
6715,2220,59,1,17.72,17.72
6716,2220,110,4,41.58,166.32
6717,2221,103,2,62.4,124.8
6718,2221,116,2,109.39,218.78
6719,2222,12,2,49.8,99.6
6720,2222,11,4,103.28,413.12
6721,2222,57,4,101.18,404.72
6722,2222,18,2,115.18,230.36
6723,2222,91,4,15.7,62.8
6724,2223,114,2,68.84,137.68
6725,2224,95,3,56.59,169.77
6726,2224,107,4,104.02,416.08
6727,2224,10,2,110.47,220.94
6728,2225,91,1,84.6,84.6
6729,2226,90,3,115.24,345.72
6730,2226,97,2,47.88,95.76
6731,2226,2,1,70.76,70.76
6732,2226,37,1,21.05,21.05
6733,2226,59,1,51.56,51.56
6734,2227,6,4,18.89,75.56
6735,2227,86,2,6.4,12.8
6736,2227,110,2,111.39,222.78
6737,2227,92,2,67.42,134.84
6738,2227,71,1,113.39,113.39
6739,2228,57,2,113.48,226.96
6740,2228,26,4,29.15,116.6
6741,2229,82,1,70.78,70.78
6742,2229,90,1,43.66,43.66
6743,2229,85,3,60.37,181.11
6744,2229,37,2,71.91,143.82
6745,2230,10,4,32.4,129.6
6746,2230,77,1,72.07,72.07
6747,2231,92,1,91.34,91.34
6748,2231,67,4,65.45,261.8
6749,2232,108,4,17.95,71.8
6750,2232,35,4,93.95,375.8
6751,2232,115,1,83.31,83.31
6752,2232,73,3,63.33,189.99
6753,2233,99,1,7.78,7.78
6754,2233,10,1,116.04,116.04
6755,2233,119,1,55.74,55.74
6756,2233,67,3,33.14,99.42
6757,2234,97,2,98.97,197.94
6758,2234,82,1,67.87,67.87
6759,2234,36,1,27.65,27.65
6760,2234,74,3,113.72,341.16
6761,2235,38,2,112.1,224.2
6762,2235,70,3,79.61,238.83
6763,2235,91,2,44.94,89.88
6764,2236,39,1,70.61,70.61
6765,2236,22,3,10.38,31.14
6766,2236,24,3,69.07,207.21
6767,2236,80,1,88.26,88.26
6768,2236,30,2,31.89,63.78
6769,2237,107,2,101.46,202.92
6770,2237,68,3,107.86,323.58
6771,2237,108,1,107.63,107.63
6772,2237,100,3,4.95,14.85
6773,2238,38,2,5.5,11.0
6774,2238,13,2,50.67,101.34
6775,2238,21,2,77.14,154.28
6776,2239,61,1,43.75,43.75
6777,2240,10,4,62.59,250.36
6778,2241,18,2,92.3,184.6
6779,2241,112,2,9.91,19.82
6780,2241,20,4,40.39,161.56
6781,2241,57,3,6.92,20.76
6782,2241,65,2,30.87,61.74
6783,2242,77,2,34.16,68.32
6784,2243,119,4,35.97,143.88
6785,2243,108,4,58.77,235.08
6786,2244,98,2,44.59,89.18
6787,2244,93,3,116.79,350.37
6788,2244,39,2,118.02,236.04
6789,2245,47,1,92.14,92.14
6790,2245,14,1,39.82,39.82
6791,2245,56,4,107.5,430.0
6792,2245,101,2,66.58,133.16
6793,2245,45,1,40.41,40.41
6794,2246,2,2,61.97,123.94
6795,2246,27,1,103.56,103.56
6796,2246,29,3,53.77,161.31
6797,2246,90,1,23.76,23.76
6798,2246,63,3,62.57,187.71
6799,2247,26,2,102.93,205.86
6800,2247,100,2,31.57,63.14
6801,2247,80,3,19.19,57.57
6802,2247,99,3,55.89,167.67
6803,2248,52,2,65.64,131.28
6804,2248,1,2,97.08,194.16
6805,2249,92,4,70.86,283.44
6806,2249,60,3,59.32,177.96
6807,2250,45,3,57.94,173.82
6808,2250,97,4,91.0,364.0
6809,2250,89,2,51.35,102.7
6810,2250,13,2,110.41,220.82
6811,2250,102,2,23.93,47.86
6812,2251,18,1,104.44,104.44
6813,2251,98,4,24.7,98.8
6814,2252,44,3,35.55,106.65
6815,2252,108,2,40.24,80.48
6816,2252,115,2,13.01,26.02
6817,2253,65,2,53.44,106.88
6818,2253,25,3,81.13,243.39
6819,2254,107,4,79.55,318.2
6820,2254,12,2,20.29,40.58
6821,2254,95,3,9.98,29.94
6822,2254,54,2,102.5,205.0
6823,2255,7,2,27.68,55.36
6824,2255,74,2,102.57,205.14
6825,2255,70,4,23.72,94.88
6826,2255,77,3,49.22,147.66
6827,2256,50,1,15.07,15.07
6828,2256,21,4,116.19,464.76
6829,2256,20,1,30.57,30.57
6830,2257,37,1,76.91,76.91
6831,2257,56,2,32.73,65.46
6832,2257,84,2,103.44,206.88
6833,2257,88,1,29.76,29.76
6834,2258,68,3,45.45,136.35
6835,2258,41,3,11.47,34.41
6836,2259,20,2,107.72,215.44
6837,2259,46,1,92.37,92.37
6838,2259,14,1,62.84,62.84
6839,2259,68,4,12.34,49.36
6840,2260,115,1,37.65,37.65
6841,2260,76,1,77.55,77.55
6842,2260,57,3,74.66,223.98
6843,2260,43,2,62.8,125.6
6844,2261,36,1,115.84,115.84
6845,2261,54,4,76.3,305.2
6846,2261,70,3,40.38,121.14
6847,2262,112,2,109.61,219.22
6848,2263,109,1,56.93,56.93
6849,2263,103,1,78.14,78.14
6850,2263,2,4,91.45,365.8
6851,2264,82,1,101.34,101.34
6852,2264,56,4,14.03,56.12
6853,2264,70,3,30.38,91.14
6854,2265,98,3,44.75,134.25
6855,2265,95,1,22.97,22.97
6856,2265,118,2,37.25,74.5
6857,2265,98,2,21.32,42.64
6858,2265,106,2,62.39,124.78
6859,2266,18,1,101.83,101.83
6860,2266,112,4,67.06,268.24
6861,2266,16,2,51.8,103.6
6862,2267,92,2,35.59,71.18
6863,2267,118,1,30.11,30.11
6864,2268,63,3,73.24,219.72
6865,2268,105,2,95.23,190.46
6866,2269,62,4,44.51,178.04
6867,2269,27,3,21.06,63.18
6868,2270,53,3,99.07,297.21
6869,2270,37,4,79.68,318.72
6870,2270,107,2,72.12,144.24
6871,2270,6,3,98.02,294.06
6872,2270,43,1,91.21,91.21
6873,2271,16,2,109.62,219.24
6874,2271,60,4,22.94,91.76
6875,2271,8,1,59.55,59.55
6876,2272,16,4,112.94,451.76
6877,2272,110,1,6.46,6.46
6878,2272,91,3,44.72,134.16
6879,2272,68,3,110.1,330.3
6880,2273,77,4,50.37,201.48
6881,2273,1,4,18.81,75.24
6882,2273,51,4,88.36,353.44
6883,2274,25,4,63.46,253.84
6884,2275,81,3,3.56,10.68
6885,2275,28,2,93.52,187.04
6886,2275,15,4,5.13,20.52
6887,2275,51,3,59.53,178.59
6888,2275,57,3,18.49,55.47
6889,2276,26,4,57.98,231.92
6890,2276,9,4,39.87,159.48
6891,2276,34,1,32.07,32.07
6892,2276,32,4,48.1,192.4
6893,2277,27,3,31.12,93.36
6894,2278,104,4,105.92,423.68
6895,2278,38,1,13.88,13.88
6896,2278,33,4,100.78,403.12
6897,2278,39,4,117.46,469.84
6898,2278,35,4,26.6,106.4
6899,2279,59,1,73.57,73.57
6900,2279,47,4,117.27,469.08
6901,2279,44,4,113.66,454.64
6902,2279,30,4,14.01,56.04
6903,2280,116,1,110.93,110.93
6904,2280,67,1,37.32,37.32
6905,2280,15,4,116.07,464.28
6906,2280,41,4,76.11,304.44
6907,2280,36,2,6.71,13.42
6908,2281,103,1,82.26,82.26
6909,2281,55,1,48.3,48.3
6910,2281,65,4,24.18,96.72
6911,2281,53,2,39.06,78.12
6912,2282,58,1,113.08,113.08
6913,2282,50,3,97.68,293.04
6914,2282,89,2,67.26,134.52
6915,2282,9,2,101.4,202.8
6916,2283,66,3,109.68,329.04
6917,2283,22,3,70.56,211.68
6918,2283,87,1,76.07,76.07
6919,2283,52,1,77.67,77.67
6920,2283,38,1,87.13,87.13
6921,2284,91,3,28.1,84.3
6922,2285,56,3,32.87,98.61
6923,2286,5,4,46.24,184.96
6924,2286,6,2,30.9,61.8
6925,2286,111,1,8.96,8.96
6926,2287,95,2,23.65,47.3
6927,2287,72,3,90.65,271.95
6928,2287,40,2,56.05,112.1
6929,2287,27,3,33.26,99.78
6930,2287,76,4,70.36,281.44
6931,2288,62,2,98.06,196.12
6932,2288,53,3,119.04,357.12
6933,2288,58,3,62.52,187.56
6934,2288,107,4,100.85,403.4
6935,2288,90,2,114.71,229.42
6936,2289,46,1,96.14,96.14
6937,2289,89,4,56.77,227.08
6938,2290,119,2,84.97,169.94
6939,2290,33,1,115.67,115.67
6940,2290,21,3,47.11,141.33
6941,2291,109,4,57.39,229.56
6942,2291,19,4,93.84,375.36
6943,2291,1,4,15.93,63.72
6944,2291,20,4,70.35,281.4
6945,2292,53,3,23.88,71.64
6946,2293,66,1,59.99,59.99
6947,2293,93,4,57.04,228.16
6948,2294,32,1,49.36,49.36
6949,2294,30,1,40.27,40.27
6950,2294,40,4,34.91,139.64
6951,2295,21,1,82.8,82.8
6952,2295,56,1,48.72,48.72
6953,2295,117,1,40.47,40.47
6954,2295,102,3,6.84,20.52
6955,2295,105,2,48.97,97.94
6956,2296,20,1,98.42,98.42
6957,2296,92,4,47.91,191.64
6958,2297,36,2,76.38,152.76
6959,2297,84,1,83.92,83.92
6960,2298,96,4,109.88,439.52
6961,2298,60,1,45.79,45.79
6962,2298,114,1,31.05,31.05
6963,2298,67,1,114.57,114.57
6964,2298,58,2,24.85,49.7
6965,2299,107,3,18.61,55.83
6966,2299,15,3,16.94,50.82
6967,2299,57,1,119.17,119.17
6968,2300,72,4,65.2,260.8
6969,2301,108,4,79.73,318.92
6970,2301,120,3,68.67,206.01
6971,2301,77,2,105.29,210.58
6972,2301,32,3,53.41,160.23
6973,2301,5,4,78.83,315.32
6974,2302,112,4,84.29,337.16
6975,2302,47,1,104.32,104.32
6976,2302,26,4,105.67,422.68
6977,2302,33,3,28.49,85.47
6978,2302,107,2,56.16,112.32
6979,2303,80,4,52.5,210.0
6980,2304,10,3,20.4,61.2
6981,2304,90,4,93.09,372.36
6982,2304,32,2,98.05,196.1
6983,2304,17,3,108.64,325.92
6984,2305,89,1,22.64,22.64
6985,2305,93,4,11.46,45.84
6986,2305,72,3,8.1,24.3
6987,2305,108,3,31.81,95.43
6988,2305,99,3,67.79,203.37
6989,2306,32,1,88.16,88.16
6990,2306,67,1,40.86,40.86
6991,2306,70,1,41.57,41.57
6992,2306,84,1,66.94,66.94
6993,2306,35,1,25.53,25.53
6994,2307,44,4,117.77,471.08
6995,2308,76,1,77.27,77.27
6996,2308,14,2,119.96,239.92
6997,2308,13,4,85.09,340.36
6998,2308,73,3,51.91,155.73
6999,2308,114,2,115.41,230.82
7000,2309,65,1,20.44,20.44
7001,2309,88,3,69.22,207.66
7002,2310,75,3,73.06,219.18
7003,2310,109,2,48.49,96.98
7004,2310,111,2,3.06,6.12
7005,2311,98,4,48.72,194.88
7006,2312,45,1,38.48,38.48
7007,2312,119,4,37.01,148.04
7008,2312,13,4,34.67,138.68
7009,2312,6,4,19.87,79.48
7010,2312,93,3,25.23,75.69
7011,2313,118,4,48.11,192.44
7012,2313,13,2,51.35,102.7
7013,2313,115,2,81.33,162.66
7014,2313,73,3,98.32,294.96
7015,2313,120,3,60.33,180.99
7016,2314,26,2,39.54,79.08
7017,2314,5,2,46.17,92.34
7018,2314,82,3,101.33,303.99
7019,2314,87,4,63.25,253.0
7020,2314,46,1,71.97,71.97
7021,2315,54,2,114.37,228.74
7022,2315,56,2,19.25,38.5
7023,2315,54,2,12.7,25.4
7024,2315,23,4,42.83,171.32
7025,2315,116,3,17.36,52.08
7026,2316,106,1,21.84,21.84
7027,2316,101,2,107.6,215.2
7028,2316,3,1,103.72,103.72
7029,2316,64,1,82.32,82.32
7030,2316,4,4,18.2,72.8
7031,2317,59,2,93.9,187.8
7032,2317,86,2,35.48,70.96
7033,2317,113,3,84.49,253.47
7034,2318,56,4,116.06,464.24
7035,2318,110,1,106.95,106.95
7036,2318,55,4,115.29,461.16
7037,2318,33,4,59.4,237.6
7038,2318,82,2,90.89,181.78
7039,2319,33,2,89.78,179.56
7040,2319,109,2,49.13,98.26
7041,2319,102,1,78.16,78.16
7042,2319,58,4,86.25,345.0
7043,2319,101,3,78.39,235.17
7044,2320,17,2,33.85,67.7
7045,2320,47,4,58.8,235.2
7046,2320,99,2,56.35,112.7
7047,2320,33,3,55.17,165.51
7048,2320,44,1,22.29,22.29
7049,2321,68,3,53.54,160.62
7050,2321,5,2,86.18,172.36
7051,2321,25,2,71.14,142.28
7052,2322,98,3,57.07,171.21
7053,2323,97,4,9.55,38.2
7054,2323,50,2,82.85,165.7
7055,2323,23,3,31.24,93.72
7056,2323,83,1,20.57,20.57
7057,2324,76,3,51.15,153.45
7058,2324,57,4,64.46,257.84
7059,2324,102,1,63.82,63.82
7060,2324,98,4,28.18,112.72
7061,2325,101,2,85.4,170.8
7062,2325,9,1,86.34,86.34
7063,2325,43,4,23.23,92.92
7064,2326,55,2,49.92,99.84
7065,2326,26,4,106.35,425.4
7066,2326,46,3,92.6,277.8
7067,2326,73,4,82.44,329.76
7068,2326,73,1,85.84,85.84
7069,2327,3,1,14.4,14.4
7070,2328,41,1,40.65,40.65
7071,2328,42,3,15.6,46.8
7072,2329,85,1,3.18,3.18
7073,2330,62,3,105.56,316.68
7074,2330,93,4,52.55,210.2
7075,2331,15,4,17.54,70.16
7076,2331,60,2,89.92,179.84
7077,2331,9,2,79.35,158.7
7078,2332,64,4,27.88,111.52
7079,2332,116,2,48.4,96.8
7080,2332,107,3,65.25,195.75
7081,2332,62,3,8.63,25.89
7082,2333,1,4,109.76,439.04
7083,2333,10,2,104.49,208.98
7084,2333,4,4,12.98,51.92
7085,2334,114,4,73.7,294.8
7086,2334,64,3,58.52,175.56
7087,2334,102,1,56.76,56.76
7088,2334,97,2,36.91,73.82
7089,2335,28,2,43.75,87.5
7090,2336,94,4,60.29,241.16
7091,2336,41,1,58.52,58.52
7092,2336,72,1,90.3,90.3
7093,2336,85,4,23.58,94.32
7094,2337,96,1,24.46,24.46
7095,2337,49,1,33.46,33.46
7096,2337,90,2,79.78,159.56
7097,2337,86,2,15.56,31.12
7098,2338,29,1,71.22,71.22
7099,2338,9,3,49.01,147.03
7100,2338,52,2,119.86,239.72
7101,2339,46,1,48.49,48.49
7102,2340,112,3,101.2,303.6
7103,2341,112,4,90.59,362.36
7104,2341,86,2,73.71,147.42
7105,2342,41,4,54.56,218.24
7106,2342,61,1,42.15,42.15
7107,2342,39,1,58.48,58.48
7108,2342,24,4,74.25,297.0
7109,2342,77,1,41.1,41.1
7110,2343,32,2,93.78,187.56
7111,2343,106,1,27.82,27.82
7112,2343,17,4,62.59,250.36
7113,2343,25,4,98.4,393.6
7114,2343,54,1,21.32,21.32
7115,2344,89,2,89.8,179.6
7116,2345,102,4,91.09,364.36
7117,2345,61,4,80.97,323.88
7118,2345,117,3,42.31,126.93
7119,2346,42,4,81.18,324.72
7120,2346,112,4,25.81,103.24
7121,2346,101,2,92.83,185.66
7122,2346,71,2,74.18,148.36
7123,2346,29,2,44.75,89.5
7124,2347,45,4,38.14,152.56
7125,2347,21,4,64.57,258.28
7126,2348,88,2,107.93,215.86
7127,2348,32,1,91.71,91.71
7128,2348,119,1,119.85,119.85
7129,2348,46,1,64.58,64.58
7130,2349,97,1,90.42,90.42
7131,2349,44,1,79.11,79.11
7132,2349,41,1,15.74,15.74
7133,2350,33,4,53.92,215.68
7134,2350,76,2,55.24,110.48
7135,2350,104,4,47.1,188.4
7136,2351,105,4,54.79,219.16
7137,2351,96,4,116.97,467.88
7138,2351,26,4,70.53,282.12
7139,2352,45,1,24.21,24.21
7140,2353,7,3,115.74,347.22
7141,2353,15,3,4.01,12.03
7142,2353,117,1,32.54,32.54
7143,2354,21,1,34.55,34.55
7144,2354,76,4,55.75,223.0
7145,2354,53,4,4.88,19.52
7146,2354,69,3,70.93,212.79
7147,2355,47,2,74.84,149.68
7148,2355,83,3,64.3,192.9
7149,2355,104,3,62.2,186.6
7150,2355,77,3,108.67,326.01
7151,2356,34,4,10.55,42.2
7152,2356,56,2,101.78,203.56
7153,2356,41,2,42.66,85.32
7154,2357,29,3,63.28,189.84
7155,2357,57,3,47.87,143.61
7156,2358,43,3,60.65,181.95
7157,2358,112,2,17.84,35.68
7158,2358,24,1,77.79,77.79
7159,2358,4,1,40.87,40.87
7160,2359,47,3,6.79,20.37
7161,2359,94,1,69.88,69.88
7162,2359,36,3,111.29,333.87
7163,2359,38,4,17.71,70.84
7164,2359,85,4,15.07,60.28
7165,2360,26,3,105.64,316.92
7166,2360,25,3,74.67,224.01
7167,2361,65,2,88.44,176.88
7168,2361,16,4,110.2,440.8
7169,2362,19,4,118.16,472.64
7170,2362,60,4,31.96,127.84
7171,2362,76,4,56.31,225.24
7172,2362,75,2,104.51,209.02
7173,2362,109,4,51.19,204.76
7174,2363,88,3,35.46,106.38
7175,2364,115,1,83.29,83.29
7176,2364,3,4,74.62,298.48
7177,2364,91,2,83.7,167.4
7178,2364,19,4,44.62,178.48
7179,2364,58,2,43.44,86.88
7180,2365,64,1,10.92,10.92
7181,2365,57,3,26.79,80.37
7182,2365,71,4,22.26,89.04
7183,2365,103,3,67.77,203.31
7184,2366,86,3,3.84,11.52
7185,2366,43,3,92.48,277.44
7186,2366,89,1,45.65,45.65
7187,2366,95,4,42.63,170.52
7188,2366,81,4,19.61,78.44
7189,2367,45,1,96.31,96.31
7190,2368,50,2,67.68,135.36
7191,2368,101,1,99.87,99.87
7192,2368,24,4,104.21,416.84
7193,2369,15,3,117.49,352.47
7194,2369,93,2,39.29,78.58
7195,2370,73,1,99.98,99.98
7196,2370,68,3,65.09,195.27
7197,2371,119,1,52.54,52.54
7198,2371,21,2,65.68,131.36
7199,2371,55,3,81.0,243.0
7200,2371,6,4,58.55,234.2
7201,2371,48,3,69.0,207.0
7202,2372,96,4,59.32,237.28
7203,2372,85,2,44.39,88.78
7204,2372,2,3,7.57,22.71
7205,2373,117,3,97.29,291.87
7206,2373,68,4,20.7,82.8
7207,2373,44,4,61.95,247.8
7208,2373,97,3,94.75,284.25
7209,2373,81,2,8.44,16.88
7210,2374,102,4,89.01,356.04
7211,2375,99,1,13.06,13.06
7212,2375,82,3,76.67,230.01
7213,2375,56,1,30.02,30.02
7214,2375,37,1,85.44,85.44
7215,2376,39,1,114.03,114.03
7216,2376,71,2,18.22,36.44
7217,2376,62,1,50.52,50.52
7218,2376,115,1,111.44,111.44
7219,2376,50,3,74.02,222.06
7220,2377,6,2,95.26,190.52
7221,2377,51,2,68.8,137.6
7222,2377,52,3,60.01,180.03
7223,2377,112,2,38.61,77.22
7224,2377,42,1,59.69,59.69
7225,2378,34,3,78.69,236.07
7226,2378,112,4,49.96,199.84
7227,2379,76,1,34.97,34.97
7228,2379,112,4,61.01,244.04
7229,2380,7,4,27.66,110.64
7230,2380,64,1,114.43,114.43
7231,2380,65,1,106.84,106.84
7232,2380,53,1,29.08,29.08
7233,2381,47,1,14.83,14.83
7234,2382,20,3,28.63,85.89
7235,2383,101,3,111.56,334.68
7236,2383,102,3,60.13,180.39
7237,2384,16,4,108.74,434.96
7238,2384,84,2,13.48,26.96
7239,2384,44,4,14.0,56.0
7240,2384,55,1,107.58,107.58
7241,2385,5,3,33.71,101.13
7242,2385,14,3,24.69,74.07
7243,2385,34,3,116.32,348.96
7244,2386,37,3,33.06,99.18
7245,2386,85,1,100.72,100.72
7246,2386,120,4,68.25,273.0
7247,2386,33,4,99.93,399.72
7248,2386,18,1,73.54,73.54
7249,2387,40,2,98.56,197.12
7250,2387,86,4,3.28,13.12
7251,2388,1,2,53.93,107.86
7252,2388,16,2,44.22,88.44
7253,2388,37,2,41.09,82.18
7254,2389,27,3,112.85,338.55
7255,2390,112,3,93.41,280.23
7256,2390,111,4,42.69,170.76
7257,2391,119,2,84.56,169.12
7258,2391,57,2,58.09,116.18
7259,2391,20,4,25.01,100.04
7260,2391,40,1,84.0,84.0
7261,2391,24,2,60.18,120.36
7262,2392,17,4,55.32,221.28
7263,2392,93,4,54.36,217.44
7264,2392,56,3,109.65,328.95
7265,2392,102,1,70.93,70.93
7266,2393,75,2,117.15,234.3
7267,2393,38,3,74.03,222.09
7268,2393,25,1,26.55,26.55
7269,2394,34,1,109.45,109.45
7270,2394,43,2,50.31,100.62
7271,2394,55,4,78.6,314.4
7272,2394,27,2,6.71,13.42
7273,2394,10,4,17.44,69.76
7274,2395,39,1,110.07,110.07
7275,2395,71,2,25.16,50.32
7276,2396,14,4,50.13,200.52
7277,2397,112,2,61.59,123.18
7278,2398,100,2,68.91,137.82
7279,2398,70,1,45.06,45.06
7280,2398,32,3,97.67,293.01
7281,2399,109,2,30.57,61.14
7282,2399,49,3,9.97,29.91
7283,2399,51,1,114.22,114.22
7284,2399,53,2,97.74,195.48
7285,2400,14,2,104.65,209.3
7286,2400,115,4,115.52,462.08
7287,2400,13,2,42.47,84.94
7288,2401,114,4,111.02,444.08
7289,2401,3,4,18.91,75.64
7290,2401,79,1,7.35,7.35
7291,2401,79,4,78.18,312.72
7292,2401,24,4,65.12,260.48
7293,2402,72,2,16.3,32.6
7294,2402,6,4,114.6,458.4
7295,2402,61,2,9.31,18.62
7296,2402,88,4,12.68,50.72
7297,2403,4,1,42.93,42.93
7298,2403,102,4,23.72,94.88
7299,2404,66,3,107.46,322.38
7300,2404,58,2,10.38,20.76
7301,2404,22,4,29.72,118.88
7302,2405,18,4,81.46,325.84
7303,2405,23,3,32.94,98.82
7304,2406,63,3,37.12,111.36
7305,2406,83,1,62.19,62.19
7306,2406,52,3,45.24,135.72
7307,2407,23,3,91.16,273.48
7308,2407,28,4,51.1,204.4
7309,2407,77,2,58.93,117.86
7310,2407,45,3,117.43,352.29
7311,2407,84,3,78.85,236.55
7312,2408,96,4,116.41,465.64
7313,2408,79,1,88.61,88.61
7314,2408,15,4,95.38,381.52
7315,2408,13,1,95.85,95.85
7316,2409,104,3,81.78,245.34
7317,2410,114,2,118.71,237.42
7318,2411,7,2,12.04,24.08
7319,2411,50,3,18.26,54.78
7320,2411,50,4,101.03,404.12
7321,2411,30,2,16.69,33.38
7322,2412,11,4,17.17,68.68
7323,2412,102,3,40.02,120.06
7324,2412,118,3,8.41,25.23
7325,2412,98,1,73.64,73.64
7326,2413,108,3,51.33,153.99
7327,2414,77,3,13.18,39.54
7328,2414,103,4,30.92,123.68
7329,2414,24,3,15.8,47.4
7330,2415,62,1,9.36,9.36
7331,2415,54,3,89.87,269.61
7332,2415,3,2,37.5,75.0
7333,2415,22,2,45.86,91.72
7334,2416,11,4,42.44,169.76
7335,2416,20,2,86.46,172.92
7336,2416,111,4,84.21,336.84
7337,2416,87,3,22.1,66.3
7338,2417,77,1,49.92,49.92
7339,2417,94,2,14.54,29.08
7340,2417,14,3,104.29,312.87
7341,2417,15,1,10.8,10.8
7342,2417,21,3,16.57,49.71
7343,2418,57,1,111.0,111.0
7344,2418,61,3,13.81,41.43
7345,2419,70,3,58.64,175.92
7346,2420,52,1,57.0,57.0
7347,2420,50,1,27.14,27.14
7348,2420,113,1,16.26,16.26
7349,2420,87,2,55.88,111.76
7350,2421,21,1,112.69,112.69
7351,2421,41,4,71.69,286.76
7352,2421,46,4,33.36,133.44
7353,2421,4,1,69.66,69.66
7354,2422,71,2,102.66,205.32
7355,2422,10,1,52.27,52.27
7356,2422,36,2,34.73,69.46
7357,2422,89,2,38.45,76.9
7358,2423,85,4,113.29,453.16
7359,2423,19,3,109.42,328.26
7360,2423,68,2,17.85,35.7
7361,2424,55,3,49.84,149.52
7362,2425,31,3,110.56,331.68
7363,2425,55,4,40.28,161.12
7364,2426,13,4,90.99,363.96
7365,2426,35,3,4.12,12.36
7366,2427,61,1,111.97,111.97
7367,2427,83,3,77.97,233.91
7368,2428,82,4,65.66,262.64
7369,2429,30,1,35.09,35.09
7370,2429,90,3,77.18,231.54
7371,2429,36,3,60.15,180.45
7372,2429,108,4,31.13,124.52
7373,2429,35,2,46.42,92.84
7374,2430,86,4,61.73,246.92
7375,2431,103,3,8.71,26.13
7376,2431,1,2,58.43,116.86
7377,2431,11,1,63.65,63.65
7378,2431,80,4,68.17,272.68
7379,2432,42,3,6.8,20.4
7380,2433,50,4,62.12,248.48
7381,2433,51,2,89.7,179.4
7382,2434,111,3,7.12,21.36
7383,2434,89,4,23.77,95.08
7384,2434,63,1,62.73,62.73
7385,2435,59,3,73.51,220.53
7386,2436,18,3,3.27,9.81
7387,2436,89,2,63.74,127.48
7388,2436,45,4,17.42,69.68
7389,2436,23,4,84.82,339.28
7390,2437,19,2,39.92,79.84
7391,2437,63,2,84.85,169.7
7392,2438,24,1,54.4,54.4
7393,2438,31,4,33.53,134.12
7394,2438,48,4,10.66,42.64
7395,2439,18,3,29.47,88.41
7396,2439,112,1,104.03,104.03
7397,2439,74,3,44.99,134.97
7398,2439,109,4,60.84,243.36
7399,2439,103,2,49.26,98.52
7400,2440,67,1,52.41,52.41
7401,2440,88,1,17.94,17.94
7402,2441,84,2,8.93,17.86
7403,2441,4,4,41.4,165.6
7404,2442,107,3,86.24,258.72
7405,2442,113,1,22.95,22.95
7406,2442,18,2,24.22,48.44
7407,2442,110,2,109.04,218.08
7408,2442,72,4,94.89,379.56
7409,2443,39,2,71.42,142.84
7410,2443,107,1,32.08,32.08
7411,2443,2,3,68.74,206.22
7412,2443,57,2,59.13,118.26
7413,2443,22,1,29.35,29.35
7414,2444,104,2,55.23,110.46
7415,2444,48,1,76.08,76.08
7416,2444,10,4,101.57,406.28
7417,2444,39,3,86.58,259.74
7418,2444,70,2,66.22,132.44
7419,2445,29,2,55.11,110.22
7420,2446,4,4,103.19,412.76
7421,2446,113,1,4.82,4.82
7422,2446,117,2,110.43,220.86
7423,2447,86,1,94.15,94.15
7424,2448,8,2,88.31,176.62
7425,2448,69,3,60.58,181.74
7426,2448,76,2,115.5,231.0
7427,2449,42,2,28.31,56.62
7428,2450,28,2,13.6,27.2
7429,2450,74,1,87.08,87.08
7430,2450,90,1,119.87,119.87
7431,2450,76,3,42.42,127.26
7432,2451,88,1,29.95,29.95
7433,2451,64,1,116.79,116.79
7434,2451,2,2,59.82,119.64
7435,2452,115,1,36.56,36.56
7436,2453,89,3,17.86,53.58
7437,2453,56,3,112.01,336.03
7438,2453,32,2,45.14,90.28
7439,2453,102,3,10.09,30.27
7440,2454,50,4,76.04,304.16
7441,2454,16,2,5.83,11.66
7442,2455,71,1,102.11,102.11
7443,2455,41,3,4.31,12.93
7444,2455,69,1,69.5,69.5
7445,2455,97,4,66.13,264.52
7446,2456,100,1,99.45,99.45
7447,2456,58,3,37.45,112.35
7448,2456,24,1,116.46,116.46
7449,2456,34,1,111.41,111.41
7450,2456,82,3,108.79,326.37
7451,2457,15,4,78.58,314.32
7452,2458,10,2,106.46,212.92
7453,2459,3,1,101.62,101.62
7454,2459,101,3,114.55,343.65
7455,2459,46,3,63.74,191.22
7456,2459,1,1,4.59,4.59
7457,2460,50,2,37.6,75.2
7458,2460,69,4,44.07,176.28
7459,2460,47,4,5.21,20.84
7460,2460,115,2,103.58,207.16
7461,2461,6,4,73.49,293.96
7462,2461,95,1,13.43,13.43
7463,2461,65,1,22.96,22.96
7464,2461,115,1,95.74,95.74
7465,2461,50,3,23.7,71.1
7466,2462,40,2,15.74,31.48
7467,2463,62,4,103.24,412.96
7468,2463,93,4,105.74,422.96
7469,2463,105,1,76.22,76.22
7470,2464,52,4,9.78,39.12
7471,2464,47,3,115.72,347.16
7472,2464,13,4,62.66,250.64
7473,2464,118,3,35.53,106.59
7474,2465,33,3,12.83,38.49
7475,2465,86,2,24.67,49.34
7476,2466,96,3,92.79,278.37
7477,2466,120,2,94.39,188.78
7478,2466,59,3,117.56,352.68
7479,2467,3,1,70.21,70.21
7480,2467,40,4,42.75,171.0
7481,2467,98,3,107.95,323.85
7482,2468,64,1,78.35,78.35
7483,2468,62,2,58.97,117.94
7484,2468,86,4,51.91,207.64
7485,2468,33,4,111.25,445.0
7486,2468,58,1,40.63,40.63
7487,2469,55,2,102.06,204.12
7488,2470,97,1,83.97,83.97
7489,2470,11,1,73.36,73.36
7490,2470,115,3,22.15,66.45
7491,2470,108,3,17.76,53.28
7492,2471,68,3,52.19,156.57
7493,2472,102,4,59.74,238.96
7494,2472,85,3,103.12,309.36
7495,2473,109,4,113.52,454.08
7496,2473,8,2,116.4,232.8
7497,2473,96,1,84.57,84.57
7498,2473,47,3,115.64,346.92
7499,2474,59,3,18.47,55.41
7500,2474,50,2,60.4,120.8
7501,2474,117,3,112.25,336.75
7502,2475,107,4,27.63,110.52
7503,2475,106,3,83.71,251.13
7504,2475,24,1,85.9,85.9
7505,2475,43,1,119.96,119.96
7506,2476,68,2,58.55,117.1
7507,2476,74,3,81.65,244.95
7508,2477,105,4,5.67,22.68
7509,2477,53,4,97.88,391.52
7510,2477,70,1,95.19,95.19
7511,2477,24,4,53.92,215.68
7512,2478,89,3,8.4,25.2
7513,2478,62,4,96.83,387.32
7514,2479,63,1,52.15,52.15
7515,2479,37,1,71.61,71.61
7516,2479,50,2,113.55,227.1
7517,2480,23,3,7.22,21.66
7518,2480,50,1,43.8,43.8
7519,2480,79,4,65.03,260.12
7520,2480,62,2,27.35,54.7
7521,2480,62,1,5.47,5.47
7522,2481,19,2,113.79,227.58
7523,2482,80,3,14.43,43.29
7524,2482,1,1,84.51,84.51
7525,2482,87,3,109.19,327.57
7526,2483,6,2,10.98,21.96
7527,2483,14,2,67.74,135.48
7528,2483,77,1,33.79,33.79
7529,2484,73,1,119.16,119.16
7530,2484,78,4,118.11,472.44
7531,2485,72,2,87.36,174.72
7532,2485,46,3,106.73,320.19
7533,2486,81,3,9.28,27.84
7534,2486,32,1,98.51,98.51
7535,2486,94,2,105.28,210.56
7536,2486,61,2,83.0,166.0
7537,2486,11,4,70.33,281.32
7538,2487,55,4,75.23,300.92
7539,2487,19,3,103.84,311.52
7540,2488,51,4,92.19,368.76
7541,2488,63,2,88.85,177.7
7542,2489,57,2,62.25,124.5
7543,2489,62,3,61.25,183.75
7544,2489,69,4,110.56,442.24
7545,2489,11,1,37.46,37.46
7546,2490,13,3,59.87,179.61
7547,2490,10,1,19.46,19.46
7548,2490,37,1,33.87,33.87
7549,2491,32,2,56.4,112.8
7550,2491,119,2,52.41,104.82
7551,2491,57,1,37.06,37.06
7552,2492,85,1,6.55,6.55
7553,2493,105,2,58.83,117.66
7554,2494,47,4,114.33,457.32
7555,2494,103,4,119.87,479.48
7556,2494,1,2,113.42,226.84
7557,2494,91,4,27.93,111.72
7558,2495,13,3,69.18,207.54
7559,2496,93,3,4.82,14.46
7560,2496,1,4,12.05,48.2
7561,2497,22,3,103.06,309.18
7562,2498,9,1,119.29,119.29
7563,2499,91,1,69.94,69.94
7564,2500,103,3,96.21,288.63
7565,2500,97,4,119.61,478.44
7566,2501,49,2,40.07,80.14
7567,2501,45,1,100.97,100.97
7568,2501,22,2,39.22,78.44
7569,2502,100,4,42.49,169.96
7570,2503,39,1,47.77,47.77
7571,2504,46,4,7.92,31.68
7572,2504,22,4,60.55,242.2
7573,2504,71,4,102.48,409.92
7574,2505,96,2,76.02,152.04
7575,2505,119,3,92.59,277.77
7576,2505,96,4,60.76,243.04
7577,2506,105,1,29.6,29.6
7578,2506,86,4,117.6,470.4
7579,2506,113,2,51.05,102.1
7580,2507,93,1,37.49,37.49
7581,2507,112,1,55.1,55.1
7582,2507,49,1,54.38,54.38
7583,2507,2,1,53.21,53.21
7584,2508,77,4,48.8,195.2
7585,2508,95,1,82.93,82.93
7586,2509,56,1,12.4,12.4
7587,2509,107,4,43.7,174.8
7588,2509,15,1,3.64,3.64
7589,2509,58,4,67.77,271.08
7590,2510,118,4,59.42,237.68
7591,2510,6,4,53.06,212.24
7592,2510,17,1,73.68,73.68
7593,2510,21,2,67.73,135.46
7594,2511,102,2,15.96,31.92
7595,2511,21,4,114.39,457.56
7596,2511,96,3,75.79,227.37
7597,2511,69,2,25.96,51.92
7598,2511,107,4,109.66,438.64
7599,2512,45,3,97.55,292.65
7600,2513,86,2,43.04,86.08
7601,2513,52,2,10.12,20.24
7602,2514,106,1,95.68,95.68
7603,2514,109,4,105.37,421.48
7604,2514,22,1,89.02,89.02
7605,2514,51,2,56.55,113.1
7606,2515,41,1,48.8,48.8
7607,2516,111,4,111.07,444.28
7608,2516,96,2,48.13,96.26
7609,2516,7,2,94.32,188.64
7610,2516,32,4,63.07,252.28
7611,2516,25,2,97.7,195.4
7612,2517,50,3,5.15,15.45
7613,2518,105,2,77.41,154.82
7614,2519,70,3,63.29,189.87
7615,2519,31,2,114.69,229.38
7616,2519,97,1,35.37,35.37
7617,2520,90,4,106.85,427.4
7618,2520,50,3,69.13,207.39
7619,2520,109,2,58.03,116.06
7620,2520,80,1,36.3,36.3
7621,2520,60,1,77.35,77.35
7622,2521,74,1,21.7,21.7
7623,2521,59,4,33.76,135.04
7624,2521,15,2,3.51,7.02
7625,2521,99,1,40.52,40.52
7626,2521,81,1,107.96,107.96
7627,2522,27,1,66.41,66.41
7628,2522,24,4,38.97,155.88
7629,2522,49,2,62.73,125.46
7630,2522,65,3,94.73,284.19
7631,2523,47,1,40.39,40.39
7632,2523,48,1,16.7,16.7
7633,2523,43,2,32.59,65.18
7634,2523,11,1,96.71,96.71
7635,2523,71,4,81.68,326.72
7636,2524,82,3,13.27,39.81
7637,2524,4,3,90.59,271.77
7638,2524,106,3,14.91,44.73
7639,2524,3,1,60.64,60.64
7640,2524,81,1,117.37,117.37
7641,2525,28,2,58.32,116.64
7642,2525,90,2,94.8,189.6
7643,2526,108,2,7.92,15.84
7644,2526,120,2,81.9,163.8
7645,2526,23,2,73.52,147.04
7646,2526,49,1,45.94,45.94
7647,2527,27,4,27.01,108.04
7648,2528,73,2,107.55,215.1
7649,2529,87,2,12.83,25.66
7650,2529,40,3,84.08,252.24
7651,2529,77,3,46.62,139.86
7652,2530,49,2,95.4,190.8
7653,2530,119,1,65.49,65.49
7654,2530,80,4,105.66,422.64
7655,2531,104,2,31.16,62.32
7656,2531,29,2,15.13,30.26
7657,2532,64,1,33.25,33.25
7658,2532,4,3,31.68,95.04
7659,2533,84,2,48.48,96.96
7660,2533,95,2,57.3,114.6
7661,2533,62,4,114.43,457.72
7662,2533,26,4,61.91,247.64
7663,2534,26,2,106.3,212.6
7664,2534,6,4,6.46,25.84
7665,2535,47,1,64.27,64.27
7666,2535,119,4,19.22,76.88
7667,2535,1,4,101.22,404.88
7668,2535,52,4,64.71,258.84
7669,2536,100,4,102.86,411.44
7670,2536,65,1,105.4,105.4
7671,2536,21,4,71.8,287.2
7672,2536,40,2,46.23,92.46
7673,2537,87,4,72.82,291.28
7674,2538,57,1,28.38,28.38
7675,2538,6,1,65.15,65.15
7676,2538,34,1,75.28,75.28
7677,2538,118,3,106.55,319.65
7678,2538,34,3,109.27,327.81
7679,2539,54,3,66.08,198.24
7680,2539,118,4,110.17,440.68
7681,2539,82,2,48.27,96.54
7682,2540,96,4,37.82,151.28
7683,2540,41,4,77.34,309.36
7684,2540,39,2,77.92,155.84
7685,2540,68,4,87.8,351.2
7686,2541,57,1,17.83,17.83
7687,2541,95,4,5.71,22.84
7688,2542,26,1,36.19,36.19
7689,2542,22,1,101.37,101.37
7690,2542,86,3,48.36,145.08
7691,2542,18,3,59.22,177.66
7692,2543,93,1,44.17,44.17
7693,2543,111,4,50.79,203.16
7694,2544,92,4,32.61,130.44
7695,2544,2,1,41.85,41.85
7696,2544,58,3,50.54,151.62
7697,2545,44,2,39.98,79.96
7698,2545,44,3,20.51,61.53
7699,2545,43,4,50.02,200.08
7700,2545,23,2,69.99,139.98
7701,2546,56,1,14.57,14.57
7702,2547,53,2,118.72,237.44
7703,2547,79,2,97.01,194.02
7704,2547,107,4,19.13,76.52
7705,2547,46,3,52.52,157.56
7706,2547,65,4,24.85,99.4
7707,2548,83,1,68.47,68.47
7708,2548,40,2,60.4,120.8
7709,2548,119,1,85.61,85.61
7710,2549,83,4,6.68,26.72
7711,2550,75,4,11.83,47.32
7712,2551,51,3,100.64,301.92
7713,2551,76,3,39.14,117.42
7714,2551,40,2,7.53,15.06
7715,2551,13,4,106.55,426.2
7716,2552,117,3,24.17,72.51
7717,2553,88,2,9.61,19.22
7718,2553,100,2,21.47,42.94
7719,2553,53,4,46.7,186.8
7720,2553,100,4,69.64,278.56
7721,2554,111,1,98.21,98.21
7722,2555,35,2,20.28,40.56
7723,2555,59,4,109.25,437.0
7724,2555,33,2,39.28,78.56
7725,2555,74,3,92.25,276.75
7726,2556,25,3,61.39,184.17
7727,2556,63,3,12.31,36.93
7728,2556,53,1,21.36,21.36
7729,2557,69,4,43.17,172.68
7730,2557,77,4,111.0,444.0
7731,2557,73,2,9.94,19.88
7732,2557,93,1,81.75,81.75
7733,2557,113,3,22.15,66.45
7734,2558,52,3,88.24,264.72
7735,2559,38,3,29.59,88.77
7736,2559,100,2,72.4,144.8
7737,2559,40,3,82.46,247.38
7738,2560,110,4,113.34,453.36
7739,2560,17,3,77.45,232.35
7740,2560,98,4,87.17,348.68
7741,2561,58,1,5.55,5.55
7742,2561,77,4,68.41,273.64
7743,2561,38,2,74.79,149.58
7744,2561,22,2,10.73,21.46
7745,2562,78,4,116.44,465.76
7746,2562,7,2,36.25,72.5
7747,2562,76,1,3.21,3.21
7748,2563,96,3,29.75,89.25
7749,2563,87,3,107.39,322.17
7750,2563,45,1,79.13,79.13
7751,2563,99,2,36.56,73.12
7752,2563,118,3,35.2,105.6
7753,2564,10,2,72.14,144.28
7754,2564,79,3,30.92,92.76
7755,2565,20,2,11.58,23.16
7756,2566,11,3,32.96,98.88
7757,2566,99,4,117.04,468.16
7758,2566,65,2,92.76,185.52
7759,2566,82,4,9.07,36.28
7760,2566,8,3,103.12,309.36
7761,2567,50,2,24.7,49.4
7762,2567,52,2,112.01,224.02
7763,2568,78,1,32.87,32.87
7764,2568,63,1,59.31,59.31
7765,2568,80,2,54.59,109.18
7766,2568,119,4,60.87,243.48
7767,2569,73,1,97.86,97.86
7768,2569,39,3,35.42,106.26
7769,2569,14,2,117.87,235.74
7770,2569,118,3,55.93,167.79
7771,2570,3,1,52.07,52.07
7772,2570,118,3,15.25,45.75
7773,2570,78,3,22.42,67.26
7774,2570,119,3,55.22,165.66
7775,2570,103,4,115.06,460.24
7776,2571,74,2,11.33,22.66
7777,2571,86,2,78.01,156.02
7778,2571,105,4,41.55,166.2
7779,2571,50,1,75.1,75.1
7780,2572,103,1,96.81,96.81
7781,2573,46,4,9.6,38.4
7782,2573,1,3,17.11,51.33
7783,2573,17,3,29.59,88.77
7784,2573,115,1,105.33,105.33
7785,2573,101,4,25.61,102.44
7786,2574,77,2,22.96,45.92
7787,2574,72,4,77.14,308.56
7788,2574,117,2,85.94,171.88
7789,2574,119,4,36.58,146.32
7790,2575,61,3,25.75,77.25
7791,2575,10,3,22.13,66.39
7792,2575,34,2,66.07,132.14
7793,2575,18,1,55.0,55.0
7794,2575,58,2,88.75,177.5
7795,2576,76,4,80.19,320.76
7796,2577,71,3,3.74,11.22
7797,2577,74,2,92.73,185.46
7798,2578,68,3,3.65,10.95
7799,2578,57,1,40.5,40.5
7800,2578,15,2,43.9,87.8
7801,2578,83,1,95.47,95.47
7802,2579,36,3,99.95,299.85
7803,2580,88,4,96.16,384.64
7804,2580,12,3,9.39,28.17
7805,2580,35,2,34.84,69.68
7806,2580,1,1,3.12,3.12
7807,2581,109,4,45.44,181.76
7808,2581,59,2,87.84,175.68
7809,2581,76,4,59.12,236.48
7810,2581,39,1,92.45,92.45
7811,2582,31,2,9.38,18.76
7812,2582,101,3,107.27,321.81
7813,2583,108,1,101.01,101.01
7814,2583,107,3,28.78,86.34
7815,2583,108,4,28.71,114.84
7816,2583,107,1,40.67,40.67
7817,2584,82,4,20.43,81.72
7818,2585,15,1,53.52,53.52
7819,2585,16,4,73.66,294.64
7820,2585,29,4,102.14,408.56
7821,2585,59,1,41.8,41.8
7822,2586,57,4,81.94,327.76
7823,2586,14,3,51.25,153.75
7824,2586,5,4,81.75,327.0
7825,2586,71,4,34.72,138.88
7826,2587,3,4,66.3,265.2
7827,2587,40,4,55.92,223.68
7828,2588,80,4,118.39,473.56
7829,2588,95,4,65.93,263.72
7830,2588,56,2,55.3,110.6
7831,2589,73,4,10.58,42.32
7832,2590,110,2,48.0,96.0
7833,2590,110,2,88.04,176.08
7834,2591,21,2,113.85,227.7
7835,2591,97,4,39.1,156.4
7836,2591,78,1,77.96,77.96
7837,2591,58,1,52.16,52.16
7838,2591,42,1,69.44,69.44
7839,2592,53,2,57.89,115.78
7840,2592,69,1,96.17,96.17
7841,2592,16,1,45.66,45.66
7842,2592,66,1,85.97,85.97
7843,2592,49,1,6.08,6.08
7844,2593,88,1,41.45,41.45
7845,2593,78,2,75.1,150.2
7846,2593,117,2,60.86,121.72
7847,2594,56,1,5.47,5.47
7848,2594,65,4,114.99,459.96
7849,2595,40,1,53.18,53.18
7850,2595,82,4,104.92,419.68
7851,2595,50,1,15.03,15.03
7852,2596,7,1,43.05,43.05
7853,2596,67,3,67.86,203.58
7854,2596,36,1,32.83,32.83
7855,2596,83,4,59.69,238.76
7856,2597,26,1,45.76,45.76
7857,2598,56,2,93.46,186.92
7858,2598,88,3,74.46,223.38
7859,2598,82,4,52.06,208.24
7860,2598,83,1,74.37,74.37
7861,2598,76,3,104.07,312.21
7862,2599,30,2,33.7,67.4
7863,2599,80,2,118.05,236.1
7864,2599,57,4,84.59,338.36
7865,2599,61,1,65.19,65.19
7866,2600,95,3,33.88,101.64
7867,2600,89,3,32.96,98.88
7868,2600,101,2,13.69,27.38
7869,2601,78,3,94.11,282.33
7870,2601,87,3,104.8,314.4
7871,2601,14,2,75.84,151.68
7872,2601,98,3,117.97,353.91
7873,2602,79,4,31.34,125.36
7874,2602,60,3,107.98,323.94
7875,2603,13,2,69.57,139.14
7876,2603,103,4,95.62,382.48
7877,2604,3,1,52.18,52.18
7878,2604,34,3,93.24,279.72
7879,2604,93,1,119.89,119.89
7880,2605,21,4,24.9,99.6
7881,2605,95,3,64.02,192.06
7882,2605,96,2,70.46,140.92
7883,2605,112,4,5.73,22.92
7884,2605,55,2,76.71,153.42
7885,2606,48,3,66.0,198.0
7886,2607,59,3,102.36,307.08
7887,2607,9,1,46.3,46.3
7888,2607,109,2,77.4,154.8
7889,2607,58,1,118.62,118.62
7890,2608,97,4,102.59,410.36
7891,2608,70,4,27.75,111.0
7892,2608,63,1,30.66,30.66
7893,2609,32,2,66.14,132.28
7894,2609,75,1,96.38,96.38
7895,2609,91,2,79.6,159.2
7896,2610,98,4,95.68,382.72
7897,2610,50,3,97.35,292.05
7898,2611,70,2,94.84,189.68
7899,2612,16,2,63.58,127.16
7900,2612,58,1,68.4,68.4
7901,2612,113,4,8.19,32.76
7902,2612,94,4,69.73,278.92
7903,2613,85,2,63.69,127.38
7904,2613,20,2,11.26,22.52
7905,2613,19,4,4.72,18.88
7906,2613,89,2,59.72,119.44
7907,2614,82,1,45.15,45.15
7908,2614,77,3,79.21,237.63
7909,2615,79,3,11.58,34.74
7910,2615,28,3,22.67,68.01
7911,2615,68,1,82.25,82.25
7912,2615,71,4,92.22,368.88
7913,2616,118,2,85.37,170.74
7914,2616,4,2,94.25,188.5
7915,2617,101,3,27.5,82.5
7916,2617,107,4,18.72,74.88
7917,2617,15,2,23.33,46.66
7918,2618,92,1,83.02,83.02
7919,2619,61,4,41.55,166.2
7920,2619,99,4,62.98,251.92
7921,2619,101,3,23.66,70.98
7922,2619,72,1,68.07,68.07
7923,2619,5,1,97.86,97.86
7924,2620,14,1,21.66,21.66
7925,2620,50,3,75.44,226.32
7926,2621,10,4,64.76,259.04
7927,2621,58,1,39.09,39.09
7928,2622,69,3,74.49,223.47
7929,2623,22,4,13.46,53.84
7930,2623,114,1,4.13,4.13
7931,2623,45,2,14.33,28.66
7932,2623,6,1,116.91,116.91
7933,2624,112,2,21.26,42.52
7934,2624,70,1,11.79,11.79
7935,2624,85,4,114.73,458.92
7936,2624,23,1,102.52,102.52
7937,2625,111,3,48.42,145.26
7938,2626,21,1,77.03,77.03
7939,2626,37,3,8.68,26.04
7940,2626,92,1,53.77,53.77
7941,2626,108,2,83.72,167.44
7942,2627,17,3,116.97,350.91
7943,2627,5,3,101.64,304.92
7944,2627,74,3,47.21,141.63
7945,2627,16,4,31.58,126.32
7946,2628,4,4,54.85,219.4
7947,2628,8,2,37.33,74.66
7948,2629,54,3,30.95,92.85
7949,2629,73,1,29.01,29.01
7950,2629,50,2,80.33,160.66
7951,2629,67,3,59.22,177.66
7952,2630,4,3,14.93,44.79
7953,2631,31,1,34.35,34.35
7954,2631,47,1,115.92,115.92
7955,2631,101,1,29.34,29.34
7956,2631,33,3,104.47,313.41
7957,2631,47,3,48.46,145.38
7958,2632,3,2,27.99,55.98
7959,2632,1,1,46.91,46.91
7960,2632,45,1,73.21,73.21
7961,2632,71,1,50.5,50.5
7962,2632,3,1,102.64,102.64
7963,2633,119,2,48.62,97.24
7964,2633,116,4,58.36,233.44
7965,2633,46,1,35.83,35.83
7966,2633,13,4,78.76,315.04
7967,2633,85,2,81.82,163.64
7968,2634,107,4,94.8,379.2
7969,2634,22,1,19.64,19.64
7970,2634,1,3,101.9,305.7
7971,2634,72,4,12.4,49.6
7972,2634,4,2,47.86,95.72
7973,2635,101,2,87.54,175.08
7974,2635,91,4,16.45,65.8
7975,2635,117,4,112.71,450.84
7976,2636,7,1,19.98,19.98
7977,2636,80,1,117.67,117.67
7978,2636,93,3,38.69,116.07
7979,2636,26,3,52.69,158.07
7980,2636,118,3,18.82,56.46
7981,2637,4,2,33.55,67.1
7982,2637,8,1,33.9,33.9
7983,2637,56,3,54.71,164.13
7984,2637,20,2,51.95,103.9
7985,2637,57,3,16.14,48.42
7986,2638,85,1,25.02,25.02
7987,2638,96,1,55.66,55.66
7988,2639,48,3,82.44,247.32
7989,2639,13,4,31.94,127.76
7990,2639,58,1,44.07,44.07
7991,2639,71,3,67.87,203.61
7992,2640,80,1,6.08,6.08
7993,2640,118,2,96.76,193.52
7994,2640,55,3,53.79,161.37
7995,2640,14,2,98.03,196.06
7996,2641,49,3,57.23,171.69
7997,2641,105,3,47.74,143.22
7998,2641,43,1,67.94,67.94
7999,2641,118,3,9.78,29.34
8000,2642,113,1,106.03,106.03
8001,2642,75,2,63.21,126.42
8002,2642,16,1,19.88,19.88
8003,2642,45,3,92.47,277.41
8004,2643,32,2,112.84,225.68
8005,2644,111,1,94.14,94.14
8006,2645,56,4,28.66,114.64
8007,2646,3,1,89.3,89.3
8008,2646,82,4,57.28,229.12
8009,2646,52,2,84.44,168.88
8010,2647,75,4,7.1,28.4
8011,2648,109,4,72.16,288.64
8012,2649,83,3,31.74,95.22
8013,2649,99,3,90.18,270.54
8014,2649,48,4,60.95,243.8
8015,2649,78,3,73.14,219.42
8016,2649,60,2,68.89,137.78
8017,2650,30,4,91.46,365.84
8018,2650,25,1,69.8,69.8
8019,2650,6,3,50.86,152.58
8020,2651,3,4,49.47,197.88
8021,2651,84,2,20.59,41.18
8022,2652,5,3,97.81,293.43
8023,2652,81,1,71.21,71.21
8024,2652,61,1,21.74,21.74
8025,2652,35,2,104.29,208.58
8026,2653,6,1,28.49,28.49
8027,2653,10,3,25.56,76.68
8028,2653,10,2,43.3,86.6
8029,2653,87,4,86.74,346.96
8030,2653,104,4,90.7,362.8
8031,2654,4,4,26.98,107.92
8032,2654,60,4,106.64,426.56
8033,2655,112,3,55.89,167.67
8034,2655,120,2,10.51,21.02
8035,2655,13,4,62.89,251.56
8036,2655,42,2,50.33,100.66
8037,2656,71,2,8.31,16.62
8038,2656,39,3,58.45,175.35
8039,2657,114,3,107.96,323.88
8040,2658,104,2,68.02,136.04
8041,2658,101,2,53.57,107.14
8042,2658,60,2,33.69,67.38
8043,2658,49,1,111.52,111.52
8044,2659,25,1,63.4,63.4
8045,2659,25,4,109.58,438.32
8046,2659,98,2,71.97,143.94
8047,2659,26,1,38.75,38.75
8048,2659,1,2,3.38,6.76
8049,2660,53,3,70.93,212.79
8050,2660,93,4,26.12,104.48
8051,2660,89,4,67.93,271.72
8052,2660,13,2,105.7,211.4
8053,2661,14,1,45.56,45.56
8054,2661,115,2,80.12,160.24
8055,2661,24,3,83.54,250.62
8056,2661,69,2,7.0,14.0
8057,2661,23,1,26.41,26.41
8058,2662,98,4,50.23,200.92
8059,2662,20,4,39.24,156.96
8060,2662,2,4,21.7,86.8
8061,2662,117,3,65.1,195.3
8062,2663,10,2,65.14,130.28
8063,2663,86,2,54.97,109.94
8064,2663,82,2,73.4,146.8
8065,2663,70,3,108.97,326.91
8066,2663,73,2,113.19,226.38
8067,2664,74,3,32.24,96.72
8068,2664,41,2,99.82,199.64
8069,2664,54,2,31.43,62.86
8070,2664,100,2,8.0,16.0
8071,2665,56,2,30.05,60.1
8072,2665,7,4,61.3,245.2
8073,2665,4,1,82.46,82.46
8074,2666,114,1,32.87,32.87
8075,2666,57,1,119.05,119.05
8076,2666,114,2,7.35,14.7
8077,2666,72,2,91.6,183.2
8078,2666,17,3,67.17,201.51
8079,2667,55,1,59.12,59.12
8080,2667,29,2,96.34,192.68
8081,2667,59,4,5.96,23.84
8082,2667,54,2,74.51,149.02
8083,2667,84,3,77.95,233.85
8084,2668,38,1,84.67,84.67
8085,2668,76,3,78.4,235.2
8086,2668,114,4,50.35,201.4
8087,2668,91,2,82.03,164.06
8088,2669,29,3,59.38,178.14
8089,2669,62,4,107.04,428.16
8090,2669,47,2,83.5,167.0
8091,2670,117,2,54.46,108.92
8092,2670,40,2,25.24,50.48
8093,2670,80,4,7.39,29.56
8094,2670,17,3,34.24,102.72
8095,2670,1,2,44.11,88.22
8096,2671,80,3,95.37,286.11
8097,2671,76,1,109.84,109.84
8098,2672,38,1,29.07,29.07
8099,2672,102,1,38.57,38.57
8100,2672,63,3,13.53,40.59
8101,2672,21,4,74.48,297.92
8102,2672,106,1,62.96,62.96
8103,2673,79,4,110.4,441.6
8104,2674,87,1,30.48,30.48
8105,2674,80,3,6.78,20.34
8106,2675,48,4,45.64,182.56
8107,2675,41,4,38.25,153.0
8108,2675,49,2,77.25,154.5
8109,2675,72,1,116.79,116.79
8110,2676,41,4,27.59,110.36
8111,2676,92,3,16.55,49.65
8112,2676,74,4,3.78,15.12
8113,2677,85,3,25.66,76.98
8114,2678,49,4,85.18,340.72
8115,2678,12,1,37.32,37.32
8116,2678,30,4,104.42,417.68
8117,2679,72,2,34.39,68.78
8118,2679,24,4,5.5,22.0
8119,2679,25,2,104.92,209.84
8120,2679,70,2,98.11,196.22
8121,2680,91,1,63.13,63.13
8122,2680,97,3,63.55,190.65
8123,2680,5,3,15.63,46.89
8124,2680,82,1,25.58,25.58
8125,2680,29,3,64.59,193.77
8126,2681,111,4,74.66,298.64
8127,2681,111,2,21.51,43.02
8128,2682,28,1,83.32,83.32
8129,2682,11,2,35.14,70.28
8130,2682,109,3,41.65,124.95
8131,2683,101,4,18.34,73.36
8132,2683,32,1,47.65,47.65
8133,2683,27,4,43.77,175.08
8134,2683,111,2,54.72,109.44
8135,2684,59,4,114.66,458.64
8136,2684,63,3,97.13,291.39
8137,2684,85,2,89.98,179.96
8138,2684,93,2,34.74,69.48
8139,2685,100,4,71.17,284.68
8140,2685,16,2,6.52,13.04
8141,2685,78,3,42.13,126.39
8142,2686,27,2,47.12,94.24
8143,2686,76,4,50.23,200.92
8144,2686,36,1,30.56,30.56
8145,2687,75,4,73.5,294.0
8146,2687,2,4,63.63,254.52
8147,2687,30,1,118.47,118.47
8148,2687,39,1,66.09,66.09
8149,2687,31,3,71.34,214.02
8150,2688,60,3,24.79,74.37
8151,2688,7,4,19.11,76.44
8152,2688,39,3,43.2,129.6
8153,2689,71,4,35.44,141.76
8154,2689,8,4,40.16,160.64
8155,2690,31,4,66.9,267.6
8156,2691,72,3,65.59,196.77
8157,2692,84,2,101.05,202.1
8158,2692,77,2,118.26,236.52
8159,2692,51,4,100.99,403.96
8160,2692,120,4,83.92,335.68
8161,2692,39,4,98.29,393.16
8162,2693,94,4,88.97,355.88
8163,2693,109,4,11.19,44.76
8164,2693,116,2,96.08,192.16
8165,2693,98,4,27.29,109.16
8166,2694,39,4,38.47,153.88
8167,2694,79,3,50.08,150.24
8168,2695,39,3,115.76,347.28
8169,2695,103,2,98.6,197.2
8170,2695,73,3,36.61,109.83
8171,2695,17,1,79.37,79.37
8172,2696,111,2,107.92,215.84
8173,2696,118,2,65.32,130.64
8174,2697,52,4,75.42,301.68
8175,2697,77,1,7.49,7.49
8176,2697,11,2,105.56,211.12
8177,2698,119,3,77.56,232.68
8178,2699,84,2,59.2,118.4
8179,2700,56,3,108.83,326.49
8180,2700,3,1,67.52,67.52
8181,2700,33,3,55.39,166.17
8182,2701,37,1,4.63,4.63
8183,2701,10,3,10.37,31.11
8184,2701,84,4,106.87,427.48
8185,2701,86,2,77.7,155.4
8186,2702,37,4,90.49,361.96
8187,2702,17,1,28.78,28.78
8188,2702,98,3,89.28,267.84
8189,2703,106,2,85.53,171.06
8190,2703,66,1,107.44,107.44
8191,2703,87,2,99.8,199.6
8192,2703,28,3,105.55,316.65
8193,2703,82,3,99.59,298.77
8194,2704,64,1,100.78,100.78
8195,2705,32,3,93.63,280.89
8196,2706,90,2,81.38,162.76
8197,2706,7,3,81.58,244.74
8198,2706,41,3,51.87,155.61
8199,2707,14,1,76.04,76.04
8200,2707,101,3,93.24,279.72
8201,2707,59,2,77.78,155.56
8202,2707,20,3,30.89,92.67
8203,2708,101,3,34.76,104.28
8204,2708,107,2,67.0,134.0
8205,2708,89,3,32.74,98.22
8206,2708,3,1,71.38,71.38
8207,2708,22,2,15.57,31.14
8208,2709,88,2,71.07,142.14
8209,2709,109,1,31.07,31.07
8210,2709,35,2,113.63,227.26
8211,2710,99,3,85.7,257.1
8212,2710,119,4,98.82,395.28
8213,2710,114,3,74.02,222.06
8214,2711,77,2,73.48,146.96
8215,2711,99,3,27.28,81.84
8216,2712,71,4,65.1,260.4
8217,2712,24,1,82.43,82.43
8218,2712,73,3,59.43,178.29
8219,2712,93,2,73.67,147.34
8220,2713,81,3,50.29,150.87
8221,2713,102,1,100.41,100.41
8222,2713,97,3,42.95,128.85
8223,2714,117,2,55.36,110.72
8224,2714,69,4,44.73,178.92
8225,2715,5,4,42.94,171.76
8226,2715,85,2,8.34,16.68
8227,2716,106,3,110.59,331.77
8228,2716,33,4,119.49,477.96
8229,2716,25,2,7.85,15.7
8230,2716,39,3,99.49,298.47
8231,2717,117,1,17.13,17.13
8232,2718,95,4,75.35,301.4
8233,2719,85,4,35.13,140.52
8234,2719,9,1,60.18,60.18
8235,2719,74,2,43.55,87.1
8236,2719,57,3,52.18,156.54
8237,2720,2,1,11.8,11.8
8238,2720,50,1,77.36,77.36
8239,2721,38,1,97.46,97.46
8240,2721,50,4,86.23,344.92
8241,2721,35,2,114.08,228.16
8242,2721,71,4,5.83,23.32
8243,2722,17,3,47.69,143.07
8244,2722,95,3,118.3,354.9
8245,2723,63,4,64.82,259.28
8246,2723,114,2,11.47,22.94
8247,2724,85,3,58.1,174.3
8248,2724,104,1,87.99,87.99
8249,2724,84,1,56.36,56.36
8250,2724,95,3,92.79,278.37
8251,2724,35,4,77.61,310.44
8252,2725,3,2,97.25,194.5
8253,2725,29,4,76.53,306.12
8254,2725,112,3,77.09,231.27
8255,2725,97,3,92.88,278.64
8256,2725,120,1,100.51,100.51
8257,2726,96,4,64.92,259.68
8258,2726,70,4,39.8,159.2
8259,2727,113,2,5.9,11.8
8260,2727,79,2,6.05,12.1
8261,2727,60,1,3.25,3.25
8262,2728,56,3,95.42,286.26
8263,2728,12,4,27.67,110.68
8264,2728,18,3,12.44,37.32
8265,2728,61,2,98.96,197.92
8266,2728,82,2,9.17,18.34
8267,2729,29,2,104.27,208.54
8268,2729,70,1,94.58,94.58
8269,2729,96,3,67.75,203.25
8270,2729,108,1,65.63,65.63
8271,2730,3,3,38.63,115.89
8272,2730,113,2,10.03,20.06
8273,2730,41,4,110.94,443.76
8274,2730,17,1,14.69,14.69
8275,2730,57,1,85.18,85.18
8276,2731,116,4,116.98,467.92
8277,2731,117,3,18.06,54.18
8278,2731,43,2,112.06,224.12
8279,2731,62,2,99.89,199.78
8280,2732,83,4,35.07,140.28
8281,2732,95,3,14.8,44.4
8282,2732,61,2,43.94,87.88
8283,2732,78,3,53.04,159.12
8284,2732,73,3,25.4,76.2
8285,2733,75,4,86.94,347.76
8286,2733,104,2,82.62,165.24
8287,2733,74,3,13.35,40.05
8288,2733,81,4,6.98,27.92
8289,2733,93,2,116.98,233.96
8290,2734,113,3,86.36,259.08
8291,2735,19,2,9.78,19.56
8292,2735,40,4,109.57,438.28
8293,2736,91,3,83.34,250.02
8294,2736,81,2,29.92,59.84
8295,2736,100,3,13.72,41.16
8296,2736,17,1,53.83,53.83
8297,2736,71,1,40.55,40.55
8298,2737,120,1,44.11,44.11
8299,2738,32,3,53.91,161.73
8300,2738,8,4,54.82,219.28
8301,2738,81,2,36.27,72.54
8302,2738,19,3,108.55,325.65
8303,2739,31,1,75.22,75.22
8304,2739,37,4,38.27,153.08
8305,2739,78,2,19.39,38.78
8306,2740,75,3,15.2,45.6
8307,2740,87,2,68.54,137.08
8308,2741,57,4,108.98,435.92
8309,2741,29,1,103.8,103.8
8310,2742,51,4,29.08,116.32
8311,2742,1,3,96.3,288.9
8312,2742,80,4,117.04,468.16
8313,2742,96,3,33.56,100.68
8314,2743,67,3,112.99,338.97
8315,2743,15,4,72.35,289.4
8316,2743,9,4,46.37,185.48
8317,2743,60,1,31.96,31.96
8318,2744,92,3,3.83,11.49
8319,2745,54,4,39.55,158.2
8320,2745,59,3,16.46,49.38
8321,2745,70,2,16.92,33.84
8322,2745,59,4,8.44,33.76
8323,2746,118,3,45.39,136.17
8324,2746,37,1,48.27,48.27
8325,2747,40,4,15.48,61.92
8326,2747,34,1,15.07,15.07
8327,2747,99,1,6.81,6.81
8328,2748,81,2,99.91,199.82
8329,2749,87,1,18.76,18.76
8330,2750,83,3,25.77,77.31
8331,2750,107,1,100.47,100.47
8332,2750,13,4,35.97,143.88
8333,2750,63,3,4.64,13.92
8334,2751,82,1,103.88,103.88
8335,2751,34,1,73.79,73.79
8336,2751,98,4,41.12,164.48
8337,2751,96,3,6.85,20.55
8338,2751,89,2,57.36,114.72
8339,2752,68,1,111.67,111.67
8340,2752,31,4,40.47,161.88
8341,2753,86,1,103.97,103.97
8342,2754,59,2,66.9,133.8
8343,2754,51,4,76.67,306.68
8344,2755,9,4,69.82,279.28
8345,2755,22,2,26.99,53.98
8346,2755,91,4,47.28,189.12
8347,2755,83,4,22.58,90.32
8348,2755,47,3,11.08,33.24
8349,2756,59,2,75.5,151.0
8350,2756,22,3,102.32,306.96
8351,2757,26,4,78.45,313.8
8352,2757,35,3,44.08,132.24
8353,2757,12,1,74.3,74.3
8354,2757,99,2,113.0,226.0
8355,2758,34,4,79.61,318.44
8356,2758,83,1,106.84,106.84
8357,2759,3,2,71.68,143.36
8358,2759,12,3,87.19,261.57
8359,2760,9,4,57.76,231.04
8360,2760,42,2,79.29,158.58
8361,2760,24,4,72.71,290.84
8362,2761,72,1,58.37,58.37
8363,2762,76,3,8.02,24.06
8364,2762,6,2,52.24,104.48
8365,2762,71,4,43.55,174.2
8366,2763,82,1,44.59,44.59
8367,2763,103,1,12.4,12.4
8368,2763,116,4,36.37,145.48
8369,2763,27,3,55.22,165.66
8370,2763,88,2,79.94,159.88
8371,2764,65,1,85.16,85.16
8372,2764,71,3,52.65,157.95
8373,2764,77,1,3.17,3.17
8374,2764,44,1,17.94,17.94
8375,2765,101,4,82.37,329.48
8376,2765,1,2,116.85,233.7
8377,2765,45,1,69.94,69.94
8378,2766,80,3,97.63,292.89
8379,2767,50,2,114.46,228.92
8380,2767,7,2,42.0,84.0
8381,2767,17,1,113.53,113.53
8382,2767,13,1,7.32,7.32
8383,2768,65,1,98.94,98.94
8384,2769,113,3,56.43,169.29
8385,2769,28,4,119.14,476.56
8386,2769,100,2,111.9,223.8
8387,2769,109,4,47.24,188.96
8388,2770,113,3,5.86,17.58
8389,2770,55,4,34.28,137.12
8390,2770,65,4,64.44,257.76
8391,2770,85,4,39.26,157.04
8392,2771,83,3,42.85,128.55
8393,2771,32,2,36.43,72.86
8394,2771,80,3,18.94,56.82
8395,2771,34,3,36.68,110.04
8396,2772,28,2,59.44,118.88
8397,2772,55,3,78.9,236.7
8398,2772,110,1,64.14,64.14
8399,2772,76,4,78.85,315.4
8400,2773,36,2,23.85,47.7
8401,2773,68,1,80.83,80.83
8402,2773,32,2,36.79,73.58
8403,2773,79,4,102.12,408.48
8404,2773,114,4,87.1,348.4
8405,2774,38,2,47.35,94.7
8406,2774,107,3,66.82,200.46
8407,2774,1,3,73.62,220.86
8408,2774,57,1,119.39,119.39
8409,2775,82,3,93.74,281.22
8410,2775,50,2,86.69,173.38
8411,2776,104,4,47.82,191.28
8412,2776,94,3,64.25,192.75
8413,2776,8,3,25.12,75.36
8414,2776,102,4,77.23,308.92
8415,2777,111,3,25.66,76.98
8416,2778,18,3,111.39,334.17
8417,2779,112,1,77.92,77.92
8418,2779,54,1,29.58,29.58
8419,2779,64,2,55.77,111.54
8420,2779,27,1,94.41,94.41
8421,2779,89,2,43.78,87.56
8422,2780,23,3,84.09,252.27
8423,2780,8,2,36.81,73.62
8424,2781,35,2,41.95,83.9
8425,2781,117,3,72.84,218.52
8426,2781,66,4,26.54,106.16
8427,2781,64,1,21.0,21.0
8428,2782,49,1,94.4,94.4
8429,2783,84,4,116.55,466.2
8430,2783,27,2,87.77,175.54
8431,2784,5,2,41.7,83.4
8432,2784,13,3,87.37,262.11
8433,2784,113,1,34.47,34.47
8434,2784,82,2,113.81,227.62
8435,2785,34,3,65.71,197.13
8436,2786,37,4,20.99,83.96
8437,2786,22,3,7.16,21.48
8438,2786,41,3,96.92,290.76
8439,2787,47,2,58.37,116.74
8440,2787,109,2,25.97,51.94
8441,2787,7,4,7.18,28.72
8442,2788,52,2,62.57,125.14
8443,2788,76,1,64.52,64.52
8444,2788,20,3,106.31,318.93
8445,2789,92,3,60.13,180.39
8446,2789,27,2,109.17,218.34
8447,2789,1,4,75.98,303.92
8448,2790,39,3,56.35,169.05
8449,2791,45,3,63.35,190.05
8450,2791,98,1,78.53,78.53
8451,2791,42,4,104.5,418.0
8452,2791,64,2,22.17,44.34
8453,2792,74,1,104.49,104.49
8454,2793,44,1,92.13,92.13
8455,2793,103,1,101.88,101.88
8456,2794,28,2,67.79,135.58
8457,2794,87,1,34.54,34.54
8458,2795,20,2,36.61,73.22
8459,2795,3,2,30.08,60.16
8460,2795,17,1,4.76,4.76
8461,2795,13,2,18.14,36.28
8462,2795,68,2,66.72,133.44
8463,2796,73,1,86.56,86.56
8464,2796,30,3,29.94,89.82
8465,2796,21,3,116.86,350.58
8466,2796,15,4,119.7,478.8
8467,2797,103,4,36.45,145.8
8468,2797,116,4,56.63,226.52
8469,2797,120,3,28.22,84.66
8470,2797,9,3,3.41,10.23
8471,2798,49,1,18.08,18.08
8472,2798,25,1,87.39,87.39
8473,2799,55,2,71.76,143.52
8474,2799,38,3,97.96,293.88
8475,2800,89,3,25.73,77.19
8476,2800,65,2,10.49,20.98
8477,2801,67,1,26.03,26.03
8478,2801,119,3,23.66,70.98
8479,2802,111,3,110.57,331.71
8480,2802,105,1,105.66,105.66
8481,2802,88,1,119.84,119.84
8482,2802,39,1,23.1,23.1
8483,2802,44,2,24.71,49.42
8484,2803,29,2,108.89,217.78
8485,2803,90,3,7.05,21.15
8486,2803,54,2,84.21,168.42
8487,2803,79,2,26.0,52.0
8488,2803,59,3,16.21,48.63
8489,2804,47,1,88.57,88.57
8490,2804,104,1,42.82,42.82
8491,2804,98,1,70.78,70.78
8492,2804,96,3,42.81,128.43
8493,2804,62,3,69.73,209.19
8494,2805,2,1,59.4,59.4
8495,2805,72,4,105.26,421.04
8496,2806,37,4,87.13,348.52
8497,2806,97,3,22.68,68.04
8498,2806,80,1,34.46,34.46
8499,2806,32,3,114.63,343.89
8500,2807,59,1,90.31,90.31
8501,2807,43,2,82.27,164.54
8502,2808,115,3,44.55,133.65
8503,2809,4,3,114.11,342.33
8504,2809,95,3,69.51,208.53
8505,2809,39,4,7.14,28.56
8506,2809,26,4,99.11,396.44
8507,2809,22,3,101.56,304.68
8508,2810,18,4,77.17,308.68
8509,2810,38,2,37.91,75.82
8510,2811,25,1,8.03,8.03
8511,2811,9,3,82.07,246.21
8512,2811,120,4,65.42,261.68
8513,2812,96,2,22.13,44.26
8514,2813,56,4,79.11,316.44
8515,2814,5,4,117.97,471.88
8516,2814,95,1,56.84,56.84
8517,2815,68,1,46.51,46.51
8518,2815,78,3,113.27,339.81
8519,2815,14,1,89.45,89.45
8520,2816,85,1,54.4,54.4
8521,2817,37,2,4.9,9.8
8522,2818,88,2,11.78,23.56
8523,2818,103,3,46.34,139.02
8524,2818,2,2,13.32,26.64
8525,2819,57,3,78.76,236.28
8526,2819,35,1,33.99,33.99
8527,2819,30,3,112.66,337.98
8528,2819,43,4,5.46,21.84
8529,2820,44,2,66.17,132.34
8530,2821,109,1,32.96,32.96
8531,2821,97,3,75.11,225.33
8532,2821,34,1,7.18,7.18
8533,2821,14,4,115.73,462.92
8534,2822,109,1,61.12,61.12
8535,2823,70,3,40.54,121.62
8536,2824,95,4,81.89,327.56
8537,2825,95,2,94.51,189.02
8538,2825,107,1,113.44,113.44
8539,2825,91,3,93.39,280.17
8540,2825,4,1,22.27,22.27
8541,2825,93,4,113.15,452.6
8542,2826,67,4,103.34,413.36
8543,2826,40,1,42.25,42.25
8544,2826,76,3,75.85,227.55
8545,2826,103,3,33.97,101.91
8546,2826,25,3,85.8,257.4
8547,2827,120,4,76.17,304.68
8548,2827,110,4,101.26,405.04
8549,2827,115,3,67.2,201.6
8550,2827,113,1,7.39,7.39
8551,2827,9,2,69.17,138.34
8552,2828,61,4,75.25,301.0
8553,2828,30,4,56.3,225.2
8554,2828,65,1,4.35,4.35
8555,2828,1,2,32.42,64.84
8556,2829,25,1,119.22,119.22
8557,2829,59,2,9.41,18.82
8558,2830,3,1,55.21,55.21
8559,2830,118,2,71.99,143.98
8560,2831,76,4,93.78,375.12
8561,2831,12,1,67.9,67.9
8562,2831,1,2,76.1,152.2
8563,2831,96,2,80.02,160.04
8564,2832,54,2,106.89,213.78
8565,2832,27,2,98.5,197.0
8566,2832,77,3,8.15,24.45
8567,2832,51,4,78.2,312.8
8568,2832,64,4,4.0,16.0
8569,2833,87,1,67.16,67.16
8570,2834,107,1,44.12,44.12
8571,2834,48,4,111.59,446.36
8572,2834,40,1,71.45,71.45
8573,2834,96,3,93.66,280.98
8574,2834,109,2,33.57,67.14
8575,2835,79,1,54.51,54.51
8576,2835,12,1,92.19,92.19
8577,2835,65,1,89.81,89.81
8578,2835,116,3,74.52,223.56
8579,2835,69,2,51.33,102.66
8580,2836,73,1,116.97,116.97
8581,2836,99,4,53.95,215.8
8582,2836,43,3,5.73,17.19
8583,2837,43,4,44.47,177.88
8584,2838,51,1,109.14,109.14
8585,2838,75,1,27.91,27.91
8586,2838,64,3,67.96,203.88
8587,2838,57,3,106.25,318.75
8588,2838,61,3,102.85,308.55
8589,2839,37,2,73.02,146.04
8590,2839,18,4,3.12,12.48
8591,2839,14,2,9.64,19.28
8592,2839,70,1,92.22,92.22
8593,2840,82,2,96.86,193.72
8594,2840,1,2,102.11,204.22
8595,2841,74,4,43.66,174.64
8596,2842,73,1,61.35,61.35
8597,2843,37,4,86.95,347.8
8598,2843,56,2,17.64,35.28
8599,2843,22,4,83.71,334.84
8600,2843,113,4,18.47,73.88
8601,2843,14,1,42.84,42.84
8602,2844,84,3,102.62,307.86
8603,2844,53,3,87.36,262.08
8604,2844,75,2,108.63,217.26
8605,2844,91,3,47.82,143.46
8606,2844,65,4,108.68,434.72
8607,2845,25,1,65.27,65.27
8608,2845,23,2,66.31,132.62
8609,2845,72,4,51.04,204.16
8610,2846,116,2,47.2,94.4
8611,2846,83,1,75.6,75.6
8612,2846,109,1,62.91,62.91
8613,2846,57,3,29.06,87.18
8614,2847,84,3,24.03,72.09
8615,2847,74,1,4.52,4.52
8616,2848,109,2,37.56,75.12
8617,2848,93,1,40.13,40.13
8618,2849,120,4,8.17,32.68
8619,2849,3,4,113.61,454.44
8620,2849,55,3,62.16,186.48
8621,2849,80,4,61.74,246.96
8622,2849,21,3,18.14,54.42
8623,2850,33,1,76.47,76.47
8624,2850,39,3,76.24,228.72
8625,2850,3,2,106.11,212.22
8626,2851,78,1,64.21,64.21
8627,2851,33,3,74.04,222.12
8628,2851,51,1,19.08,19.08
8629,2851,92,4,95.86,383.44
8630,2852,3,4,4.95,19.8
8631,2852,115,1,75.3,75.3
8632,2853,66,2,109.71,219.42
8633,2854,83,3,43.61,130.83
8634,2854,97,1,62.43,62.43
8635,2854,26,4,68.53,274.12
8636,2854,14,3,79.12,237.36
8637,2854,97,3,19.93,59.79
8638,2855,106,2,72.6,145.2
8639,2856,111,3,42.08,126.24
8640,2856,5,3,25.24,75.72
8641,2856,96,3,59.65,178.95
8642,2856,117,4,86.42,345.68
8643,2857,33,4,35.86,143.44
8644,2857,46,1,100.22,100.22
8645,2858,66,2,115.41,230.82
8646,2858,34,2,51.74,103.48
8647,2858,70,3,11.8,35.4
8648,2859,9,3,104.84,314.52
8649,2859,51,1,12.36,12.36
8650,2859,86,3,92.61,277.83
8651,2859,77,4,38.87,155.48
8652,2860,119,4,99.99,399.96
8653,2860,58,2,76.23,152.46
8654,2860,72,4,58.88,235.52
8655,2861,37,3,16.39,49.17
8656,2862,54,3,96.32,288.96
8657,2862,83,4,115.8,463.2
8658,2863,48,3,42.9,128.7
8659,2863,106,3,4.62,13.86
8660,2863,100,3,71.35,214.05
8661,2863,66,2,73.79,147.58
8662,2864,24,1,103.16,103.16
8663,2864,34,4,6.93,27.72
8664,2865,79,1,10.96,10.96
8665,2865,72,4,48.06,192.24
8666,2866,70,3,108.85,326.55
8667,2866,19,4,10.34,41.36
8668,2866,113,3,93.01,279.03
8669,2866,67,2,34.76,69.52
8670,2866,84,3,29.29,87.87
8671,2867,41,3,34.63,103.89
8672,2867,109,2,96.97,193.94
8673,2867,8,2,74.99,149.98
8674,2867,99,3,98.96,296.88
8675,2867,69,1,38.28,38.28
8676,2868,82,1,66.09,66.09
8677,2868,58,4,26.33,105.32
8678,2868,115,3,112.76,338.28
8679,2868,23,4,22.37,89.48
8680,2868,57,4,15.12,60.48
8681,2869,16,4,21.35,85.4
8682,2869,95,4,27.76,111.04
8683,2869,120,4,101.84,407.36
8684,2869,31,4,26.11,104.44
8685,2870,54,1,52.63,52.63
8686,2870,40,4,75.23,300.92
8687,2870,70,4,59.1,236.4
8688,2870,119,4,23.16,92.64
8689,2871,17,3,60.8,182.4
8690,2871,84,4,54.48,217.92
8691,2872,46,4,74.33,297.32
8692,2872,43,4,65.8,263.2
8693,2872,89,2,25.5,51.0
8694,2872,41,2,72.93,145.86
8695,2872,8,1,94.86,94.86
8696,2873,37,4,100.38,401.52
8697,2873,105,1,115.8,115.8
8698,2874,43,1,55.02,55.02
8699,2874,101,1,55.76,55.76
8700,2874,4,4,56.38,225.52
8701,2874,84,4,117.09,468.36
8702,2874,78,2,99.72,199.44
8703,2875,71,2,25.6,51.2
8704,2875,114,3,21.88,65.64
8705,2876,105,1,6.87,6.87
8706,2876,21,3,113.91,341.73
8707,2877,46,4,58.13,232.52
8708,2877,30,1,85.24,85.24
8709,2877,62,1,45.16,45.16
8710,2877,69,2,46.25,92.5
8711,2877,26,2,7.81,15.62
8712,2878,66,2,54.12,108.24
8713,2878,56,2,52.06,104.12
8714,2878,110,3,118.01,354.03
8715,2878,40,3,108.04,324.12
8716,2878,65,1,6.55,6.55
8717,2879,18,1,47.11,47.11
8718,2879,91,1,35.15,35.15
8719,2879,112,3,20.18,60.54
8720,2879,79,2,91.49,182.98
8721,2879,12,2,34.16,68.32
8722,2880,70,2,9.99,19.98
8723,2880,75,2,61.81,123.62
8724,2880,18,1,14.04,14.04
8725,2880,120,1,28.22,28.22
8726,2881,113,1,15.27,15.27
8727,2881,114,1,94.38,94.38
8728,2881,100,3,75.74,227.22
8729,2881,39,4,118.16,472.64
8730,2881,11,4,68.38,273.52
8731,2882,1,3,82.81,248.43
8732,2883,105,3,27.71,83.13
8733,2884,16,3,34.13,102.39
8734,2885,77,4,101.57,406.28
8735,2886,83,4,40.09,160.36
8736,2886,90,2,5.11,10.22
8737,2886,108,3,117.46,352.38
8738,2886,39,2,94.98,189.96
8739,2887,97,1,42.82,42.82
8740,2888,81,2,79.66,159.32
8741,2888,115,4,27.29,109.16
8742,2888,8,1,102.48,102.48
8743,2889,46,2,23.95,47.9
8744,2890,83,1,104.11,104.11
8745,2890,39,4,8.06,32.24
8746,2890,53,3,67.51,202.53
8747,2890,90,3,40.76,122.28
8748,2890,13,4,69.71,278.84
8749,2891,97,3,14.67,44.01
8750,2891,117,2,46.24,92.48
8751,2891,73,1,76.33,76.33
8752,2891,31,1,84.15,84.15
8753,2892,20,1,117.93,117.93
8754,2892,117,3,82.14,246.42
8755,2892,109,4,65.09,260.36
8756,2893,102,2,41.21,82.42
8757,2894,6,2,58.96,117.92
8758,2894,28,4,58.16,232.64
8759,2894,97,1,20.95,20.95
8760,2894,48,4,69.32,277.28
8761,2894,89,3,63.77,191.31
8762,2895,33,1,87.57,87.57
8763,2895,45,1,111.13,111.13
8764,2896,10,4,105.8,423.2
8765,2896,1,1,116.3,116.3
8766,2896,66,3,38.62,115.86
8767,2896,85,1,87.68,87.68
8768,2897,112,3,82.37,247.11
8769,2898,56,1,34.77,34.77
8770,2898,13,2,80.59,161.18
8771,2898,92,4,10.17,40.68
8772,2899,64,4,15.82,63.28
8773,2900,77,4,90.69,362.76
8774,2901,92,3,63.4,190.2
8775,2901,118,1,3.22,3.22
8776,2901,9,2,86.02,172.04
8777,2901,29,1,17.34,17.34
8778,2902,24,2,67.16,134.32
8779,2902,83,2,48.42,96.84
8780,2903,3,4,33.87,135.48
8781,2903,78,1,39.71,39.71
8782,2903,26,1,43.1,43.1
8783,2903,79,3,3.87,11.61
8784,2903,98,3,21.93,65.79
8785,2904,23,1,6.07,6.07
8786,2904,65,4,24.65,98.6
8787,2904,37,1,114.55,114.55
8788,2904,107,3,71.21,213.63
8789,2905,48,3,42.33,126.99
8790,2906,81,3,19.45,58.35
8791,2906,13,4,26.2,104.8
8792,2907,73,1,80.59,80.59
8793,2907,3,2,75.21,150.42
8794,2908,93,3,20.04,60.12
8795,2908,40,3,101.4,304.2
8796,2909,93,3,29.57,88.71
8797,2909,28,1,106.39,106.39
8798,2910,55,3,100.44,301.32
8799,2910,24,1,35.99,35.99
8800,2910,60,4,61.75,247.0
8801,2911,61,1,113.26,113.26
8802,2911,17,4,9.21,36.84
8803,2911,40,4,49.74,198.96
8804,2911,120,4,74.67,298.68
8805,2912,56,3,12.11,36.33
8806,2912,28,3,4.8,14.4
8807,2912,58,4,94.99,379.96
8808,2912,80,4,55.85,223.4
8809,2912,90,4,85.67,342.68
8810,2913,79,3,61.4,184.2
8811,2914,105,1,88.67,88.67
8812,2914,19,2,114.88,229.76
8813,2914,48,2,30.55,61.1
8814,2914,92,2,27.6,55.2
8815,2915,56,4,89.42,357.68
8816,2916,6,4,16.39,65.56
8817,2916,78,3,108.01,324.03
8818,2916,102,1,16.77,16.77
8819,2916,64,4,18.02,72.08
8820,2917,52,1,24.27,24.27
8821,2917,39,2,27.6,55.2
8822,2917,112,2,87.7,175.4
8823,2917,39,3,96.25,288.75
8824,2917,69,3,86.22,258.66
8825,2918,111,1,63.74,63.74
8826,2918,3,3,78.6,235.8
8827,2918,59,1,10.9,10.9
8828,2919,106,3,93.54,280.62
8829,2919,78,3,22.89,68.67
8830,2919,40,2,54.66,109.32
8831,2919,106,2,50.5,101.0
8832,2920,15,1,66.01,66.01
8833,2920,10,4,10.94,43.76
8834,2920,22,4,86.87,347.48
8835,2920,83,2,37.61,75.22
8836,2921,60,2,83.92,167.84
8837,2921,32,1,77.95,77.95
8838,2922,105,2,95.56,191.12
8839,2923,93,4,73.33,293.32
8840,2924,44,2,6.14,12.28
8841,2924,3,1,59.74,59.74
8842,2924,14,3,15.21,45.63
8843,2925,46,4,55.39,221.56
8844,2925,17,3,9.12,27.36
8845,2925,47,3,95.21,285.63
8846,2925,118,2,41.2,82.4
8847,2925,108,1,61.27,61.27
8848,2926,117,2,91.84,183.68
8849,2926,96,3,28.28,84.84
8850,2926,40,2,62.12,124.24
8851,2927,38,4,7.91,31.64
8852,2927,21,4,42.83,171.32
8853,2927,92,1,114.61,114.61
8854,2927,113,1,87.73,87.73
8855,2928,5,1,70.11,70.11
8856,2928,21,1,88.97,88.97
8857,2928,44,4,87.32,349.28
8858,2929,51,4,109.52,438.08
8859,2930,28,4,32.26,129.04
8860,2930,117,3,11.45,34.35
8861,2931,63,4,90.37,361.48
8862,2931,39,1,113.87,113.87
8863,2931,53,2,31.66,63.32
8864,2931,24,1,100.87,100.87
8865,2932,114,4,6.21,24.84
8866,2932,67,4,44.38,177.52
8867,2933,64,1,108.54,108.54
8868,2934,33,3,109.77,329.31
8869,2934,73,2,88.86,177.72
8870,2934,63,3,22.23,66.69
8871,2934,94,4,6.86,27.44
8872,2935,28,1,16.82,16.82
8873,2935,9,2,6.87,13.74
8874,2935,45,2,83.38,166.76
8875,2935,75,2,113.56,227.12
8876,2936,6,3,36.52,109.56
8877,2936,68,1,49.51,49.51
8878,2936,31,2,33.88,67.76
8879,2937,119,2,51.92,103.84
8880,2938,85,4,9.52,38.08
8881,2938,16,3,81.43,244.29
8882,2939,10,1,20.41,20.41
8883,2939,79,4,80.45,321.8
8884,2939,84,3,33.83,101.49
8885,2939,11,1,91.64,91.64
8886,2940,119,1,41.63,41.63
8887,2940,27,3,51.39,154.17
8888,2940,106,2,30.81,61.62
8889,2940,58,2,117.7,235.4
8890,2941,112,1,12.95,12.95
8891,2941,76,1,109.64,109.64
8892,2941,41,4,88.65,354.6
8893,2942,105,4,62.52,250.08
8894,2943,10,4,72.83,291.32
8895,2943,18,2,18.3,36.6
8896,2943,109,2,111.11,222.22
8897,2943,32,3,11.27,33.81
8898,2943,57,3,95.51,286.53
8899,2944,86,3,103.95,311.85
8900,2944,119,3,101.36,304.08
8901,2945,85,3,8.58,25.74
8902,2945,26,2,58.21,116.42
8903,2946,67,4,47.76,191.04
8904,2946,67,1,66.43,66.43
8905,2946,3,4,71.89,287.56
8906,2946,54,3,30.91,92.73
8907,2947,85,1,35.87,35.87
8908,2947,112,1,75.4,75.4
8909,2947,72,1,30.48,30.48
8910,2947,29,4,96.8,387.2
8911,2948,106,2,70.72,141.44
8912,2948,81,2,83.17,166.34
8913,2948,93,3,105.26,315.78
8914,2948,42,3,21.46,64.38
8915,2949,94,2,19.53,39.06
8916,2949,40,1,82.45,82.45
8917,2949,23,1,94.49,94.49
8918,2949,79,3,74.57,223.71
8919,2950,105,1,73.18,73.18
8920,2950,72,1,33.74,33.74
8921,2950,80,2,30.04,60.08
8922,2950,93,2,54.2,108.4
8923,2950,35,3,41.53,124.59
8924,2951,89,4,24.0,96.0
8925,2951,115,2,14.92,29.84
8926,2952,111,2,93.95,187.9
8927,2952,24,4,32.67,130.68
8928,2952,13,1,85.44,85.44
8929,2952,51,3,98.33,294.99
8930,2952,100,1,52.38,52.38
8931,2953,29,2,70.98,141.96
8932,2954,83,4,49.23,196.92
8933,2954,40,4,10.69,42.76
8934,2955,95,1,71.21,71.21
8935,2955,12,3,116.89,350.67
8936,2956,44,1,116.48,116.48
8937,2956,59,4,78.91,315.64
8938,2956,47,3,75.55,226.65
8939,2956,97,1,113.16,113.16
8940,2956,77,4,119.79,479.16
8941,2957,40,3,83.3,249.9
8942,2957,109,3,30.44,91.32
8943,2957,86,1,89.34,89.34
8944,2958,26,1,61.2,61.2
8945,2958,61,3,85.86,257.58
8946,2958,35,2,24.19,48.38
8947,2958,13,2,82.53,165.06
8948,2959,12,1,110.26,110.26
8949,2959,33,4,26.87,107.48
8950,2959,59,3,14.81,44.43
8951,2959,85,2,72.14,144.28
8952,2959,47,2,88.26,176.52
8953,2960,41,2,89.12,178.24
8954,2960,42,1,115.94,115.94
8955,2960,41,4,88.63,354.52
8956,2961,115,4,29.94,119.76
8957,2962,111,2,31.44,62.88
8958,2962,82,2,40.87,81.74
8959,2962,14,4,96.7,386.8
8960,2963,73,3,42.9,128.7
8961,2963,71,1,23.33,23.33
8962,2964,97,1,52.98,52.98
8963,2965,94,4,42.63,170.52
8964,2965,26,2,110.72,221.44
8965,2966,13,4,99.65,398.6
8966,2966,41,3,31.2,93.6
8967,2966,58,1,59.64,59.64
8968,2966,86,2,47.76,95.52
8969,2967,31,1,23.37,23.37
8970,2967,59,3,103.18,309.54
8971,2967,85,4,75.75,303.0
8972,2968,56,2,74.7,149.4
8973,2968,9,1,78.45,78.45
8974,2968,114,4,67.58,270.32
8975,2968,114,4,39.68,158.72
8976,2968,89,4,83.76,335.04
8977,2969,45,2,105.61,211.22
8978,2969,58,3,41.17,123.51
8979,2969,1,3,48.76,146.28
8980,2970,7,2,73.55,147.1
8981,2970,60,2,101.91,203.82
8982,2970,62,3,35.92,107.76
8983,2971,120,1,75.13,75.13
8984,2971,51,2,50.82,101.64
8985,2971,94,1,28.51,28.51
8986,2972,20,4,59.88,239.52
8987,2972,28,3,26.71,80.13
8988,2973,53,2,62.93,125.86
8989,2973,66,4,85.32,341.28
8990,2973,85,2,19.59,39.18
8991,2973,92,3,29.51,88.53
8992,2974,104,1,115.91,115.91
8993,2974,56,3,103.76,311.28
8994,2974,82,3,72.85,218.55
8995,2974,43,3,117.34,352.02
8996,2975,65,2,74.01,148.02
8997,2975,69,4,30.55,122.2
8998,2975,103,1,73.99,73.99
8999,2976,75,2,84.99,169.98
9000,2976,99,3,109.75,329.25
9001,2976,11,3,107.96,323.88
9002,2976,91,1,33.81,33.81
9003,2977,19,3,109.44,328.32
9004,2977,71,3,60.87,182.61
9005,2977,5,3,5.64,16.92
9006,2977,100,3,21.59,64.77
9007,2978,33,4,53.43,213.72
9008,2978,120,2,8.85,17.7
9009,2978,58,4,69.73,278.92
9010,2979,99,1,75.71,75.71
9011,2979,37,1,60.06,60.06
9012,2979,106,2,35.82,71.64
9013,2980,64,1,63.06,63.06
9014,2981,80,1,3.51,3.51
9015,2981,75,3,8.24,24.72
9016,2982,23,1,85.87,85.87
9017,2982,48,3,17.81,53.43
9018,2982,62,2,84.22,168.44
9019,2982,4,3,74.74,224.22
9020,2983,30,2,27.66,55.32
9021,2983,32,3,106.46,319.38
9022,2983,111,4,43.09,172.36
9023,2983,74,1,27.24,27.24
9024,2984,16,4,95.97,383.88
9025,2985,47,2,105.31,210.62
9026,2985,38,1,115.93,115.93
9027,2986,98,4,15.99,63.96
9028,2987,103,4,81.45,325.8
9029,2988,15,1,80.39,80.39
9030,2988,106,1,66.65,66.65
9031,2988,119,1,21.05,21.05
9032,2988,112,2,110.45,220.9
9033,2988,72,2,106.82,213.64
9034,2989,58,3,31.05,93.15
9035,2989,46,4,39.22,156.88
9036,2989,85,1,108.71,108.71
9037,2990,76,4,22.02,88.08
9038,2990,104,1,80.64,80.64
9039,2991,80,1,33.58,33.58
9040,2991,2,1,73.38,73.38
9041,2991,4,2,75.79,151.58
9042,2992,74,1,5.87,5.87
9043,2992,109,4,29.5,118.0
9044,2993,70,1,103.51,103.51
9045,2993,89,3,70.45,211.35
9046,2993,51,2,30.55,61.1
9047,2994,88,1,117.89,117.89
9048,2995,63,2,3.46,6.92
9049,2995,35,1,45.87,45.87
9050,2995,103,4,4.63,18.52
9051,2996,79,1,18.67,18.67
9052,2996,100,3,90.54,271.62
9053,2996,81,2,70.18,140.36
9054,2996,4,2,23.59,47.18
9055,2996,89,3,15.38,46.14
9056,2997,59,2,72.67,145.34
9057,2997,105,4,41.23,164.92
9058,2997,46,1,21.22,21.22
9059,2997,28,4,9.53,38.12
9060,2997,8,4,92.23,368.92
9061,2998,60,4,53.24,212.96
9062,2999,21,1,102.83,102.83
9063,2999,28,3,45.64,136.92
9064,2999,114,3,68.72,206.16
9065,2999,82,3,115.55,346.65
9066,3000,5,3,105.35,316.05
9067,3000,10,3,61.32,183.96
9068,3000,118,2,92.04,184.08
9069,3000,55,2,91.37,182.74
9070,3000,98,2,43.82,87.64
9071,3001,56,4,71.28,285.12
9072,3001,116,3,82.21,246.63
9073,3001,63,1,40.62,40.62
9074,3001,72,4,103.8,415.2
9075,3002,9,1,46.76,46.76
9076,3002,83,1,39.62,39.62
9077,3002,18,3,51.3,153.9
9078,3003,80,3,8.43,25.29
9079,3003,94,1,94.86,94.86
9080,3003,39,4,50.65,202.6
9081,3003,1,4,28.78,115.12
9082,3004,98,4,41.64,166.56
9083,3004,110,2,6.23,12.46
9084,3005,72,1,23.42,23.42
9085,3005,105,3,34.06,102.18
9086,3006,114,3,62.84,188.52
9087,3007,43,3,46.26,138.78
9088,3007,104,2,88.42,176.84
9089,3007,70,3,29.16,87.48
9090,3007,81,2,41.79,83.58
9091,3007,111,3,69.75,209.25
9092,3008,119,3,19.75,59.25
9093,3008,71,4,79.32,317.28
9094,3008,42,1,18.18,18.18
9095,3009,59,2,92.64,185.28
9096,3009,16,1,36.59,36.59
9097,3009,78,4,30.94,123.76
9098,3009,55,1,69.05,69.05
9099,3009,79,1,111.73,111.73
9100,3010,80,4,108.28,433.12
9101,3011,46,3,22.66,67.98
9102,3011,3,3,22.06,66.18
9103,3011,87,3,98.2,294.6
9104,3012,23,3,41.49,124.47
9105,3012,91,3,39.37,118.11
9106,3012,43,1,73.93,73.93
9107,3012,74,2,56.59,113.18
9108,3013,85,1,118.47,118.47
9109,3013,88,4,13.84,55.36
9110,3013,86,4,71.67,286.68
9111,3013,15,2,91.97,183.94
9112,3014,109,3,117.46,352.38
9113,3014,101,3,71.79,215.37
9114,3014,47,2,59.67,119.34
9115,3014,95,1,84.1,84.1
9116,3015,50,3,72.97,218.91
9117,3015,56,1,102.56,102.56
9118,3015,83,2,61.19,122.38
9119,3016,4,3,45.76,137.28
9120,3016,76,4,71.27,285.08
9121,3017,45,4,26.45,105.8
9122,3017,62,3,69.35,208.05
9123,3017,66,3,72.29,216.87
9124,3017,11,2,88.69,177.38
9125,3017,95,4,107.2,428.8
9126,3018,16,2,30.34,60.68
9127,3019,22,3,12.54,37.62
9128,3019,116,4,4.46,17.84
9129,3020,32,4,91.86,367.44
9130,3020,79,1,101.48,101.48
9131,3021,19,2,105.87,211.74
9132,3021,40,3,63.73,191.19
9133,3021,85,2,103.8,207.6
9134,3021,15,4,63.24,252.96
9135,3021,113,1,51.6,51.6
9136,3022,80,1,4.74,4.74
9137,3022,101,2,62.81,125.62
9138,3022,22,2,35.17,70.34
9139,3023,110,1,30.91,30.91
9140,3023,64,3,27.52,82.56
9141,3024,91,1,61.27,61.27
9142,3024,29,2,110.84,221.68
9143,3024,67,1,30.22,30.22
9144,3025,119,4,75.1,300.4
9145,3025,71,3,119.92,359.76
9146,3025,52,2,12.52,25.04
9147,3025,50,4,4.02,16.08
9148,3025,7,4,22.2,88.8
9149,3026,56,3,87.13,261.39
9150,3026,82,3,81.13,243.39
9151,3026,28,4,20.83,83.32
9152,3026,74,2,16.6,33.2
9153,3027,49,3,6.17,18.51
9154,3027,17,1,101.5,101.5
9155,3027,68,3,62.52,187.56
9156,3027,75,3,44.65,133.95
9157,3027,86,3,89.03,267.09
9158,3028,63,3,95.07,285.21
9159,3028,40,2,82.43,164.86
9160,3028,58,3,51.2,153.6
9161,3029,39,3,38.7,116.1
9162,3029,89,3,59.74,179.22
9163,3029,67,1,96.39,96.39
9164,3030,86,4,37.86,151.44
9165,3030,41,1,106.52,106.52
9166,3030,79,2,107.72,215.44
9167,3030,33,2,117.8,235.6
9168,3030,61,3,21.16,63.48
9169,3031,44,3,64.65,193.95
9170,3031,79,2,60.06,120.12
9171,3031,62,2,90.56,181.12
9172,3031,57,1,119.84,119.84
9173,3032,92,2,102.66,205.32
9174,3033,111,4,109.91,439.64
9175,3033,6,4,37.81,151.24
9176,3034,31,2,30.46,60.92
9177,3034,118,4,112.75,451.0
9178,3034,27,2,114.86,229.72
9179,3034,21,1,119.09,119.09
9180,3035,115,2,116.41,232.82
9181,3035,29,2,113.86,227.72
9182,3035,68,3,96.61,289.83
9183,3035,99,3,105.85,317.55
9184,3035,94,1,68.14,68.14
9185,3036,68,1,109.7,109.7
9186,3037,31,3,18.78,56.34
9187,3037,83,1,51.17,51.17
9188,3037,25,2,79.99,159.98
9189,3037,76,3,42.71,128.13
9190,3037,104,3,25.87,77.61
9191,3038,7,2,24.67,49.34
9192,3038,19,3,93.7,281.1
9193,3038,106,1,104.31,104.31
9194,3039,18,3,78.81,236.43
9195,3039,1,4,92.49,369.96
9196,3040,16,2,12.78,25.56
9197,3040,116,2,45.8,91.6
9198,3040,80,4,112.34,449.36
9199,3040,10,1,20.14,20.14
9200,3041,23,1,54.56,54.56
9201,3041,74,1,44.61,44.61
9202,3041,105,2,12.98,25.96
9203,3042,120,1,105.87,105.87
9204,3043,8,1,80.85,80.85
9205,3043,17,2,14.38,28.76
9206,3043,18,3,101.7,305.1
9207,3043,48,1,5.87,5.87
9208,3044,31,4,119.27,477.08
9209,3044,31,3,103.34,310.02
9210,3044,58,1,90.18,90.18
9211,3045,14,2,72.29,144.58
9212,3045,10,2,25.46,50.92
9213,3046,120,1,90.04,90.04
9214,3046,27,1,9.17,9.17
9215,3046,49,2,30.2,60.4
9216,3046,4,3,7.34,22.02
9217,3046,101,4,81.79,327.16
9218,3047,37,4,42.39,169.56
9219,3047,105,3,60.83,182.49
9220,3047,29,1,53.6,53.6
9221,3048,29,3,119.89,359.67
9222,3048,119,3,21.55,64.65
9223,3048,120,2,54.59,109.18
9224,3049,117,4,48.61,194.44
9225,3049,64,3,78.35,235.05
9226,3049,76,1,35.47,35.47
9227,3049,46,3,112.94,338.82
9228,3050,34,2,45.85,91.7
9229,3050,78,4,65.29,261.16
9230,3050,49,3,29.84,89.52
9231,3050,11,4,7.68,30.72
9232,3051,9,1,53.1,53.1
9233,3051,16,3,47.47,142.41
9234,3052,36,2,32.84,65.68
9235,3052,12,3,5.68,17.04
9236,3052,95,3,28.0,84.0
9237,3053,68,2,42.59,85.18
9238,3054,34,4,46.65,186.6
9239,3054,79,4,70.21,280.84
9240,3054,99,4,33.41,133.64
9241,3055,28,4,65.03,260.12
9242,3055,103,4,41.21,164.84
9243,3055,66,3,71.47,214.41
9244,3056,117,4,111.39,445.56
9245,3056,98,3,30.21,90.63
9246,3056,98,1,42.03,42.03
9247,3056,1,4,115.72,462.88
9248,3057,116,2,82.48,164.96
9249,3057,110,2,97.0,194.0
9250,3057,53,4,11.31,45.24
9251,3057,92,2,57.31,114.62
9252,3057,22,2,54.38,108.76
9253,3058,112,4,25.29,101.16
9254,3058,10,4,44.05,176.2
9255,3058,8,3,26.86,80.58
9256,3059,9,3,39.48,118.44
9257,3060,10,1,27.73,27.73
9258,3060,64,3,65.08,195.24
9259,3060,2,4,69.49,277.96
9260,3061,10,1,56.36,56.36
9261,3062,68,3,51.22,153.66
9262,3063,82,1,117.04,117.04
9263,3063,103,2,55.35,110.7
9264,3064,82,4,58.07,232.28
9265,3064,7,1,72.55,72.55
9266,3064,60,1,10.37,10.37
9267,3064,28,2,46.34,92.68
9268,3065,68,3,95.01,285.03
9269,3066,97,2,18.49,36.98
9270,3066,15,2,85.16,170.32
9271,3067,16,1,92.08,92.08
9272,3068,118,4,54.06,216.24
9273,3068,67,4,101.64,406.56
9274,3068,6,1,35.95,35.95
9275,3068,40,1,12.54,12.54
9276,3069,15,4,33.1,132.4
9277,3069,18,3,62.3,186.9
9278,3069,50,1,53.62,53.62
9279,3070,33,3,95.04,285.12
9280,3070,77,4,39.99,159.96
9281,3070,5,2,85.61,171.22
9282,3071,82,1,41.77,41.77
9283,3071,60,3,75.27,225.81
9284,3071,43,1,118.0,118.0
9285,3072,23,2,16.5,33.0
9286,3072,60,3,36.64,109.92
9287,3072,57,4,113.33,453.32
9288,3073,79,2,4.68,9.36
9289,3073,14,4,55.6,222.4
9290,3074,71,1,61.38,61.38
9291,3074,25,1,8.14,8.14
9292,3074,107,3,74.62,223.86
9293,3074,30,1,84.66,84.66
9294,3075,102,4,113.62,454.48
9295,3075,40,1,109.11,109.11
9296,3076,42,3,118.53,355.59
9297,3076,42,3,88.75,266.25
9298,3076,117,4,43.27,173.08
9299,3076,60,1,31.68,31.68
9300,3076,105,4,16.02,64.08
9301,3077,67,4,93.06,372.24
9302,3077,19,2,97.28,194.56
9303,3078,111,3,92.91,278.73
9304,3078,99,3,117.75,353.25
9305,3078,89,3,43.1,129.3
9306,3078,36,1,25.13,25.13
9307,3079,42,3,45.02,135.06
9308,3079,118,2,67.83,135.66
9309,3079,71,2,118.04,236.08
9310,3079,28,2,117.69,235.38
9311,3080,17,4,98.47,393.88
9312,3080,99,4,81.49,325.96
9313,3081,15,2,30.23,60.46
9314,3082,62,1,14.62,14.62
9315,3082,40,1,16.48,16.48
9316,3082,11,3,90.6,271.8
9317,3082,68,1,77.49,77.49
9318,3083,15,3,66.81,200.43
9319,3084,113,3,5.65,16.95
9320,3084,114,4,98.97,395.88
9321,3084,78,2,17.13,34.26
9322,3084,103,3,10.53,31.59
9323,3085,38,2,4.77,9.54
9324,3085,18,4,60.11,240.44
9325,3085,18,1,82.25,82.25
9326,3086,2,2,47.77,95.54
9327,3086,26,2,104.95,209.9
9328,3086,104,4,51.81,207.24
9329,3086,29,1,13.26,13.26
9330,3086,32,1,90.35,90.35
9331,3087,11,3,15.73,47.19
9332,3087,109,2,53.53,107.06
9333,3087,115,3,18.68,56.04
9334,3087,29,1,95.91,95.91
9335,3088,107,1,51.32,51.32
9336,3088,39,2,83.79,167.58
9337,3089,34,2,68.24,136.48
9338,3089,75,3,60.16,180.48
9339,3089,44,2,96.19,192.38
9340,3089,76,4,96.73,386.92
9341,3090,70,2,24.89,49.78
9342,3090,103,3,42.76,128.28
9343,3090,89,3,6.09,18.27
9344,3090,84,3,20.71,62.13
9345,3090,3,1,16.19,16.19
9346,3091,68,3,96.62,289.86
9347,3091,48,2,69.21,138.42
9348,3091,108,1,87.39,87.39
9349,3091,57,4,47.97,191.88
9350,3092,119,1,6.81,6.81
9351,3092,86,2,79.56,159.12
9352,3093,89,2,56.17,112.34
9353,3093,106,4,81.18,324.72
9354,3093,28,1,23.56,23.56
9355,3093,46,2,39.44,78.88
9356,3094,9,4,44.07,176.28
9357,3095,81,2,17.55,35.1
9358,3095,12,3,53.16,159.48
9359,3095,40,3,28.77,86.31
9360,3095,64,4,11.18,44.72
9361,3095,120,1,30.02,30.02
9362,3096,117,3,94.66,283.98
9363,3097,55,3,26.3,78.9
9364,3097,100,2,103.11,206.22
9365,3097,56,1,92.77,92.77
9366,3097,1,2,112.2,224.4
9367,3097,54,4,68.33,273.32
9368,3098,102,2,8.52,17.04
9369,3098,76,4,103.77,415.08
9370,3098,96,3,7.23,21.69
9371,3098,50,4,75.07,300.28
9372,3099,73,3,37.08,111.24
9373,3099,54,3,99.13,297.39
9374,3099,31,2,14.62,29.24
9375,3100,22,4,90.58,362.32
9376,3101,97,4,32.23,128.92
9377,3101,30,3,89.55,268.65
9378,3102,12,2,84.34,168.68
9379,3102,8,4,88.96,355.84
9380,3102,31,4,12.19,48.76
9381,3102,86,3,62.81,188.43
9382,3103,101,3,98.34,295.02
9383,3103,98,4,89.36,357.44
9384,3103,61,3,17.17,51.51
9385,3104,97,2,106.62,213.24
9386,3104,29,2,85.58,171.16
9387,3105,52,1,56.03,56.03
9388,3105,8,2,99.79,199.58
9389,3105,111,3,5.72,17.16
9390,3105,93,4,53.04,212.16
9391,3106,92,2,52.9,105.8
9392,3106,7,4,63.01,252.04
9393,3106,53,3,43.5,130.5
9394,3107,9,2,81.68,163.36
9395,3107,2,3,25.87,77.61
9396,3107,56,3,63.23,189.69
9397,3108,71,2,3.9,7.8
9398,3109,28,2,58.78,117.56
9399,3109,73,1,62.2,62.2
9400,3109,74,2,68.41,136.82
9401,3109,110,1,114.57,114.57
9402,3109,69,4,105.4,421.6
9403,3110,95,3,56.42,169.26
9404,3110,96,1,15.0,15.0
9405,3110,5,4,86.4,345.6
9406,3110,88,3,90.68,272.04
9407,3111,29,2,62.71,125.42
9408,3111,117,4,105.06,420.24
9409,3111,44,1,60.04,60.04
9410,3111,63,2,12.09,24.18
9411,3111,11,4,108.4,433.6
9412,3112,103,2,94.66,189.32
9413,3112,45,3,75.17,225.51
9414,3112,63,4,80.13,320.52
9415,3112,9,1,103.78,103.78
9416,3113,59,2,57.85,115.7
9417,3114,37,1,30.41,30.41
9418,3114,43,1,24.98,24.98
9419,3115,57,3,55.16,165.48
9420,3115,83,3,53.06,159.18
9421,3115,41,3,85.94,257.82
9422,3115,69,2,16.44,32.88
9423,3115,109,4,28.47,113.88
9424,3116,36,1,108.28,108.28
9425,3116,45,1,28.5,28.5
9426,3116,9,3,10.76,32.28
9427,3116,40,4,46.69,186.76
9428,3117,70,4,95.34,381.36
9429,3117,38,4,106.5,426.0
9430,3118,107,2,33.84,67.68
9431,3118,107,1,5.98,5.98
9432,3118,48,4,99.76,399.04
9433,3118,18,4,52.33,209.32
9434,3118,49,3,52.35,157.05
9435,3119,30,2,117.54,235.08
9436,3119,57,4,56.14,224.56
9437,3119,40,1,6.92,6.92
9438,3119,95,3,26.75,80.25
9439,3119,61,1,90.67,90.67
9440,3120,5,2,42.23,84.46
9441,3120,97,2,58.85,117.7
9442,3120,88,1,110.58,110.58
9443,3121,51,4,35.93,143.72
9444,3121,56,3,14.28,42.84
9445,3121,65,3,58.56,175.68
9446,3121,102,4,86.79,347.16
9447,3122,80,3,57.43,172.29
9448,3122,75,4,12.98,51.92
9449,3122,38,1,56.6,56.6
9450,3122,78,3,51.76,155.28
9451,3123,103,2,77.72,155.44
9452,3123,74,3,14.28,42.84
9453,3124,67,4,66.41,265.64
9454,3124,85,3,20.09,60.27
9455,3124,3,2,24.91,49.82
9456,3124,50,3,10.08,30.24
9457,3125,6,4,119.73,478.92
9458,3125,48,1,119.82,119.82
9459,3126,7,2,86.3,172.6
9460,3126,81,4,103.96,415.84
9461,3126,10,1,66.17,66.17
9462,3126,101,2,91.35,182.7
9463,3127,57,4,11.17,44.68
9464,3127,89,4,51.11,204.44
9465,3127,49,2,16.28,32.56
9466,3127,82,2,42.23,84.46
9467,3127,81,3,50.27,150.81
9468,3128,81,2,83.02,166.04
9469,3128,39,3,31.67,95.01
9470,3128,120,1,23.86,23.86
9471,3128,117,1,6.73,6.73
9472,3128,99,3,70.51,211.53
9473,3129,5,2,50.32,100.64
9474,3129,33,2,106.48,212.96
9475,3129,103,4,87.57,350.28
9476,3129,28,1,26.93,26.93
9477,3130,74,4,104.92,419.68
9478,3130,51,2,101.87,203.74
9479,3130,98,4,94.69,378.76
9480,3130,61,3,88.13,264.39
9481,3130,83,2,14.53,29.06
9482,3131,115,1,108.64,108.64
9483,3131,99,3,118.19,354.57
9484,3131,94,4,83.01,332.04
9485,3132,76,4,98.53,394.12
9486,3132,80,4,84.79,339.16
9487,3132,82,3,13.77,41.31
9488,3133,41,4,94.13,376.52
9489,3133,56,2,100.8,201.6
9490,3133,119,2,54.68,109.36
9491,3133,48,4,57.11,228.44
9492,3134,110,1,60.64,60.64
9493,3134,93,4,3.12,12.48
9494,3135,100,2,89.18,178.36
9495,3135,40,3,24.42,73.26
9496,3135,65,3,114.03,342.09
9497,3135,1,1,28.67,28.67
9498,3136,115,3,100.52,301.56
9499,3136,40,1,80.07,80.07
9500,3136,110,4,66.51,266.04
9501,3136,94,3,73.32,219.96
9502,3137,19,2,47.24,94.48
9503,3137,110,4,61.64,246.56
9504,3137,4,2,58.04,116.08
9505,3137,48,4,65.16,260.64
9506,3137,101,3,41.34,124.02
9507,3138,37,2,5.11,10.22
9508,3138,65,1,29.03,29.03
9509,3138,20,2,43.48,86.96
9510,3138,59,3,5.23,15.69
9511,3139,94,1,69.92,69.92
9512,3139,108,3,46.27,138.81
9513,3139,95,4,30.19,120.76
9514,3140,63,4,53.13,212.52
9515,3140,26,2,97.24,194.48
9516,3140,65,1,59.31,59.31
9517,3141,87,4,34.92,139.68
9518,3141,81,4,79.66,318.64
9519,3141,31,4,74.68,298.72
9520,3141,78,2,79.99,159.98
9521,3141,97,2,91.43,182.86
9522,3142,71,2,67.55,135.1
9523,3142,102,4,64.07,256.28
9524,3142,102,2,43.42,86.84
9525,3142,16,4,27.62,110.48
9526,3143,5,4,97.57,390.28
9527,3143,82,2,59.15,118.3
9528,3143,63,2,88.73,177.46
9529,3144,119,4,6.57,26.28
9530,3144,26,2,111.71,223.42
9531,3144,23,3,9.73,29.19
9532,3145,12,1,55.59,55.59
9533,3145,57,4,89.7,358.8
9534,3145,57,4,115.53,462.12
9535,3145,86,2,85.04,170.08
9536,3145,62,1,65.33,65.33
9537,3146,65,2,28.41,56.82
9538,3146,47,2,83.98,167.96
9539,3146,36,1,81.23,81.23
9540,3146,21,3,19.41,58.23
9541,3147,50,3,15.72,47.16
9542,3147,69,3,94.25,282.75
9543,3148,3,4,30.87,123.48
9544,3148,47,4,24.35,97.4
9545,3148,60,4,102.27,409.08
9546,3149,42,1,4.32,4.32
9547,3149,18,3,101.69,305.07
9548,3149,66,3,64.39,193.17
9549,3149,112,1,6.16,6.16
9550,3149,80,4,53.74,214.96
9551,3150,89,1,111.78,111.78
9552,3150,9,3,75.11,225.33
9553,3150,40,4,90.47,361.88
9554,3151,31,4,101.38,405.52
9555,3151,80,4,14.74,58.96
9556,3151,8,4,61.44,245.76
9557,3152,112,4,88.46,353.84
9558,3152,11,3,112.32,336.96
9559,3152,31,1,4.23,4.23
9560,3153,108,4,97.18,388.72
9561,3153,79,4,92.39,369.56
9562,3153,89,4,84.17,336.68
9563,3153,32,1,107.96,107.96
9564,3154,15,4,63.34,253.36
9565,3155,88,1,114.26,114.26
9566,3155,47,3,111.57,334.71
9567,3155,29,2,104.2,208.4
9568,3155,111,3,32.97,98.91
9569,3155,46,4,42.63,170.52
9570,3156,25,3,79.75,239.25
9571,3157,75,3,71.71,215.13
9572,3157,6,4,4.55,18.2
9573,3157,95,4,72.94,291.76
9574,3157,91,1,4.52,4.52
9575,3158,67,4,37.08,148.32
9576,3158,91,1,10.47,10.47
9577,3159,19,1,35.22,35.22
9578,3159,17,4,107.03,428.12
9579,3159,104,4,18.79,75.16
9580,3159,74,2,3.87,7.74
9581,3159,83,2,67.64,135.28
9582,3160,72,2,90.05,180.1
9583,3161,96,4,41.14,164.56
9584,3161,79,1,67.11,67.11
9585,3161,35,3,115.48,346.44
9586,3162,99,2,108.82,217.64
9587,3162,83,1,83.42,83.42
9588,3162,48,3,62.71,188.13
9589,3162,40,4,7.32,29.28
9590,3162,52,4,20.92,83.68
9591,3163,35,4,104.98,419.92
9592,3163,47,1,103.51,103.51
9593,3163,18,2,110.29,220.58
9594,3164,4,3,75.26,225.78
9595,3164,107,3,78.34,235.02
9596,3164,90,4,53.1,212.4
9597,3165,13,3,60.04,180.12
9598,3165,29,4,20.78,83.12
9599,3165,73,1,85.48,85.48
9600,3165,42,2,12.67,25.34
9601,3165,102,4,97.54,390.16
9602,3166,10,3,24.91,74.73
9603,3166,87,2,22.7,45.4
9604,3166,13,1,98.17,98.17
9605,3166,75,1,18.3,18.3
9606,3167,101,2,113.96,227.92
9607,3168,21,2,60.42,120.84
9608,3168,118,1,27.25,27.25
9609,3168,50,2,96.62,193.24
9610,3169,41,4,115.84,463.36
9611,3169,117,4,51.43,205.72
9612,3169,69,1,90.51,90.51
9613,3169,43,1,6.67,6.67
9614,3170,70,1,41.33,41.33
9615,3170,107,3,104.22,312.66
9616,3171,59,1,68.5,68.5
9617,3171,7,4,56.13,224.52
9618,3171,117,3,75.45,226.35
9619,3172,86,1,114.75,114.75
9620,3172,35,4,50.54,202.16
9621,3172,114,3,32.55,97.65
9622,3173,117,4,48.73,194.92
9623,3173,69,3,36.99,110.97
9624,3174,55,4,45.19,180.76
9625,3174,80,3,75.34,226.02
9626,3174,6,2,80.54,161.08
9627,3174,36,3,110.96,332.88
9628,3175,49,4,116.78,467.12
9629,3175,66,3,74.83,224.49
9630,3176,52,2,86.34,172.68
9631,3176,69,1,80.13,80.13
9632,3177,45,4,16.3,65.2
9633,3177,14,4,107.91,431.64
9634,3178,101,2,55.14,110.28
9635,3178,96,2,29.52,59.04
9636,3178,80,1,59.46,59.46
9637,3178,49,1,74.39,74.39
9638,3178,112,4,68.24,272.96
9639,3179,16,2,77.25,154.5
9640,3179,97,3,84.46,253.38
9641,3180,25,4,20.72,82.88
9642,3180,81,4,15.21,60.84
9643,3180,63,3,50.66,151.98
9644,3180,57,4,72.0,288.0
9645,3181,20,3,17.55,52.65
9646,3181,65,1,72.89,72.89
9647,3181,34,3,39.65,118.95
9648,3182,31,3,67.02,201.06
9649,3182,1,1,115.65,115.65
9650,3182,109,1,81.49,81.49
9651,3182,7,4,32.47,129.88
9652,3183,13,3,47.6,142.8
9653,3184,45,4,29.66,118.64
9654,3185,81,4,62.3,249.2
9655,3186,116,3,14.89,44.67
9656,3186,75,3,14.54,43.62
9657,3186,75,3,41.25,123.75
9658,3187,23,4,52.88,211.52
9659,3187,10,1,65.61,65.61
9660,3187,31,1,47.77,47.77
9661,3187,70,3,64.95,194.85
9662,3188,93,4,35.23,140.92
9663,3188,44,1,30.62,30.62
9664,3188,85,1,47.19,47.19
9665,3189,11,4,30.0,120.0
9666,3189,7,1,23.75,23.75
9667,3189,82,4,30.98,123.92
9668,3189,18,4,24.45,97.8
9669,3189,27,4,28.97,115.88
9670,3190,43,1,33.46,33.46
9671,3191,34,2,9.13,18.26
9672,3191,102,3,103.76,311.28
9673,3191,73,4,106.97,427.88
9674,3192,56,3,19.97,59.91
9675,3192,8,4,99.4,397.6
9676,3192,92,1,74.38,74.38
9677,3192,80,4,21.29,85.16
9678,3192,33,1,84.98,84.98
9679,3193,79,1,85.04,85.04
9680,3193,56,3,52.13,156.39
9681,3193,92,1,116.89,116.89
9682,3193,98,2,84.68,169.36
9683,3193,119,3,106.57,319.71
9684,3194,22,2,63.92,127.84
9685,3194,27,3,102.56,307.68
9686,3195,48,2,21.21,42.42
9687,3195,9,4,35.61,142.44
9688,3195,63,3,23.59,70.77
9689,3196,109,3,119.44,358.32
9690,3196,26,2,53.09,106.18
9691,3196,53,4,43.61,174.44
9692,3196,59,1,27.59,27.59
9693,3196,95,1,12.16,12.16
9694,3197,64,3,94.97,284.91
9695,3197,83,3,23.89,71.67
9696,3197,39,3,89.24,267.72
9697,3197,28,3,36.76,110.28
9698,3197,100,3,91.28,273.84
9699,3198,26,2,45.36,90.72
9700,3198,48,3,28.17,84.51
9701,3198,80,2,112.77,225.54
9702,3198,89,2,112.04,224.08
9703,3198,44,2,115.84,231.68
9704,3199,101,4,114.48,457.92
9705,3200,46,4,94.2,376.8
9706,3201,105,1,21.99,21.99
9707,3201,114,1,86.74,86.74
9708,3202,66,2,18.96,37.92
9709,3202,20,3,109.61,328.83
9710,3202,13,3,117.21,351.63
9711,3202,120,2,50.89,101.78
9712,3202,30,2,51.26,102.52
9713,3203,35,3,17.58,52.74
9714,3204,99,1,82.44,82.44
9715,3205,117,2,85.63,171.26
9716,3205,51,2,42.51,85.02
9717,3206,91,2,13.13,26.26
9718,3206,113,3,55.0,165.0
9719,3206,73,4,31.94,127.76
9720,3206,26,1,44.42,44.42
9721,3206,44,3,19.1,57.3
9722,3207,113,2,41.58,83.16
9723,3207,37,1,118.53,118.53
9724,3208,77,3,4.46,13.38
9725,3209,28,1,119.83,119.83
9726,3209,83,1,106.77,106.77
9727,3209,81,3,68.75,206.25
9728,3209,105,4,34.93,139.72
9729,3209,16,2,30.43,60.86
9730,3210,44,1,60.85,60.85
9731,3210,117,3,63.81,191.43
9732,3210,51,2,108.14,216.28
9733,3211,78,4,50.78,203.12
9734,3211,56,4,97.69,390.76
9735,3211,120,3,98.17,294.51
9736,3211,107,3,27.87,83.61
9737,3211,12,4,21.9,87.6
9738,3212,27,4,88.88,355.52
9739,3212,88,3,90.64,271.92
9740,3212,11,1,42.77,42.77
9741,3212,57,4,10.77,43.08
9742,3213,54,1,68.2,68.2
9743,3213,81,3,67.12,201.36
9744,3213,79,4,74.12,296.48
9745,3213,43,3,26.85,80.55
9746,3213,116,2,25.04,50.08
9747,3214,56,1,52.64,52.64
9748,3214,83,1,91.52,91.52
9749,3214,115,1,67.53,67.53
9750,3214,88,3,8.59,25.77
9751,3214,74,1,40.08,40.08
9752,3215,45,1,80.83,80.83
9753,3215,91,2,81.92,163.84
9754,3215,62,3,86.68,260.04
9755,3215,77,4,109.34,437.36
9756,3215,101,4,32.79,131.16
9757,3216,90,2,36.39,72.78
9758,3216,28,4,4.53,18.12
9759,3217,18,3,81.71,245.13
9760,3217,119,4,64.77,259.08
9761,3217,44,2,55.91,111.82
9762,3218,14,2,20.83,41.66
9763,3218,101,4,48.61,194.44
9764,3218,120,3,106.4,319.2
9765,3218,100,1,73.84,73.84
9766,3218,63,1,21.88,21.88
9767,3219,111,1,100.23,100.23
9768,3219,88,3,75.86,227.58
9769,3219,10,4,42.96,171.84
9770,3220,31,4,73.03,292.12
9771,3220,1,4,9.02,36.08
9772,3221,60,1,60.6,60.6
9773,3221,5,1,40.83,40.83
9774,3222,35,4,92.33,369.32
9775,3222,118,1,25.33,25.33
9776,3222,116,2,11.18,22.36
9777,3222,13,3,13.7,41.1
9778,3223,19,4,79.75,319.0
9779,3223,26,1,46.05,46.05
9780,3224,32,1,44.63,44.63
9781,3225,52,3,51.99,155.97
9782,3225,117,2,41.46,82.92
9783,3226,18,3,83.37,250.11
9784,3226,107,3,62.85,188.55
9785,3227,92,3,72.74,218.22
9786,3227,53,3,116.9,350.7
9787,3228,64,1,117.58,117.58
9788,3228,50,3,3.76,11.28
9789,3228,56,3,13.34,40.02
9790,3228,26,1,40.85,40.85
9791,3228,6,2,39.06,78.12
9792,3229,26,2,61.2,122.4
9793,3229,3,2,79.14,158.28
9794,3229,74,1,32.56,32.56
9795,3229,111,1,82.06,82.06
9796,3230,22,4,112.11,448.44
9797,3230,94,1,24.94,24.94
9798,3230,112,4,113.82,455.28
9799,3231,79,4,59.02,236.08
9800,3231,40,4,59.08,236.32
9801,3231,110,2,48.21,96.42
9802,3231,66,4,85.98,343.92
9803,3232,95,2,97.98,195.96
9804,3232,107,4,3.14,12.56
9805,3232,83,4,80.96,323.84
9806,3232,62,1,73.55,73.55
9807,3232,50,1,37.7,37.7
9808,3233,46,4,114.25,457.0
9809,3233,54,1,96.16,96.16
9810,3233,70,3,71.23,213.69
9811,3233,42,2,49.6,99.2
9812,3234,10,3,94.11,282.33
9813,3234,97,1,69.18,69.18
9814,3234,49,4,11.18,44.72
9815,3234,120,3,74.96,224.88
9816,3235,65,3,96.23,288.69
9817,3235,6,4,69.51,278.04
9818,3235,25,1,98.23,98.23
9819,3235,113,2,36.42,72.84
9820,3235,96,4,89.2,356.8
9821,3236,116,2,105.17,210.34
9822,3236,81,3,77.7,233.1
9823,3237,60,2,20.22,40.44
9824,3238,70,3,10.91,32.73
9825,3238,90,1,115.0,115.0
9826,3238,81,4,92.28,369.12
9827,3238,61,2,66.31,132.62
9828,3238,85,4,73.39,293.56
9829,3239,82,3,24.33,72.99
9830,3240,102,4,42.64,170.56
9831,3240,35,2,5.77,11.54
9832,3240,52,2,98.95,197.9
9833,3241,79,1,71.75,71.75
9834,3241,90,4,19.52,78.08
9835,3241,23,1,10.37,10.37
9836,3241,2,1,63.57,63.57
9837,3241,31,2,71.45,142.9
9838,3242,32,2,5.47,10.94
9839,3242,44,1,119.85,119.85
9840,3242,97,3,69.86,209.58
9841,3242,44,1,104.56,104.56
9842,3243,19,3,117.25,351.75
9843,3244,88,4,97.64,390.56
9844,3244,35,1,63.8,63.8
9845,3245,65,1,25.91,25.91
9846,3245,2,3,59.49,178.47
9847,3246,110,3,73.31,219.93
9848,3246,16,3,18.05,54.15
9849,3246,120,2,64.59,129.18
9850,3246,11,4,30.41,121.64
9851,3247,53,3,97.29,291.87
9852,3247,14,2,22.96,45.92
9853,3247,117,1,95.7,95.7
9854,3247,13,1,106.82,106.82
9855,3248,88,1,101.17,101.17
9856,3248,71,3,64.5,193.5
9857,3248,118,1,99.72,99.72
9858,3249,114,3,77.16,231.48
9859,3249,76,4,62.6,250.4
9860,3250,89,2,42.38,84.76
9861,3250,30,1,49.7,49.7
9862,3251,60,3,104.89,314.67
9863,3251,66,4,115.12,460.48
9864,3252,96,1,43.73,43.73
9865,3252,12,1,78.86,78.86
9866,3252,98,3,58.5,175.5
9867,3252,1,1,24.62,24.62
9868,3253,23,3,76.6,229.8
9869,3253,110,1,100.23,100.23
9870,3253,39,2,5.45,10.9
9871,3253,98,3,39.17,117.51
9872,3253,73,4,65.31,261.24
9873,3254,98,1,111.79,111.79
9874,3255,1,1,33.22,33.22
9875,3255,80,3,13.45,40.35
9876,3255,12,2,76.67,153.34
9877,3256,50,4,68.09,272.36
9878,3257,120,4,17.8,71.2
9879,3258,51,2,29.48,58.96
9880,3258,36,3,107.92,323.76
9881,3258,8,3,46.28,138.84
9882,3258,19,3,61.32,183.96
9883,3258,60,2,12.7,25.4
9884,3259,10,4,3.89,15.56
9885,3259,85,3,71.35,214.05
9886,3259,118,3,114.4,343.2
9887,3259,62,2,104.12,208.24
9888,3259,9,1,10.32,10.32
9889,3260,18,1,84.61,84.61
9890,3260,102,3,95.04,285.12
9891,3260,74,2,101.55,203.1
9892,3260,66,3,88.02,264.06
9893,3261,107,4,40.16,160.64
9894,3261,45,4,103.26,413.04
9895,3262,43,4,93.45,373.8
9896,3263,89,3,76.24,228.72
9897,3264,103,4,24.34,97.36
9898,3264,93,3,19.06,57.18
9899,3265,25,3,105.0,315.0
9900,3265,78,3,65.65,196.95
9901,3266,95,2,90.97,181.94
9902,3266,105,3,26.89,80.67
9903,3266,19,2,72.34,144.68
9904,3266,112,4,66.2,264.8
9905,3266,28,2,99.66,199.32
9906,3267,106,2,4.12,8.24
9907,3267,2,3,3.86,11.58
9908,3267,32,4,112.08,448.32
9909,3267,112,4,43.33,173.32
9910,3267,40,1,15.41,15.41
9911,3268,71,4,7.36,29.44
9912,3268,95,1,74.45,74.45
9913,3268,79,1,19.73,19.73
9914,3268,118,4,89.05,356.2
9915,3269,98,1,63.41,63.41
9916,3269,25,4,106.06,424.24
9917,3269,68,2,47.51,95.02
9918,3269,53,4,12.3,49.2
9919,3269,90,2,48.5,97.0
9920,3270,77,4,86.76,347.04
9921,3270,88,3,112.2,336.6
9922,3271,60,1,81.58,81.58
9923,3271,34,1,83.75,83.75
9924,3271,34,3,100.39,301.17
9925,3271,102,4,91.01,364.04
9926,3271,61,1,45.31,45.31
9927,3272,38,1,66.59,66.59
9928,3272,103,4,54.7,218.8
9929,3272,76,3,104.08,312.24
9930,3273,118,3,101.04,303.12
9931,3273,11,3,105.45,316.35
9932,3273,3,1,31.17,31.17
9933,3273,108,3,27.78,83.34
9934,3274,61,4,83.42,333.68
9935,3274,26,3,101.36,304.08
9936,3274,119,2,28.23,56.46
9937,3275,31,3,40.27,120.81
9938,3276,107,1,117.25,117.25
9939,3276,6,3,37.62,112.86
9940,3277,8,4,69.25,277.0
9941,3277,1,1,84.32,84.32
9942,3278,109,3,49.43,148.29
9943,3278,54,1,57.45,57.45
9944,3278,77,3,16.82,50.46
9945,3278,97,1,28.2,28.2
9946,3278,108,3,50.26,150.78
9947,3279,68,1,43.53,43.53
9948,3279,98,3,46.71,140.13
9949,3280,88,2,7.83,15.66
9950,3280,117,3,88.07,264.21
9951,3280,115,2,61.13,122.26
9952,3280,56,2,96.83,193.66
9953,3281,28,1,40.49,40.49
9954,3281,59,1,16.75,16.75
9955,3281,30,4,85.94,343.76
9956,3281,90,1,116.09,116.09
9957,3281,86,4,24.61,98.44
9958,3282,107,2,29.61,59.22
9959,3282,60,4,110.24,440.96
9960,3283,42,2,100.2,200.4
9961,3283,36,1,116.21,116.21
9962,3283,38,3,21.28,63.84
9963,3283,84,1,106.84,106.84
9964,3283,57,3,58.72,176.16
9965,3284,71,3,49.15,147.45
9966,3284,39,3,13.27,39.81
9967,3284,90,2,35.41,70.82
9968,3284,58,2,34.05,68.1
9969,3285,52,3,19.89,59.67
9970,3286,68,4,31.14,124.56
9971,3286,81,1,35.03,35.03
9972,3286,72,4,80.82,323.28
9973,3286,57,3,55.06,165.18
9974,3287,25,1,64.29,64.29
9975,3288,65,4,54.26,217.04
9976,3288,92,3,88.46,265.38
9977,3288,23,1,41.67,41.67
9978,3288,90,1,80.77,80.77
9979,3288,108,3,58.07,174.21
9980,3289,12,4,103.33,413.32
9981,3289,99,1,43.5,43.5
9982,3289,11,2,10.45,20.9
9983,3290,7,4,80.33,321.32
9984,3290,55,3,95.18,285.54
9985,3290,118,3,54.09,162.27
9986,3290,53,1,94.65,94.65
9987,3290,14,4,4.65,18.6
9988,3291,48,2,24.53,49.06
9989,3291,40,1,89.34,89.34
9990,3291,34,4,114.95,459.8
9991,3292,58,2,110.59,221.18
9992,3292,15,4,66.53,266.12
9993,3292,18,1,113.06,113.06
9994,3292,24,2,96.38,192.76
9995,3292,60,1,12.66,12.66
9996,3293,7,1,87.22,87.22
9997,3293,69,3,54.81,164.43
9998,3293,88,3,98.42,295.26
9999,3293,43,3,55.26,165.78
10000,3293,63,2,36.94,73.88
10001,3294,85,1,67.33,67.33
10002,3294,106,2,51.66,103.32
10003,3295,68,3,48.63,145.89
10004,3296,35,3,52.96,158.88
10005,3296,61,1,108.38,108.38
10006,3296,25,4,9.24,36.96
10007,3296,19,3,110.03,330.09
10008,3296,51,3,43.68,131.04
10009,3297,74,3,57.68,173.04
10010,3298,93,3,61.74,185.22
10011,3298,69,4,23.76,95.04
10012,3298,35,3,91.82,275.46
10013,3298,50,2,12.61,25.22
10014,3299,59,3,71.55,214.65
10015,3299,88,1,71.9,71.9
10016,3300,18,3,12.16,36.48
10017,3301,22,2,60.16,120.32
10018,3301,1,4,61.28,245.12
10019,3301,48,1,74.9,74.9
10020,3302,98,4,62.61,250.44
10021,3302,37,2,21.81,43.62
10022,3302,60,3,106.04,318.12
10023,3303,18,2,118.17,236.34
10024,3303,70,3,97.89,293.67
10025,3304,69,2,12.03,24.06
10026,3304,55,3,92.16,276.48
10027,3304,78,4,66.83,267.32
10028,3305,46,3,113.22,339.66
10029,3305,65,2,89.05,178.1
10030,3306,60,1,80.57,80.57
10031,3306,58,1,56.5,56.5
10032,3306,107,2,101.47,202.94
10033,3307,9,1,29.98,29.98
10034,3307,15,3,97.57,292.71
10035,3307,89,4,96.65,386.6
10036,3307,107,4,27.67,110.68
10037,3308,114,2,69.91,139.82
10038,3308,36,4,64.81,259.24
10039,3308,48,2,85.92,171.84
10040,3308,104,1,96.64,96.64
10041,3309,25,2,84.32,168.64
10042,3309,61,3,7.03,21.09
10043,3309,24,4,77.16,308.64
10044,3309,78,2,48.5,97.0
10045,3310,108,1,60.17,60.17
10046,3310,56,4,112.25,449.0
10047,3310,115,3,69.59,208.77
10048,3310,64,1,47.31,47.31
10049,3310,80,3,70.72,212.16
10050,3311,96,2,43.42,86.84
10051,3311,19,2,70.99,141.98
10052,3312,61,1,83.32,83.32
10053,3312,1,1,65.9,65.9
10054,3312,18,2,17.96,35.92
10055,3312,8,3,30.59,91.77
10056,3312,96,2,7.97,15.94
10057,3313,4,3,52.69,158.07
10058,3313,10,4,16.63,66.52
10059,3313,109,1,104.15,104.15
10060,3313,37,4,104.01,416.04
10061,3313,24,3,97.64,292.92
10062,3314,73,1,95.49,95.49
10063,3314,54,3,9.82,29.46
10064,3315,24,4,113.93,455.72
10065,3316,2,4,99.21,396.84
10066,3316,26,2,89.81,179.62
10067,3316,101,1,112.18,112.18
10068,3317,78,3,94.02,282.06
10069,3317,82,3,53.46,160.38
10070,3317,39,4,65.81,263.24
10071,3317,49,4,49.4,197.6
10072,3318,2,1,3.59,3.59
10073,3318,116,1,100.92,100.92
10074,3318,15,2,91.92,183.84
10075,3319,31,2,25.29,50.58
10076,3319,24,2,41.04,82.08
10077,3319,93,2,29.11,58.22
10078,3319,55,2,78.14,156.28
10079,3320,16,4,60.78,243.12
10080,3320,48,4,66.06,264.24
10081,3320,54,4,12.19,48.76
10082,3321,68,4,22.03,88.12
10083,3322,39,1,36.37,36.37
10084,3322,17,4,116.55,466.2
10085,3323,82,3,82.1,246.3
10086,3323,7,1,61.89,61.89
10087,3323,48,4,93.36,373.44
10088,3324,95,2,112.71,225.42
10089,3324,63,1,80.84,80.84
10090,3325,86,2,76.83,153.66
10091,3326,23,2,21.82,43.64
10092,3326,52,3,118.92,356.76
10093,3326,59,1,10.69,10.69
10094,3327,47,2,49.99,99.98
10095,3327,45,3,95.42,286.26
10096,3327,106,4,12.7,50.8
10097,3327,61,2,12.24,24.48
10098,3328,54,1,53.81,53.81
10099,3328,3,3,16.55,49.65
10100,3328,56,4,4.25,17.0
10101,3329,17,1,85.62,85.62
10102,3329,62,3,61.81,185.43
10103,3329,39,2,45.24,90.48
10104,3329,104,2,5.62,11.24
10105,3329,64,3,29.12,87.36
10106,3330,65,4,118.65,474.6
10107,3330,13,4,17.05,68.2
10108,3331,103,4,112.55,450.2
10109,3331,86,2,23.19,46.38
10110,3331,54,2,42.58,85.16
10111,3332,85,4,46.08,184.32
10112,3333,65,3,101.61,304.83
10113,3334,57,2,112.49,224.98
10114,3334,109,4,62.21,248.84
10115,3335,11,1,48.18,48.18
10116,3335,61,1,108.14,108.14
10117,3335,63,4,80.86,323.44
10118,3335,16,1,29.43,29.43
10119,3335,6,2,9.23,18.46
10120,3336,61,1,61.73,61.73
10121,3337,30,2,9.9,19.8
10122,3338,118,1,12.32,12.32
10123,3338,94,2,100.66,201.32
10124,3338,99,2,15.75,31.5
10125,3339,19,3,36.76,110.28
10126,3339,83,4,86.15,344.6
10127,3339,37,3,47.16,141.48
10128,3339,67,3,52.87,158.61
10129,3340,27,4,113.45,453.8
10130,3340,80,4,39.22,156.88
10131,3341,97,1,104.29,104.29
10132,3341,101,2,29.07,58.14
10133,3341,67,2,101.61,203.22
10134,3341,49,3,52.38,157.14
10135,3341,73,4,65.56,262.24
10136,3342,75,1,48.05,48.05
10137,3342,109,2,88.26,176.52
10138,3342,59,4,81.86,327.44
10139,3342,87,4,84.44,337.76
10140,3342,49,3,56.35,169.05
10141,3343,77,4,60.38,241.52
10142,3343,62,2,83.95,167.9
10143,3343,102,1,7.59,7.59
10144,3344,100,4,30.5,122.0
10145,3344,116,2,69.21,138.42
10146,3345,65,4,98.46,393.84
10147,3345,58,1,55.27,55.27
10148,3345,83,3,33.6,100.8
10149,3345,52,1,90.03,90.03
10150,3345,97,3,21.18,63.54
10151,3346,88,2,96.47,192.94
10152,3346,66,1,118.03,118.03
10153,3346,92,2,71.85,143.7
10154,3346,105,3,42.04,126.12
10155,3347,64,1,54.32,54.32
10156,3347,94,1,100.41,100.41
10157,3348,95,3,29.31,87.93
10158,3348,40,3,76.08,228.24
10159,3348,73,4,39.3,157.2
10160,3349,91,4,91.27,365.08
10161,3350,26,4,46.72,186.88
10162,3350,101,1,116.48,116.48
10163,3350,33,1,51.85,51.85
10164,3351,72,4,9.65,38.6
10165,3351,114,2,19.69,39.38
10166,3352,66,4,16.9,67.6
10167,3353,92,1,58.73,58.73
10168,3353,11,1,20.53,20.53
10169,3354,118,3,48.02,144.06
10170,3354,112,1,58.42,58.42
10171,3355,47,3,41.34,124.02
10172,3355,104,2,115.13,230.26
10173,3355,111,2,112.23,224.46
10174,3356,52,2,5.75,11.5
10175,3356,26,4,26.38,105.52
10176,3356,66,4,86.65,346.6
10177,3356,66,4,41.93,167.72
10178,3357,9,1,51.35,51.35
10179,3358,63,1,99.2,99.2
10180,3358,27,3,10.55,31.65
10181,3358,102,3,20.52,61.56
10182,3358,110,3,67.06,201.18
10183,3359,3,3,25.97,77.91
10184,3359,45,1,100.52,100.52
10185,3359,36,1,113.86,113.86
10186,3359,49,2,73.03,146.06
10187,3359,77,3,77.53,232.59
10188,3360,5,3,75.33,225.99
10189,3361,97,4,86.23,344.92
10190,3361,94,1,70.38,70.38
10191,3361,21,1,45.4,45.4
10192,3362,17,3,71.16,213.48
10193,3362,29,2,104.93,209.86
10194,3362,55,3,60.28,180.84
10195,3362,101,1,16.0,16.0
10196,3363,99,2,3.3,6.6
10197,3363,4,4,23.26,93.04
10198,3363,31,1,62.94,62.94
10199,3363,117,2,34.39,68.78
10200,3363,15,4,60.78,243.12
10201,3364,80,1,14.1,14.1
10202,3364,19,2,30.75,61.5
10203,3364,91,3,69.11,207.33
10204,3364,32,2,45.28,90.56
10205,3365,93,2,87.05,174.1
10206,3365,46,1,93.26,93.26
10207,3365,92,1,70.22,70.22
10208,3365,14,3,95.82,287.46
10209,3366,69,2,12.07,24.14
10210,3366,84,2,36.96,73.92
10211,3366,50,2,98.09,196.18
10212,3366,13,4,25.77,103.08
10213,3366,17,4,3.46,13.84
10214,3367,113,2,19.56,39.12
10215,3367,92,2,28.47,56.94
10216,3367,18,2,32.51,65.02
10217,3367,110,4,26.39,105.56
10218,3368,38,3,119.91,359.73
10219,3369,37,1,54.81,54.81
10220,3369,40,2,34.95,69.9
10221,3369,10,1,43.27,43.27
10222,3369,76,3,81.12,243.36
10223,3370,35,3,100.79,302.37
10224,3370,85,2,35.5,71.0
10225,3371,84,4,59.49,237.96
10226,3371,119,3,60.81,182.43
10227,3371,92,1,90.04,90.04
10228,3371,86,4,6.23,24.92
10229,3371,55,4,23.82,95.28
10230,3372,25,4,54.89,219.56
10231,3372,16,3,74.68,224.04
10232,3372,37,4,22.31,89.24
10233,3373,1,3,90.92,272.76
10234,3373,71,2,88.19,176.38
10235,3374,77,2,23.01,46.02
10236,3375,36,2,25.88,51.76
10237,3375,45,3,60.46,181.38
10238,3375,11,2,8.81,17.62
10239,3375,21,4,104.24,416.96
10240,3375,75,2,71.74,143.48
10241,3376,62,2,101.74,203.48
10242,3376,108,4,69.94,279.76
10243,3377,119,2,22.75,45.5
10244,3377,102,1,30.15,30.15
10245,3377,108,2,38.06,76.12
10246,3378,14,4,15.38,61.52
10247,3378,45,1,107.86,107.86
10248,3378,70,3,20.37,61.11
10249,3378,49,1,62.23,62.23
10250,3378,115,3,99.16,297.48
10251,3379,83,4,110.22,440.88
10252,3379,6,1,115.76,115.76
10253,3380,15,3,119.11,357.33
10254,3380,115,1,30.46,30.46
10255,3380,38,4,32.03,128.12
10256,3380,17,3,74.8,224.4
10257,3381,36,2,34.48,68.96
10258,3381,30,2,118.34,236.68
10259,3381,120,4,66.29,265.16
10260,3381,85,4,76.56,306.24
10261,3381,10,3,39.53,118.59
10262,3382,98,3,96.97,290.91
10263,3382,11,3,54.4,163.2
10264,3382,112,4,9.04,36.16
10265,3382,60,1,73.22,73.22
10266,3382,11,1,30.17,30.17
10267,3383,23,2,34.09,68.18
10268,3383,44,1,46.62,46.62
10269,3383,69,4,52.19,208.76
10270,3383,105,1,118.06,118.06
10271,3384,19,1,16.15,16.15
10272,3384,116,3,74.58,223.74
10273,3384,77,1,76.0,76.0
10274,3385,51,4,52.5,210.0
10275,3385,71,1,35.6,35.6
10276,3386,73,1,107.2,107.2
10277,3387,31,2,47.98,95.96
10278,3387,99,3,115.94,347.82
10279,3387,73,3,12.39,37.17
10280,3388,110,3,10.61,31.83
10281,3388,58,1,43.52,43.52
10282,3388,112,2,49.88,99.76
10283,3389,69,2,6.35,12.7
10284,3389,37,3,8.78,26.34
10285,3389,6,1,6.91,6.91
10286,3390,25,2,13.03,26.06
10287,3390,61,2,48.55,97.1
10288,3391,1,3,68.98,206.94
10289,3391,74,1,79.69,79.69
10290,3391,56,3,5.41,16.23
10291,3392,48,1,5.07,5.07
10292,3392,103,3,73.82,221.46
10293,3392,107,1,66.22,66.22
10294,3392,43,2,87.75,175.5
10295,3393,11,3,104.52,313.56
10296,3393,94,4,48.07,192.28
10297,3394,14,2,92.97,185.94
10298,3394,53,1,3.85,3.85
10299,3394,81,4,119.21,476.84
10300,3394,91,2,23.57,47.14
10301,3394,11,4,7.66,30.64
10302,3395,32,2,41.27,82.54
10303,3395,118,1,12.93,12.93
10304,3396,113,3,102.6,307.8
10305,3397,56,1,10.15,10.15
10306,3397,112,2,97.12,194.24
10307,3397,45,4,106.16,424.64
10308,3397,41,4,13.82,55.28
10309,3398,86,3,13.26,39.78
10310,3398,51,1,32.75,32.75
10311,3398,110,1,116.53,116.53
10312,3398,9,3,6.28,18.84
10313,3398,113,1,42.16,42.16
10314,3399,54,3,31.8,95.4
10315,3400,96,4,59.87,239.48
10316,3400,90,2,102.08,204.16
10317,3400,83,3,24.26,72.78
10318,3400,108,2,15.14,30.28
10319,3401,9,1,119.76,119.76
10320,3401,36,3,91.58,274.74
10321,3401,102,4,54.21,216.84
10322,3401,30,4,29.18,116.72
10323,3401,6,4,88.99,355.96
10324,3402,54,2,27.14,54.28
10325,3402,117,2,44.9,89.8
10326,3402,116,4,3.14,12.56
10327,3402,60,4,23.29,93.16
10328,3403,25,3,79.72,239.16
10329,3404,17,2,26.66,53.32
10330,3404,100,2,78.31,156.62
10331,3404,117,1,9.03,9.03
10332,3404,42,2,8.04,16.08
10333,3404,107,4,58.11,232.44
10334,3405,98,1,42.79,42.79
10335,3406,113,4,42.72,170.88
10336,3406,88,1,93.87,93.87
10337,3406,34,2,30.82,61.64
10338,3406,37,2,15.96,31.92
10339,3406,20,4,32.65,130.6
10340,3407,27,2,21.83,43.66
10341,3408,20,1,100.32,100.32
10342,3408,106,3,42.34,127.02
10343,3408,34,1,108.03,108.03
10344,3408,104,3,14.75,44.25
10345,3408,14,2,115.63,231.26
10346,3409,76,3,34.14,102.42
10347,3410,97,4,20.61,82.44
10348,3410,26,4,55.8,223.2
10349,3410,14,1,59.8,59.8
10350,3410,96,2,8.05,16.1
10351,3410,40,3,83.73,251.19
10352,3411,93,2,27.36,54.72
10353,3411,1,1,112.39,112.39
10354,3411,24,3,117.43,352.29
10355,3411,17,2,116.25,232.5
10356,3411,58,1,50.08,50.08
10357,3412,118,1,97.9,97.9
10358,3412,80,4,76.35,305.4
10359,3412,21,1,10.73,10.73
10360,3413,28,1,52.34,52.34
10361,3413,61,4,76.77,307.08
10362,3413,17,1,77.22,77.22
10363,3413,92,1,88.14,88.14
10364,3413,12,4,110.66,442.64
10365,3414,88,3,48.91,146.73
10366,3415,116,4,65.58,262.32
10367,3415,52,3,13.41,40.23
10368,3415,26,3,27.64,82.92
10369,3415,88,2,18.85,37.7
10370,3416,22,3,95.34,286.02
10371,3417,77,4,44.76,179.04
10372,3417,61,4,39.79,159.16
10373,3417,28,3,115.62,346.86
10374,3417,22,1,32.99,32.99
10375,3418,34,4,33.61,134.44
10376,3418,91,1,114.05,114.05
10377,3419,21,2,22.11,44.22
10378,3419,83,3,82.45,247.35
10379,3419,82,3,35.58,106.74
10380,3419,101,3,65.7,197.1
10381,3419,68,3,94.86,284.58
10382,3420,90,3,23.72,71.16
10383,3421,92,1,59.12,59.12
10384,3421,29,2,95.35,190.7
10385,3421,11,3,30.41,91.23
10386,3421,69,2,54.56,109.12
10387,3422,34,3,89.56,268.68
10388,3422,82,2,107.87,215.74
10389,3422,93,1,100.81,100.81
10390,3423,8,4,68.71,274.84
10391,3423,31,2,32.87,65.74
10392,3424,12,2,67.23,134.46
10393,3424,21,1,62.68,62.68
10394,3424,93,2,106.35,212.7
10395,3424,93,3,4.54,13.62
10396,3424,31,3,65.27,195.81
10397,3425,34,4,18.57,74.28
10398,3426,119,2,81.97,163.94
10399,3426,113,2,39.24,78.48
10400,3426,105,1,115.13,115.13
10401,3426,40,3,104.99,314.97
10402,3427,84,1,11.15,11.15
10403,3427,34,4,90.7,362.8
10404,3428,84,2,19.36,38.72
10405,3428,117,3,68.5,205.5
10406,3429,74,2,5.78,11.56
10407,3429,73,2,79.49,158.98
10408,3429,24,2,86.33,172.66
10409,3429,22,3,105.61,316.83
10410,3429,104,4,52.93,211.72
10411,3430,21,2,47.24,94.48
10412,3430,53,4,36.87,147.48
10413,3430,88,1,80.95,80.95
10414,3430,77,4,60.07,240.28
10415,3430,42,3,70.9,212.7
10416,3431,19,1,28.43,28.43
10417,3432,56,3,48.49,145.47
10418,3432,75,2,57.41,114.82
10419,3433,35,2,24.47,48.94
10420,3434,114,3,46.87,140.61
10421,3435,108,3,105.87,317.61
10422,3435,46,3,3.09,9.27
10423,3435,50,3,96.42,289.26
10424,3435,2,3,116.14,348.42
10425,3435,105,2,88.09,176.18
10426,3436,75,2,95.82,191.64
10427,3436,106,4,105.55,422.2
10428,3437,68,3,36.36,109.08
10429,3437,40,2,6.74,13.48
10430,3438,56,2,79.36,158.72
10431,3439,112,3,9.19,27.57
10432,3440,78,4,58.42,233.68
10433,3440,72,1,8.52,8.52
10434,3441,111,3,22.97,68.91
10435,3441,106,3,68.07,204.21
10436,3441,58,3,77.06,231.18
10437,3442,60,4,98.33,393.32
10438,3442,98,3,102.11,306.33
10439,3442,10,3,84.68,254.04
10440,3442,52,2,18.65,37.3
10441,3442,15,2,56.36,112.72
10442,3443,40,4,102.07,408.28
10443,3444,100,1,38.66,38.66
10444,3444,116,3,79.57,238.71
10445,3444,104,2,92.76,185.52
10446,3444,114,3,19.21,57.63
10447,3445,118,4,88.99,355.96
10448,3445,98,4,68.03,272.12
10449,3445,106,4,27.1,108.4
10450,3446,13,4,97.2,388.8
10451,3447,67,4,38.19,152.76
10452,3447,71,2,39.8,79.6
10453,3447,82,2,34.93,69.86
10454,3447,95,2,23.27,46.54
10455,3448,67,2,84.15,168.3
10456,3448,101,3,69.88,209.64
10457,3448,99,1,34.57,34.57
10458,3448,7,1,13.5,13.5
10459,3448,17,1,97.37,97.37
10460,3449,73,4,14.29,57.16
10461,3449,76,3,106.68,320.04
10462,3449,25,1,24.77,24.77
10463,3449,9,2,33.13,66.26
10464,3450,96,4,8.05,32.2
10465,3451,89,3,22.14,66.42
10466,3451,36,2,82.19,164.38
10467,3451,87,4,10.11,40.44
10468,3451,23,4,76.07,304.28
10469,3452,81,2,110.86,221.72
10470,3452,1,4,93.69,374.76
10471,3452,23,4,20.45,81.8
10472,3452,101,2,84.99,169.98
10473,3452,93,4,117.23,468.92
10474,3453,45,2,71.11,142.22
10475,3453,47,1,67.23,67.23
10476,3453,73,1,83.52,83.52
10477,3454,58,2,52.13,104.26
10478,3454,17,4,67.61,270.44
10479,3455,77,1,33.88,33.88
10480,3455,59,3,12.59,37.77
10481,3455,31,4,77.06,308.24
10482,3455,22,4,107.59,430.36
10483,3456,88,2,4.33,8.66
10484,3456,88,1,4.61,4.61
10485,3457,18,3,52.37,157.11
10486,3457,81,3,26.7,80.1
10487,3457,79,2,20.46,40.92
10488,3457,22,1,17.95,17.95
10489,3457,71,1,49.65,49.65
10490,3458,30,2,60.9,121.8
10491,3458,29,3,33.31,99.93
10492,3459,33,3,66.41,199.23
10493,3460,55,4,16.98,67.92
10494,3460,75,4,12.49,49.96
10495,3460,66,1,92.63,92.63
10496,3461,92,2,12.44,24.88
10497,3461,34,3,80.46,241.38
10498,3461,106,3,33.11,99.33
10499,3462,118,4,96.85,387.4
10500,3462,99,3,22.34,67.02
10501,3462,23,3,74.76,224.28
10502,3462,111,4,26.47,105.88
10503,3462,28,4,32.61,130.44
10504,3463,94,1,90.96,90.96
10505,3463,114,1,49.82,49.82
10506,3464,96,4,59.51,238.04
10507,3464,47,3,71.04,213.12
10508,3464,57,4,114.73,458.92
10509,3464,94,3,57.73,173.19
10510,3465,5,2,31.86,63.72
10511,3465,93,3,94.42,283.26
10512,3465,8,3,54.11,162.33
10513,3465,94,3,82.45,247.35
10514,3465,59,4,92.16,368.64
10515,3466,81,4,21.11,84.44
10516,3466,70,1,105.88,105.88
10517,3466,103,3,21.52,64.56
10518,3466,34,2,91.26,182.52
10519,3466,42,4,16.55,66.2
10520,3467,9,1,55.21,55.21
10521,3468,48,1,8.05,8.05
10522,3468,54,4,86.71,346.84
10523,3469,16,4,60.12,240.48
10524,3469,63,1,30.5,30.5
10525,3469,104,2,117.32,234.64
10526,3469,97,2,28.64,57.28
10527,3470,62,1,94.19,94.19
10528,3470,91,3,95.43,286.29
10529,3470,3,2,75.19,150.38
10530,3470,25,1,93.94,93.94
10531,3470,30,1,25.27,25.27
10532,3471,120,3,96.13,288.39
10533,3471,4,3,67.45,202.35
10534,3472,109,4,29.71,118.84
10535,3472,89,2,78.13,156.26
10536,3472,18,4,64.45,257.8
10537,3472,80,2,109.14,218.28
10538,3472,31,4,27.65,110.6
10539,3473,54,2,109.21,218.42
10540,3473,99,2,66.51,133.02
10541,3473,110,4,70.72,282.88
10542,3473,117,3,66.8,200.4
10543,3473,62,1,57.72,57.72
10544,3474,35,3,71.63,214.89
10545,3474,16,3,12.58,37.74
10546,3474,14,3,33.74,101.22
10547,3475,96,1,64.48,64.48
10548,3475,18,3,61.87,185.61
10549,3475,23,2,4.93,9.86
10550,3475,21,4,111.52,446.08
10551,3475,119,2,59.72,119.44
10552,3476,31,1,104.24,104.24
10553,3476,90,3,28.93,86.79
10554,3477,97,3,95.97,287.91
10555,3477,57,2,57.42,114.84
10556,3477,60,1,79.46,79.46
10557,3477,66,3,50.66,151.98
10558,3478,115,1,74.81,74.81
10559,3478,102,2,33.37,66.74
10560,3478,83,4,94.41,377.64
10561,3479,79,2,69.09,138.18
10562,3479,98,4,59.19,236.76
10563,3480,117,1,12.99,12.99
10564,3480,2,1,6.74,6.74
10565,3480,109,4,66.23,264.92
10566,3480,113,1,119.06,119.06
10567,3480,67,2,88.7,177.4
10568,3481,117,2,24.76,49.52
10569,3481,8,1,76.07,76.07
10570,3482,85,3,88.0,264.0
10571,3482,37,3,109.73,329.19
10572,3482,21,4,63.69,254.76
10573,3483,119,1,56.31,56.31
10574,3483,4,4,111.27,445.08
10575,3483,72,4,55.57,222.28
10576,3483,99,3,17.7,53.1
10577,3484,25,4,46.97,187.88
10578,3484,106,2,40.11,80.22
10579,3485,73,1,73.21,73.21
10580,3485,23,1,23.61,23.61
10581,3485,11,2,108.1,216.2
10582,3485,28,3,96.37,289.11
10583,3486,22,2,86.0,172.0
10584,3486,97,1,74.12,74.12
10585,3486,25,3,52.06,156.18
10586,3486,103,3,37.0,111.0
10587,3487,93,1,104.44,104.44
10588,3488,70,2,61.54,123.08
10589,3489,66,2,6.04,12.08
10590,3489,13,4,22.83,91.32
10591,3489,96,3,8.87,26.61
10592,3489,79,2,105.44,210.88
10593,3490,68,1,38.46,38.46
10594,3490,84,1,86.42,86.42
10595,3490,95,4,60.88,243.52
10596,3491,93,3,119.05,357.15
10597,3491,96,4,43.98,175.92
10598,3491,102,3,13.67,41.01
10599,3491,73,3,7.59,22.77
10600,3491,120,4,66.13,264.52
10601,3492,120,1,8.5,8.5
10602,3493,18,3,58.29,174.87
10603,3493,94,3,8.54,25.62
10604,3494,61,2,46.62,93.24
10605,3494,113,3,82.26,246.78
10606,3495,74,3,66.87,200.61
10607,3495,43,3,94.45,283.35
10608,3495,61,4,20.38,81.52
10609,3495,80,4,54.68,218.72
10610,3496,70,1,49.88,49.88
10611,3496,24,4,91.31,365.24
10612,3497,59,2,57.61,115.22
10613,3498,52,1,36.43,36.43
10614,3498,86,3,38.53,115.59
10615,3499,96,3,68.57,205.71
10616,3499,10,3,69.76,209.28
10617,3499,104,2,65.92,131.84
10618,3500,116,1,12.59,12.59
10619,3500,63,3,105.74,317.22
10620,3500,66,4,25.16,100.64
10621,3501,61,1,80.35,80.35
10622,3502,25,1,54.19,54.19
10623,3502,55,1,105.97,105.97
10624,3502,5,3,41.21,123.63
10625,3502,26,1,91.39,91.39
10626,3502,33,4,82.81,331.24
10627,3503,63,3,119.65,358.95
10628,3503,65,3,25.76,77.28
10629,3503,61,4,119.33,477.32
10630,3503,120,1,52.83,52.83
10631,3503,54,1,76.0,76.0
10632,3504,91,4,25.71,102.84
10633,3504,24,1,58.54,58.54
10634,3504,58,3,37.32,111.96
10635,3505,95,3,67.6,202.8
10636,3505,65,2,39.51,79.02
10637,3505,102,3,103.83,311.49
10638,3506,93,3,52.82,158.46
10639,3507,21,4,49.91,199.64
10640,3507,97,1,66.16,66.16
10641,3507,106,3,17.72,53.16
10642,3507,104,2,6.1,12.2
10643,3508,120,4,7.57,30.28
10644,3508,88,4,77.25,309.0
10645,3508,73,2,103.86,207.72
10646,3509,30,1,33.82,33.82
10647,3509,32,2,44.85,89.7
10648,3510,96,1,113.08,113.08
10649,3510,104,4,53.27,213.08
10650,3511,73,1,5.51,5.51
10651,3512,52,4,102.34,409.36
10652,3512,60,1,62.45,62.45
10653,3512,66,4,96.15,384.6
10654,3512,40,1,48.8,48.8
10655,3513,98,3,112.26,336.78
10656,3513,21,3,10.3,30.9
10657,3513,11,2,18.57,37.14
10658,3513,113,1,45.3,45.3
10659,3513,26,3,26.72,80.16
10660,3514,96,4,109.24,436.96
10661,3514,49,2,36.77,73.54
10662,3514,78,2,27.87,55.74
10663,3514,4,1,98.96,98.96
10664,3515,40,4,5.31,21.24
10665,3515,29,3,118.9,356.7
10666,3515,117,4,34.04,136.16
10667,3516,119,2,115.37,230.74
10668,3517,14,4,36.55,146.2
10669,3517,82,1,101.25,101.25
10670,3518,89,4,64.81,259.24
10671,3518,74,2,110.5,221.0
10672,3518,25,4,81.85,327.4
10673,3518,113,2,114.54,229.08
10674,3519,108,4,28.21,112.84
10675,3519,47,3,110.81,332.43
10676,3519,84,1,10.96,10.96
10677,3519,9,1,33.72,33.72
10678,3519,87,3,18.12,54.36
10679,3520,47,3,69.61,208.83
10680,3520,63,1,42.4,42.4
10681,3520,80,3,116.57,349.71
10682,3520,47,1,33.4,33.4
10683,3521,86,4,3.19,12.76
10684,3521,58,1,31.89,31.89
10685,3521,96,4,5.59,22.36
10686,3521,37,2,10.8,21.6
10687,3521,118,1,97.13,97.13
10688,3522,6,1,64.57,64.57
10689,3523,50,2,24.39,48.78
10690,3523,80,1,114.47,114.47
10691,3523,83,3,97.4,292.2
10692,3523,37,1,56.82,56.82
10693,3523,3,3,115.72,347.16
10694,3524,97,1,57.48,57.48
10695,3524,2,4,32.39,129.56
10696,3524,67,4,19.58,78.32
10697,3524,31,3,91.77,275.31
10698,3525,11,4,105.55,422.2
10699,3525,82,2,9.36,18.72
10700,3525,60,4,5.71,22.84
10701,3526,113,2,45.35,90.7
10702,3526,28,2,56.83,113.66
10703,3527,111,2,42.46,84.92
10704,3527,55,2,38.58,77.16
10705,3528,110,1,11.34,11.34
10706,3528,115,4,33.02,132.08
10707,3529,116,1,66.35,66.35
10708,3529,89,2,10.22,20.44
10709,3529,75,4,15.3,61.2
10710,3530,5,3,92.33,276.99
10711,3530,75,1,98.66,98.66
10712,3531,8,4,105.63,422.52
10713,3532,20,2,44.13,88.26
10714,3532,109,4,54.46,217.84
10715,3532,67,3,57.7,173.1
10716,3533,64,3,5.7,17.1
10717,3533,78,2,20.13,40.26
10718,3533,47,2,85.83,171.66
10719,3533,106,4,39.52,158.08
10720,3534,115,3,23.44,70.32
10721,3534,66,1,117.14,117.14
10722,3534,78,4,11.86,47.44
10723,3534,37,2,90.37,180.74
10724,3534,94,2,80.75,161.5
10725,3535,76,2,63.53,127.06
10726,3535,92,2,46.88,93.76
10727,3535,97,2,119.38,238.76
10728,3536,60,4,28.47,113.88
10729,3536,112,4,40.47,161.88
10730,3536,69,3,62.59,187.77
10731,3536,59,4,118.98,475.92
10732,3537,73,4,28.63,114.52
10733,3537,4,2,86.36,172.72
10734,3537,97,3,119.94,359.82
10735,3537,120,1,110.61,110.61
10736,3537,86,3,77.59,232.77
10737,3538,15,1,56.82,56.82
10738,3538,4,3,49.31,147.93
10739,3538,13,3,113.88,341.64
10740,3538,46,3,96.98,290.94
10741,3539,102,4,106.61,426.44
10742,3539,12,3,67.91,203.73
10743,3539,78,1,10.5,10.5
10744,3539,10,4,100.56,402.24
10745,3540,83,1,44.67,44.67
10746,3540,52,2,78.83,157.66
10747,3541,52,4,51.84,207.36
10748,3542,95,1,73.74,73.74
10749,3542,114,3,86.11,258.33
10750,3543,5,4,94.46,377.84
10751,3544,104,2,103.69,207.38
10752,3545,103,2,119.3,238.6
10753,3545,113,1,54.81,54.81
10754,3545,100,1,89.24,89.24
10755,3546,68,4,92.15,368.6
10756,3547,45,1,82.86,82.86
10757,3547,39,3,45.31,135.93
10758,3548,1,4,25.59,102.36
10759,3548,106,1,30.61,30.61
10760,3548,84,1,112.09,112.09
10761,3548,36,1,55.6,55.6
10762,3549,81,3,25.45,76.35
10763,3549,71,1,25.17,25.17
10764,3550,100,4,100.19,400.76
10765,3551,36,3,65.68,197.04
10766,3551,7,2,18.46,36.92
10767,3551,57,4,117.59,470.36
10768,3551,88,1,18.17,18.17
10769,3551,71,1,52.56,52.56
10770,3552,33,3,44.05,132.15
10771,3552,16,1,50.45,50.45
10772,3552,63,3,77.96,233.88
10773,3553,38,2,100.62,201.24
10774,3553,63,1,5.27,5.27
10775,3553,86,3,22.55,67.65
10776,3554,73,4,17.69,70.76
10777,3554,40,4,63.86,255.44
10778,3554,66,2,22.41,44.82
10779,3555,82,1,25.52,25.52
10780,3555,67,3,60.58,181.74
10781,3555,15,2,111.55,223.1
10782,3555,114,1,42.72,42.72
10783,3556,93,1,6.93,6.93
10784,3556,40,1,77.17,77.17
10785,3557,62,2,67.7,135.4
10786,3557,48,2,44.99,89.98
10787,3557,5,1,17.66,17.66
10788,3557,41,4,31.07,124.28
10789,3557,26,4,47.18,188.72
10790,3558,79,1,73.87,73.87
10791,3558,62,3,102.69,308.07
10792,3558,15,2,86.04,172.08
10793,3559,64,2,60.52,121.04
10794,3559,41,3,104.99,314.97
10795,3559,20,2,13.38,26.76
10796,3559,83,4,15.73,62.92
10797,3560,11,1,42.68,42.68
10798,3560,94,1,47.36,47.36
10799,3560,23,3,73.85,221.55
10800,3560,60,4,3.67,14.68
10801,3560,46,3,81.02,243.06
10802,3561,51,3,14.19,42.57
10803,3561,24,4,59.45,237.8
10804,3561,82,3,117.21,351.63
10805,3561,115,1,56.59,56.59
10806,3562,22,2,28.86,57.72
10807,3562,86,3,52.37,157.11
10808,3562,43,1,42.15,42.15
10809,3562,69,2,21.12,42.24
10810,3563,55,4,50.77,203.08
10811,3563,95,3,81.39,244.17
10812,3563,56,1,22.63,22.63
10813,3563,73,2,29.93,59.86
10814,3563,118,3,33.21,99.63
10815,3564,66,2,46.48,92.96
10816,3564,22,1,97.47,97.47
10817,3565,79,1,63.75,63.75
10818,3565,29,1,91.98,91.98
10819,3566,100,4,64.33,257.32
10820,3566,56,4,26.33,105.32
10821,3566,1,4,10.41,41.64
10822,3567,19,4,91.09,364.36
10823,3567,64,1,62.01,62.01
10824,3567,98,4,83.32,333.28
10825,3567,92,1,43.11,43.11
10826,3567,93,4,34.37,137.48
10827,3568,75,3,86.98,260.94
10828,3568,90,3,79.83,239.49
10829,3568,16,1,110.07,110.07
10830,3568,37,2,48.69,97.38
10831,3568,40,2,19.6,39.2
10832,3569,110,2,79.02,158.04
10833,3569,4,1,8.79,8.79
10834,3569,31,3,55.99,167.97
10835,3570,119,2,32.86,65.72
10836,3570,5,1,107.01,107.01
10837,3570,20,3,33.37,100.11
10838,3570,84,4,108.43,433.72
10839,3570,52,2,14.73,29.46
10840,3571,35,2,89.27,178.54
10841,3572,35,2,90.24,180.48
10842,3572,68,2,29.0,58.0
10843,3572,47,3,97.58,292.74
10844,3572,65,4,49.61,198.44
10845,3573,10,2,12.42,24.84
10846,3573,31,3,69.63,208.89
10847,3573,5,3,73.46,220.38
10848,3574,18,4,34.63,138.52
10849,3574,102,2,47.64,95.28
10850,3574,15,2,101.99,203.98
10851,3575,108,3,61.21,183.63
10852,3575,48,3,61.94,185.82
10853,3576,66,2,118.12,236.24
10854,3576,102,3,50.38,151.14
10855,3576,6,1,53.85,53.85
10856,3577,43,2,88.8,177.6
10857,3577,40,4,92.65,370.6
10858,3577,103,2,74.74,149.48
10859,3577,6,2,78.05,156.1
10860,3577,120,1,105.32,105.32
10861,3578,15,3,87.4,262.2
10862,3578,113,3,118.16,354.48
10863,3578,112,2,104.21,208.42
10864,3578,69,2,55.58,111.16
10865,3579,113,1,56.36,56.36
10866,3579,52,1,83.76,83.76
10867,3579,6,3,100.9,302.7
10868,3579,44,3,41.21,123.63
10869,3579,41,4,48.61,194.44
10870,3580,118,2,96.16,192.32
10871,3580,104,2,106.49,212.98
10872,3581,96,2,108.74,217.48
10873,3581,39,4,68.85,275.4
10874,3581,92,2,61.31,122.62
10875,3581,6,1,23.41,23.41
10876,3581,26,3,93.33,279.99
10877,3582,91,3,72.86,218.58
10878,3582,11,2,73.24,146.48
10879,3582,76,2,75.43,150.86
10880,3582,114,1,10.95,10.95
10881,3583,85,3,8.78,26.34
10882,3584,29,2,66.01,132.02
10883,3585,99,4,68.63,274.52
10884,3585,12,2,67.21,134.42
10885,3586,96,4,90.42,361.68
10886,3586,107,2,113.48,226.96
10887,3586,52,1,38.0,38.0
10888,3586,8,3,61.38,184.14
10889,3587,69,1,62.1,62.1
10890,3587,83,1,4.37,4.37
10891,3587,90,3,80.39,241.17
10892,3588,75,3,86.52,259.56
10893,3588,67,2,78.38,156.76
10894,3588,19,1,10.52,10.52
10895,3588,102,1,119.5,119.5
10896,3588,72,1,110.47,110.47
10897,3589,39,4,63.7,254.8
10898,3589,103,1,13.61,13.61
10899,3589,114,3,34.29,102.87
10900,3589,1,2,38.92,77.84
10901,3590,12,4,61.64,246.56
10902,3590,71,3,58.64,175.92
10903,3590,64,1,21.17,21.17
10904,3591,57,1,72.87,72.87
10905,3591,12,1,37.18,37.18
10906,3591,31,4,93.0,372.0
10907,3592,109,3,19.89,59.67
10908,3592,6,3,74.01,222.03
10909,3593,38,3,107.79,323.37
10910,3593,71,4,95.81,383.24
10911,3593,60,4,100.57,402.28
10912,3593,118,4,13.23,52.92
10913,3593,61,4,77.15,308.6
10914,3594,22,4,45.93,183.72
10915,3594,91,1,9.79,9.79
10916,3594,12,3,10.41,31.23
10917,3595,28,1,48.27,48.27
10918,3595,13,1,59.01,59.01
10919,3596,66,1,118.27,118.27
10920,3596,40,4,113.17,452.68
10921,3596,106,3,35.09,105.27
10922,3596,73,1,46.69,46.69
10923,3596,6,3,78.26,234.78
10924,3597,17,1,91.88,91.88
10925,3597,62,2,101.24,202.48
10926,3597,114,4,68.39,273.56
10927,3598,112,3,37.58,112.74
10928,3598,30,2,82.41,164.82
10929,3598,42,1,103.82,103.82
10930,3598,88,1,9.97,9.97
10931,3598,62,4,4.76,19.04
10932,3599,56,2,57.81,115.62
10933,3600,26,2,62.38,124.76
10934,3600,51,1,33.87,33.87
10935,3600,49,1,39.46,39.46
10936,3600,44,3,28.72,86.16
10937,3600,92,3,71.43,214.29
10938,3601,94,3,79.16,237.48
10939,3601,81,3,87.64,262.92
10940,3601,26,2,9.61,19.22
10941,3601,105,1,28.39,28.39
10942,3602,44,1,102.99,102.99
10943,3602,56,2,73.47,146.94
10944,3603,79,1,115.92,115.92
10945,3603,84,3,93.51,280.53
10946,3603,57,2,30.87,61.74
10947,3604,44,4,93.76,375.04
10948,3604,44,1,103.1,103.1
10949,3604,115,2,4.14,8.28
10950,3605,113,2,55.64,111.28
10951,3605,48,1,27.85,27.85
10952,3605,24,3,49.36,148.08
10953,3605,10,2,82.94,165.88
10954,3605,113,1,32.84,32.84
10955,3606,116,2,35.12,70.24
10956,3606,1,4,99.13,396.52
10957,3606,101,1,96.78,96.78
10958,3606,84,4,76.85,307.4
10959,3606,13,1,68.71,68.71
10960,3607,93,4,26.74,106.96
10961,3607,13,3,45.05,135.15
10962,3607,84,2,102.43,204.86
10963,3607,101,4,104.05,416.2
10964,3607,42,2,14.9,29.8
10965,3608,115,1,6.85,6.85
10966,3609,30,3,7.48,22.44
10967,3609,6,2,20.01,40.02
10968,3609,61,3,4.5,13.5
10969,3609,86,4,46.52,186.08
10970,3609,83,4,117.98,471.92
10971,3610,91,2,97.14,194.28
10972,3611,39,1,48.36,48.36
10973,3611,30,3,105.41,316.23
10974,3611,63,4,79.05,316.2
10975,3611,120,2,59.74,119.48
10976,3611,80,4,74.62,298.48
10977,3612,107,3,89.67,269.01
10978,3613,38,2,32.27,64.54
10979,3614,89,4,63.43,253.72
10980,3614,38,3,28.8,86.4
10981,3615,3,2,117.7,235.4
10982,3615,7,1,95.54,95.54
10983,3615,102,1,28.98,28.98
10984,3615,12,1,16.59,16.59
10985,3615,39,1,60.51,60.51
10986,3616,33,3,89.52,268.56
10987,3616,37,2,112.87,225.74
10988,3617,3,2,107.77,215.54
10989,3617,71,2,64.8,129.6
10990,3617,69,1,111.14,111.14
10991,3618,110,1,60.4,60.4
10992,3618,102,2,109.41,218.82
10993,3618,16,3,47.56,142.68
10994,3618,45,3,37.42,112.26
10995,3618,69,3,53.87,161.61
10996,3619,57,2,9.15,18.3
10997,3619,111,2,26.33,52.66
10998,3619,29,2,91.0,182.0
10999,3619,62,1,39.53,39.53
11000,3619,34,2,105.57,211.14
11001,3620,24,3,45.9,137.7
11002,3620,119,1,22.36,22.36
11003,3620,93,2,17.12,34.24
11004,3620,65,1,62.01,62.01
11005,3620,83,3,87.33,261.99
11006,3621,91,2,58.43,116.86
11007,3621,63,3,108.71,326.13
11008,3621,6,3,79.83,239.49
11009,3621,64,1,65.5,65.5
11010,3621,117,1,87.47,87.47
11011,3622,53,1,30.19,30.19
11012,3622,45,3,54.23,162.69
11013,3622,102,2,58.23,116.46
11014,3623,16,3,16.41,49.23
11015,3623,113,3,57.21,171.63
11016,3623,59,1,119.36,119.36
11017,3623,8,4,110.08,440.32
11018,3623,73,2,19.85,39.7
11019,3624,90,1,77.75,77.75
11020,3624,14,1,62.96,62.96
11021,3624,108,2,92.8,185.6
11022,3625,84,2,119.5,239.0
11023,3625,3,4,53.24,212.96
11024,3625,25,2,58.58,117.16
11025,3625,89,2,51.61,103.22
11026,3625,109,2,46.73,93.46
11027,3626,78,3,65.06,195.18
11028,3627,31,1,8.81,8.81
11029,3627,52,3,83.5,250.5
11030,3628,30,3,113.64,340.92
11031,3628,13,4,4.88,19.52
11032,3628,32,3,8.4,25.2
11033,3628,117,4,97.15,388.6
11034,3629,89,4,35.72,142.88
11035,3629,104,2,45.57,91.14
11036,3629,80,3,104.54,313.62
11037,3629,21,1,89.8,89.8
11038,3629,38,2,85.48,170.96
11039,3630,120,4,88.95,355.8
11040,3630,8,1,27.4,27.4
11041,3631,90,4,78.96,315.84
11042,3632,4,3,42.97,128.91
11043,3632,115,2,116.99,233.98
11044,3633,59,4,20.59,82.36
11045,3633,105,3,31.63,94.89
11046,3634,68,2,27.31,54.62
11047,3634,28,1,58.44,58.44
11048,3634,63,2,80.73,161.46
11049,3634,47,4,28.86,115.44
11050,3634,24,1,15.69,15.69
11051,3635,68,4,54.22,216.88
11052,3635,43,1,111.66,111.66
11053,3635,46,4,27.83,111.32
11054,3635,39,4,64.23,256.92
11055,3635,104,1,7.31,7.31
11056,3636,21,2,102.8,205.6
11057,3636,52,1,48.39,48.39
11058,3636,53,2,109.2,218.4
11059,3636,90,1,66.72,66.72
11060,3636,74,2,69.63,139.26
11061,3637,30,4,48.12,192.48
11062,3637,111,3,17.99,53.97
11063,3637,31,4,4.34,17.36
11064,3637,102,4,45.27,181.08
11065,3638,30,1,14.43,14.43
11066,3638,59,3,110.18,330.54
11067,3638,102,2,3.52,7.04
11068,3638,115,4,72.88,291.52
11069,3638,64,4,102.74,410.96
11070,3639,91,1,51.46,51.46
11071,3639,34,1,106.84,106.84
11072,3639,71,1,18.34,18.34
11073,3639,119,1,19.94,19.94
11074,3640,42,1,58.34,58.34
11075,3640,106,3,68.7,206.1
11076,3640,51,4,119.16,476.64
11077,3640,109,4,44.52,178.08
11078,3641,97,2,26.13,52.26
11079,3641,87,3,5.96,17.88
11080,3642,99,3,70.39,211.17
11081,3642,47,4,55.0,220.0
11082,3642,113,3,22.6,67.8
11083,3642,27,3,69.44,208.32
11084,3643,18,4,34.34,137.36
11085,3643,112,4,83.48,333.92
11086,3643,104,2,71.7,143.4
11087,3643,53,4,86.87,347.48
11088,3643,106,3,108.55,325.65
11089,3644,63,2,105.92,211.84
11090,3645,52,4,113.15,452.6
11091,3645,6,1,23.93,23.93
11092,3645,2,1,78.86,78.86
11093,3645,32,4,39.03,156.12
11094,3646,78,3,14.87,44.61
11095,3647,22,3,33.17,99.51
11096,3648,43,3,43.73,131.19
11097,3648,43,3,14.41,43.23
11098,3648,100,4,40.38,161.52
11099,3648,92,2,52.35,104.7
11100,3649,66,4,46.38,185.52
11101,3649,63,2,9.95,19.9
11102,3650,52,1,38.03,38.03
11103,3651,6,1,51.5,51.5
11104,3651,74,1,67.58,67.58
11105,3651,17,2,95.22,190.44
11106,3651,61,1,10.01,10.01
11107,3652,55,1,105.56,105.56
11108,3652,50,4,63.23,252.92
11109,3652,69,1,25.16,25.16
11110,3653,86,4,41.95,167.8
11111,3653,93,3,27.84,83.52
11112,3654,94,4,26.76,107.04
11113,3654,66,1,104.46,104.46
11114,3654,33,1,32.97,32.97
11115,3654,105,2,22.3,44.6
11116,3655,99,2,113.34,226.68
11117,3655,105,2,112.02,224.04
11118,3655,5,4,45.62,182.48
11119,3656,30,3,103.49,310.47
11120,3656,115,1,10.44,10.44
11121,3656,37,4,78.44,313.76
11122,3656,51,4,39.84,159.36
11123,3656,115,4,28.68,114.72
11124,3657,59,2,104.15,208.3
11125,3658,33,4,97.81,391.24
11126,3658,90,4,118.91,475.64
11127,3659,99,3,109.45,328.35
11128,3660,51,4,97.77,391.08
11129,3661,103,3,111.61,334.83
11130,3662,19,1,92.47,92.47
11131,3662,27,4,6.57,26.28
11132,3663,39,2,7.08,14.16
11133,3663,18,4,24.96,99.84
11134,3663,36,3,17.45,52.35
11135,3663,74,3,99.67,299.01
11136,3663,79,4,81.85,327.4
11137,3664,49,1,78.51,78.51
11138,3665,105,4,94.05,376.2
11139,3665,47,4,117.28,469.12
11140,3665,96,1,18.6,18.6
11141,3665,108,1,119.09,119.09
11142,3666,98,3,27.81,83.43
11143,3666,51,1,42.1,42.1
11144,3666,104,4,58.22,232.88
11145,3666,71,3,74.76,224.28
11146,3666,97,1,27.68,27.68
11147,3667,2,3,22.72,68.16
11148,3668,38,3,8.04,24.12
11149,3668,65,3,40.8,122.4
11150,3668,70,3,73.27,219.81
11151,3669,68,3,75.72,227.16
11152,3669,107,3,92.79,278.37
11153,3669,109,1,49.29,49.29
11154,3669,19,4,70.83,283.32
11155,3669,120,1,69.82,69.82
11156,3670,68,1,24.92,24.92
11157,3670,1,4,57.4,229.6
11158,3670,25,1,65.38,65.38
11159,3670,115,1,41.58,41.58
11160,3670,3,2,116.46,232.92
11161,3671,64,2,44.35,88.7
11162,3671,70,3,14.83,44.49
11163,3671,100,2,112.58,225.16
11164,3671,90,4,71.79,287.16
11165,3671,14,2,19.78,39.56
11166,3672,99,1,38.55,38.55
11167,3672,11,4,23.22,92.88
11168,3672,36,2,19.04,38.08
11169,3673,97,3,4.8,14.4
11170,3673,87,3,91.51,274.53
11171,3673,90,1,5.14,5.14
11172,3673,89,1,48.5,48.5
11173,3673,69,1,105.97,105.97
11174,3674,30,1,113.03,113.03
11175,3674,82,3,112.99,338.97
11176,3674,91,3,77.21,231.63
11177,3674,101,4,4.22,16.88
11178,3675,2,3,38.5,115.5
11179,3675,3,1,21.51,21.51
11180,3675,57,3,114.7,344.1
11181,3676,11,2,73.21,146.42
11182,3677,59,4,43.39,173.56
11183,3677,38,4,107.75,431.0
11184,3677,104,2,47.79,95.58
11185,3677,27,2,7.07,14.14
11186,3678,85,1,83.47,83.47
11187,3678,61,1,10.87,10.87
11188,3678,39,4,16.22,64.88
11189,3678,66,4,106.28,425.12
11190,3678,8,2,58.74,117.48
11191,3679,40,4,35.78,143.12
11192,3680,81,2,76.04,152.08
11193,3680,107,4,102.64,410.56
11194,3680,93,3,117.01,351.03
11195,3681,92,2,73.72,147.44
11196,3681,84,1,31.89,31.89
11197,3681,18,3,113.94,341.82
11198,3681,119,4,11.41,45.64
11199,3681,52,3,50.29,150.87
11200,3682,4,3,87.4,262.2
11201,3682,53,3,80.95,242.85
11202,3682,22,4,12.77,51.08
11203,3683,20,3,68.56,205.68
11204,3684,56,1,38.07,38.07
11205,3684,39,1,37.79,37.79
11206,3684,35,1,36.77,36.77
11207,3684,89,4,39.87,159.48
11208,3685,113,1,54.33,54.33
11209,3686,10,2,75.16,150.32
11210,3686,62,2,57.08,114.16
11211,3687,117,2,38.7,77.4
11212,3687,96,2,107.66,215.32
11213,3687,22,4,62.66,250.64
11214,3687,101,1,23.61,23.61
11215,3688,55,1,21.66,21.66
11216,3688,107,4,55.45,221.8
11217,3689,53,1,23.77,23.77
11218,3690,61,2,19.75,39.5
11219,3690,102,4,61.89,247.56
11220,3690,35,1,6.53,6.53
11221,3690,109,2,35.28,70.56
11222,3691,95,4,107.43,429.72
11223,3691,9,2,6.0,12.0
11224,3691,34,1,44.52,44.52
11225,3691,17,1,88.32,88.32
11226,3691,65,4,106.01,424.04
11227,3692,114,2,80.62,161.24
11228,3693,10,2,98.05,196.1
11229,3693,70,3,113.59,340.77
11230,3693,89,2,112.66,225.32
11231,3693,42,3,103.93,311.79
11232,3693,47,1,22.03,22.03
11233,3694,119,3,19.14,57.42
11234,3694,105,1,42.73,42.73
11235,3694,6,1,35.47,35.47
11236,3694,41,1,90.35,90.35
11237,3694,3,4,78.19,312.76
11238,3695,83,3,27.7,83.1
11239,3695,82,1,42.42,42.42
11240,3696,15,1,51.17,51.17
11241,3696,96,4,50.08,200.32
11242,3697,68,1,33.11,33.11
11243,3697,65,4,109.7,438.8
11244,3698,34,2,116.05,232.1
11245,3698,103,1,89.62,89.62
11246,3698,9,3,31.23,93.69
11247,3699,26,3,57.56,172.68
11248,3699,37,2,9.14,18.28
11249,3699,38,2,53.34,106.68
11250,3699,60,3,98.04,294.12
11251,3699,103,4,53.81,215.24
11252,3700,118,1,72.76,72.76
11253,3700,50,3,81.6,244.8
11254,3700,48,4,62.83,251.32
11255,3700,109,4,51.85,207.4
11256,3701,110,1,104.31,104.31
11257,3701,37,4,29.62,118.48
11258,3701,58,3,110.75,332.25
11259,3701,93,1,20.48,20.48
11260,3702,115,4,76.12,304.48
11261,3702,112,3,49.25,147.75
11262,3702,48,2,15.37,30.74
11263,3702,38,3,79.33,237.99
11264,3702,41,3,25.85,77.55
11265,3703,86,4,106.28,425.12
11266,3704,26,1,43.05,43.05
11267,3704,55,4,70.64,282.56
11268,3704,77,4,78.25,313.0
11269,3704,68,1,43.22,43.22
11270,3705,101,4,105.1,420.4
11271,3705,52,2,72.6,145.2
11272,3706,58,4,64.24,256.96
11273,3706,88,4,45.88,183.52
11274,3706,117,4,37.57,150.28
11275,3706,110,4,15.8,63.2
11276,3706,102,1,81.89,81.89
11277,3707,116,4,93.35,373.4
11278,3707,108,3,16.28,48.84
11279,3707,103,4,39.98,159.92
11280,3707,28,3,99.06,297.18
11281,3707,8,4,8.83,35.32
11282,3708,79,4,75.62,302.48
11283,3708,54,4,22.02,88.08
11284,3708,100,4,95.21,380.84
11285,3708,65,2,28.12,56.24
11286,3709,102,2,38.64,77.28
11287,3709,54,1,91.26,91.26
11288,3709,114,1,8.23,8.23
11289,3709,61,4,21.48,85.92
11290,3710,104,1,11.53,11.53
11291,3710,80,2,114.39,228.78
11292,3710,99,3,83.23,249.69
11293,3710,38,1,105.78,105.78
11294,3711,82,4,43.63,174.52
11295,3711,22,3,108.85,326.55
11296,3711,7,1,33.46,33.46
11297,3711,48,4,84.31,337.24
11298,3712,111,1,5.16,5.16
11299,3712,50,3,87.36,262.08
11300,3713,82,1,12.71,12.71
11301,3713,85,1,27.67,27.67
11302,3714,9,4,6.21,24.84
11303,3714,107,4,51.88,207.52
11304,3715,56,4,15.72,62.88
11305,3716,104,3,73.65,220.95
11306,3716,70,1,90.49,90.49
11307,3716,87,1,50.55,50.55
11308,3716,54,3,66.86,200.58
11309,3717,111,1,66.55,66.55
11310,3717,111,1,83.13,83.13
11311,3718,119,4,100.15,400.6
11312,3718,78,3,59.73,179.19
11313,3718,25,3,64.97,194.91
11314,3718,10,3,49.39,148.17
11315,3718,97,2,33.43,66.86
11316,3719,40,3,36.36,109.08
11317,3719,15,4,99.26,397.04
11318,3720,31,2,75.6,151.2
11319,3720,2,1,110.29,110.29
11320,3721,109,1,116.91,116.91
11321,3721,59,2,47.28,94.56
11322,3721,61,1,105.1,105.1
11323,3722,120,1,73.52,73.52
11324,3722,35,3,76.32,228.96
11325,3723,2,3,18.1,54.3
11326,3723,5,1,115.18,115.18
11327,3724,57,4,44.08,176.32
11328,3724,53,4,110.95,443.8
11329,3724,24,3,15.57,46.71
11330,3724,66,4,111.09,444.36
11331,3724,94,1,84.84,84.84
11332,3725,78,2,21.67,43.34
11333,3725,34,2,83.8,167.6
11334,3725,35,3,95.61,286.83
11335,3725,34,1,86.89,86.89
11336,3725,52,4,111.38,445.52
11337,3726,90,3,98.84,296.52
11338,3726,50,1,67.55,67.55
11339,3726,96,2,43.77,87.54
11340,3726,113,3,83.57,250.71
11341,3727,36,3,47.16,141.48
11342,3727,8,3,12.02,36.06
11343,3728,66,1,64.57,64.57
11344,3728,118,1,26.37,26.37
11345,3728,29,3,54.75,164.25
11346,3728,26,2,117.97,235.94
11347,3729,56,3,69.54,208.62
11348,3729,48,2,39.96,79.92
11349,3730,77,1,84.87,84.87
11350,3730,91,4,90.27,361.08
11351,3731,84,2,59.17,118.34
11352,3732,24,4,9.26,37.04
11353,3732,19,3,12.27,36.81
11354,3732,101,2,51.89,103.78
11355,3732,13,1,65.54,65.54
11356,3733,12,3,86.0,258.0
11357,3733,82,1,100.96,100.96
11358,3733,31,3,101.66,304.98
11359,3733,101,3,96.74,290.22
11360,3733,32,1,82.25,82.25
11361,3734,30,4,19.69,78.76
11362,3735,118,1,38.41,38.41
11363,3735,110,2,62.37,124.74
11364,3736,105,4,75.14,300.56
11365,3736,37,2,87.01,174.02
11366,3736,113,4,89.24,356.96
11367,3736,78,4,65.0,260.0
11368,3737,42,3,113.98,341.94
11369,3737,29,1,103.81,103.81
11370,3737,59,3,32.28,96.84
11371,3737,87,3,97.61,292.83
11372,3737,16,3,32.57,97.71
11373,3738,47,3,109.98,329.94
11374,3738,2,2,77.11,154.22
11375,3738,14,4,14.23,56.92
11376,3738,1,4,34.99,139.96
11377,3738,42,2,12.38,24.76
11378,3739,96,4,82.61,330.44
11379,3739,106,3,32.35,97.05
11380,3739,111,4,116.88,467.52
11381,3739,43,2,113.68,227.36
11382,3739,98,1,90.13,90.13
11383,3740,104,1,4.35,4.35
11384,3741,33,3,52.3,156.9
11385,3741,99,2,13.53,27.06
11386,3741,72,1,97.36,97.36
11387,3741,112,3,82.31,246.93
11388,3742,116,3,42.92,128.76
11389,3742,77,4,36.77,147.08
11390,3742,74,2,30.93,61.86
11391,3743,101,3,22.18,66.54
11392,3743,41,2,34.44,68.88
11393,3743,53,4,16.96,67.84
11394,3744,117,2,83.44,166.88
11395,3744,4,4,44.27,177.08
11396,3744,44,2,21.94,43.88
11397,3744,35,2,41.54,83.08
11398,3745,96,3,109.16,327.48
11399,3745,26,2,31.63,63.26
11400,3745,36,4,69.33,277.32
11401,3745,45,3,17.43,52.29
11402,3746,62,2,91.93,183.86
11403,3746,40,2,111.11,222.22
11404,3746,64,1,61.74,61.74
11405,3746,71,3,19.58,58.74
11406,3747,47,2,95.4,190.8
11407,3747,110,2,63.95,127.9
11408,3747,3,2,113.49,226.98
11409,3748,1,4,48.99,195.96
11410,3748,77,3,20.49,61.47
11411,3748,28,2,63.28,126.56
11412,3749,63,2,16.27,32.54
11413,3749,25,2,88.28,176.56
11414,3749,118,2,7.19,14.38
11415,3749,4,3,116.06,348.18
11416,3749,81,3,55.35,166.05
11417,3750,70,4,11.17,44.68
11418,3751,87,3,117.2,351.6
11419,3751,89,4,72.34,289.36
11420,3751,70,1,94.49,94.49
11421,3751,47,1,62.91,62.91
11422,3752,66,3,71.7,215.1
11423,3753,110,2,99.12,198.24
11424,3753,30,4,50.69,202.76
11425,3753,109,1,114.64,114.64
11426,3753,113,2,29.1,58.2
11427,3754,16,2,115.07,230.14
11428,3755,11,1,44.14,44.14
11429,3755,83,1,34.03,34.03
11430,3755,112,4,81.13,324.52
11431,3755,91,3,47.11,141.33
11432,3756,52,3,87.96,263.88
11433,3756,26,3,95.56,286.68
11434,3756,50,3,41.01,123.03
11435,3756,20,3,33.27,99.81
11436,3757,35,4,14.59,58.36
11437,3758,16,2,77.11,154.22
11438,3759,76,3,18.7,56.1
11439,3759,63,1,65.64,65.64
11440,3760,58,1,60.75,60.75
11441,3760,81,3,92.76,278.28
11442,3761,48,2,103.63,207.26
11443,3761,45,3,53.08,159.24
11444,3762,50,1,9.6,9.6
11445,3762,63,3,94.53,283.59
11446,3762,116,1,70.34,70.34
11447,3762,118,1,78.63,78.63
11448,3763,70,3,75.79,227.37
11449,3764,50,3,34.69,104.07
11450,3764,35,3,109.01,327.03
11451,3764,96,4,115.03,460.12
11452,3765,11,3,18.62,55.86
11453,3766,76,3,22.97,68.91
11454,3766,13,2,90.22,180.44
11455,3767,67,2,37.76,75.52
11456,3768,28,3,15.91,47.73
11457,3768,92,2,115.34,230.68
11458,3768,20,2,7.62,15.24
11459,3768,90,4,29.43,117.72
11460,3769,64,3,27.44,82.32
11461,3769,111,3,109.2,327.6
11462,3769,21,3,65.42,196.26
11463,3769,112,2,97.61,195.22
11464,3769,42,3,17.03,51.09
11465,3770,114,3,30.53,91.59
11466,3770,70,3,68.33,204.99
11467,3771,39,2,45.45,90.9
11468,3771,104,1,69.43,69.43
11469,3771,87,4,70.74,282.96
11470,3772,46,1,64.91,64.91
11471,3772,1,4,26.64,106.56
11472,3772,44,3,41.88,125.64
11473,3773,50,3,30.96,92.88
11474,3773,6,3,58.47,175.41
11475,3773,93,1,74.17,74.17
11476,3773,46,4,67.16,268.64
11477,3773,117,3,9.34,28.02
11478,3774,34,4,82.16,328.64
11479,3774,16,3,23.76,71.28
11480,3774,118,3,5.41,16.23
11481,3775,113,1,17.42,17.42
11482,3775,35,3,37.88,113.64
11483,3776,25,3,77.26,231.78
11484,3776,28,1,75.57,75.57
11485,3776,53,4,109.68,438.72
11486,3777,64,4,115.71,462.84
11487,3777,109,1,33.53,33.53
11488,3777,44,3,25.47,76.41
11489,3778,92,1,67.97,67.97
11490,3779,4,1,113.82,113.82
11491,3779,95,4,94.55,378.2
11492,3779,72,1,103.49,103.49
11493,3779,89,4,67.58,270.32
11494,3779,119,4,110.29,441.16
11495,3780,106,2,112.76,225.52
11496,3780,56,3,6.8,20.4
11497,3781,78,1,15.65,15.65
11498,3781,117,3,9.37,28.11
11499,3781,40,2,119.51,239.02
11500,3782,66,3,32.03,96.09
11501,3782,41,2,103.31,206.62
11502,3783,86,3,63.98,191.94
11503,3783,74,4,20.88,83.52
11504,3784,18,4,79.8,319.2
11505,3784,116,4,10.08,40.32
11506,3784,15,4,29.81,119.24
11507,3784,46,3,83.69,251.07
11508,3784,47,3,8.77,26.31
11509,3785,120,1,38.2,38.2
11510,3785,50,4,19.21,76.84
11511,3785,40,2,51.19,102.38
11512,3785,62,1,99.79,99.79
11513,3786,83,4,107.54,430.16
11514,3786,80,1,26.74,26.74
11515,3787,18,3,20.56,61.68
11516,3787,44,2,13.56,27.12
11517,3787,63,1,3.78,3.78
11518,3788,64,2,114.76,229.52
11519,3788,25,3,66.96,200.88
11520,3789,3,1,97.02,97.02
11521,3789,58,4,46.93,187.72
11522,3790,70,4,37.61,150.44
11523,3790,15,1,18.13,18.13
11524,3790,65,3,61.65,184.95
11525,3790,23,1,59.64,59.64
11526,3791,33,1,80.15,80.15
11527,3791,114,3,117.97,353.91
11528,3791,61,1,26.7,26.7
11529,3791,62,1,54.09,54.09
11530,3791,81,4,64.42,257.68
11531,3792,83,1,77.04,77.04
11532,3792,50,2,83.72,167.44
11533,3792,89,2,55.82,111.64
11534,3792,77,3,13.13,39.39
11535,3792,45,3,3.37,10.11
11536,3793,29,2,85.41,170.82
11537,3794,58,2,35.49,70.98
11538,3794,117,3,113.45,340.35
11539,3794,50,2,97.3,194.6
11540,3794,38,4,33.52,134.08
11541,3794,33,4,102.61,410.44
11542,3795,93,1,117.5,117.5
11543,3795,81,1,44.08,44.08
11544,3796,68,4,47.95,191.8
11545,3796,66,2,30.17,60.34
11546,3796,31,3,14.83,44.49
11547,3796,32,3,86.11,258.33
11548,3796,23,3,87.25,261.75
11549,3797,85,1,9.54,9.54
11550,3797,107,1,119.28,119.28
11551,3797,84,2,100.19,200.38
11552,3797,36,4,9.3,37.2
11553,3797,62,2,9.63,19.26
11554,3798,91,3,82.63,247.89
11555,3798,107,3,104.0,312.0
11556,3798,16,4,91.88,367.52
11557,3799,59,4,46.16,184.64
11558,3799,68,1,115.13,115.13
11559,3799,48,1,52.22,52.22
11560,3799,120,3,42.28,126.84
11561,3799,87,1,95.51,95.51
11562,3800,115,1,59.18,59.18
11563,3801,78,3,41.68,125.04
11564,3801,13,4,85.62,342.48
11565,3802,101,3,34.37,103.11
11566,3803,86,3,93.01,279.03
11567,3804,5,4,72.15,288.6
11568,3804,102,4,41.51,166.04
11569,3804,74,1,29.46,29.46
11570,3804,14,4,5.58,22.32
11571,3804,109,4,63.76,255.04
11572,3805,109,4,10.88,43.52
11573,3805,113,3,53.73,161.19
11574,3805,7,4,53.36,213.44
11575,3805,104,3,16.83,50.49
11576,3806,47,4,74.6,298.4
11577,3806,104,1,10.72,10.72
11578,3806,111,3,113.91,341.73
11579,3806,37,1,80.98,80.98
11580,3806,3,4,63.16,252.64
11581,3807,87,4,118.15,472.6
11582,3807,69,4,26.37,105.48
11583,3807,66,1,68.46,68.46
11584,3807,42,1,84.63,84.63
11585,3808,74,3,36.98,110.94
11586,3808,18,2,13.98,27.96
11587,3808,101,2,92.01,184.02
11588,3808,37,2,83.3,166.6
11589,3809,13,2,98.14,196.28
11590,3809,82,3,57.29,171.87
11591,3809,6,1,52.42,52.42
11592,3809,38,3,10.69,32.07
11593,3810,104,2,8.18,16.36
11594,3810,69,1,108.56,108.56
11595,3810,94,4,48.92,195.68
11596,3810,106,1,35.17,35.17
11597,3811,20,3,94.34,283.02
11598,3811,73,3,26.76,80.28
11599,3812,24,4,18.14,72.56
11600,3812,103,2,96.29,192.58
11601,3813,74,4,28.03,112.12
11602,3813,3,2,56.45,112.9
11603,3813,86,2,58.3,116.6
11604,3814,72,2,68.95,137.9
11605,3814,67,1,103.07,103.07
11606,3814,119,1,35.56,35.56
11607,3814,75,4,60.11,240.44
11608,3815,55,2,55.88,111.76
11609,3816,120,2,118.72,237.44
11610,3816,75,4,68.81,275.24
11611,3816,111,4,3.32,13.28
11612,3816,72,4,58.7,234.8
11613,3816,111,1,39.97,39.97
11614,3817,80,2,97.92,195.84
11615,3817,13,1,107.75,107.75
11616,3818,106,3,20.2,60.6
11617,3818,4,2,15.62,31.24
11618,3818,111,1,113.45,113.45
11619,3819,83,2,106.11,212.22
11620,3819,120,3,90.37,271.11
11621,3819,40,3,5.91,17.73
11622,3819,111,2,111.16,222.32
11623,3819,82,3,83.21,249.63
11624,3820,65,3,51.71,155.13
11625,3820,57,3,66.97,200.91
11626,3820,20,2,25.23,50.46
11627,3821,12,4,37.25,149.0
11628,3821,50,3,98.35,295.05
11629,3821,70,3,110.01,330.03
11630,3821,53,4,95.86,383.44
11631,3822,103,3,85.35,256.05
11632,3822,15,1,14.84,14.84
11633,3823,79,2,50.82,101.64
11634,3823,24,1,47.07,47.07
11635,3823,35,4,24.13,96.52
11636,3823,3,2,8.52,17.04
11637,3824,28,2,71.46,142.92
11638,3824,96,3,3.49,10.47
11639,3824,45,4,103.45,413.8
11640,3825,23,3,95.59,286.77
11641,3825,98,4,109.17,436.68
11642,3825,18,4,81.97,327.88
11643,3825,9,4,7.34,29.36
11644,3826,61,1,70.48,70.48
11645,3826,10,4,82.53,330.12
11646,3826,26,3,84.7,254.1
11647,3827,99,1,104.02,104.02
11648,3827,56,4,99.1,396.4
11649,3827,77,2,99.63,199.26
11650,3827,2,4,9.7,38.8
11651,3827,67,2,102.3,204.6
11652,3828,63,1,51.68,51.68
11653,3828,116,3,80.86,242.58
11654,3828,73,2,18.0,36.0
11655,3829,102,1,35.78,35.78
11656,3830,101,3,53.18,159.54
11657,3830,53,4,28.53,114.12
11658,3830,62,1,98.22,98.22
11659,3831,46,4,75.49,301.96
11660,3831,77,4,39.91,159.64
11661,3831,52,4,44.65,178.6
11662,3831,36,4,80.21,320.84
11663,3832,90,1,48.98,48.98
11664,3832,75,3,109.42,328.26
11665,3832,28,2,38.31,76.62
11666,3833,112,3,87.41,262.23
11667,3833,37,2,17.04,34.08
11668,3834,6,1,42.12,42.12
11669,3834,65,1,92.43,92.43
11670,3834,72,2,52.43,104.86
11671,3834,10,3,49.84,149.52
11672,3834,8,3,72.66,217.98
11673,3835,5,3,56.68,170.04
11674,3836,43,1,79.97,79.97
11675,3836,28,3,34.87,104.61
11676,3836,48,1,27.51,27.51
11677,3836,56,3,7.37,22.11
11678,3836,93,3,23.51,70.53
11679,3837,102,1,19.95,19.95
11680,3837,97,1,45.11,45.11
11681,3838,9,4,16.01,64.04
11682,3838,51,3,40.75,122.25
11683,3838,103,2,47.35,94.7
11684,3839,71,1,81.46,81.46
11685,3839,20,3,26.53,79.59
11686,3840,61,2,99.32,198.64
11687,3841,115,4,67.71,270.84
11688,3841,23,4,16.51,66.04
11689,3841,64,2,58.95,117.9
11690,3842,42,4,111.45,445.8
11691,3842,29,1,26.26,26.26
11692,3842,14,2,16.72,33.44
11693,3843,49,4,17.99,71.96
11694,3843,78,1,115.32,115.32
11695,3843,119,4,116.83,467.32
11696,3843,11,3,29.56,88.68
11697,3844,54,1,84.38,84.38
11698,3844,2,3,87.08,261.24
11699,3844,71,3,72.73,218.19
11700,3845,62,3,63.34,190.02
11701,3846,9,4,43.97,175.88
11702,3846,65,1,81.82,81.82
11703,3846,58,3,48.22,144.66
11704,3847,96,4,13.32,53.28
11705,3847,26,3,92.77,278.31
11706,3847,63,1,110.93,110.93
11707,3847,1,4,98.0,392.0
11708,3847,6,1,59.3,59.3
11709,3848,50,4,50.25,201.0
11710,3848,25,1,109.79,109.79
11711,3849,27,4,42.08,168.32
11712,3849,63,1,16.8,16.8
11713,3850,115,2,69.69,139.38
11714,3850,21,4,118.32,473.28
11715,3851,114,4,46.05,184.2
11716,3851,80,4,4.61,18.44
11717,3851,7,2,67.97,135.94
11718,3852,31,3,61.45,184.35
11719,3852,120,2,75.29,150.58
11720,3853,100,1,50.49,50.49
11721,3853,67,3,28.19,84.57
11722,3853,76,2,72.09,144.18
11723,3854,70,2,29.92,59.84
11724,3854,15,2,71.48,142.96
11725,3855,54,1,103.61,103.61
11726,3855,85,1,78.94,78.94
11727,3855,108,4,62.01,248.04
11728,3856,119,1,98.91,98.91
11729,3856,23,4,37.5,150.0
11730,3856,117,3,63.8,191.4
11731,3857,80,3,15.95,47.85
11732,3858,16,3,103.95,311.85
11733,3859,26,1,83.01,83.01
11734,3859,101,4,15.9,63.6
11735,3860,89,3,110.07,330.21
11736,3860,22,4,116.83,467.32
11737,3860,82,1,33.96,33.96
11738,3861,15,2,15.78,31.56
11739,3861,106,4,108.61,434.44
11740,3861,97,3,97.86,293.58
11741,3862,4,3,56.67,170.01
11742,3862,91,2,25.56,51.12
11743,3862,59,1,79.74,79.74
11744,3862,21,3,5.65,16.95
11745,3863,66,1,94.32,94.32
11746,3863,99,4,118.42,473.68
11747,3863,80,3,12.71,38.13
11748,3864,47,3,62.25,186.75
11749,3865,86,3,93.73,281.19
11750,3865,46,2,102.34,204.68
11751,3865,77,2,74.53,149.06
11752,3865,62,1,24.3,24.3
11753,3865,81,3,44.55,133.65
11754,3866,94,4,112.2,448.8
11755,3866,108,1,24.74,24.74
11756,3866,65,4,55.41,221.64
11757,3867,96,2,20.1,40.2
11758,3867,7,1,76.29,76.29
11759,3867,57,1,74.18,74.18
11760,3867,111,3,116.06,348.18
11761,3868,51,4,17.77,71.08
11762,3869,105,4,8.96,35.84
11763,3869,83,1,27.87,27.87
11764,3869,51,2,114.83,229.66
11765,3870,43,3,109.22,327.66
11766,3870,3,3,29.49,88.47
11767,3870,98,1,65.18,65.18
11768,3870,71,4,41.84,167.36
11769,3871,21,4,34.9,139.6
11770,3871,54,1,4.22,4.22
11771,3871,113,3,13.52,40.56
11772,3871,98,3,104.28,312.84
11773,3872,76,3,81.57,244.71
11774,3872,89,4,33.19,132.76
11775,3872,2,1,73.65,73.65
11776,3872,7,4,34.28,137.12
11777,3872,85,3,8.89,26.67
11778,3873,14,1,41.01,41.01
11779,3873,109,3,76.24,228.72
11780,3873,24,3,76.65,229.95
11781,3873,102,2,113.87,227.74
11782,3874,115,2,72.56,145.12
11783,3875,46,2,20.19,40.38
11784,3876,4,4,94.81,379.24
11785,3876,116,2,60.12,120.24
11786,3876,99,4,47.83,191.32
11787,3876,60,1,79.9,79.9
11788,3877,92,4,36.9,147.6
11789,3878,85,3,87.84,263.52
11790,3879,42,2,14.85,29.7
11791,3879,25,2,104.11,208.22
11792,3880,9,2,111.99,223.98
11793,3881,18,4,46.28,185.12
11794,3881,90,2,41.37,82.74
11795,3881,82,2,58.19,116.38
11796,3881,69,2,102.4,204.8
11797,3881,93,4,95.18,380.72
11798,3882,66,3,54.37,163.11
11799,3882,78,2,105.74,211.48
11800,3882,80,3,60.52,181.56
11801,3882,86,4,41.66,166.64
11802,3883,33,2,3.58,7.16
11803,3883,84,3,41.48,124.44
11804,3883,110,3,32.3,96.9
11805,3883,84,1,89.01,89.01
11806,3883,22,2,9.83,19.66
11807,3884,84,2,68.07,136.14
11808,3885,5,1,94.86,94.86
11809,3886,6,3,56.71,170.13
11810,3887,100,2,43.85,87.7
11811,3887,61,2,13.46,26.92
11812,3888,35,3,87.99,263.97
11813,3888,87,2,50.04,100.08
11814,3888,115,2,11.29,22.58
11815,3888,44,3,13.36,40.08
11816,3888,104,4,23.2,92.8
11817,3889,83,4,37.91,151.64
11818,3889,101,1,39.07,39.07
11819,3889,59,4,22.37,89.48
11820,3889,23,3,41.13,123.39
11821,3890,72,1,87.5,87.5
11822,3890,93,4,26.5,106.0
11823,3890,60,4,103.82,415.28
11824,3890,92,1,72.13,72.13
11825,3890,78,1,30.71,30.71
11826,3891,101,4,118.1,472.4
11827,3891,41,2,27.39,54.78
11828,3892,64,3,110.96,332.88
11829,3893,69,1,15.18,15.18
11830,3893,65,2,14.26,28.52
11831,3893,120,1,54.39,54.39
11832,3893,110,1,40.93,40.93
11833,3893,99,3,107.37,322.11
11834,3894,117,4,50.54,202.16
11835,3894,92,4,58.99,235.96
11836,3894,32,2,101.29,202.58
11837,3894,114,3,71.75,215.25
11838,3895,108,2,27.49,54.98
11839,3895,4,3,56.32,168.96
11840,3895,20,1,50.16,50.16
11841,3895,108,4,24.05,96.2
11842,3896,68,1,79.49,79.49
11843,3896,34,2,49.45,98.9
11844,3897,65,3,112.68,338.04
11845,3897,78,2,118.13,236.26
11846,3897,10,1,81.54,81.54
11847,3897,105,2,25.07,50.14
11848,3898,39,3,51.71,155.13
11849,3898,112,3,90.52,271.56
11850,3899,116,1,50.35,50.35
11851,3899,28,1,52.7,52.7
11852,3899,85,4,92.85,371.4
11853,3900,3,3,117.25,351.75
11854,3900,113,4,34.09,136.36
11855,3900,17,1,18.52,18.52
11856,3900,117,1,52.81,52.81
11857,3900,112,4,5.51,22.04
11858,3901,93,1,76.4,76.4
11859,3901,7,1,54.36,54.36
11860,3902,89,4,104.94,419.76
11861,3902,19,2,47.37,94.74
11862,3902,77,4,93.66,374.64
11863,3902,118,4,111.89,447.56
11864,3902,29,3,75.46,226.38
11865,3903,48,3,91.79,275.37
11866,3903,74,1,86.29,86.29
11867,3903,89,4,43.97,175.88
11868,3903,56,4,95.16,380.64
11869,3903,75,2,115.22,230.44
11870,3904,66,4,58.03,232.12
11871,3905,113,1,119.79,119.79
11872,3905,99,4,32.87,131.48
11873,3906,71,1,85.01,85.01
11874,3906,91,4,27.43,109.72
11875,3906,71,1,29.69,29.69
11876,3907,83,4,69.35,277.4
11877,3907,86,3,31.75,95.25
11878,3907,96,2,3.89,7.78
11879,3908,1,3,110.93,332.79
11880,3908,49,1,6.24,6.24
11881,3908,9,1,53.87,53.87
11882,3909,12,2,86.73,173.46
11883,3909,74,4,40.93,163.72
11884,3909,55,4,93.51,374.04
11885,3909,39,3,5.03,15.09
11886,3910,105,4,38.2,152.8
11887,3910,92,2,48.02,96.04
11888,3911,113,1,115.8,115.8
11889,3911,118,1,18.26,18.26
11890,3911,9,3,98.3,294.9
11891,3911,21,1,21.2,21.2
11892,3912,88,4,7.55,30.2
11893,3913,60,2,57.76,115.52
11894,3913,60,3,53.97,161.91
11895,3913,95,3,78.28,234.84
11896,3914,78,3,90.08,270.24
11897,3914,25,4,48.08,192.32
11898,3914,75,3,84.22,252.66
11899,3915,94,3,45.24,135.72
11900,3915,92,2,99.27,198.54
11901,3915,42,3,115.15,345.45
11902,3916,34,1,107.45,107.45
11903,3917,31,2,88.94,177.88
11904,3918,86,2,60.64,121.28
11905,3919,93,2,89.58,179.16
11906,3919,20,1,98.19,98.19
11907,3919,10,1,63.44,63.44
11908,3920,73,2,106.55,213.1
11909,3920,27,1,73.33,73.33
11910,3920,106,1,25.02,25.02
11911,3920,104,1,76.74,76.74
11912,3920,78,4,99.17,396.68
11913,3921,82,1,66.84,66.84
11914,3921,35,2,26.86,53.72
11915,3921,41,4,23.97,95.88
11916,3921,70,2,106.32,212.64
11917,3921,48,1,45.39,45.39
11918,3922,72,4,69.56,278.24
11919,3922,23,3,36.19,108.57
11920,3922,34,3,21.55,64.65
11921,3922,26,3,112.4,337.2
11922,3923,24,4,6.43,25.72
11923,3923,19,1,97.48,97.48
11924,3923,117,3,32.91,98.73
11925,3923,19,2,111.4,222.8
11926,3923,82,3,67.87,203.61
11927,3924,106,4,25.26,101.04
11928,3924,87,1,42.3,42.3
11929,3925,35,1,94.29,94.29
11930,3926,73,2,79.27,158.54
11931,3926,23,4,25.24,100.96
11932,3926,34,3,82.84,248.52
11933,3926,8,1,11.39,11.39
11934,3927,50,3,63.77,191.31
11935,3927,35,1,64.38,64.38
11936,3927,78,3,58.06,174.18
11937,3927,7,4,8.06,32.24
11938,3928,115,4,4.35,17.4
11939,3928,118,3,63.96,191.88
11940,3928,110,3,23.31,69.93
11941,3929,103,3,65.49,196.47
11942,3930,69,1,61.0,61.0
11943,3931,77,1,77.33,77.33
11944,3931,117,4,113.34,453.36
11945,3931,30,1,28.83,28.83
11946,3931,46,1,57.42,57.42
11947,3932,73,4,9.28,37.12
11948,3933,111,2,90.32,180.64
11949,3933,99,4,87.84,351.36
11950,3933,88,4,84.86,339.44
11951,3934,3,2,48.77,97.54
11952,3934,16,1,17.31,17.31
11953,3934,96,3,116.16,348.48
11954,3935,109,3,57.95,173.85
11955,3935,66,3,52.0,156.0
11956,3935,5,3,101.17,303.51
11957,3935,18,1,90.71,90.71
11958,3935,12,1,63.66,63.66
11959,3936,11,1,36.09,36.09
11960,3937,89,2,57.19,114.38
11961,3937,83,3,114.67,344.01
11962,3937,102,1,93.63,93.63
11963,3937,97,1,72.02,72.02
11964,3937,68,2,89.59,179.18
11965,3938,34,4,30.26,121.04
11966,3938,58,1,65.24,65.24
11967,3938,89,4,77.5,310.0
11968,3938,98,2,40.13,80.26
11969,3938,36,4,115.93,463.72
11970,3939,24,4,33.9,135.6
11971,3939,87,4,72.67,290.68
11972,3939,26,1,105.48,105.48
11973,3939,84,1,54.74,54.74
11974,3940,43,3,34.63,103.89
11975,3941,58,1,34.72,34.72
11976,3941,14,3,100.36,301.08
11977,3941,44,4,12.8,51.2
11978,3941,51,3,25.77,77.31
11979,3942,59,4,40.52,162.08
11980,3942,44,3,87.2,261.6
11981,3942,65,3,7.38,22.14
11982,3942,2,3,20.54,61.62
11983,3942,104,1,117.25,117.25
11984,3943,53,1,11.08,11.08
11985,3943,74,4,86.83,347.32
11986,3943,117,4,83.4,333.6
11987,3943,74,2,99.25,198.5
11988,3944,112,4,71.04,284.16
11989,3945,105,1,61.49,61.49
11990,3945,116,2,113.75,227.5
11991,3946,113,2,35.82,71.64
11992,3946,65,2,12.56,25.12
11993,3946,43,2,86.71,173.42
11994,3946,91,4,33.51,134.04
11995,3947,19,3,5.63,16.89
11996,3947,40,4,57.53,230.12
11997,3948,97,3,70.64,211.92
11998,3949,29,3,96.37,289.11
11999,3949,29,4,104.27,417.08
12000,3950,8,1,31.77,31.77
12001,3950,93,4,104.32,417.28
12002,3950,23,3,74.08,222.24
12003,3950,69,3,99.74,299.22
12004,3950,101,4,74.01,296.04
12005,3951,41,1,23.57,23.57
12006,3951,20,1,59.72,59.72
12007,3951,11,3,96.22,288.66
12008,3951,87,1,41.61,41.61
12009,3952,31,2,57.28,114.56
12010,3953,74,2,68.56,137.12
12011,3953,109,3,41.21,123.63
12012,3954,18,2,96.75,193.5
12013,3954,39,3,82.72,248.16
12014,3954,92,1,28.73,28.73
12015,3954,81,4,101.69,406.76
12016,3954,1,3,40.18,120.54
12017,3955,36,1,46.83,46.83
12018,3955,14,1,62.58,62.58
12019,3955,24,2,36.63,73.26
12020,3955,29,2,90.16,180.32
12021,3956,93,1,28.42,28.42
12022,3956,74,2,111.38,222.76
12023,3957,23,2,14.69,29.38
12024,3958,106,3,29.17,87.51
12025,3958,19,1,3.01,3.01
12026,3958,79,4,61.78,247.12
12027,3958,39,2,98.13,196.26
12028,3958,110,1,96.41,96.41
12029,3959,80,4,113.44,453.76
12030,3960,14,3,35.33,105.99
12031,3961,119,3,81.89,245.67
12032,3962,83,1,76.68,76.68
12033,3962,79,2,76.93,153.86
12034,3963,27,4,18.31,73.24
12035,3963,82,2,9.01,18.02
12036,3963,82,3,47.31,141.93
12037,3963,53,4,75.41,301.64
12038,3963,13,4,55.03,220.12
12039,3964,13,2,5.54,11.08
12040,3965,59,1,56.61,56.61
12041,3965,26,1,49.34,49.34
12042,3965,55,4,115.8,463.2
12043,3965,108,4,99.81,399.24
12044,3965,74,2,113.21,226.42
12045,3966,35,1,19.56,19.56
12046,3967,13,3,96.21,288.63
12047,3968,53,1,36.98,36.98
12048,3969,5,3,80.66,241.98
12049,3969,56,3,74.67,224.01
12050,3969,60,1,101.68,101.68
12051,3969,19,1,22.92,22.92
12052,3970,29,2,66.7,133.4
12053,3970,105,2,5.45,10.9
12054,3970,82,2,51.85,103.7
12055,3971,117,1,61.9,61.9
12056,3971,89,2,8.06,16.12
12057,3972,44,3,54.14,162.42
12058,3973,99,3,113.34,340.02
12059,3973,33,3,91.02,273.06
12060,3973,86,3,104.42,313.26
12061,3973,91,2,91.33,182.66
12062,3973,3,3,35.76,107.28
12063,3974,114,3,111.7,335.1
12064,3974,75,3,108.73,326.19
12065,3974,117,2,24.5,49.0
12066,3974,66,2,19.46,38.92
12067,3975,106,4,89.75,359.0
12068,3975,1,3,74.97,224.91
12069,3975,42,3,5.72,17.16
12070,3975,102,3,116.78,350.34
12071,3975,69,4,86.09,344.36
12072,3976,2,3,87.22,261.66
12073,3977,76,3,47.59,142.77
12074,3977,32,1,115.51,115.51
12075,3977,56,4,46.2,184.8
12076,3977,115,3,48.65,145.95
12077,3977,115,4,104.54,418.16
12078,3978,11,3,49.38,148.14
12079,3979,92,4,69.33,277.32
12080,3979,109,1,33.96,33.96
12081,3979,50,4,119.71,478.84
12082,3980,104,2,46.12,92.24
12083,3980,61,4,33.66,134.64
12084,3980,13,4,17.34,69.36
12085,3980,105,4,110.68,442.72
12086,3981,32,4,44.84,179.36
12087,3981,66,4,16.4,65.6
12088,3982,79,2,35.84,71.68
12089,3982,75,4,111.72,446.88
12090,3983,11,3,51.62,154.86
12091,3983,92,2,119.91,239.82
12092,3983,77,3,54.95,164.85
12093,3984,15,1,114.8,114.8
12094,3985,5,2,41.4,82.8
12095,3985,71,1,53.1,53.1
12096,3985,95,3,110.71,332.13
12097,3986,66,3,47.7,143.1
12098,3987,40,4,96.5,386.0
12099,3987,4,2,102.68,205.36
12100,3987,113,2,80.36,160.72
12101,3987,113,3,18.24,54.72
12102,3988,12,4,29.17,116.68
12103,3988,50,3,117.65,352.95
12104,3989,120,4,108.67,434.68
12105,3990,53,1,113.28,113.28
12106,3990,59,4,51.12,204.48
12107,3990,89,4,76.56,306.24
12108,3990,54,3,6.28,18.84
12109,3991,33,3,98.29,294.87
12110,3991,44,4,23.39,93.56
12111,3992,55,1,38.25,38.25
12112,3992,68,1,6.02,6.02
12113,3993,32,2,63.77,127.54
12114,3993,98,1,60.46,60.46
12115,3993,2,2,76.94,153.88
12116,3993,96,1,44.03,44.03
12117,3993,98,4,116.42,465.68
12118,3994,12,2,66.54,133.08
12119,3994,50,1,49.49,49.49
12120,3994,52,2,38.99,77.98
12121,3995,2,4,105.34,421.36
12122,3995,68,4,27.91,111.64
12123,3996,120,4,11.7,46.8
12124,3997,45,2,70.09,140.18
12125,3997,54,1,76.64,76.64
12126,3997,97,1,37.02,37.02
12127,3997,66,1,63.25,63.25
12128,3997,118,1,39.79,39.79
12129,3998,68,3,94.5,283.5
12130,3998,109,1,22.8,22.8
12131,3998,98,2,61.7,123.4
12132,3999,44,3,91.49,274.47
12133,3999,107,3,83.29,249.87
12134,4000,117,2,79.28,158.56
12135,4000,16,3,18.47,55.41
12136,4000,10,3,84.92,254.76
12137,4000,102,4,77.89,311.56
