event_id,store_id,product_id,event_type,quantity_change,event_at
1,12,82,adjustment,28,2024-03-29 16:03:09
2,7,28,receive,23,2024-02-12 22:01:36
3,3,67,receive,27,2024-03-16 21:16:35
4,8,80,shrinkage,-28,2024-03-29 18:30:58
5,2,59,sale,-13,2024-10-19 21:31:51
6,4,112,shrinkage,-23,2024-06-02 18:56:18
7,9,81,sale,-26,2024-08-09 19:08:04
8,11,43,adjustment,3,2024-10-11 03:22:02
9,12,81,receive,8,2024-05-07 20:50:32
10,11,5,sale,-18,2024-03-20 07:47:12
11,2,109,adjustment,10,2024-08-24 16:08:23
12,3,26,return,26,2024-03-12 12:45:31
13,2,110,sale,-17,2024-11-12 11:07:42
14,4,31,return,29,2024-02-04 08:16:53
15,3,3,return,32,2024-04-30 10:18:05
16,10,17,receive,15,2024-09-05 12:36:47
17,9,55,receive,25,2024-07-14 19:39:39
18,3,68,shrinkage,-29,2024-10-24 16:28:18
19,3,101,shrinkage,-29,2024-01-13 21:43:17
20,3,33,return,26,2024-04-30 06:13:45
21,12,42,sale,-8,2024-09-19 09:34:57
22,1,61,adjustment,41,2024-08-15 00:23:25
23,12,8,adjustment,2,2024-01-06 19:56:08
24,11,74,adjustment,3,2024-08-01 06:26:06
25,10,56,adjustment,20,2024-04-12 11:36:59
26,4,83,return,38,2024-10-25 10:49:15
27,4,36,return,42,2024-12-28 01:00:08
28,8,118,receive,27,2024-09-29 05:56:49
29,11,15,return,42,2024-09-06 18:19:56
30,7,27,sale,-25,2024-01-08 08:03:03
31,7,87,receive,2,2024-10-18 09:46:23
32,12,87,receive,16,2024-09-23 02:24:12
33,3,28,receive,12,2024-03-14 18:19:57
34,1,30,adjustment,32,2024-03-02 22:59:48
35,7,65,return,29,2024-03-29 20:19:02
36,1,70,receive,27,2024-08-18 22:30:20
37,1,26,return,2,2024-03-21 11:47:38
38,12,96,return,9,2024-01-18 00:58:12
39,7,19,shrinkage,-47,2024-08-24 23:22:58
40,6,94,shrinkage,-48,2024-01-04 10:25:50
41,5,18,return,36,2024-05-08 04:41:48
42,2,81,receive,43,2024-06-16 07:22:04
43,9,93,shrinkage,-48,2024-03-27 12:37:47
44,10,21,receive,5,2024-12-06 14:56:41
45,5,102,sale,-41,2024-05-26 14:15:49
46,8,71,return,34,2024-06-24 09:07:28
47,4,25,return,25,2024-05-27 00:08:45
48,8,55,adjustment,34,2024-02-19 23:37:30
49,10,27,receive,2,2024-10-14 07:47:33
50,8,27,adjustment,1,2024-04-03 05:32:11
51,9,58,adjustment,19,2024-11-25 00:29:31
52,7,109,return,15,2024-07-16 02:55:42
53,11,44,receive,34,2024-07-20 06:06:09
54,3,48,adjustment,2,2024-04-19 16:52:49
55,5,116,return,50,2024-05-15 07:09:12
56,5,21,shrinkage,-16,2024-05-22 14:45:51
57,11,66,shrinkage,-31,2024-09-01 03:42:31
58,5,23,receive,4,2024-08-13 19:06:45
59,5,30,shrinkage,-3,2024-05-15 06:46:54
60,5,88,adjustment,38,2024-09-08 21:44:02
61,12,34,shrinkage,-38,2024-07-17 11:18:34
62,4,1,receive,34,2024-10-22 10:17:33
63,7,106,receive,35,2024-01-12 03:06:05
64,12,60,return,46,2024-12-30 21:52:37
65,4,74,sale,-43,2024-09-30 01:52:42
66,12,76,shrinkage,-24,2024-10-24 15:57:00
67,7,58,adjustment,1,2024-01-12 04:46:44
68,12,33,sale,-31,2024-01-16 11:11:11
69,10,66,sale,-39,2024-06-08 16:37:32
70,6,38,shrinkage,-41,2024-08-15 02:34:08
71,5,81,sale,-44,2024-10-18 16:31:36
72,4,101,shrinkage,-42,2024-01-04 05:14:15
73,12,47,sale,-27,2024-03-30 19:56:43
74,5,57,receive,45,2024-05-30 09:28:05
75,8,65,receive,17,2024-10-30 04:36:08
76,8,84,shrinkage,-4,2024-05-13 20:58:14
77,11,88,return,17,2024-05-15 03:50:27
78,3,75,sale,-24,2024-07-18 21:03:47
79,3,34,shrinkage,-7,2024-04-21 11:04:08
80,9,1,shrinkage,-29,2024-04-10 13:05:32
81,6,74,sale,-7,2024-09-09 18:06:24
82,9,74,sale,-7,2024-10-27 21:10:41
83,12,6,return,34,2024-12-11 04:22:52
84,8,50,shrinkage,-26,2024-11-09 15:03:51
85,10,94,return,25,2024-01-26 10:40:34
86,9,120,return,6,2024-05-29 04:44:29
87,6,94,adjustment,5,2024-04-11 00:18:33
88,2,85,adjustment,36,2024-09-19 09:21:19
89,8,98,return,50,2024-09-17 11:13:10
90,12,16,receive,21,2024-06-04 19:04:11
91,7,25,sale,-27,2024-12-17 05:10:57
92,3,109,return,28,2024-03-25 16:58:33
93,1,24,return,49,2024-10-12 05:29:55
94,11,82,adjustment,35,2024-10-13 02:26:48
95,7,44,sale,-22,2024-07-05 15:04:08
96,9,50,adjustment,26,2024-06-27 17:39:57
97,4,55,receive,15,2024-12-23 15:36:28
98,3,111,receive,8,2024-09-04 22:07:03
99,11,92,sale,-18,2024-05-04 20:58:58
100,9,55,receive,23,2024-12-07 16:58:04
101,5,62,shrinkage,-37,2024-07-15 23:17:02
102,5,116,return,45,2024-10-02 22:12:41
103,2,70,return,5,2024-08-20 06:09:25
104,10,53,shrinkage,-14,2024-09-25 04:10:29
105,3,62,adjustment,10,2024-11-02 15:27:46
106,9,76,receive,33,2024-02-25 20:18:04
107,4,63,receive,2,2024-05-25 03:16:03
108,10,54,receive,11,2024-03-17 15:15:28
109,4,89,shrinkage,-33,2024-01-08 21:22:40
110,5,58,sale,-10,2024-12-24 20:05:09
111,8,101,sale,-9,2024-04-15 21:24:36
112,4,90,adjustment,21,2024-07-28 20:32:56
113,12,92,receive,7,2024-06-14 10:44:06
114,3,45,shrinkage,-25,2024-12-22 21:34:09
115,12,79,adjustment,5,2024-07-14 13:15:03
116,6,10,receive,18,2024-09-17 02:50:08
117,8,57,adjustment,8,2024-05-29 01:36:09
118,4,15,return,40,2024-03-18 00:52:37
119,9,7,shrinkage,-26,2024-02-25 06:35:22
120,11,95,adjustment,33,2024-10-18 15:47:02
121,7,113,receive,6,2024-07-20 08:28:23
122,12,74,receive,37,2024-03-04 23:28:26
123,9,30,return,50,2024-10-26 01:41:34
124,12,88,return,3,2024-11-21 04:36:04
125,3,56,receive,43,2024-07-18 04:03:14
126,4,43,shrinkage,-47,2024-07-29 13:29:52
127,12,73,adjustment,19,2024-09-03 06:52:40
128,11,28,return,42,2024-04-28 14:25:09
129,1,109,shrinkage,-21,2024-10-27 23:10:41
130,9,38,sale,-1,2024-04-26 07:57:24
131,10,98,return,41,2024-04-07 11:52:27
132,10,23,shrinkage,-32,2024-05-30 22:19:55
133,8,86,return,28,2024-06-24 05:50:49
134,6,30,shrinkage,-27,2024-06-07 20:07:51
135,9,67,receive,20,2024-05-13 00:31:35
136,11,28,shrinkage,-9,2024-09-18 03:39:33
137,5,105,receive,13,2024-10-15 11:51:36
138,4,63,sale,-13,2024-11-07 20:15:12
139,3,51,return,4,2024-07-21 02:56:48
140,2,77,return,20,2024-04-21 06:50:16
141,9,74,receive,50,2024-02-26 15:18:22
142,1,67,return,9,2024-11-05 05:31:15
143,8,30,return,40,2024-08-13 20:30:41
144,2,74,sale,-6,2024-05-02 14:14:19
145,8,86,shrinkage,-28,2024-11-13 08:09:00
146,5,91,return,46,2024-07-25 03:12:39
147,3,73,adjustment,6,2024-11-08 21:20:05
148,3,2,return,10,2024-09-19 03:22:01
149,9,58,receive,3,2024-02-16 16:23:22
150,10,7,adjustment,11,2024-04-21 01:26:00
151,7,97,return,10,2024-12-17 04:42:12
152,2,81,sale,-10,2024-05-16 23:52:20
153,7,20,return,19,2024-03-26 00:16:20
154,8,54,sale,-40,2024-03-01 16:16:33
155,12,118,receive,28,2024-06-11 14:08:52
156,6,34,return,27,2024-12-08 07:53:28
157,11,120,adjustment,32,2024-01-21 22:08:59
158,4,57,receive,29,2024-01-19 06:04:23
159,2,106,receive,37,2024-12-17 19:39:04
160,6,92,return,31,2024-10-28 17:15:25
161,6,30,shrinkage,-34,2024-10-09 03:02:00
162,3,44,adjustment,36,2024-04-08 23:54:04
163,12,27,adjustment,6,2024-02-09 22:23:38
164,8,83,receive,44,2024-09-24 10:45:14
165,9,45,adjustment,40,2024-02-11 12:22:11
166,12,9,adjustment,35,2024-02-01 09:51:03
167,9,72,adjustment,22,2024-12-21 18:04:19
168,9,98,receive,24,2024-08-01 13:01:38
169,10,101,receive,34,2024-09-01 21:17:31
170,7,18,sale,-39,2024-03-20 18:19:41
171,8,67,return,4,2024-07-14 12:33:22
172,11,60,receive,37,2024-05-21 09:12:37
173,8,11,return,26,2024-11-17 23:00:24
174,3,98,receive,1,2024-01-19 23:20:54
175,1,34,adjustment,46,2024-10-31 16:25:09
176,2,101,shrinkage,-49,2024-04-23 04:00:39
177,1,56,return,28,2024-07-19 08:37:11
178,6,103,shrinkage,-3,2024-11-10 13:34:15
179,1,25,adjustment,1,2024-12-11 03:51:29
180,9,120,adjustment,5,2024-12-25 17:13:47
181,5,55,sale,-38,2024-02-01 23:00:05
182,1,19,adjustment,41,2024-04-23 22:50:49
183,3,28,adjustment,33,2024-03-16 09:06:20
184,8,84,adjustment,9,2024-12-16 01:05:45
185,4,15,return,31,2024-01-02 14:28:29
186,2,19,adjustment,44,2024-01-07 23:48:22
187,12,48,adjustment,46,2024-09-29 11:58:39
188,3,80,sale,-26,2024-05-30 13:39:51
189,10,21,sale,-25,2024-02-22 01:12:42
190,1,13,sale,-19,2024-02-24 22:34:28
191,2,33,shrinkage,-32,2024-06-18 18:26:31
192,4,4,sale,-46,2024-08-17 23:12:09
193,9,51,sale,-33,2024-02-12 13:16:09
194,2,71,receive,13,2024-02-16 11:28:23
195,10,51,shrinkage,-35,2024-05-08 01:58:20
196,4,47,shrinkage,-5,2024-03-15 12:15:05
197,12,45,shrinkage,-12,2024-09-18 14:15:23
198,7,32,adjustment,47,2024-04-19 11:08:08
199,8,68,shrinkage,-45,2024-07-24 14:58:10
200,3,39,return,44,2024-08-28 15:36:46
201,2,78,shrinkage,-32,2024-07-26 07:11:51
202,2,93,sale,-14,2024-08-08 14:43:21
203,2,101,adjustment,10,2024-03-17 18:34:50
204,3,71,shrinkage,-11,2024-09-06 18:02:52
205,4,80,sale,-46,2024-09-28 16:14:24
206,8,41,return,6,2024-10-28 13:40:07
207,4,113,shrinkage,-31,2024-01-20 05:49:48
208,6,119,return,19,2024-11-08 22:31:28
209,5,4,return,45,2024-04-25 11:09:42
210,8,42,return,13,2024-03-12 00:41:44
211,5,15,sale,-27,2024-11-19 22:09:28
212,10,6,adjustment,3,2024-11-05 08:21:13
213,3,93,return,38,2024-08-26 11:26:47
214,2,36,receive,1,2024-09-24 23:48:44
215,8,111,receive,31,2024-11-13 19:21:10
216,9,59,shrinkage,-37,2024-06-12 09:16:11
217,8,97,return,48,2024-03-20 02:49:16
218,12,49,receive,1,2024-04-17 04:04:59
219,6,97,return,22,2024-07-12 10:41:17
220,10,37,sale,-32,2024-11-30 14:08:09
221,6,30,adjustment,14,2024-06-25 14:32:39
222,4,22,adjustment,45,2024-08-11 11:58:57
223,6,26,adjustment,10,2024-04-09 07:20:22
224,5,36,shrinkage,-31,2024-10-08 00:41:37
225,2,21,sale,-25,2024-12-18 13:42:49
226,10,41,receive,19,2024-09-09 03:08:02
227,11,115,sale,-27,2024-08-20 00:45:43
228,3,119,receive,4,2024-08-13 04:02:52
229,2,100,sale,-23,2024-10-06 00:46:35
230,9,48,sale,-20,2024-10-16 02:55:46
231,1,18,shrinkage,-32,2024-12-19 21:06:36
232,1,66,shrinkage,-23,2024-04-01 16:25:31
233,9,101,shrinkage,-31,2024-01-09 13:42:56
234,7,85,return,3,2024-01-30 18:01:43
235,4,111,adjustment,18,2024-08-03 07:45:09
236,10,51,adjustment,36,2024-11-10 16:59:09
237,3,55,sale,-32,2024-05-27 16:08:54
238,10,17,return,26,2024-01-27 21:24:03
239,1,43,shrinkage,-41,2024-08-20 22:04:58
240,11,32,receive,35,2024-12-18 13:54:46
241,1,38,return,50,2024-07-07 02:42:26
242,10,37,receive,21,2024-01-15 18:52:46
243,12,89,return,7,2024-05-09 11:55:20
244,10,35,shrinkage,-1,2024-06-07 21:29:09
245,1,32,return,27,2024-09-03 00:54:44
246,3,60,receive,25,2024-01-30 07:01:08
247,1,85,return,3,2024-01-23 14:26:17
248,10,13,adjustment,7,2024-12-29 16:41:29
249,10,81,return,16,2024-06-20 04:52:38
250,3,72,receive,30,2024-07-06 13:12:37
251,12,34,receive,36,2024-08-26 22:04:28
252,9,68,return,31,2024-08-12 06:09:19
253,8,47,sale,-5,2024-10-31 07:32:15
254,11,93,receive,24,2024-10-13 10:21:14
255,5,42,receive,27,2024-04-26 02:33:12
256,4,96,sale,-45,2024-09-05 22:29:00
257,10,68,sale,-34,2024-07-26 14:24:00
258,4,50,adjustment,1,2024-01-16 17:47:17
259,10,59,return,7,2024-11-26 03:52:15
260,9,71,adjustment,36,2024-10-31 21:06:52
261,3,99,shrinkage,-44,2024-12-10 18:41:35
262,12,119,adjustment,47,2024-05-16 22:14:10
263,8,119,receive,38,2024-09-18 18:53:14
264,9,70,adjustment,12,2024-09-03 04:14:14
265,11,25,receive,44,2024-06-19 13:07:58
266,6,89,return,31,2024-11-17 21:08:02
267,9,53,receive,25,2024-05-02 23:19:52
268,9,33,receive,48,2024-11-06 15:10:06
269,4,107,receive,3,2024-10-11 10:29:30
270,10,27,sale,-11,2024-01-09 10:41:24
271,7,38,adjustment,12,2024-01-09 08:33:34
272,7,84,adjustment,32,2024-03-07 19:00:26
273,10,65,sale,-27,2024-10-30 00:24:58
274,2,76,return,46,2024-02-01 23:48:35
275,12,111,receive,12,2024-11-28 22:11:39
276,9,90,sale,-39,2024-06-05 15:09:28
277,4,93,shrinkage,-44,2024-01-02 18:33:05
278,3,56,return,49,2024-08-19 13:53:45
279,11,95,sale,-50,2024-08-05 03:51:13
280,1,30,receive,23,2024-02-11 16:06:57
281,11,114,sale,-11,2024-10-15 17:00:34
282,7,41,shrinkage,-6,2024-09-28 21:55:35
283,8,60,sale,-38,2024-09-07 15:01:03
284,11,24,return,30,2024-07-25 07:34:01
285,4,55,sale,-27,2024-07-25 07:17:18
286,2,17,sale,-2,2024-05-06 08:49:35
287,12,29,sale,-21,2024-02-23 17:53:44
288,7,7,receive,5,2024-09-03 15:32:05
289,2,70,receive,12,2024-12-22 10:51:29
290,4,118,receive,31,2024-03-23 12:12:05
291,9,68,shrinkage,-43,2024-01-24 18:18:27
292,2,81,sale,-11,2024-02-03 21:45:10
293,3,34,sale,-48,2024-10-27 21:58:52
294,11,102,adjustment,23,2024-02-19 13:41:45
295,2,8,receive,3,2024-06-21 00:25:51
296,11,35,return,12,2024-12-18 14:21:17
297,1,93,return,46,2024-01-20 21:29:18
298,1,76,shrinkage,-6,2024-01-26 22:57:27
299,10,81,adjustment,8,2024-05-04 21:08:40
300,9,4,shrinkage,-24,2024-08-31 19:18:22
301,2,11,receive,21,2024-01-10 00:42:14
302,11,90,return,7,2024-03-05 06:57:51
303,3,93,return,4,2024-11-21 21:32:52
304,2,15,sale,-33,2024-06-25 22:40:30
305,6,8,shrinkage,-12,2024-06-02 12:16:15
306,8,103,receive,13,2024-08-07 20:34:21
307,1,76,adjustment,16,2024-08-04 14:17:17
308,1,57,shrinkage,-38,2024-02-06 18:40:19
309,5,78,sale,-32,2024-12-19 20:38:21
310,2,77,receive,3,2024-04-17 03:11:27
311,6,15,return,8,2024-04-09 08:25:17
312,7,91,shrinkage,-33,2024-11-04 03:39:24
313,2,101,adjustment,21,2024-10-18 23:46:06
314,7,9,receive,37,2024-05-15 16:05:55
315,9,30,return,35,2024-10-07 16:54:41
316,4,44,shrinkage,-5,2024-11-13 02:45:29
317,3,60,return,15,2024-06-10 22:58:32
318,12,24,return,31,2024-08-26 11:54:54
319,10,96,receive,23,2024-03-12 03:32:16
320,4,88,sale,-47,2024-09-13 12:22:03
321,12,40,adjustment,22,2024-01-06 05:53:44
322,10,109,receive,31,2024-08-01 20:28:21
323,4,46,adjustment,13,2024-12-22 19:14:59
324,11,49,return,3,2024-09-01 23:03:14
325,11,86,return,34,2024-12-30 22:23:06
326,6,65,shrinkage,-5,2024-02-08 23:23:37
327,9,48,return,29,2024-07-03 12:47:51
328,2,61,receive,29,2024-11-23 15:09:04
329,8,47,adjustment,28,2024-12-14 08:34:29
330,7,117,sale,-30,2024-01-28 16:43:52
331,1,109,adjustment,7,2024-01-14 02:19:20
332,5,23,receive,16,2024-01-09 03:24:17
333,8,27,return,15,2024-08-06 04:43:50
334,7,68,sale,-33,2024-01-26 10:28:35
335,6,80,adjustment,35,2024-01-09 05:12:04
336,1,93,adjustment,42,2024-11-27 00:16:30
337,9,50,receive,28,2024-08-22 22:25:42
338,1,8,shrinkage,-21,2024-04-05 07:02:34
339,5,92,adjustment,21,2024-05-02 04:59:22
340,1,96,adjustment,20,2024-07-22 20:21:38
341,2,34,return,20,2024-04-02 00:47:28
342,10,34,return,27,2024-10-16 10:38:39
343,10,22,adjustment,26,2024-03-08 18:56:28
344,7,99,sale,-39,2024-12-13 03:03:15
345,6,13,shrinkage,-45,2024-07-21 20:14:13
346,2,92,sale,-35,2024-12-07 19:50:45
347,4,25,return,45,2024-12-05 04:45:05
348,10,83,return,6,2024-05-03 19:52:40
349,6,116,sale,-37,2024-10-14 17:37:21
350,10,21,adjustment,30,2024-07-01 21:56:10
351,11,59,receive,13,2024-05-23 12:05:04
352,9,80,shrinkage,-42,2024-06-08 20:18:51
353,2,118,adjustment,2,2024-01-23 16:44:10
354,2,27,receive,8,2024-04-04 04:16:27
355,11,81,adjustment,33,2024-06-21 18:35:24
356,2,103,shrinkage,-31,2024-09-12 17:05:29
357,10,101,adjustment,43,2024-10-02 02:22:32
358,9,83,shrinkage,-11,2024-08-09 23:54:58
359,4,8,shrinkage,-4,2024-12-24 07:42:00
360,8,61,sale,-21,2024-08-03 05:41:34
361,5,7,receive,39,2024-09-06 00:40:14
362,1,110,adjustment,12,2024-09-02 23:40:25
363,6,4,shrinkage,-50,2024-04-15 14:09:19
364,7,91,adjustment,43,2024-06-02 08:04:40
365,1,43,receive,27,2024-07-19 17:51:37
366,10,4,sale,-24,2024-10-14 18:16:22
367,6,94,sale,-33,2024-07-21 07:00:17
368,10,59,sale,-30,2024-09-04 20:31:24
369,9,34,receive,29,2024-09-12 21:47:00
370,1,34,receive,38,2024-01-11 09:59:04
371,3,35,receive,27,2024-09-20 17:52:44
372,2,64,adjustment,9,2024-03-15 02:45:56
373,8,73,adjustment,49,2024-03-29 23:13:21
374,1,73,receive,22,2024-12-15 18:29:09
375,4,104,sale,-49,2024-01-22 18:32:28
376,2,87,shrinkage,-11,2024-05-08 01:07:30
377,2,109,shrinkage,-28,2024-04-19 14:28:33
378,8,3,return,34,2024-05-24 17:56:32
379,12,100,return,3,2024-03-07 05:50:54
380,4,11,sale,-50,2024-06-23 16:28:00
381,12,38,return,32,2024-02-16 16:54:16
382,6,117,adjustment,23,2024-01-21 02:36:09
383,4,106,adjustment,7,2024-05-05 14:58:24
384,12,91,receive,1,2024-07-07 01:09:54
385,5,72,shrinkage,-15,2024-12-12 01:35:36
386,9,20,adjustment,35,2024-02-26 05:01:39
387,1,11,sale,-3,2024-02-26 02:27:06
388,12,101,receive,21,2024-11-09 10:49:05
389,3,52,sale,-4,2024-07-06 21:00:27
390,11,119,adjustment,44,2024-07-02 05:41:41
391,10,47,adjustment,21,2024-09-20 19:28:47
392,8,14,shrinkage,-28,2024-12-09 17:53:28
393,10,101,adjustment,10,2024-05-22 16:15:19
394,1,104,receive,28,2024-11-25 21:53:31
395,10,60,sale,-28,2024-05-13 02:25:46
396,9,58,shrinkage,-17,2024-08-16 21:58:52
397,12,19,sale,-8,2024-09-02 16:22:33
398,6,14,receive,1,2024-12-06 10:05:43
399,11,72,receive,32,2024-07-18 01:27:04
400,4,11,sale,-22,2024-11-24 10:58:20
401,8,10,shrinkage,-4,2024-08-17 12:42:52
402,12,26,adjustment,28,2024-10-06 07:23:10
403,2,62,adjustment,24,2024-07-15 22:30:14
404,9,11,shrinkage,-33,2024-12-10 05:03:29
405,4,103,adjustment,25,2024-01-09 08:17:23
406,7,9,adjustment,5,2024-02-21 08:42:03
407,6,44,receive,29,2024-05-13 16:10:49
408,9,34,shrinkage,-13,2024-08-24 16:16:19
409,2,103,adjustment,35,2024-03-02 23:16:15
410,7,35,receive,36,2024-03-17 14:14:10
411,5,120,return,20,2024-03-21 10:33:28
412,5,8,sale,-34,2024-07-21 16:47:04
413,6,89,return,38,2024-08-18 19:51:27
414,2,8,shrinkage,-30,2024-06-24 17:59:00
415,2,63,return,28,2024-05-26 18:21:53
416,12,88,sale,-21,2024-07-09 05:42:01
417,10,1,sale,-48,2024-07-16 02:43:55
418,2,69,adjustment,49,2024-07-20 20:58:56
419,4,21,receive,1,2024-06-30 15:10:30
420,12,27,shrinkage,-47,2024-09-22 23:48:42
421,7,43,return,15,2024-06-21 18:56:58
422,1,14,receive,9,2024-06-01 21:06:23
423,10,75,sale,-34,2024-08-24 14:13:38
424,8,83,sale,-9,2024-04-11 19:39:51
425,10,118,adjustment,27,2024-02-04 23:41:01
426,10,100,sale,-20,2024-11-12 20:21:42
427,9,64,adjustment,42,2024-09-21 10:57:44
428,7,6,receive,15,2024-02-09 13:24:15
429,1,92,shrinkage,-35,2024-12-24 08:07:06
430,7,17,return,24,2024-03-17 15:07:18
431,2,118,receive,21,2024-10-19 23:57:23
432,8,14,shrinkage,-9,2024-10-26 19:59:58
433,7,43,sale,-12,2024-12-02 10:43:12
434,8,15,receive,26,2024-07-24 21:01:51
435,5,53,adjustment,28,2024-05-18 18:38:55
436,7,47,shrinkage,-17,2024-01-13 14:56:51
437,5,24,shrinkage,-6,2024-09-07 07:30:57
438,1,28,adjustment,18,2024-08-14 10:53:07
439,8,25,adjustment,20,2024-05-21 00:32:17
440,7,64,receive,11,2024-11-15 18:44:47
441,2,90,sale,-20,2024-08-24 04:33:28
442,9,94,adjustment,28,2024-09-05 12:36:50
443,5,10,return,23,2024-07-03 03:49:50
444,12,105,sale,-8,2024-09-20 11:36:45
445,4,119,receive,45,2024-08-29 05:18:48
446,2,32,shrinkage,-25,2024-07-23 01:44:54
447,4,103,shrinkage,-45,2024-12-10 05:26:01
448,1,22,shrinkage,-11,2024-08-11 23:46:44
449,8,56,adjustment,47,2024-03-09 12:36:41
450,3,100,receive,32,2024-11-10 12:45:43
451,2,99,receive,14,2024-05-22 02:52:33
452,1,105,sale,-13,2024-06-06 23:38:00
453,7,67,shrinkage,-19,2024-11-14 03:01:00
454,10,37,shrinkage,-10,2024-07-11 01:48:42
455,9,27,adjustment,31,2024-07-05 21:59:01
456,5,38,adjustment,13,2024-03-06 17:09:10
457,5,43,adjustment,8,2024-12-26 10:35:50
458,10,117,return,24,2024-04-15 08:37:29
459,10,98,adjustment,35,2024-04-08 06:32:44
460,8,21,adjustment,44,2024-06-05 01:41:02
461,1,34,receive,47,2024-03-08 14:18:13
462,9,12,adjustment,32,2024-02-12 20:44:18
463,8,12,adjustment,38,2024-08-17 03:11:48
464,5,35,return,12,2024-09-07 22:59:04
465,9,25,shrinkage,-25,2024-03-23 19:02:55
466,3,35,adjustment,3,2024-12-16 16:36:41
467,1,40,sale,-38,2024-09-21 17:18:07
468,11,48,return,47,2024-10-02 17:25:33
469,5,61,receive,11,2024-01-20 06:45:48
470,1,57,sale,-6,2024-05-28 16:35:42
471,9,6,shrinkage,-3,2024-05-27 19:50:15
472,9,24,return,10,2024-04-05 05:47:43
473,10,82,shrinkage,-31,2024-09-04 23:48:30
474,8,51,adjustment,21,2024-03-17 21:49:43
475,3,80,shrinkage,-37,2024-07-27 07:38:51
476,4,74,receive,36,2024-07-05 13:50:21
477,12,44,shrinkage,-37,2024-01-20 21:37:51
478,6,65,shrinkage,-20,2024-02-15 11:36:06
479,10,98,return,33,2024-03-12 05:23:58
480,5,54,return,44,2024-12-21 04:42:12
481,2,9,shrinkage,-34,2024-01-02 13:25:57
482,4,93,return,26,2024-06-24 11:20:52
483,1,90,receive,28,2024-02-11 13:59:20
484,7,78,sale,-35,2024-11-04 03:57:46
485,5,63,sale,-33,2024-01-29 07:50:13
486,1,98,adjustment,16,2024-07-12 12:10:03
487,1,120,adjustment,11,2024-01-28 09:03:45
488,9,48,receive,36,2024-02-19 14:23:39
489,3,51,receive,26,2024-04-06 09:04:22
490,5,6,return,19,2024-05-31 08:41:53
491,5,79,shrinkage,-21,2024-08-26 18:28:29
492,1,97,receive,31,2024-05-14 20:17:00
493,3,106,return,4,2024-09-28 05:04:21
494,1,10,adjustment,24,2024-05-20 15:39:44
495,1,38,shrinkage,-43,2024-04-02 11:44:02
496,6,58,shrinkage,-8,2024-04-22 01:12:10
497,2,20,adjustment,32,2024-01-10 06:45:40
498,2,108,return,16,2024-03-16 04:08:51
499,9,64,shrinkage,-9,2024-09-14 01:10:49
500,9,31,shrinkage,-11,2024-08-18 18:22:54
501,2,117,sale,-16,2024-07-14 00:59:39
502,11,16,receive,42,2024-08-02 21:29:57
503,8,36,receive,4,2024-10-30 23:49:54
504,8,33,sale,-49,2024-02-25 16:30:42
505,7,22,shrinkage,-47,2024-09-01 17:54:59
506,5,28,sale,-15,2024-09-13 12:21:52
507,8,50,receive,47,2024-09-02 03:30:47
508,4,41,adjustment,31,2024-02-23 19:44:09
509,10,36,return,10,2024-04-20 23:09:41
510,8,23,sale,-11,2024-12-16 14:46:33
511,7,37,adjustment,10,2024-07-13 18:36:54
512,4,83,sale,-15,2024-04-28 07:53:54
513,12,31,sale,-41,2024-05-27 02:24:37
514,1,99,sale,-12,2024-02-22 20:54:26
515,3,85,adjustment,22,2024-05-25 19:38:39
516,2,64,return,34,2024-03-24 03:41:28
517,5,88,return,43,2024-12-18 06:47:25
518,2,105,adjustment,15,2024-01-10 20:04:56
519,10,105,shrinkage,-45,2024-02-02 12:24:20
520,12,102,shrinkage,-49,2024-02-02 09:24:46
521,12,96,shrinkage,-46,2024-12-29 23:58:09
522,3,37,sale,-18,2024-02-12 12:01:05
523,3,77,adjustment,15,2024-05-18 08:02:39
524,10,64,return,11,2024-02-23 08:20:08
525,9,90,shrinkage,-15,2024-02-27 20:20:57
526,1,98,shrinkage,-15,2024-08-16 14:51:45
527,8,99,return,40,2024-07-31 12:30:18
528,1,105,receive,39,2024-03-09 10:20:44
529,10,30,adjustment,29,2024-06-19 10:10:04
530,9,48,receive,18,2024-12-30 20:04:55
531,6,44,return,50,2024-10-12 13:17:39
532,10,40,return,18,2024-10-11 17:39:49
533,5,19,shrinkage,-42,2024-06-28 21:57:33
534,4,63,sale,-28,2024-08-06 07:39:22
535,4,21,sale,-14,2024-11-07 02:11:12
536,5,69,sale,-13,2024-07-07 10:15:20
537,11,46,return,45,2024-06-22 17:59:29
538,11,81,sale,-32,2024-07-29 05:58:03
539,6,12,sale,-39,2024-03-17 01:53:38
540,2,14,adjustment,22,2024-03-24 17:23:09
541,2,19,adjustment,17,2024-05-14 12:10:48
542,7,89,shrinkage,-25,2024-06-21 17:57:18
543,6,108,adjustment,3,2024-05-17 14:40:37
544,8,14,adjustment,6,2024-05-20 11:14:02
545,10,83,receive,42,2024-07-28 16:17:40
546,4,117,sale,-15,2024-03-31 05:13:46
547,6,51,sale,-50,2024-09-02 13:25:17
548,11,103,return,22,2024-01-07 15:30:25
549,2,27,return,49,2024-08-02 00:05:40
550,5,15,receive,46,2024-10-10 15:19:34
551,4,94,return,6,2024-01-31 07:23:30
552,4,57,sale,-43,2024-02-23 22:22:11
553,1,120,sale,-9,2024-01-13 10:55:50
554,2,59,sale,-35,2024-03-08 22:38:05
555,3,81,adjustment,50,2024-01-16 06:23:51
556,7,69,adjustment,41,2024-12-04 08:31:58
557,9,90,adjustment,27,2024-03-30 11:08:21
558,1,97,adjustment,2,2024-08-30 14:06:23
559,10,53,return,35,2024-07-28 16:04:29
560,7,103,sale,-39,2024-10-17 21:54:52
561,10,66,adjustment,21,2024-06-15 16:28:12
562,9,13,shrinkage,-11,2024-08-30 17:17:27
563,10,98,return,37,2024-10-30 10:39:17
564,2,12,receive,9,2024-08-28 03:07:21
565,9,40,shrinkage,-42,2024-03-21 14:52:55
566,9,111,sale,-21,2024-01-06 12:32:48
567,10,32,sale,-29,2024-05-23 08:16:43
568,4,17,shrinkage,-47,2024-05-30 21:39:17
569,10,38,shrinkage,-48,2024-06-02 21:53:11
570,4,112,sale,-4,2024-09-27 14:47:08
571,2,109,sale,-47,2024-12-30 09:52:54
572,1,109,adjustment,21,2024-10-30 01:39:36
573,4,26,sale,-16,2024-08-21 05:18:44
574,12,51,shrinkage,-5,2024-11-16 14:51:53
575,2,85,shrinkage,-25,2024-05-27 15:22:34
576,5,114,receive,5,2024-05-11 15:17:13
577,2,96,adjustment,19,2024-11-17 21:53:51
578,12,100,return,27,2024-11-05 12:27:28
579,6,78,sale,-13,2024-08-29 11:52:05
580,7,100,return,39,2024-07-02 11:05:57
581,9,20,adjustment,38,2024-01-08 07:11:39
582,1,68,receive,1,2024-04-19 10:40:32
583,8,1,sale,-12,2024-03-03 05:45:19
584,7,6,receive,34,2024-07-14 17:15:32
585,9,40,sale,-37,2024-02-01 09:44:32
586,4,89,return,40,2024-06-27 11:00:03
587,4,16,receive,24,2024-03-23 14:11:52
588,9,67,shrinkage,-42,2024-09-13 05:13:33
589,10,29,receive,49,2024-03-03 12:26:02
590,10,91,receive,20,2024-12-05 04:33:43
591,12,35,sale,-33,2024-12-06 16:13:28
592,3,31,adjustment,8,2024-06-16 12:34:24
593,1,98,receive,2,2024-09-14 19:08:22
594,10,117,adjustment,10,2024-10-16 18:08:42
595,9,80,sale,-46,2024-07-25 11:13:56
596,3,9,sale,-48,2024-11-13 12:23:52
597,11,13,receive,7,2024-05-20 13:05:10
598,2,1,adjustment,4,2024-11-26 15:08:05
599,12,77,adjustment,33,2024-04-27 11:19:49
600,10,62,receive,19,2024-12-30 08:54:45
601,11,82,sale,-45,2024-01-14 00:59:33
602,10,57,adjustment,44,2024-06-06 10:21:19
603,7,86,sale,-7,2024-01-13 21:02:27
604,1,78,return,22,2024-03-19 02:45:19
605,2,77,return,9,2024-02-22 05:17:20
606,4,50,return,48,2024-11-09 22:54:22
607,4,22,adjustment,6,2024-04-10 09:47:42
608,8,100,sale,-42,2024-09-20 11:38:43
609,6,2,adjustment,25,2024-11-11 00:51:02
610,3,26,sale,-9,2024-10-28 21:39:32
611,8,117,return,3,2024-08-13 20:35:45
612,11,35,return,17,2024-07-18 20:20:22
613,4,11,adjustment,50,2024-11-04 03:27:27
614,11,37,shrinkage,-14,2024-06-10 05:49:08
615,1,103,receive,26,2024-02-01 17:37:52
616,7,92,shrinkage,-31,2024-10-16 12:59:53
617,12,50,sale,-48,2024-01-13 00:28:27
618,8,26,adjustment,11,2024-02-29 00:42:40
619,11,41,adjustment,24,2024-07-30 18:05:20
620,5,68,sale,-26,2024-03-21 23:44:18
621,10,16,adjustment,3,2024-02-09 17:04:29
622,4,101,shrinkage,-40,2024-08-04 10:58:25
623,9,14,receive,10,2024-08-08 23:20:58
624,6,106,adjustment,36,2024-07-20 18:58:04
625,3,23,sale,-15,2024-09-20 03:28:10
626,6,68,adjustment,9,2024-03-24 05:45:10
627,5,111,sale,-43,2024-02-20 23:20:09
628,4,106,return,49,2024-02-20 22:11:35
629,3,54,return,5,2024-01-07 11:16:47
630,2,34,return,10,2024-03-15 16:23:36
631,1,47,adjustment,25,2024-10-31 12:18:22
632,6,97,adjustment,29,2024-06-12 13:43:07
633,1,94,adjustment,7,2024-09-02 13:20:17
634,11,20,return,8,2024-07-07 17:33:59
635,5,31,return,12,2024-02-18 10:28:00
636,1,70,return,16,2024-08-27 16:32:36
637,9,107,shrinkage,-37,2024-12-09 02:24:12
638,4,90,shrinkage,-2,2024-04-06 16:12:23
639,12,13,adjustment,39,2024-06-08 23:18:02
640,5,50,adjustment,34,2024-01-05 00:56:13
641,3,106,adjustment,43,2024-12-01 20:17:05
642,12,72,adjustment,19,2024-10-15 12:01:21
643,9,45,receive,41,2024-08-31 08:08:47
644,2,58,adjustment,43,2024-10-04 01:58:25
645,12,55,receive,10,2024-04-18 20:52:01
646,8,103,adjustment,42,2024-08-02 06:08:34
647,6,101,shrinkage,-30,2024-05-26 19:41:03
648,7,39,adjustment,37,2024-03-02 04:57:43
649,7,48,shrinkage,-44,2024-12-12 05:10:32
650,11,6,sale,-36,2024-03-03 03:48:00
651,8,108,adjustment,45,2024-04-25 12:09:23
652,7,79,return,46,2024-07-30 13:41:09
653,3,43,return,21,2024-06-30 16:19:52
654,7,32,return,19,2024-11-11 02:48:05
655,8,86,shrinkage,-11,2024-01-16 20:37:21
656,1,14,sale,-32,2024-09-14 10:47:55
657,7,66,sale,-24,2024-12-25 13:24:51
658,3,94,shrinkage,-5,2024-04-01 01:59:49
659,8,17,return,12,2024-12-06 16:01:47
660,1,37,adjustment,48,2024-05-22 09:45:16
661,4,113,return,11,2024-01-26 19:50:29
662,11,64,receive,22,2024-11-10 12:01:03
663,8,18,adjustment,32,2024-06-25 12:43:49
664,10,71,sale,-3,2024-11-09 10:25:35
665,1,19,receive,13,2024-01-15 22:55:01
666,5,25,sale,-4,2024-12-23 10:57:32
667,8,60,shrinkage,-2,2024-10-07 12:09:32
668,1,82,receive,9,2024-12-19 20:24:38
669,2,108,return,13,2024-03-11 02:17:31
670,4,65,shrinkage,-20,2024-01-25 04:57:02
671,10,79,return,24,2024-05-11 11:17:33
672,1,119,adjustment,11,2024-07-07 13:28:41
673,2,72,receive,4,2024-05-29 05:09:36
674,4,10,shrinkage,-35,2024-05-22 05:53:06
675,5,36,shrinkage,-4,2024-06-16 17:30:41
676,7,58,adjustment,18,2024-10-01 04:44:38
677,7,18,shrinkage,-44,2024-01-13 19:08:45
678,11,112,adjustment,21,2024-01-25 09:23:04
679,7,45,receive,9,2024-06-04 20:03:38
680,6,112,return,31,2024-11-22 16:59:16
681,4,62,receive,18,2024-03-04 19:14:25
682,11,9,return,8,2024-05-21 02:23:52
683,3,31,shrinkage,-29,2024-06-19 07:10:29
684,9,64,receive,50,2024-01-11 10:27:24
685,1,73,shrinkage,-22,2024-04-15 06:43:46
686,6,8,adjustment,41,2024-08-19 22:58:11
687,4,104,return,41,2024-07-03 09:35:17
688,7,31,sale,-33,2024-11-30 22:14:26
689,11,15,sale,-13,2024-12-10 15:39:59
690,6,107,return,42,2024-03-16 04:27:05
691,11,28,adjustment,3,2024-06-01 13:16:36
692,3,1,sale,-32,2024-06-09 08:22:10
693,1,17,receive,41,2024-07-12 10:36:54
694,1,58,sale,-31,2024-04-02 03:57:22
695,7,54,shrinkage,-3,2024-04-03 23:00:43
696,2,56,shrinkage,-42,2024-06-20 17:51:11
697,7,3,adjustment,46,2024-08-23 10:35:47
698,1,35,adjustment,42,2024-06-16 14:28:38
699,1,6,return,22,2024-08-17 19:19:07
700,4,95,receive,38,2024-08-12 23:29:39
701,5,74,sale,-18,2024-04-14 04:40:12
702,10,91,shrinkage,-5,2024-09-10 14:23:59
703,11,50,receive,24,2024-08-27 20:12:30
704,1,24,shrinkage,-29,2024-08-24 17:00:52
705,12,72,sale,-27,2024-09-11 18:12:45
706,3,18,return,22,2024-12-22 19:16:16
707,6,58,return,50,2024-02-11 16:07:29
708,10,117,return,47,2024-05-13 21:46:47
709,11,109,receive,34,2024-09-03 01:52:27
710,10,5,adjustment,25,2024-01-10 17:20:58
711,4,54,sale,-18,2024-01-06 03:04:00
712,10,83,receive,46,2024-10-20 13:13:18
713,7,113,receive,27,2024-08-07 17:10:13
714,4,16,sale,-13,2024-04-06 11:25:15
715,7,26,return,21,2024-11-04 07:03:33
716,3,69,receive,18,2024-09-15 15:00:20
717,4,25,sale,-48,2024-10-22 01:02:40
718,7,33,return,18,2024-11-12 07:32:08
719,6,101,shrinkage,-7,2024-06-06 09:01:10
720,5,75,return,27,2024-12-19 14:19:54
721,2,102,return,11,2024-09-03 19:26:45
722,9,53,shrinkage,-8,2024-05-07 07:49:26
723,10,14,return,27,2024-06-30 02:28:53
724,5,84,receive,41,2024-07-08 00:33:35
725,12,106,shrinkage,-17,2024-08-09 19:30:40
726,2,57,shrinkage,-45,2024-01-12 08:02:31
727,7,3,shrinkage,-7,2024-02-24 01:10:30
728,6,57,receive,26,2024-01-12 21:40:21
729,3,90,shrinkage,-34,2024-10-07 07:46:59
730,3,19,return,36,2024-08-14 23:55:38
731,12,57,receive,20,2024-07-03 20:15:22
732,1,53,adjustment,23,2024-08-24 09:37:06
733,7,105,return,3,2024-10-30 20:34:09
734,1,100,receive,12,2024-11-22 23:36:59
735,2,87,shrinkage,-48,2024-06-24 01:59:25
736,10,58,adjustment,20,2024-11-05 06:06:28
737,11,57,receive,42,2024-04-30 12:01:43
738,12,72,adjustment,43,2024-01-12 03:38:15
739,2,52,return,26,2024-01-27 22:20:08
740,3,40,adjustment,27,2024-02-22 05:41:39
741,6,53,shrinkage,-23,2024-01-25 22:51:04
742,3,109,return,5,2024-06-12 21:09:12
743,3,65,receive,12,2024-05-28 08:27:15
744,2,101,return,12,2024-12-22 14:44:02
745,3,105,shrinkage,-43,2024-04-23 13:22:17
746,8,37,adjustment,38,2024-07-08 00:12:25
747,9,45,receive,14,2024-06-12 23:34:10
748,9,10,shrinkage,-18,2024-12-15 08:07:06
749,9,3,return,18,2024-10-11 23:38:40
750,7,30,return,44,2024-08-01 16:15:11
751,1,105,receive,48,2024-09-04 17:28:14
752,11,18,adjustment,9,2024-08-25 01:36:35
753,2,58,receive,18,2024-02-18 07:19:18
754,2,18,receive,12,2024-08-24 22:20:37
755,1,45,shrinkage,-33,2024-12-29 13:06:27
756,12,65,return,5,2024-08-14 14:29:24
757,4,51,sale,-25,2024-09-01 17:35:53
758,12,27,receive,50,2024-03-27 01:26:21
759,12,39,shrinkage,-17,2024-06-13 16:04:39
760,1,60,shrinkage,-5,2024-10-06 11:11:40
761,9,21,shrinkage,-22,2024-12-13 09:46:39
762,3,14,shrinkage,-43,2024-04-01 17:04:11
763,9,44,sale,-9,2024-03-05 12:23:15
764,10,28,receive,5,2024-04-30 19:40:13
765,3,109,sale,-6,2024-01-31 19:15:53
766,6,112,return,31,2024-11-13 13:33:47
767,10,89,adjustment,41,2024-10-10 03:16:55
768,1,33,shrinkage,-47,2024-08-31 03:17:02
769,11,74,shrinkage,-43,2024-07-17 02:49:33
770,11,30,receive,46,2024-12-28 07:02:42
771,3,3,adjustment,43,2024-01-14 20:07:00
772,6,106,sale,-38,2024-05-12 20:16:59
773,5,32,sale,-33,2024-04-17 12:40:21
774,6,108,receive,9,2024-11-19 20:38:22
775,10,86,shrinkage,-14,2024-07-27 01:30:41
776,8,90,shrinkage,-33,2024-04-14 23:49:55
777,4,10,receive,29,2024-04-23 15:18:31
778,10,115,receive,17,2024-07-23 20:39:16
779,8,54,return,12,2024-06-20 14:16:10
780,4,1,receive,38,2024-03-05 19:15:54
781,1,107,receive,35,2024-08-06 01:20:20
782,8,8,adjustment,41,2024-11-20 10:53:57
783,10,96,shrinkage,-13,2024-02-27 09:19:47
784,10,19,return,4,2024-01-31 22:09:58
785,2,49,sale,-33,2024-12-27 13:16:05
786,1,12,adjustment,35,2024-11-04 18:09:05
787,1,120,adjustment,16,2024-03-07 17:04:23
788,9,14,shrinkage,-30,2024-12-08 22:29:12
789,6,81,receive,30,2024-07-09 14:20:33
790,3,10,shrinkage,-36,2024-08-29 03:24:09
791,1,56,adjustment,23,2024-09-06 17:20:29
792,1,85,return,28,2024-05-20 10:59:35
793,6,30,return,2,2024-01-20 11:40:33
794,3,56,adjustment,6,2024-06-09 00:31:45
795,2,59,sale,-30,2024-06-21 19:35:06
796,6,30,shrinkage,-37,2024-12-26 21:12:01
797,6,34,sale,-44,2024-02-06 08:27:13
798,12,81,adjustment,7,2024-11-20 18:32:21
799,2,70,adjustment,38,2024-07-19 20:28:41
800,2,114,return,50,2024-10-04 11:51:43
801,3,84,receive,33,2024-05-23 17:39:35
802,10,24,shrinkage,-16,2024-01-21 00:26:46
803,1,113,return,44,2024-04-16 14:38:38
804,10,19,sale,-38,2024-04-13 12:13:44
805,7,103,shrinkage,-40,2024-06-30 19:37:34
806,7,81,receive,27,2024-11-15 07:29:18
807,7,100,receive,8,2024-07-26 23:06:50
808,6,60,receive,48,2024-01-20 04:55:41
809,2,107,receive,37,2024-03-01 22:10:21
810,1,120,adjustment,15,2024-06-21 02:04:06
811,9,118,adjustment,26,2024-05-04 21:37:14
812,6,86,adjustment,8,2024-08-24 06:55:57
813,6,43,adjustment,11,2024-08-08 04:49:48
814,1,25,return,5,2024-09-10 15:48:06
815,4,70,adjustment,21,2024-01-28 21:18:53
816,8,50,adjustment,44,2024-12-19 03:16:11
817,11,83,sale,-42,2024-07-04 10:22:07
818,3,103,adjustment,11,2024-05-13 19:17:20
819,10,103,receive,26,2024-03-15 07:22:50
820,6,79,sale,-8,2024-03-01 18:08:55
821,2,90,return,5,2024-09-14 08:26:43
822,1,4,shrinkage,-39,2024-08-22 10:54:32
823,2,23,shrinkage,-38,2024-07-23 16:28:56
824,3,94,return,34,2024-12-25 21:17:59
825,7,13,sale,-44,2024-02-02 08:45:49
826,2,1,sale,-21,2024-12-18 17:43:49
827,9,4,adjustment,30,2024-12-03 00:14:59
828,12,11,receive,38,2024-02-05 19:42:55
829,3,8,return,46,2024-05-12 14:28:36
830,11,75,sale,-33,2024-07-03 18:13:28
831,10,47,shrinkage,-25,2024-03-28 16:21:59
832,9,85,return,21,2024-04-07 00:55:03
833,6,93,return,26,2024-07-31 08:54:25
834,2,80,adjustment,25,2024-03-08 04:25:53
835,4,115,receive,1,2024-03-14 23:23:06
836,8,30,adjustment,13,2024-06-29 19:15:25
837,11,108,return,31,2024-12-28 01:14:01
838,1,67,receive,22,2024-01-25 18:06:15
839,12,69,receive,47,2024-11-02 08:07:06
840,8,64,shrinkage,-15,2024-03-24 04:43:17
841,7,68,sale,-27,2024-01-25 18:41:59
842,5,89,return,26,2024-04-12 15:09:48
843,6,47,adjustment,23,2024-12-12 13:25:51
844,4,9,receive,3,2024-12-28 14:13:57
845,3,53,adjustment,36,2024-08-24 13:03:08
846,12,57,return,12,2024-07-03 05:42:31
847,6,57,receive,18,2024-07-22 06:17:48
848,10,9,sale,-24,2024-05-15 19:26:17
849,3,80,receive,44,2024-06-06 11:01:41
850,6,26,shrinkage,-32,2024-08-08 09:24:13
851,5,36,adjustment,17,2024-01-04 18:37:31
852,2,86,return,36,2024-09-08 03:00:05
853,7,105,adjustment,34,2024-11-30 17:20:59
854,5,119,shrinkage,-11,2024-06-21 16:07:42
855,3,47,return,22,2024-11-25 05:42:38
856,3,112,shrinkage,-13,2024-11-22 02:46:57
857,12,111,sale,-18,2024-01-12 08:14:22
858,3,25,receive,34,2024-10-12 07:04:33
859,10,116,receive,9,2024-03-03 22:51:04
860,12,75,return,13,2024-08-26 22:48:22
861,8,14,return,3,2024-02-11 13:49:47
862,1,20,sale,-37,2024-04-25 22:02:31
863,2,40,sale,-44,2024-09-25 02:45:58
864,10,8,receive,37,2024-04-27 12:52:06
865,1,16,adjustment,31,2024-11-16 16:07:49
866,12,34,shrinkage,-41,2024-12-18 09:25:23
867,2,73,sale,-33,2024-03-19 16:35:24
868,3,38,shrinkage,-24,2024-11-13 18:06:42
869,2,15,receive,38,2024-10-04 23:07:21
870,7,114,adjustment,2,2024-09-22 05:53:48
871,3,114,return,40,2024-01-25 19:40:54
872,2,97,adjustment,37,2024-12-01 02:31:27
873,10,29,return,47,2024-06-26 13:46:25
874,11,72,adjustment,30,2024-06-09 20:45:42
875,3,78,adjustment,18,2024-10-16 15:33:17
876,7,57,shrinkage,-14,2024-12-20 22:05:00
877,1,89,adjustment,10,2024-02-15 19:08:26
878,12,115,adjustment,36,2024-03-09 04:42:34
879,2,83,shrinkage,-45,2024-09-20 21:59:42
880,3,62,shrinkage,-2,2024-10-04 08:11:57
881,1,52,shrinkage,-42,2024-04-08 05:33:37
882,7,38,sale,-35,2024-07-13 00:34:33
883,4,39,return,43,2024-06-20 15:58:11
884,7,25,return,33,2024-11-26 18:36:10
885,12,59,sale,-7,2024-02-03 21:35:09
886,2,112,sale,-24,2024-04-21 23:26:27
887,12,79,sale,-21,2024-08-06 02:54:34
888,7,61,return,21,2024-06-07 08:40:15
889,5,40,sale,-8,2024-03-20 19:27:49
890,3,117,shrinkage,-8,2024-12-05 03:51:03
891,12,48,adjustment,5,2024-03-19 19:20:05
892,7,65,sale,-15,2024-12-07 03:24:15
893,4,85,sale,-40,2024-10-02 23:50:12
894,1,91,return,28,2024-01-02 11:39:12
895,9,38,adjustment,44,2024-12-24 13:02:06
896,11,57,return,3,2024-07-01 14:28:59
897,3,37,shrinkage,-3,2024-10-21 09:23:14
898,12,14,shrinkage,-31,2024-08-30 08:36:21
899,10,78,adjustment,7,2024-10-30 10:07:55
900,8,119,shrinkage,-2,2024-07-28 23:49:08
901,5,72,receive,21,2024-12-28 09:29:20
902,12,21,adjustment,29,2024-09-27 10:48:40
903,2,10,return,48,2024-12-18 14:10:46
904,3,64,return,45,2024-01-06 11:09:40
905,8,82,sale,-49,2024-06-14 07:24:32
906,2,109,sale,-12,2024-01-14 18:58:04
907,5,8,adjustment,16,2024-10-27 21:01:23
908,3,108,sale,-13,2024-05-30 09:42:00
909,3,83,shrinkage,-7,2024-09-06 09:41:14
910,12,95,shrinkage,-30,2024-08-06 15:30:14
911,10,120,receive,7,2024-11-02 12:54:24
912,2,28,receive,31,2024-03-29 22:28:52
913,7,50,receive,49,2024-10-27 19:24:33
914,10,91,adjustment,30,2024-12-14 16:04:23
915,2,75,adjustment,38,2024-06-16 14:42:42
916,10,57,shrinkage,-5,2024-05-27 20:56:59
917,3,52,adjustment,32,2024-02-06 17:36:08
918,5,9,adjustment,35,2024-03-08 11:15:05
919,7,85,return,38,2024-07-10 10:57:37
920,1,7,adjustment,14,2024-12-27 21:44:19
921,3,117,receive,9,2024-06-24 13:17:03
922,2,86,sale,-6,2024-11-11 04:33:23
923,6,16,shrinkage,-29,2024-12-11 11:42:48
924,11,3,shrinkage,-26,2024-10-20 01:20:11
925,3,59,sale,-7,2024-11-04 22:25:25
926,7,61,sale,-17,2024-08-08 09:02:02
927,10,20,shrinkage,-17,2024-02-26 03:04:43
928,7,63,shrinkage,-27,2024-10-12 10:12:02
929,2,106,adjustment,33,2024-11-23 19:57:52
930,5,2,return,20,2024-07-29 10:45:53
931,6,119,receive,9,2024-01-07 17:00:46
932,7,14,sale,-48,2024-05-26 14:59:53
933,9,105,adjustment,16,2024-07-01 11:51:12
934,1,14,return,18,2024-08-28 05:51:10
935,11,109,shrinkage,-30,2024-07-06 23:34:36
936,2,117,return,34,2024-09-08 16:42:42
937,10,96,sale,-49,2024-12-19 12:01:38
938,8,72,receive,47,2024-02-26 10:11:58
939,11,46,shrinkage,-33,2024-03-31 18:11:21
940,4,92,shrinkage,-44,2024-08-06 13:28:56
941,2,76,adjustment,47,2024-09-15 10:10:05
942,10,28,adjustment,33,2024-06-12 08:00:36
943,5,21,receive,21,2024-01-27 06:49:59
944,2,117,sale,-46,2024-11-09 00:25:20
945,7,9,receive,38,2024-10-11 08:00:44
946,2,93,sale,-34,2024-10-03 10:21:19
947,3,62,adjustment,21,2024-05-26 15:03:16
948,11,117,return,13,2024-08-23 16:44:06
949,10,103,shrinkage,-45,2024-03-23 15:47:26
950,8,55,adjustment,15,2024-12-30 05:08:02
951,3,54,return,11,2024-06-18 04:39:05
952,11,54,adjustment,29,2024-03-23 05:19:29
953,1,12,return,9,2024-11-14 11:49:58
954,4,44,sale,-32,2024-09-19 04:27:45
955,10,87,return,16,2024-04-19 18:20:29
956,1,119,adjustment,5,2024-09-28 20:47:23
957,12,116,adjustment,10,2024-10-25 00:31:59
958,12,63,adjustment,28,2024-04-10 17:53:35
959,8,68,return,34,2024-06-17 15:31:37
960,1,83,return,25,2024-04-07 10:55:38
961,2,30,receive,46,2024-01-10 01:23:58
962,7,52,adjustment,50,2024-01-18 05:27:55
963,12,20,shrinkage,-45,2024-11-30 06:35:26
964,8,19,shrinkage,-20,2024-05-09 12:53:59
965,2,26,return,27,2024-01-03 11:39:57
966,10,76,receive,5,2024-09-12 05:42:34
967,5,102,shrinkage,-1,2024-06-05 05:15:57
968,9,10,receive,28,2024-08-31 08:43:39
969,6,111,shrinkage,-48,2024-05-21 12:58:55
970,11,1,sale,-42,2024-06-04 01:25:03
971,4,88,sale,-28,2024-03-07 15:41:31
972,4,61,return,2,2024-05-10 05:28:49
973,12,108,return,14,2024-02-29 19:40:03
974,3,93,adjustment,1,2024-03-02 11:56:14
975,8,72,return,25,2024-09-29 08:39:27
976,3,37,receive,25,2024-12-15 21:37:24
977,12,67,sale,-29,2024-11-12 02:59:35
978,6,77,return,46,2024-05-18 11:00:50
979,9,62,receive,10,2024-03-23 23:21:23
980,1,61,receive,3,2024-10-18 03:34:11
981,6,49,return,3,2024-10-14 18:38:20
982,1,53,adjustment,20,2024-02-11 03:44:09
983,6,68,adjustment,32,2024-08-25 01:43:34
984,6,87,sale,-19,2024-10-08 17:40:52
985,1,82,shrinkage,-32,2024-09-29 13:36:31
986,5,108,receive,21,2024-10-20 12:50:27
987,11,108,return,2,2024-06-25 06:00:00
988,6,63,adjustment,17,2024-04-28 21:44:35
989,10,49,sale,-50,2024-08-10 06:03:39
990,3,13,return,36,2024-11-05 19:38:04
991,2,73,adjustment,20,2024-03-05 12:54:26
992,5,92,receive,19,2024-10-24 14:55:43
993,4,52,return,19,2024-10-16 02:25:38
994,6,11,shrinkage,-5,2024-10-03 15:31:43
995,7,7,receive,41,2024-03-09 18:25:21
996,12,18,sale,-28,2024-09-21 13:51:35
997,6,117,adjustment,32,2024-12-06 09:09:36
998,10,80,sale,-27,2024-05-25 19:17:01
999,3,39,sale,-18,2024-12-15 16:39:40
1000,12,94,receive,30,2024-11-01 21:57:20
1001,9,85,receive,20,2024-07-22 01:39:15
1002,11,95,receive,35,2024-08-25 00:49:09
1003,12,50,return,47,2024-09-09 08:25:49
1004,9,49,receive,20,2024-06-07 04:56:59
1005,10,20,receive,45,2024-01-30 21:11:13
1006,10,29,adjustment,35,2024-06-29 07:52:14
1007,6,62,return,6,2024-03-07 04:25:15
1008,3,92,shrinkage,-31,2024-06-15 11:25:51
1009,8,2,return,18,2024-04-29 17:38:53
1010,8,103,receive,35,2024-05-30 07:30:58
1011,10,38,receive,15,2024-12-13 17:07:19
1012,10,7,return,3,2024-07-28 15:42:55
1013,1,65,adjustment,9,2024-10-03 22:10:51
1014,12,67,sale,-21,2024-10-09 17:11:30
1015,12,42,adjustment,7,2024-04-19 09:33:32
1016,3,60,receive,38,2024-03-25 14:56:15
1017,2,77,receive,47,2024-03-11 23:03:05
1018,12,9,sale,-22,2024-11-01 04:40:18
1019,11,75,return,15,2024-05-10 02:44:37
1020,4,81,sale,-47,2024-04-21 22:04:56
1021,2,22,adjustment,27,2024-06-05 13:38:30
1022,12,23,receive,28,2024-08-06 02:51:24
1023,6,51,adjustment,49,2024-12-22 06:02:02
1024,1,108,shrinkage,-1,2024-10-01 23:22:04
1025,3,66,shrinkage,-22,2024-11-04 21:11:47
1026,5,9,receive,5,2024-10-04 17:32:42
1027,2,82,sale,-2,2024-02-04 21:37:06
1028,6,5,sale,-25,2024-12-06 19:40:35
1029,2,111,return,24,2024-12-04 20:56:13
1030,5,93,sale,-30,2024-12-26 01:10:03
1031,12,58,receive,42,2024-04-16 00:10:54
1032,2,115,receive,20,2024-12-22 06:45:09
1033,6,18,shrinkage,-35,2024-07-02 04:44:21
1034,7,38,adjustment,33,2024-07-17 09:53:14
1035,1,104,shrinkage,-2,2024-10-01 21:30:15
1036,11,33,shrinkage,-45,2024-05-04 09:33:34
1037,3,49,receive,22,2024-09-30 05:51:49
1038,2,95,shrinkage,-24,2024-11-18 20:10:04
1039,5,94,adjustment,18,2024-02-06 10:21:43
1040,4,63,sale,-50,2024-08-05 05:05:58
1041,2,14,sale,-11,2024-03-22 03:00:36
1042,2,39,return,36,2024-07-26 02:04:32
1043,7,30,adjustment,28,2024-07-14 19:27:35
1044,1,23,shrinkage,-21,2024-05-22 18:05:14
1045,5,118,shrinkage,-22,2024-10-20 08:32:05
1046,10,91,shrinkage,-29,2024-05-07 20:47:13
1047,3,110,adjustment,23,2024-12-05 15:46:09
1048,8,5,receive,23,2024-06-08 10:16:05
1049,3,68,return,19,2024-11-30 19:50:44
1050,4,113,sale,-40,2024-09-06 03:20:28
1051,1,91,shrinkage,-6,2024-10-01 06:06:59
1052,2,55,receive,46,2024-11-20 01:52:19
1053,10,53,sale,-40,2024-09-23 06:07:11
1054,4,73,return,47,2024-10-31 05:21:10
1055,12,82,adjustment,6,2024-03-16 15:15:33
1056,7,12,return,7,2024-01-04 06:37:40
1057,1,27,adjustment,17,2024-08-31 17:46:36
1058,11,109,shrinkage,-44,2024-02-27 14:27:31
1059,2,103,sale,-1,2024-08-28 14:37:46
1060,7,119,shrinkage,-33,2024-10-29 08:56:40
1061,7,5,receive,45,2024-10-05 04:51:09
1062,8,60,return,29,2024-12-25 11:17:33
1063,2,47,return,22,2024-05-29 19:18:27
1064,3,89,sale,-37,2024-09-22 13:19:26
1065,5,64,adjustment,20,2024-12-13 02:59:01
1066,7,109,shrinkage,-5,2024-10-13 02:18:59
1067,5,107,return,30,2024-07-17 03:40:50
1068,6,80,receive,38,2024-05-10 14:19:17
1069,2,78,shrinkage,-2,2024-08-15 17:58:37
1070,6,77,shrinkage,-50,2024-01-24 17:39:00
1071,6,49,receive,14,2024-11-15 00:13:41
1072,3,50,adjustment,49,2024-11-16 02:00:24
1073,3,94,return,47,2024-02-07 17:51:12
1074,1,30,receive,24,2024-11-27 04:10:50
1075,4,4,shrinkage,-30,2024-11-11 12:50:49
1076,1,31,sale,-1,2024-11-25 10:23:54
1077,3,36,adjustment,31,2024-12-25 03:52:03
1078,8,54,shrinkage,-48,2024-06-12 02:25:43
1079,9,84,shrinkage,-29,2024-10-11 04:57:26
1080,1,55,return,6,2024-01-22 23:50:15
1081,9,7,shrinkage,-43,2024-01-26 18:47:54
1082,1,61,sale,-37,2024-08-26 11:33:43
1083,12,56,adjustment,11,2024-03-09 08:07:43
1084,5,99,shrinkage,-22,2024-05-16 10:10:00
1085,2,44,adjustment,3,2024-12-30 12:48:09
1086,4,34,sale,-19,2024-11-03 23:03:39
1087,10,12,adjustment,5,2024-09-14 20:48:58
1088,1,7,sale,-42,2024-08-31 09:14:26
1089,6,105,adjustment,41,2024-01-16 20:08:42
1090,6,113,shrinkage,-15,2024-09-10 09:37:10
1091,4,120,return,38,2024-04-19 01:48:14
1092,4,81,adjustment,19,2024-07-09 13:29:50
1093,6,8,adjustment,14,2024-06-05 05:08:21
1094,9,44,sale,-37,2024-08-30 03:43:20
1095,12,24,shrinkage,-26,2024-10-07 06:01:44
1096,4,49,shrinkage,-42,2024-09-22 23:09:20
1097,4,33,receive,5,2024-11-09 13:41:57
1098,6,18,return,27,2024-04-14 11:26:24
1099,2,84,adjustment,23,2024-12-30 08:10:47
1100,1,56,return,14,2024-10-01 03:49:08
1101,4,107,receive,23,2024-04-24 13:11:18
1102,1,97,adjustment,37,2024-06-14 08:07:50
1103,6,13,return,33,2024-02-24 16:35:48
1104,7,110,shrinkage,-12,2024-06-26 03:04:08
1105,3,44,adjustment,49,2024-11-23 08:53:49
1106,4,118,shrinkage,-16,2024-01-15 08:02:55
1107,1,75,sale,-44,2024-03-01 05:53:26
1108,5,111,receive,6,2024-07-03 03:24:16
1109,8,16,return,23,2024-09-30 05:55:45
1110,4,55,adjustment,16,2024-02-13 17:57:11
1111,12,62,return,11,2024-11-01 02:11:22
1112,2,14,return,9,2024-02-09 16:32:53
1113,12,102,shrinkage,-41,2024-03-02 17:53:59
1114,7,96,shrinkage,-16,2024-06-12 01:04:49
1115,1,74,shrinkage,-32,2024-01-16 07:34:52
1116,8,25,shrinkage,-40,2024-05-24 00:41:20
1117,6,13,sale,-6,2024-01-10 03:13:50
1118,4,81,shrinkage,-35,2024-06-15 08:57:10
1119,9,67,adjustment,13,2024-05-09 06:57:34
1120,10,38,receive,10,2024-03-28 11:19:29
1121,1,86,adjustment,23,2024-05-27 02:53:36
1122,8,39,return,16,2024-06-29 18:47:25
1123,12,63,receive,39,2024-06-02 13:20:40
1124,5,20,sale,-24,2024-06-09 14:50:37
1125,4,66,return,5,2024-06-17 19:33:12
1126,1,26,receive,10,2024-01-25 17:02:35
1127,10,11,return,17,2024-02-21 09:33:23
1128,12,25,shrinkage,-6,2024-05-01 00:50:52
1129,6,108,return,4,2024-04-05 02:06:04
1130,3,62,return,7,2024-05-13 01:22:41
1131,5,56,return,12,2024-03-01 06:45:28
1132,6,48,shrinkage,-9,2024-12-04 11:43:04
1133,3,64,receive,40,2024-03-12 04:17:42
1134,11,2,adjustment,20,2024-04-16 17:34:20
1135,2,86,receive,19,2024-09-18 18:59:09
1136,9,50,sale,-39,2024-11-16 06:52:46
1137,11,92,adjustment,33,2024-11-20 20:54:26
1138,4,17,shrinkage,-19,2024-05-05 11:49:13
1139,4,67,receive,49,2024-03-05 06:41:41
1140,10,95,receive,41,2024-06-17 13:26:21
1141,7,104,receive,18,2024-09-27 11:23:46
1142,1,115,receive,48,2024-08-13 02:03:37
1143,9,75,sale,-48,2024-06-13 06:15:05
1144,9,94,adjustment,3,2024-01-26 17:38:33
1145,8,19,receive,24,2024-09-26 13:04:45
1146,2,69,return,42,2024-11-04 20:25:36
1147,8,97,return,17,2024-11-04 22:05:58
1148,1,8,receive,21,2024-04-08 11:18:10
1149,11,32,receive,43,2024-03-03 19:52:40
1150,3,21,adjustment,20,2024-08-14 10:58:10
1151,3,29,sale,-29,2024-03-05 04:16:53
1152,5,82,return,50,2024-09-23 09:16:04
1153,11,86,return,3,2024-12-07 10:08:04
1154,4,65,shrinkage,-14,2024-04-28 07:15:55
1155,8,55,return,40,2024-08-15 01:26:33
1156,6,24,sale,-10,2024-11-25 12:23:42
1157,6,26,adjustment,31,2024-09-07 17:33:41
1158,5,100,sale,-11,2024-09-05 17:58:33
1159,7,98,adjustment,5,2024-05-27 17:05:41
1160,5,71,return,16,2024-10-22 01:50:18
1161,6,16,return,23,2024-12-19 17:20:38
1162,5,93,adjustment,9,2024-05-31 09:04:08
1163,1,42,return,15,2024-07-14 10:30:52
1164,6,115,return,23,2024-07-29 06:44:59
1165,9,44,shrinkage,-38,2024-02-08 03:07:58
1166,12,116,shrinkage,-37,2024-10-21 12:12:28
1167,1,29,return,31,2024-06-27 08:15:24
1168,11,120,return,18,2024-10-16 07:29:26
1169,10,74,return,36,2024-05-09 20:34:32
1170,4,91,shrinkage,-49,2024-10-27 05:26:23
1171,2,16,receive,15,2024-12-06 10:13:59
1172,1,104,shrinkage,-14,2024-02-26 06:28:01
1173,12,108,receive,12,2024-02-10 15:47:10
1174,7,13,adjustment,27,2024-02-24 03:13:57
1175,6,12,shrinkage,-30,2024-03-21 08:35:35
1176,11,13,receive,10,2024-11-04 04:08:49
1177,11,85,shrinkage,-34,2024-09-03 23:51:46
1178,4,28,receive,10,2024-06-18 17:46:26
1179,6,120,sale,-42,2024-07-13 09:56:39
1180,2,1,receive,29,2024-04-20 01:47:01
1181,10,70,shrinkage,-43,2024-09-10 18:42:24
1182,9,62,receive,1,2024-05-18 08:34:34
1183,5,67,return,3,2024-04-16 09:36:43
1184,4,112,shrinkage,-4,2024-01-23 05:42:02
1185,9,120,adjustment,27,2024-06-08 10:52:27
1186,6,67,receive,21,2024-11-25 10:49:51
1187,4,80,sale,-25,2024-03-01 10:49:13
1188,3,113,sale,-50,2024-04-03 13:21:42
1189,10,27,adjustment,18,2024-10-27 11:44:40
1190,7,74,return,18,2024-08-08 08:27:19
1191,11,40,adjustment,24,2024-09-27 01:26:31
1192,10,116,sale,-1,2024-05-20 20:46:59
1193,5,67,shrinkage,-34,2024-05-20 15:55:31
1194,1,60,sale,-10,2024-05-23 00:01:31
1195,8,77,receive,27,2024-03-12 17:48:28
1196,11,83,shrinkage,-44,2024-01-23 02:45:35
1197,8,116,adjustment,11,2024-06-10 06:41:07
1198,10,17,return,12,2024-03-22 13:27:05
1199,3,6,shrinkage,-40,2024-09-09 18:35:18
1200,7,54,sale,-29,2024-12-12 15:07:40
1201,3,44,receive,32,2024-01-05 09:05:34
1202,2,18,receive,1,2024-11-27 09:14:32
1203,9,37,receive,31,2024-05-21 21:15:31
1204,9,66,sale,-9,2024-02-26 14:21:46
1205,8,17,return,33,2024-05-04 14:21:49
1206,10,79,sale,-5,2024-07-11 05:16:16
1207,9,113,return,33,2024-07-01 19:22:44
1208,9,106,adjustment,14,2024-04-16 01:34:49
1209,1,45,sale,-35,2024-06-02 18:23:37
1210,8,89,adjustment,29,2024-06-25 22:41:46
1211,1,87,sale,-31,2024-12-11 09:28:09
1212,11,105,sale,-29,2024-08-07 16:21:38
1213,7,120,adjustment,10,2024-08-03 17:12:46
1214,1,26,adjustment,29,2024-12-08 02:32:07
1215,2,91,shrinkage,-37,2024-08-11 21:26:32
1216,5,88,adjustment,48,2024-05-23 09:01:44
1217,1,12,sale,-13,2024-05-10 16:46:00
1218,8,68,sale,-12,2024-03-17 11:56:16
1219,11,79,return,40,2024-10-14 05:10:25
1220,8,120,receive,35,2024-03-26 12:04:13
1221,5,7,adjustment,10,2024-05-26 01:03:41
1222,3,80,return,44,2024-03-30 22:24:42
1223,7,40,return,5,2024-04-15 07:35:43
1224,9,110,adjustment,32,2024-06-19 22:42:29
1225,11,38,return,37,2024-10-11 10:16:56
1226,10,36,receive,33,2024-07-27 06:09:50
1227,4,49,shrinkage,-49,2024-10-07 12:52:20
1228,1,70,shrinkage,-34,2024-12-23 21:01:51
1229,9,118,receive,38,2024-10-22 07:34:09
1230,4,22,receive,29,2024-08-20 09:36:05
1231,7,37,return,47,2024-07-23 13:56:33
1232,2,61,return,23,2024-02-20 07:46:28
1233,6,107,sale,-39,2024-01-26 18:09:44
1234,11,24,return,21,2024-02-23 19:45:02
1235,6,4,receive,49,2024-12-02 20:03:11
1236,4,7,shrinkage,-37,2024-09-24 13:18:00
1237,8,119,sale,-47,2024-07-03 16:54:41
1238,7,7,sale,-31,2024-07-20 07:26:44
1239,8,8,sale,-16,2024-02-21 17:55:48
1240,2,108,return,33,2024-10-27 05:54:49
1241,4,81,adjustment,14,2024-01-16 10:11:53
1242,4,91,shrinkage,-9,2024-07-17 10:00:34
1243,6,68,adjustment,30,2024-04-15 09:20:52
1244,4,81,adjustment,2,2024-04-23 09:30:22
1245,9,88,shrinkage,-34,2024-07-21 04:46:06
1246,4,31,adjustment,9,2024-10-12 17:46:24
1247,9,88,receive,29,2024-10-11 09:27:41
1248,6,1,adjustment,3,2024-09-24 01:22:29
1249,10,38,adjustment,5,2024-07-26 12:50:06
1250,9,67,receive,44,2024-09-16 15:59:37
1251,7,87,shrinkage,-42,2024-09-24 16:35:03
1252,6,10,sale,-6,2024-08-15 08:29:07
1253,2,114,return,11,2024-08-07 09:32:23
1254,7,58,sale,-50,2024-01-07 01:30:46
1255,8,33,adjustment,36,2024-10-09 12:53:48
1256,7,95,sale,-35,2024-05-26 14:29:32
1257,5,50,receive,4,2024-12-14 21:18:38
1258,12,59,shrinkage,-45,2024-10-21 03:59:30
1259,2,22,adjustment,30,2024-11-26 00:02:41
1260,10,33,shrinkage,-8,2024-07-01 23:44:45
1261,7,42,return,33,2024-12-12 09:05:33
1262,10,71,shrinkage,-9,2024-03-26 12:33:44
1263,10,9,adjustment,46,2024-02-26 07:23:01
1264,8,5,return,40,2024-02-09 03:10:50
1265,5,83,receive,34,2024-12-28 21:38:13
1266,6,54,sale,-16,2024-04-01 23:56:07
1267,4,69,sale,-8,2024-06-04 21:05:05
1268,8,23,shrinkage,-4,2024-01-14 12:22:45
1269,4,58,sale,-44,2024-04-29 03:23:45
1270,11,63,receive,48,2024-09-14 02:27:57
1271,10,85,return,8,2024-10-08 17:44:12
1272,10,46,receive,13,2024-01-21 08:25:52
1273,8,39,return,24,2024-02-27 03:35:18
1274,10,5,receive,13,2024-05-16 04:50:26
1275,10,112,sale,-41,2024-01-08 19:46:43
1276,6,117,adjustment,42,2024-12-02 01:08:37
1277,1,110,shrinkage,-13,2024-08-13 19:16:19
1278,11,17,sale,-27,2024-04-04 00:42:52
1279,12,1,sale,-4,2024-07-11 21:25:24
1280,9,110,sale,-41,2024-07-12 00:10:45
1281,2,108,adjustment,17,2024-02-27 07:24:41
1282,12,78,return,50,2024-10-10 14:27:58
1283,7,13,sale,-41,2024-12-21 00:02:53
1284,6,83,adjustment,40,2024-12-07 00:10:37
1285,9,85,receive,45,2024-03-05 10:28:23
1286,4,25,receive,44,2024-06-12 18:41:19
1287,1,106,sale,-4,2024-07-28 11:06:12
1288,12,79,shrinkage,-12,2024-09-20 15:59:42
1289,11,48,adjustment,16,2024-12-12 21:42:22
1290,11,11,receive,19,2024-12-17 11:54:40
1291,1,110,sale,-47,2024-02-06 14:26:18
1292,6,27,receive,33,2024-11-09 01:20:57
1293,1,104,return,4,2024-03-03 08:17:45
1294,8,108,adjustment,5,2024-06-30 06:22:58
1295,8,70,receive,11,2024-11-17 00:15:50
1296,12,120,shrinkage,-38,2024-04-07 01:08:37
1297,4,17,sale,-18,2024-12-30 01:01:05
1298,6,33,sale,-43,2024-02-26 16:20:23
1299,12,27,receive,48,2024-07-04 10:16:39
1300,11,64,shrinkage,-8,2024-12-25 12:45:24
1301,7,23,receive,47,2024-04-16 12:21:34
1302,3,61,adjustment,24,2024-09-09 23:51:48
1303,7,44,adjustment,2,2024-07-04 12:58:24
1304,7,20,receive,45,2024-04-08 20:01:58
1305,2,53,sale,-21,2024-01-22 08:49:06
1306,11,18,receive,19,2024-03-13 17:21:40
1307,2,117,receive,25,2024-09-09 20:38:07
1308,2,16,return,5,2024-01-19 02:58:20
1309,12,50,return,21,2024-05-11 00:50:57
1310,9,24,receive,2,2024-09-22 05:09:05
1311,10,33,receive,45,2024-02-19 08:36:35
1312,5,33,return,8,2024-05-25 18:15:59
1313,2,77,return,27,2024-05-09 04:15:17
1314,4,101,adjustment,1,2024-08-30 13:47:39
1315,3,28,shrinkage,-43,2024-07-01 21:37:28
1316,10,104,shrinkage,-16,2024-11-08 05:24:08
1317,3,81,sale,-11,2024-10-19 09:26:53
1318,12,108,sale,-46,2024-05-27 18:59:58
1319,8,57,receive,39,2024-08-02 02:07:17
1320,10,105,return,14,2024-12-02 16:42:56
1321,5,19,return,45,2024-10-27 15:51:28
1322,2,64,receive,8,2024-03-15 14:58:08
1323,12,41,shrinkage,-35,2024-11-27 14:16:40
1324,2,87,sale,-8,2024-05-25 00:19:28
1325,6,118,return,9,2024-04-12 13:31:48
1326,9,74,shrinkage,-16,2024-11-30 09:13:44
1327,1,113,shrinkage,-31,2024-02-17 20:24:39
1328,4,2,receive,26,2024-02-05 14:48:48
1329,9,67,receive,20,2024-10-26 01:57:56
1330,2,14,sale,-5,2024-09-13 13:02:25
1331,3,50,receive,4,2024-08-17 05:33:05
1332,11,90,receive,28,2024-09-24 21:14:32
1333,2,7,sale,-47,2024-08-09 22:58:22
1334,7,61,return,27,2024-11-30 00:59:12
1335,12,77,adjustment,29,2024-07-17 13:11:23
1336,1,25,return,37,2024-10-30 21:18:52
1337,4,14,adjustment,15,2024-10-07 07:36:23
1338,10,28,return,35,2024-04-01 10:03:53
1339,6,47,adjustment,20,2024-08-11 18:36:01
1340,1,70,return,29,2024-04-26 09:55:07
1341,8,11,adjustment,29,2024-02-11 15:16:37
1342,6,43,adjustment,19,2024-07-21 14:16:58
1343,10,89,adjustment,17,2024-04-01 12:45:37
1344,3,20,return,50,2024-06-01 06:56:55
1345,10,50,sale,-7,2024-11-10 13:37:38
1346,9,82,receive,21,2024-12-23 10:23:38
1347,9,77,shrinkage,-27,2024-01-01 18:10:46
1348,10,79,sale,-46,2024-09-07 14:29:48
1349,11,21,adjustment,13,2024-04-07 16:23:25
1350,4,7,shrinkage,-10,2024-06-16 06:12:28
1351,3,3,return,33,2024-02-22 10:24:34
1352,5,3,receive,23,2024-02-26 10:17:55
1353,2,58,sale,-35,2024-02-12 20:10:03
1354,1,9,shrinkage,-40,2024-06-21 16:48:45
1355,4,95,sale,-45,2024-08-30 20:13:22
1356,3,37,adjustment,7,2024-05-12 22:17:15
1357,11,21,return,36,2024-12-02 04:31:06
1358,10,79,shrinkage,-45,2024-09-30 20:08:31
1359,7,99,adjustment,15,2024-08-26 16:13:02
1360,1,25,receive,49,2024-05-30 13:43:03
1361,10,58,sale,-34,2024-02-09 16:39:18
1362,9,100,shrinkage,-24,2024-09-07 06:05:27
1363,9,33,receive,30,2024-04-03 21:44:19
1364,5,30,receive,37,2024-01-08 22:20:28
1365,11,71,return,41,2024-06-22 23:37:05
1366,12,28,return,26,2024-08-28 06:31:39
1367,9,113,adjustment,46,2024-06-28 03:25:53
1368,6,88,shrinkage,-39,2024-07-02 23:41:36
1369,1,12,return,46,2024-09-26 02:51:31
1370,12,37,sale,-43,2024-02-21 17:38:04
1371,11,81,adjustment,3,2024-08-28 22:50:24
1372,12,110,return,24,2024-07-03 17:06:21
1373,8,113,sale,-3,2024-12-10 08:11:21
1374,1,93,return,45,2024-04-01 00:07:54
1375,7,100,shrinkage,-34,2024-10-06 19:57:59
1376,10,7,shrinkage,-37,2024-06-16 19:49:14
1377,5,29,return,46,2024-10-19 02:23:43
1378,4,108,shrinkage,-12,2024-01-13 08:24:55
1379,2,70,adjustment,32,2024-06-09 10:09:30
1380,8,90,receive,11,2024-12-05 16:45:35
1381,10,35,return,47,2024-01-30 22:03:53
1382,2,48,sale,-41,2024-01-01 19:26:41
1383,10,14,sale,-45,2024-07-10 17:18:30
1384,12,8,adjustment,13,2024-12-13 16:33:09
1385,7,52,sale,-4,2024-06-08 00:07:01
1386,11,103,sale,-32,2024-02-18 13:06:54
1387,5,114,return,30,2024-12-27 15:44:08
1388,1,106,shrinkage,-38,2024-10-23 09:41:12
1389,7,61,return,24,2024-01-06 06:00:27
1390,8,9,adjustment,10,2024-03-31 10:35:49
1391,10,20,return,9,2024-06-17 22:29:50
1392,11,45,return,22,2024-09-25 14:47:00
1393,11,57,return,29,2024-06-07 08:35:31
1394,11,66,receive,8,2024-03-04 04:24:17
1395,1,5,return,27,2024-11-22 03:06:43
1396,6,88,return,23,2024-12-29 14:54:21
1397,4,7,return,2,2024-07-06 06:09:58
1398,12,36,sale,-41,2024-12-10 01:30:10
1399,10,27,shrinkage,-30,2024-03-02 07:26:07
1400,11,58,receive,31,2024-09-10 18:35:41
1401,6,78,sale,-15,2024-05-16 16:44:54
1402,10,84,sale,-19,2024-03-05 22:37:59
1403,4,72,return,17,2024-08-03 05:03:46
1404,3,32,sale,-35,2024-08-17 00:24:25
1405,1,13,adjustment,5,2024-01-15 05:56:26
1406,7,26,adjustment,34,2024-01-30 09:17:10
1407,12,104,receive,35,2024-06-16 10:50:10
1408,9,104,shrinkage,-16,2024-07-30 02:22:15
1409,4,75,return,50,2024-04-11 03:40:46
1410,4,36,return,50,2024-07-12 20:37:37
1411,12,89,receive,9,2024-11-20 02:50:56
1412,9,37,receive,14,2024-10-21 08:15:32
1413,9,34,receive,24,2024-08-02 15:16:55
1414,9,60,receive,17,2024-12-03 09:08:20
1415,10,95,receive,37,2024-03-18 02:16:59
1416,2,71,adjustment,15,2024-02-20 10:04:34
1417,4,95,sale,-21,2024-02-09 13:25:56
1418,10,118,return,4,2024-08-26 23:50:05
1419,7,18,sale,-16,2024-04-28 07:59:27
1420,5,4,return,48,2024-10-09 19:34:30
1421,10,98,sale,-36,2024-10-11 05:08:52
1422,10,70,sale,-16,2024-03-17 08:11:56
1423,4,58,shrinkage,-32,2024-03-20 09:53:31
1424,11,85,sale,-21,2024-10-16 11:25:55
1425,9,8,return,36,2024-03-03 18:12:02
1426,10,81,shrinkage,-34,2024-08-21 21:47:16
1427,12,44,shrinkage,-48,2024-07-14 15:33:14
1428,2,37,shrinkage,-35,2024-01-05 16:23:08
1429,6,79,return,5,2024-05-15 22:09:47
1430,6,53,adjustment,18,2024-06-05 15:39:38
1431,5,18,sale,-30,2024-03-18 05:58:05
1432,1,5,adjustment,16,2024-06-01 00:50:50
1433,5,60,receive,18,2024-11-08 12:47:56
1434,9,62,receive,19,2024-11-20 04:03:19
1435,3,68,receive,18,2024-12-25 23:20:42
1436,11,70,shrinkage,-7,2024-08-22 11:39:44
1437,3,80,return,41,2024-04-14 21:35:39
1438,8,55,sale,-13,2024-09-03 19:52:04
1439,11,59,adjustment,50,2024-08-21 23:01:15
1440,10,114,sale,-33,2024-01-08 08:30:46
1441,5,100,adjustment,3,2024-02-14 01:37:28
1442,4,108,receive,13,2024-06-25 04:41:26
1443,7,111,receive,18,2024-08-17 22:58:44
1444,2,76,receive,48,2024-07-10 12:24:26
1445,10,73,adjustment,2,2024-11-01 05:15:10
1446,6,59,shrinkage,-44,2024-06-22 21:50:26
1447,4,13,receive,33,2024-01-21 06:31:52
1448,12,23,adjustment,48,2024-01-28 00:55:29
1449,4,55,sale,-12,2024-12-18 01:39:40
1450,6,48,adjustment,34,2024-04-19 15:17:50
1451,2,73,receive,16,2024-02-27 17:23:37
1452,3,18,receive,8,2024-03-26 14:42:08
1453,12,65,shrinkage,-28,2024-08-27 07:41:41
1454,11,117,receive,36,2024-06-06 05:10:45
1455,7,111,receive,31,2024-01-06 15:08:51
1456,10,102,return,6,2024-09-25 08:55:57
1457,10,42,adjustment,11,2024-10-25 10:00:08
1458,5,12,adjustment,36,2024-05-12 06:34:38
1459,12,65,return,23,2024-09-27 23:34:07
1460,4,93,adjustment,37,2024-07-16 12:12:12
1461,11,10,receive,23,2024-03-18 12:42:24
1462,12,112,return,1,2024-05-21 05:31:45
1463,4,38,adjustment,19,2024-08-09 09:20:15
1464,3,115,sale,-3,2024-09-23 21:03:14
1465,9,9,receive,31,2024-10-08 14:57:24
1466,10,75,sale,-18,2024-05-17 12:19:54
1467,7,46,receive,15,2024-08-17 00:59:56
1468,11,4,adjustment,43,2024-03-06 10:28:55
1469,7,59,return,43,2024-11-21 21:00:05
1470,6,109,sale,-47,2024-03-28 10:20:02
1471,10,49,sale,-21,2024-10-09 11:55:28
1472,10,76,shrinkage,-6,2024-06-20 03:47:35
1473,9,108,receive,42,2024-10-04 09:08:27
1474,3,62,receive,21,2024-03-13 05:44:39
1475,3,58,sale,-31,2024-11-28 04:57:51
1476,12,21,sale,-27,2024-03-18 12:15:39
1477,9,55,receive,30,2024-02-12 19:20:33
1478,7,72,receive,13,2024-10-20 21:31:07
1479,9,107,sale,-22,2024-07-23 02:15:41
1480,2,101,adjustment,33,2024-02-06 19:02:46
1481,1,100,return,10,2024-04-25 18:22:19
1482,11,42,receive,13,2024-05-01 22:59:18
1483,8,83,shrinkage,-14,2024-05-22 07:24:46
1484,5,23,receive,49,2024-02-15 05:38:39
1485,12,112,sale,-42,2024-10-29 15:42:40
1486,11,44,adjustment,40,2024-11-03 15:37:58
1487,7,12,return,17,2024-04-25 05:58:50
1488,1,8,return,30,2024-08-14 22:05:56
1489,10,63,shrinkage,-36,2024-04-27 14:57:23
1490,4,11,return,11,2024-03-04 04:25:47
1491,8,91,shrinkage,-6,2024-02-12 19:12:30
1492,1,87,adjustment,20,2024-06-17 21:03:28
1493,6,44,receive,26,2024-05-23 11:53:04
1494,4,2,sale,-42,2024-12-02 11:15:05
1495,1,4,adjustment,35,2024-10-17 20:58:08
1496,7,102,return,42,2024-03-04 04:30:13
1497,4,21,receive,20,2024-02-22 19:01:18
1498,1,83,return,11,2024-02-27 12:30:59
1499,5,60,receive,17,2024-03-01 18:51:48
1500,9,38,shrinkage,-21,2024-01-19 20:45:53
1501,2,26,adjustment,31,2024-02-23 12:25:39
1502,5,44,receive,36,2024-08-26 23:51:51
1503,4,19,receive,2,2024-07-24 00:15:27
1504,6,115,shrinkage,-44,2024-11-15 19:26:26
1505,8,42,sale,-5,2024-12-07 23:13:03
1506,10,29,sale,-25,2024-08-23 07:58:14
1507,5,36,adjustment,20,2024-03-26 07:50:44
1508,2,3,sale,-38,2024-02-15 01:52:02
1509,12,113,sale,-2,2024-08-07 01:36:33
1510,8,56,return,34,2024-03-24 03:06:29
1511,11,46,adjustment,8,2024-09-07 01:50:19
1512,12,118,adjustment,34,2024-10-23 08:29:36
1513,7,18,receive,34,2024-10-14 14:00:52
1514,10,23,adjustment,38,2024-08-12 00:54:02
1515,8,79,sale,-17,2024-08-04 01:11:58
1516,4,23,shrinkage,-17,2024-07-20 19:25:10
1517,1,64,return,10,2024-06-05 03:45:16
1518,9,80,receive,8,2024-06-22 17:49:48
1519,6,8,receive,30,2024-07-04 13:47:43
1520,6,36,adjustment,23,2024-01-13 13:48:19
1521,4,83,receive,27,2024-12-09 13:03:52
1522,11,104,shrinkage,-8,2024-05-18 21:50:13
1523,8,25,adjustment,28,2024-04-30 19:07:13
1524,12,2,shrinkage,-48,2024-06-11 01:31:31
1525,9,1,receive,12,2024-01-11 01:48:13
1526,1,27,shrinkage,-2,2024-12-01 07:45:00
1527,9,84,receive,45,2024-08-19 08:08:43
1528,8,94,receive,43,2024-04-29 06:45:43
1529,8,52,return,40,2024-05-09 00:50:15
1530,5,112,return,3,2024-08-04 22:55:04
1531,9,72,shrinkage,-22,2024-12-09 05:08:24
1532,1,26,adjustment,11,2024-01-27 05:05:50
1533,10,27,receive,20,2024-12-01 03:05:33
1534,2,72,receive,34,2024-09-10 16:49:03
1535,5,72,sale,-38,2024-10-26 02:18:48
1536,7,3,return,27,2024-03-01 21:09:27
1537,1,104,shrinkage,-32,2024-03-31 01:51:00
1538,9,40,sale,-9,2024-03-06 05:24:50
1539,2,47,adjustment,15,2024-11-02 12:02:37
1540,5,115,sale,-39,2024-12-08 06:12:22
1541,12,63,adjustment,33,2024-02-25 09:25:28
1542,11,45,sale,-16,2024-07-15 21:39:13
1543,2,44,return,31,2024-04-29 06:15:02
1544,4,91,sale,-42,2024-08-23 15:00:34
1545,10,46,return,29,2024-05-17 09:48:30
1546,6,31,shrinkage,-15,2024-05-20 17:09:11
1547,1,56,return,45,2024-12-27 03:42:32
1548,5,10,sale,-37,2024-11-12 09:28:37
1549,1,115,adjustment,41,2024-11-21 02:27:51
1550,5,112,return,16,2024-02-19 12:26:21
1551,10,63,shrinkage,-9,2024-09-25 00:12:40
1552,1,24,sale,-12,2024-02-17 22:32:53
1553,3,31,adjustment,43,2024-01-04 04:51:12
1554,11,30,sale,-41,2024-11-12 10:13:04
1555,11,89,sale,-34,2024-07-13 18:33:52
1556,9,78,adjustment,4,2024-09-20 08:24:41
1557,3,87,adjustment,2,2024-01-23 11:35:42
1558,11,46,sale,-4,2024-06-13 11:01:08
1559,2,4,shrinkage,-19,2024-02-12 10:13:43
1560,1,104,adjustment,49,2024-08-14 13:13:12
1561,11,89,adjustment,31,2024-09-23 19:10:48
1562,11,60,return,13,2024-12-13 02:27:31
1563,3,32,shrinkage,-26,2024-03-15 10:42:53
1564,11,82,adjustment,31,2024-03-20 19:48:13
1565,7,94,return,10,2024-02-15 04:11:53
1566,8,70,return,46,2024-12-05 01:29:38
1567,11,61,sale,-11,2024-07-18 22:25:56
1568,12,86,receive,47,2024-04-13 15:47:32
1569,12,90,sale,-26,2024-08-21 19:18:21
1570,2,57,return,12,2024-10-13 14:35:38
1571,4,71,receive,49,2024-09-09 01:30:45
1572,9,56,shrinkage,-6,2024-08-13 18:07:49
1573,2,67,receive,37,2024-12-07 12:06:36
1574,9,14,adjustment,20,2024-05-03 22:22:10
1575,6,90,sale,-46,2024-06-23 13:19:32
1576,6,82,sale,-32,2024-11-30 02:30:24
1577,1,114,receive,17,2024-12-26 21:53:20
1578,2,118,receive,12,2024-10-12 09:13:05
1579,4,29,adjustment,50,2024-03-03 04:33:40
1580,9,49,return,6,2024-01-27 16:11:44
1581,7,113,shrinkage,-9,2024-07-09 14:09:00
1582,8,84,receive,16,2024-08-02 07:23:51
1583,10,30,receive,43,2024-03-27 23:32:32
1584,12,85,adjustment,42,2024-04-10 06:20:49
1585,10,3,sale,-28,2024-10-03 11:38:55
1586,6,58,receive,28,2024-07-23 22:26:32
1587,9,77,adjustment,10,2024-08-17 02:06:15
1588,11,29,receive,39,2024-01-12 16:00:02
1589,2,5,receive,35,2024-05-15 09:48:14
1590,6,35,receive,24,2024-10-21 06:03:56
1591,8,97,return,19,2024-07-19 09:37:07
1592,8,112,receive,15,2024-12-13 22:22:29
1593,9,11,adjustment,7,2024-07-06 20:03:55
1594,5,62,return,39,2024-12-08 19:00:13
1595,1,102,adjustment,40,2024-03-11 21:46:39
1596,4,19,shrinkage,-24,2024-03-19 18:56:13
1597,4,114,adjustment,16,2024-06-03 00:31:05
1598,3,26,receive,45,2024-05-08 11:15:00
1599,8,52,sale,-45,2024-01-20 11:37:10
1600,12,109,adjustment,11,2024-05-29 20:35:27
1601,7,105,shrinkage,-16,2024-02-17 10:41:06
1602,9,92,return,33,2024-10-27 13:12:41
1603,6,23,receive,34,2024-06-18 02:10:38
1604,3,48,sale,-39,2024-05-19 01:55:29
1605,7,28,shrinkage,-17,2024-09-20 22:00:11
1606,9,63,return,12,2024-02-21 22:49:52
1607,5,27,return,38,2024-01-23 06:41:04
1608,10,107,sale,-17,2024-02-25 08:39:48
1609,7,97,shrinkage,-50,2024-03-01 16:48:31
1610,7,29,return,17,2024-04-26 07:39:19
1611,9,27,receive,17,2024-02-13 07:15:37
1612,1,109,return,20,2024-05-10 23:45:05
1613,11,111,shrinkage,-40,2024-05-31 09:45:20
1614,1,9,shrinkage,-15,2024-09-04 08:24:31
1615,8,63,sale,-36,2024-05-31 06:08:50
1616,8,41,adjustment,26,2024-10-14 04:50:05
1617,9,4,adjustment,13,2024-04-30 05:37:20
1618,6,90,adjustment,8,2024-01-10 01:16:58
1619,8,14,adjustment,33,2024-01-09 14:58:45
1620,7,46,return,3,2024-03-07 18:55:09
1621,7,39,adjustment,9,2024-02-21 20:30:41
1622,4,10,return,27,2024-09-21 10:21:16
1623,5,102,sale,-3,2024-02-28 21:48:07
1624,1,118,adjustment,26,2024-05-19 03:46:06
1625,8,74,adjustment,26,2024-10-20 13:37:45
1626,8,45,shrinkage,-6,2024-09-25 06:25:50
1627,4,39,sale,-50,2024-04-25 01:30:07
1628,12,35,adjustment,29,2024-11-20 03:30:08
1629,12,49,sale,-15,2024-06-03 01:50:07
1630,12,90,shrinkage,-25,2024-06-07 09:45:44
1631,11,32,adjustment,36,2024-12-16 01:35:51
1632,7,16,sale,-1,2024-11-21 23:40:16
1633,5,46,shrinkage,-32,2024-07-12 00:54:02
1634,7,62,return,4,2024-04-08 02:02:44
1635,10,45,receive,26,2024-11-02 04:16:01
1636,11,77,sale,-23,2024-11-18 06:52:38
1637,2,96,shrinkage,-43,2024-12-27 21:33:01
1638,2,12,return,43,2024-05-24 21:32:41
1639,7,44,sale,-40,2024-11-29 23:44:25
1640,3,59,shrinkage,-8,2024-09-01 18:06:36
1641,4,52,sale,-17,2024-09-21 13:28:10
1642,9,2,return,28,2024-07-05 22:15:47
1643,8,118,shrinkage,-15,2024-12-16 00:04:06
1644,4,72,sale,-38,2024-05-11 21:56:52
1645,12,7,sale,-41,2024-06-29 02:52:21
1646,9,50,sale,-44,2024-12-17 20:49:56
1647,7,26,receive,17,2024-12-20 21:01:54
1648,2,30,return,48,2024-01-14 05:20:11
1649,4,89,shrinkage,-29,2024-07-22 10:58:04
1650,6,11,return,5,2024-03-09 14:18:50
1651,1,108,receive,5,2024-10-24 09:01:24
1652,10,4,adjustment,32,2024-07-07 22:04:47
1653,4,112,adjustment,35,2024-05-03 23:53:31
1654,3,87,sale,-30,2024-12-27 22:51:12
1655,11,40,adjustment,27,2024-02-17 09:25:10
1656,2,43,return,35,2024-10-12 03:37:55
1657,5,75,adjustment,50,2024-03-15 02:59:22
1658,9,112,return,1,2024-01-02 05:54:36
1659,9,15,receive,4,2024-05-18 10:34:39
1660,3,12,sale,-17,2024-01-09 02:18:02
1661,11,115,adjustment,28,2024-10-07 23:37:51
1662,7,62,shrinkage,-25,2024-09-29 10:18:24
1663,2,79,shrinkage,-25,2024-10-22 08:05:51
1664,7,38,return,13,2024-04-04 13:19:00
1665,9,26,adjustment,15,2024-03-20 06:02:04
1666,2,6,adjustment,41,2024-11-17 05:35:01
1667,5,57,adjustment,2,2024-03-15 23:53:51
1668,2,6,adjustment,29,2024-06-26 19:17:59
1669,4,83,return,16,2024-04-01 14:01:59
1670,10,53,return,6,2024-04-14 21:25:52
1671,5,12,sale,-31,2024-11-03 02:54:04
1672,6,62,shrinkage,-35,2024-08-02 11:05:52
1673,1,23,adjustment,49,2024-02-24 05:54:14
1674,1,79,shrinkage,-44,2024-03-17 14:34:12
1675,6,21,return,5,2024-02-29 23:52:37
1676,1,80,shrinkage,-30,2024-11-18 17:21:04
1677,6,44,return,48,2024-06-04 10:14:07
1678,8,112,receive,1,2024-04-21 03:34:48
1679,8,46,shrinkage,-30,2024-01-17 19:51:14
1680,2,17,shrinkage,-2,2024-08-06 04:19:39
1681,8,5,sale,-18,2024-02-08 17:42:04
1682,2,51,sale,-35,2024-06-11 15:37:16
1683,2,5,receive,1,2024-07-24 18:59:55
1684,4,7,receive,24,2024-03-16 07:24:14
1685,6,97,sale,-29,2024-08-04 03:19:31
1686,1,6,return,27,2024-12-12 20:18:48
1687,1,66,shrinkage,-27,2024-03-15 20:12:25
1688,9,85,return,6,2024-08-21 10:54:55
1689,7,18,shrinkage,-20,2024-11-11 00:02:19
1690,2,104,shrinkage,-17,2024-04-12 01:58:07
1691,8,37,adjustment,40,2024-01-12 06:07:05
1692,12,47,adjustment,38,2024-03-05 14:20:22
1693,4,22,receive,50,2024-07-29 15:08:33
1694,4,74,return,31,2024-06-10 07:06:33
1695,12,70,return,13,2024-07-24 09:23:54
1696,10,30,sale,-21,2024-05-25 16:48:49
1697,3,90,return,8,2024-08-24 05:30:36
1698,6,11,adjustment,49,2024-08-03 12:33:06
1699,7,31,receive,35,2024-09-09 13:39:53
1700,10,119,sale,-30,2024-07-20 07:14:02
1701,7,80,shrinkage,-42,2024-05-22 02:33:29
1702,7,66,adjustment,47,2024-11-29 09:06:27
1703,10,50,adjustment,45,2024-03-19 13:49:19
1704,8,89,shrinkage,-47,2024-11-21 01:06:02
1705,10,47,adjustment,35,2024-07-21 04:42:39
1706,1,94,shrinkage,-21,2024-10-13 23:15:44
1707,12,77,adjustment,28,2024-05-15 11:44:09
1708,3,16,adjustment,14,2024-09-24 06:01:04
1709,11,81,return,34,2024-07-03 20:32:17
1710,9,105,adjustment,48,2024-04-14 10:46:05
1711,9,4,receive,4,2024-05-08 01:51:05
1712,2,84,receive,33,2024-04-20 12:08:42
1713,3,85,adjustment,20,2024-02-18 00:39:54
1714,12,1,sale,-10,2024-11-11 00:23:10
1715,1,47,shrinkage,-16,2024-05-05 01:58:42
1716,10,108,return,41,2024-07-04 01:26:04
1717,9,67,receive,45,2024-07-25 23:00:29
1718,4,45,sale,-25,2024-11-28 16:07:50
1719,3,93,adjustment,16,2024-12-23 07:22:59
1720,11,118,shrinkage,-12,2024-06-20 14:44:08
1721,7,106,receive,28,2024-10-02 18:45:44
1722,12,59,receive,26,2024-02-26 09:40:34
1723,6,1,shrinkage,-6,2024-12-05 19:02:08
1724,11,61,shrinkage,-11,2024-12-04 11:36:48
1725,7,13,receive,40,2024-10-01 14:53:16
1726,9,91,receive,39,2024-11-05 05:46:46
1727,6,117,adjustment,45,2024-01-24 08:01:47
1728,7,83,shrinkage,-40,2024-04-02 05:39:51
1729,12,24,sale,-9,2024-10-12 13:59:36
1730,4,56,adjustment,45,2024-12-24 07:23:03
1731,4,52,return,44,2024-04-09 06:11:03
1732,12,7,receive,49,2024-08-06 13:39:37
1733,12,62,sale,-8,2024-01-28 01:56:15
1734,2,99,sale,-2,2024-11-24 01:04:38
1735,12,19,adjustment,11,2024-03-10 01:43:13
1736,2,51,sale,-5,2024-07-08 17:15:21
1737,5,86,receive,40,2024-08-18 17:43:57
1738,4,71,shrinkage,-9,2024-09-13 09:40:44
1739,8,32,sale,-18,2024-12-18 07:16:22
1740,1,78,return,35,2024-06-02 09:55:10
1741,4,41,return,28,2024-08-15 08:48:13
1742,3,32,sale,-25,2024-10-30 06:35:18
1743,7,18,return,10,2024-08-13 19:47:37
1744,12,76,adjustment,25,2024-11-14 06:04:35
1745,4,76,receive,29,2024-04-17 15:54:33
1746,3,85,adjustment,28,2024-03-20 02:20:07
1747,4,65,shrinkage,-6,2024-03-08 17:29:42
1748,3,68,receive,1,2024-03-12 22:27:28
1749,4,83,adjustment,4,2024-09-02 13:56:53
1750,11,94,adjustment,2,2024-08-30 09:19:21
1751,11,26,receive,19,2024-01-26 18:30:28
1752,8,86,sale,-45,2024-12-01 10:33:13
1753,4,50,receive,11,2024-03-31 23:09:53
1754,10,28,sale,-36,2024-02-05 07:34:25
1755,9,76,return,22,2024-09-02 07:14:47
1756,5,86,shrinkage,-29,2024-05-16 10:07:01
1757,2,89,return,11,2024-04-03 16:13:02
1758,9,88,return,36,2024-08-11 06:47:32
1759,8,20,return,2,2024-11-03 09:05:29
1760,7,59,receive,15,2024-02-25 00:52:24
1761,3,111,sale,-29,2024-11-13 11:42:16
1762,12,96,receive,38,2024-01-07 06:32:57
1763,4,14,sale,-20,2024-12-26 18:18:11
1764,7,40,return,15,2024-08-22 10:11:54
1765,1,90,receive,22,2024-09-19 12:16:32
1766,4,29,shrinkage,-22,2024-08-05 16:16:50
1767,4,108,sale,-45,2024-02-21 21:15:33
1768,11,55,return,3,2024-11-15 20:27:59
1769,10,2,receive,12,2024-07-23 23:35:29
1770,2,65,return,42,2024-11-01 08:44:41
1771,9,79,sale,-41,2024-05-30 11:43:41
1772,5,43,shrinkage,-4,2024-04-05 21:01:07
1773,11,7,receive,25,2024-06-29 21:05:04
1774,10,76,receive,42,2024-12-06 14:11:10
1775,4,37,adjustment,36,2024-10-13 09:15:24
1776,1,49,receive,25,2024-05-14 16:14:44
1777,7,9,sale,-8,2024-09-18 05:38:19
1778,8,108,return,31,2024-02-23 20:49:47
1779,7,63,sale,-14,2024-04-27 23:18:24
1780,1,56,shrinkage,-35,2024-12-22 17:44:18
1781,12,57,adjustment,10,2024-07-05 23:00:49
1782,6,118,sale,-36,2024-06-11 05:05:07
1783,7,71,shrinkage,-45,2024-07-07 19:51:23
1784,12,8,adjustment,14,2024-11-16 11:08:22
1785,12,39,sale,-7,2024-07-27 17:02:13
1786,1,94,shrinkage,-40,2024-09-20 21:59:25
1787,4,14,adjustment,39,2024-07-15 03:43:46
1788,3,114,sale,-47,2024-07-12 13:25:45
1789,10,99,shrinkage,-48,2024-05-24 08:37:43
1790,4,92,return,9,2024-09-21 00:52:55
1791,11,118,receive,22,2024-06-08 12:42:30
1792,7,65,receive,30,2024-03-28 01:45:01
1793,6,104,sale,-26,2024-06-23 22:32:52
1794,6,50,return,12,2024-08-29 06:46:33
1795,11,91,shrinkage,-1,2024-05-25 08:07:15
1796,4,84,receive,13,2024-06-03 06:43:12
1797,2,2,receive,18,2024-08-31 11:12:41
1798,7,81,receive,47,2024-05-09 01:12:09
1799,2,1,receive,7,2024-12-15 01:51:44
1800,10,92,shrinkage,-22,2024-01-02 06:28:32
1801,1,80,shrinkage,-48,2024-07-01 06:36:14
1802,3,51,return,27,2024-02-25 16:25:51
1803,8,14,adjustment,30,2024-05-16 07:37:56
1804,3,109,receive,24,2024-08-10 18:22:28
1805,4,119,return,17,2024-01-31 09:50:42
1806,6,108,adjustment,47,2024-03-02 03:58:37
1807,4,75,adjustment,17,2024-03-12 20:53:55
1808,5,102,adjustment,19,2024-02-27 22:21:46
1809,11,42,shrinkage,-38,2024-02-07 06:01:45
1810,10,110,shrinkage,-46,2024-05-02 16:30:22
1811,10,114,adjustment,49,2024-04-30 03:26:11
1812,7,42,receive,37,2024-07-25 21:13:53
1813,5,55,return,25,2024-03-23 01:00:28
1814,12,15,adjustment,2,2024-11-04 02:42:30
1815,4,24,shrinkage,-43,2024-08-03 02:30:02
1816,9,76,return,43,2024-07-26 17:08:36
1817,10,62,shrinkage,-40,2024-04-27 15:42:54
1818,2,89,adjustment,9,2024-06-16 05:00:44
1819,4,89,return,9,2024-07-20 14:16:23
1820,9,18,shrinkage,-1,2024-09-20 17:06:38
1821,11,68,sale,-14,2024-02-07 19:53:50
1822,5,25,receive,43,2024-02-29 01:31:53
1823,6,20,receive,1,2024-09-10 16:15:12
1824,3,100,shrinkage,-49,2024-09-25 11:13:03
1825,9,80,receive,19,2024-03-03 19:11:22
1826,11,54,shrinkage,-45,2024-07-31 13:45:41
1827,1,70,adjustment,35,2024-03-08 06:38:55
1828,6,31,return,25,2024-07-11 07:00:10
1829,11,1,shrinkage,-38,2024-06-21 06:16:46
1830,11,65,return,42,2024-01-15 08:40:12
1831,7,10,adjustment,5,2024-04-06 18:49:09
1832,2,84,sale,-8,2024-06-27 09:14:05
1833,9,69,shrinkage,-46,2024-07-21 01:33:23
1834,11,92,receive,28,2024-09-07 17:25:09
1835,3,51,adjustment,26,2024-08-25 10:35:49
1836,9,61,return,49,2024-12-10 17:50:07
1837,3,21,sale,-15,2024-12-23 06:29:22
1838,9,119,return,20,2024-05-01 00:36:07
1839,7,9,receive,30,2024-08-08 13:20:56
1840,12,98,return,20,2024-08-18 15:31:49
1841,12,48,adjustment,5,2024-09-21 06:22:00
1842,2,57,receive,19,2024-08-27 06:50:39
1843,5,83,return,42,2024-09-03 09:40:18
1844,2,47,sale,-25,2024-02-17 05:46:53
1845,5,43,receive,44,2024-09-15 05:52:30
1846,11,115,shrinkage,-49,2024-03-25 19:57:27
1847,2,118,sale,-10,2024-02-06 18:36:47
1848,11,68,receive,45,2024-05-26 09:47:15
1849,8,104,receive,20,2024-11-16 17:11:10
1850,10,14,return,26,2024-11-20 07:51:56
1851,2,2,receive,32,2024-02-19 16:13:59
1852,7,8,adjustment,25,2024-07-18 00:49:43
1853,11,113,return,5,2024-06-12 11:18:16
1854,5,96,receive,42,2024-11-21 19:33:33
1855,7,37,receive,4,2024-05-10 16:33:52
1856,9,98,return,19,2024-05-14 18:47:53
1857,2,93,sale,-33,2024-12-06 12:50:02
1858,3,62,sale,-40,2024-04-11 14:00:42
1859,3,115,shrinkage,-40,2024-07-30 08:53:39
1860,2,15,adjustment,28,2024-11-09 14:46:17
1861,5,104,shrinkage,-31,2024-03-04 00:37:29
1862,11,35,shrinkage,-48,2024-04-05 16:29:00
1863,3,41,shrinkage,-21,2024-07-11 08:31:06
1864,5,90,shrinkage,-24,2024-08-29 11:59:36
1865,2,97,sale,-14,2024-12-21 09:06:42
1866,8,46,shrinkage,-38,2024-10-26 18:34:32
1867,4,29,return,24,2024-11-01 19:55:24
1868,9,24,sale,-36,2024-07-26 01:07:52
1869,2,65,adjustment,8,2024-06-03 07:08:22
1870,10,33,adjustment,48,2024-06-19 12:55:01
1871,6,56,shrinkage,-50,2024-08-26 03:38:59
1872,11,97,sale,-49,2024-08-22 12:14:32
1873,11,105,sale,-20,2024-09-08 02:59:34
1874,8,53,shrinkage,-3,2024-07-02 11:16:58
1875,3,43,adjustment,43,2024-08-09 13:55:16
1876,8,46,receive,13,2024-02-06 02:34:11
1877,6,96,return,27,2024-03-13 20:49:54
1878,7,64,adjustment,10,2024-02-10 08:43:42
1879,4,88,adjustment,1,2024-06-17 06:48:08
1880,3,79,return,46,2024-08-17 04:09:09
1881,5,120,return,30,2024-08-31 17:22:03
1882,3,101,adjustment,9,2024-04-30 22:07:03
1883,6,42,adjustment,25,2024-08-20 19:47:49
1884,10,75,shrinkage,-50,2024-12-19 23:07:33
1885,8,41,receive,7,2024-08-30 11:18:35
1886,5,68,shrinkage,-16,2024-09-18 22:38:30
1887,4,92,sale,-26,2024-10-19 03:17:40
1888,4,79,shrinkage,-28,2024-01-12 16:57:37
1889,2,40,return,32,2024-02-13 23:55:50
1890,6,88,shrinkage,-37,2024-09-23 16:09:24
1891,8,64,receive,37,2024-04-10 09:52:44
1892,11,35,return,40,2024-05-21 07:08:02
1893,12,79,adjustment,6,2024-04-12 07:16:30
1894,1,113,shrinkage,-30,2024-06-25 04:46:37
1895,5,11,shrinkage,-19,2024-02-10 01:03:34
1896,3,118,adjustment,17,2024-11-15 10:02:47
1897,1,42,sale,-24,2024-02-22 12:19:56
1898,10,29,sale,-9,2024-06-28 15:21:01
1899,7,76,adjustment,13,2024-09-27 04:57:21
1900,11,8,return,30,2024-03-11 02:59:43
1901,2,66,adjustment,18,2024-05-10 23:53:11
1902,11,29,sale,-43,2024-06-18 03:14:53
1903,2,106,adjustment,40,2024-01-30 16:15:12
1904,8,104,return,37,2024-08-07 09:10:45
1905,4,82,shrinkage,-18,2024-05-14 01:36:58
1906,11,21,sale,-29,2024-10-02 12:05:24
1907,10,102,receive,34,2024-11-07 03:10:27
1908,1,46,return,17,2024-11-29 07:34:48
1909,8,7,receive,46,2024-11-30 06:08:05
1910,7,119,shrinkage,-34,2024-07-07 05:22:23
1911,4,103,receive,41,2024-02-24 13:48:08
1912,10,54,sale,-2,2024-11-13 01:20:14
1913,6,95,adjustment,42,2024-04-05 15:32:48
1914,4,118,adjustment,17,2024-01-19 14:39:37
1915,10,58,adjustment,10,2024-10-19 04:55:38
1916,9,112,sale,-29,2024-02-03 01:45:09
1917,11,21,shrinkage,-36,2024-03-09 10:52:19
1918,7,32,receive,2,2024-10-11 06:56:52
1919,10,52,shrinkage,-30,2024-12-18 13:20:45
1920,3,48,return,3,2024-06-19 20:58:29
1921,8,99,return,35,2024-12-28 03:19:55
1922,9,93,receive,27,2024-12-01 12:38:50
1923,9,20,receive,18,2024-03-24 20:28:36
1924,3,108,shrinkage,-6,2024-02-22 10:19:48
1925,8,63,sale,-8,2024-10-20 17:03:34
1926,8,97,adjustment,19,2024-09-20 16:01:30
1927,3,87,adjustment,35,2024-08-22 18:08:30
1928,11,99,return,13,2024-07-04 17:03:25
1929,9,88,shrinkage,-31,2024-03-03 03:42:46
1930,5,18,adjustment,23,2024-07-13 14:49:42
1931,2,35,receive,45,2024-05-28 11:27:27
1932,6,107,receive,47,2024-05-08 18:01:44
1933,9,2,shrinkage,-41,2024-05-23 14:18:31
1934,4,14,adjustment,20,2024-06-20 08:14:49
1935,1,48,shrinkage,-41,2024-04-12 08:16:00
1936,9,102,shrinkage,-30,2024-05-11 09:55:10
1937,4,90,return,3,2024-07-06 13:22:09
1938,11,81,sale,-12,2024-07-27 18:37:42
1939,11,38,return,25,2024-11-16 04:16:31
1940,9,66,shrinkage,-16,2024-02-25 18:08:53
1941,3,108,shrinkage,-5,2024-09-04 13:19:34
1942,8,12,receive,36,2024-03-13 12:58:32
1943,3,120,shrinkage,-8,2024-08-07 14:15:18
1944,5,8,sale,-13,2024-04-09 18:07:24
1945,10,90,adjustment,30,2024-05-19 07:11:56
1946,11,81,shrinkage,-16,2024-03-22 23:05:47
1947,7,57,shrinkage,-15,2024-05-18 16:49:21
1948,9,71,return,22,2024-04-16 08:58:31
1949,10,5,shrinkage,-27,2024-07-08 13:29:58
1950,11,111,shrinkage,-7,2024-03-22 08:32:50
1951,9,87,sale,-49,2024-03-31 05:48:28
1952,12,89,receive,46,2024-10-09 15:07:56
1953,2,79,adjustment,46,2024-07-13 01:23:57
1954,12,51,return,29,2024-05-02 11:53:08
1955,11,67,sale,-16,2024-05-18 07:09:37
1956,7,49,sale,-34,2024-07-19 06:20:11
1957,11,116,sale,-33,2024-03-05 05:57:30
1958,3,58,receive,26,2024-12-27 23:47:00
1959,11,114,shrinkage,-31,2024-07-12 20:20:03
1960,8,63,sale,-3,2024-07-25 19:05:27
1961,5,24,shrinkage,-33,2024-05-01 15:09:27
1962,1,58,adjustment,3,2024-09-04 03:12:36
1963,3,28,adjustment,35,2024-02-04 16:11:44
1964,11,7,return,28,2024-10-31 14:16:37
1965,4,50,sale,-10,2024-10-15 20:53:41
1966,1,12,return,20,2024-05-25 21:07:33
1967,2,17,receive,17,2024-10-11 00:26:16
1968,10,109,receive,47,2024-03-09 05:51:39
1969,11,24,shrinkage,-42,2024-09-03 15:20:11
1970,7,87,adjustment,13,2024-02-10 08:27:38
1971,11,76,return,47,2024-02-16 20:45:26
1972,11,84,shrinkage,-17,2024-11-12 08:24:23
1973,10,20,adjustment,47,2024-09-18 13:00:55
1974,6,87,receive,8,2024-07-25 10:32:34
1975,6,90,shrinkage,-4,2024-11-22 10:01:04
1976,3,1,sale,-42,2024-03-23 13:05:43
1977,2,42,sale,-7,2024-09-16 02:39:22
1978,12,95,shrinkage,-1,2024-08-09 02:57:38
1979,7,9,sale,-20,2024-12-25 00:19:05
1980,10,20,receive,8,2024-08-01 08:23:02
1981,12,105,return,48,2024-03-30 20:53:43
1982,6,94,shrinkage,-31,2024-10-31 10:40:33
1983,4,2,shrinkage,-34,2024-01-21 22:58:31
1984,7,41,adjustment,10,2024-07-06 11:06:06
1985,4,67,receive,7,2024-06-10 15:26:07
1986,12,44,shrinkage,-20,2024-11-26 11:59:12
1987,6,54,sale,-12,2024-09-22 06:22:31
1988,5,107,return,19,2024-10-15 14:52:07
1989,1,95,return,15,2024-06-16 19:41:20
1990,1,52,return,28,2024-07-15 17:45:32
1991,2,97,return,17,2024-08-31 00:40:25
1992,1,107,shrinkage,-34,2024-10-28 22:22:55
1993,6,88,sale,-7,2024-06-23 20:32:20
1994,12,61,sale,-41,2024-11-24 21:26:45
1995,10,56,sale,-10,2024-08-12 14:18:13
1996,3,30,return,48,2024-11-02 04:29:39
1997,7,62,receive,35,2024-04-26 20:05:26
1998,5,54,receive,43,2024-06-19 22:12:17
1999,4,18,adjustment,20,2024-04-04 10:43:44
2000,1,85,adjustment,26,2024-10-08 23:06:02
2001,11,81,adjustment,29,2024-11-25 10:12:27
2002,11,33,receive,1,2024-02-08 15:41:08
2003,11,67,return,30,2024-11-06 09:33:02
2004,11,112,adjustment,25,2024-08-15 12:22:48
2005,10,106,return,13,2024-05-13 18:05:16
2006,10,49,receive,29,2024-02-03 23:18:53
2007,3,36,receive,36,2024-04-07 14:07:05
2008,11,61,adjustment,23,2024-09-29 02:27:47
2009,3,113,receive,50,2024-09-19 08:40:35
2010,6,49,sale,-12,2024-09-23 12:23:18
2011,5,98,adjustment,8,2024-07-25 19:36:51
2012,1,25,shrinkage,-34,2024-11-16 02:29:40
2013,2,104,return,41,2024-11-22 17:33:58
2014,4,59,receive,4,2024-12-16 10:53:30
2015,5,92,return,42,2024-07-22 03:15:55
2016,3,49,receive,38,2024-06-05 03:51:12
2017,12,5,receive,47,2024-06-25 15:26:54
2018,6,8,adjustment,45,2024-10-27 20:58:02
2019,10,59,return,50,2024-12-03 20:33:22
2020,3,21,receive,30,2024-07-15 16:14:26
2021,1,53,adjustment,32,2024-06-21 09:21:28
2022,5,109,shrinkage,-5,2024-07-17 16:04:28
2023,10,26,receive,46,2024-08-31 05:47:59
2024,2,52,sale,-45,2024-09-16 19:11:46
2025,7,65,return,9,2024-12-03 21:39:05
2026,7,113,sale,-14,2024-06-18 17:39:42
2027,2,71,shrinkage,-7,2024-04-02 10:54:25
2028,6,44,shrinkage,-49,2024-10-07 14:35:43
2029,7,47,adjustment,11,2024-06-29 17:33:54
2030,3,71,adjustment,36,2024-02-13 15:39:21
2031,11,93,shrinkage,-17,2024-09-18 18:49:30
2032,2,93,return,30,2024-05-27 14:13:28
2033,3,104,sale,-33,2024-01-15 07:25:09
2034,3,51,adjustment,4,2024-10-31 04:07:07
2035,10,38,adjustment,5,2024-08-04 09:19:03
2036,7,60,adjustment,6,2024-12-07 05:51:20
2037,12,53,return,5,2024-07-20 13:07:44
2038,2,34,adjustment,4,2024-04-09 06:11:16
2039,11,87,shrinkage,-38,2024-02-03 19:20:42
2040,3,76,sale,-28,2024-12-13 16:39:58
2041,4,99,sale,-10,2024-07-20 10:35:56
2042,1,115,sale,-39,2024-06-22 22:58:51
2043,10,104,shrinkage,-1,2024-10-31 17:43:40
2044,2,28,return,32,2024-02-28 14:17:37
2045,12,106,receive,37,2024-06-17 13:03:48
2046,8,117,sale,-35,2024-10-09 01:49:28
2047,7,50,adjustment,23,2024-01-27 05:16:19
2048,10,56,return,14,2024-06-21 06:46:14
2049,7,59,receive,16,2024-12-04 21:48:41
2050,10,112,sale,-31,2024-04-27 04:00:38
2051,10,77,receive,20,2024-03-30 23:46:30
2052,9,31,shrinkage,-29,2024-09-18 19:08:50
2053,6,105,receive,22,2024-12-11 12:39:17
2054,4,2,shrinkage,-41,2024-03-15 13:40:28
2055,4,106,adjustment,49,2024-12-05 10:21:57
2056,1,116,receive,19,2024-06-15 18:29:44
2057,8,118,receive,23,2024-01-30 09:56:41
2058,2,82,shrinkage,-44,2024-08-05 20:31:45
2059,9,72,sale,-32,2024-01-21 08:47:31
2060,4,21,sale,-19,2024-10-07 09:48:02
2061,9,79,receive,16,2024-05-26 06:11:03
2062,1,40,sale,-29,2024-04-13 23:22:21
2063,6,48,adjustment,42,2024-06-02 10:20:39
2064,7,100,sale,-37,2024-11-29 19:12:10
2065,5,3,shrinkage,-6,2024-08-09 18:27:27
2066,3,64,return,33,2024-11-01 08:47:47
2067,5,91,shrinkage,-11,2024-07-08 19:05:35
2068,8,48,shrinkage,-20,2024-12-16 23:31:50
2069,8,78,sale,-11,2024-06-29 07:27:05
2070,11,114,receive,6,2024-08-17 11:39:39
2071,3,33,adjustment,30,2024-05-17 20:58:10
2072,10,41,adjustment,40,2024-09-01 23:13:27
2073,7,27,sale,-31,2024-02-16 13:32:16
2074,12,10,shrinkage,-13,2024-05-03 22:53:09
2075,2,112,adjustment,2,2024-08-02 11:29:34
2076,8,117,receive,27,2024-05-01 16:15:27
2077,1,68,receive,30,2024-01-20 05:29:29
2078,4,103,adjustment,26,2024-01-27 12:28:40
2079,4,42,sale,-19,2024-02-29 06:59:16
2080,9,14,adjustment,38,2024-12-09 14:17:40
2081,5,43,sale,-45,2024-10-02 13:38:47
2082,9,34,return,22,2024-04-25 12:45:39
2083,3,82,adjustment,9,2024-04-18 02:10:36
2084,5,82,adjustment,23,2024-10-22 01:14:46
2085,4,102,shrinkage,-41,2024-08-03 09:34:22
2086,8,81,shrinkage,-45,2024-10-15 15:14:25
2087,3,85,receive,6,2024-04-19 15:41:59
2088,9,19,shrinkage,-11,2024-03-18 05:37:46
2089,8,79,sale,-24,2024-09-20 00:32:13
2090,10,94,shrinkage,-25,2024-07-26 06:38:08
2091,7,86,return,1,2024-05-27 09:16:40
2092,7,4,receive,6,2024-06-05 03:07:26
2093,6,44,shrinkage,-26,2024-05-17 10:06:59
2094,2,11,return,2,2024-04-02 08:55:03
2095,6,47,return,36,2024-02-09 23:16:14
2096,9,87,receive,44,2024-09-23 04:43:00
2097,11,97,receive,27,2024-06-04 07:12:08
2098,11,4,return,28,2024-11-25 15:10:42
2099,11,98,adjustment,31,2024-09-12 17:01:55
2100,3,82,receive,13,2024-06-18 10:37:53
2101,1,6,shrinkage,-18,2024-10-11 19:44:05
2102,12,110,sale,-35,2024-01-14 08:41:23
2103,1,116,adjustment,16,2024-10-06 21:17:48
2104,10,78,sale,-32,2024-07-24 16:22:44
2105,3,100,sale,-28,2024-08-15 05:06:15
2106,12,15,receive,39,2024-09-20 19:20:04
2107,10,93,adjustment,43,2024-07-23 18:57:00
2108,8,22,receive,37,2024-02-08 15:48:40
2109,7,26,receive,45,2024-09-13 09:40:33
2110,10,114,receive,28,2024-05-08 08:13:27
2111,2,54,shrinkage,-3,2024-01-13 02:50:22
2112,5,106,adjustment,12,2024-02-09 12:23:37
2113,6,26,return,31,2024-12-11 12:10:42
2114,11,5,receive,40,2024-03-21 16:12:25
2115,6,66,adjustment,6,2024-07-07 06:44:30
2116,1,116,sale,-1,2024-01-21 10:22:34
2117,11,94,return,21,2024-09-13 11:25:34
2118,6,2,receive,48,2024-07-30 02:25:20
2119,8,68,shrinkage,-1,2024-12-18 10:52:57
2120,1,84,return,12,2024-08-16 21:38:34
2121,10,99,return,10,2024-03-28 08:03:08
2122,3,46,return,43,2024-04-12 20:00:46
2123,4,83,sale,-17,2024-08-24 13:45:24
2124,3,88,sale,-12,2024-09-07 11:25:00
2125,2,119,sale,-44,2024-04-27 09:59:27
2126,4,102,receive,10,2024-05-08 13:35:55
2127,9,85,sale,-16,2024-09-25 21:27:51
2128,1,28,adjustment,41,2024-01-29 08:26:08
2129,4,18,sale,-32,2024-12-13 01:49:01
2130,7,94,shrinkage,-1,2024-12-11 23:12:12
2131,5,106,adjustment,42,2024-04-12 09:20:55
2132,5,64,sale,-1,2024-08-22 23:46:12
2133,11,93,shrinkage,-7,2024-02-16 23:55:50
2134,1,108,adjustment,41,2024-10-07 01:43:28
2135,9,2,shrinkage,-32,2024-06-11 19:17:24
2136,7,62,shrinkage,-20,2024-05-11 20:46:37
2137,4,119,sale,-19,2024-09-04 17:58:36
2138,11,25,sale,-23,2024-09-20 09:06:15
2139,8,66,return,15,2024-06-25 22:21:29
2140,1,100,receive,44,2024-01-29 13:30:49
2141,9,98,receive,13,2024-03-17 19:32:17
2142,12,52,receive,14,2024-06-01 02:52:14
2143,4,62,return,2,2024-06-12 17:26:28
2144,1,41,receive,15,2024-04-04 11:59:39
2145,12,119,return,7,2024-12-14 21:10:58
2146,2,51,sale,-47,2024-09-13 10:13:26
2147,8,72,return,23,2024-09-21 06:07:54
2148,8,81,sale,-27,2024-11-11 11:44:49
2149,3,45,sale,-1,2024-04-05 03:41:21
2150,5,85,sale,-28,2024-10-31 14:54:19
2151,1,22,adjustment,16,2024-03-13 10:45:40
2152,3,52,shrinkage,-39,2024-02-20 17:16:34
2153,8,18,shrinkage,-30,2024-01-11 02:49:26
2154,3,24,shrinkage,-20,2024-10-16 08:07:52
2155,1,3,shrinkage,-46,2024-07-08 23:57:18
2156,6,11,receive,1,2024-10-29 12:09:01
2157,3,73,sale,-39,2024-09-01 19:35:51
2158,12,34,receive,37,2024-10-29 06:29:22
2159,10,53,return,27,2024-06-30 16:41:20
2160,9,73,return,41,2024-05-27 12:17:12
2161,5,115,return,39,2024-09-18 21:05:54
2162,9,85,receive,49,2024-11-18 23:34:17
2163,8,9,sale,-3,2024-03-27 07:07:36
2164,3,115,shrinkage,-10,2024-10-31 18:10:32
2165,9,38,return,12,2024-10-06 15:50:43
2166,3,14,sale,-35,2024-04-23 13:18:53
2167,12,27,sale,-9,2024-02-06 06:03:54
2168,4,113,sale,-49,2024-01-15 11:39:41
2169,1,83,receive,19,2024-10-11 06:37:35
2170,3,80,return,25,2024-01-01 13:37:18
2171,4,4,sale,-39,2024-03-18 04:33:30
2172,11,1,shrinkage,-22,2024-12-04 04:38:23
2173,9,63,sale,-2,2024-03-06 22:36:57
2174,1,99,adjustment,23,2024-02-29 11:53:28
2175,1,3,sale,-21,2024-05-18 17:17:33
2176,7,77,sale,-6,2024-07-17 14:59:08
2177,7,1,adjustment,46,2024-03-03 22:57:54
2178,4,105,receive,18,2024-04-03 21:37:43
2179,9,62,return,20,2024-03-30 17:08:03
2180,8,109,sale,-1,2024-05-16 03:35:36
2181,4,46,shrinkage,-27,2024-02-21 07:10:25
2182,8,53,sale,-1,2024-01-14 14:02:42
2183,12,76,adjustment,25,2024-10-23 21:02:08
2184,4,120,sale,-21,2024-02-23 06:34:07
2185,8,85,sale,-39,2024-06-19 20:09:12
2186,7,63,return,36,2024-07-31 22:45:34
2187,2,30,shrinkage,-7,2024-04-16 12:20:08
2188,3,112,receive,15,2024-07-12 18:23:31
2189,6,100,adjustment,40,2024-04-30 10:12:15
2190,2,102,return,16,2024-01-28 03:47:56
2191,5,4,receive,16,2024-08-16 20:42:28
2192,9,72,adjustment,45,2024-08-05 21:07:18
2193,5,21,shrinkage,-24,2024-04-03 13:54:10
2194,12,100,sale,-47,2024-12-23 06:33:30
2195,8,14,shrinkage,-38,2024-04-09 06:17:12
2196,3,69,return,1,2024-11-03 14:51:25
2197,9,90,shrinkage,-49,2024-10-28 15:05:48
2198,9,47,adjustment,44,2024-03-27 02:47:36
2199,9,2,sale,-43,2024-07-30 16:34:37
2200,6,20,receive,10,2024-10-21 21:49:58
2201,1,7,return,42,2024-02-05 04:54:35
2202,7,35,shrinkage,-45,2024-05-19 16:16:00
2203,12,12,return,23,2024-08-08 08:49:09
2204,7,34,shrinkage,-31,2024-11-17 08:12:25
2205,1,25,sale,-8,2024-07-20 01:32:43
2206,8,2,sale,-40,2024-05-22 13:42:50
2207,12,6,shrinkage,-36,2024-07-31 15:13:02
2208,9,36,sale,-15,2024-09-16 05:20:07
2209,6,80,return,1,2024-02-22 12:08:51
2210,12,103,receive,27,2024-08-11 09:43:38
2211,9,89,receive,28,2024-08-02 07:06:45
2212,2,30,return,41,2024-05-31 06:57:09
2213,4,88,adjustment,10,2024-02-25 11:12:52
2214,5,88,return,28,2024-10-26 06:38:48
2215,3,55,return,24,2024-06-08 19:55:09
2216,2,47,adjustment,43,2024-06-24 00:27:21
2217,3,105,sale,-22,2024-09-13 00:43:44
2218,6,109,receive,31,2024-02-21 07:13:59
2219,8,36,shrinkage,-19,2024-06-25 20:18:30
2220,10,88,sale,-30,2024-01-17 15:46:18
2221,6,75,shrinkage,-17,2024-12-24 22:27:07
2222,5,49,receive,29,2024-03-27 21:07:31
2223,6,29,adjustment,4,2024-06-11 17:10:34
2224,12,65,return,19,2024-07-12 13:52:53
2225,12,88,receive,28,2024-10-07 22:59:26
2226,12,63,return,1,2024-08-24 09:29:53
2227,12,9,sale,-25,2024-01-12 14:42:05
2228,3,82,shrinkage,-30,2024-12-22 01:23:32
2229,11,7,receive,47,2024-12-20 07:11:48
2230,8,97,receive,7,2024-01-11 01:05:47
2231,7,38,shrinkage,-4,2024-12-11 23:17:49
2232,3,100,sale,-10,2024-05-18 14:18:53
2233,11,97,shrinkage,-26,2024-08-06 17:01:19
2234,10,104,shrinkage,-2,2024-01-25 01:30:26
2235,9,69,receive,19,2024-07-22 22:13:43
2236,5,70,shrinkage,-20,2024-05-30 10:49:17
2237,11,107,return,17,2024-01-29 14:57:37
2238,12,9,sale,-18,2024-10-05 06:06:15
2239,3,19,shrinkage,-27,2024-01-23 23:05:15
2240,7,99,shrinkage,-6,2024-04-06 23:00:17
2241,9,24,receive,31,2024-10-03 11:26:03
2242,3,95,shrinkage,-21,2024-11-15 16:42:15
2243,3,89,receive,36,2024-06-08 22:44:50
2244,7,57,shrinkage,-10,2024-03-23 06:55:10
2245,11,75,adjustment,31,2024-05-05 11:37:49
2246,7,93,adjustment,27,2024-10-02 00:24:56
2247,6,75,return,44,2024-12-11 07:15:35
2248,9,51,sale,-29,2024-08-04 07:48:52
2249,8,106,shrinkage,-23,2024-05-09 18:01:17
2250,10,93,adjustment,8,2024-12-12 13:40:58
2251,2,99,shrinkage,-40,2024-12-17 17:19:46
2252,8,89,sale,-19,2024-10-05 00:01:41
2253,9,115,receive,34,2024-10-11 05:06:32
2254,8,3,adjustment,13,2024-03-25 12:40:19
2255,8,81,shrinkage,-30,2024-04-11 15:21:58
2256,8,20,adjustment,50,2024-10-27 21:56:23
2257,8,93,sale,-11,2024-11-20 00:07:36
2258,7,96,shrinkage,-8,2024-04-01 00:13:49
2259,7,9,return,43,2024-10-11 07:00:54
2260,10,29,adjustment,20,2024-01-19 09:41:25
2261,8,89,adjustment,9,2024-01-18 20:05:25
2262,12,81,sale,-44,2024-07-28 03:58:36
2263,3,106,receive,31,2024-04-29 09:40:59
2264,11,76,return,46,2024-08-27 16:21:27
2265,7,24,return,6,2024-09-05 20:35:17
2266,4,118,sale,-18,2024-05-13 10:09:37
2267,10,118,receive,47,2024-02-20 02:21:01
2268,4,87,receive,19,2024-09-13 10:59:55
2269,11,11,return,11,2024-02-01 18:34:12
2270,6,67,sale,-22,2024-11-26 04:00:42
2271,5,100,return,48,2024-10-29 11:35:23
2272,11,103,receive,17,2024-03-26 02:15:54
2273,5,28,shrinkage,-10,2024-05-14 02:32:45
2274,1,8,shrinkage,-47,2024-05-28 10:57:36
2275,11,78,shrinkage,-9,2024-01-14 20:22:04
2276,6,9,receive,13,2024-04-07 13:16:00
2277,12,100,receive,24,2024-08-17 23:41:47
2278,5,97,shrinkage,-50,2024-11-02 03:54:30
2279,11,98,sale,-46,2024-07-30 00:50:00
2280,4,37,shrinkage,-19,2024-02-29 03:53:31
2281,9,32,return,9,2024-06-20 20:36:31
2282,1,54,receive,29,2024-07-06 08:09:57
2283,11,94,receive,18,2024-08-21 04:16:49
2284,8,51,return,10,2024-03-30 23:21:55
2285,7,79,receive,32,2024-12-09 07:37:40
2286,11,6,sale,-50,2024-12-04 03:18:08
2287,3,40,sale,-12,2024-03-29 00:56:31
2288,5,9,adjustment,42,2024-06-26 12:24:30
2289,10,92,sale,-49,2024-09-24 19:13:07
2290,12,11,receive,30,2024-01-24 01:26:14
2291,1,47,sale,-19,2024-05-02 00:47:30
2292,10,51,receive,40,2024-01-10 08:01:31
2293,2,21,adjustment,8,2024-07-05 22:56:05
2294,3,108,receive,37,2024-09-18 01:22:25
2295,9,37,receive,11,2024-06-21 17:40:39
2296,1,83,shrinkage,-18,2024-03-17 05:35:52
2297,2,45,sale,-8,2024-02-05 22:17:22
2298,10,105,shrinkage,-32,2024-02-17 15:31:13
2299,8,67,adjustment,47,2024-03-12 02:14:03
2300,6,115,adjustment,45,2024-11-24 08:59:18
2301,2,48,adjustment,16,2024-06-13 04:19:18
2302,9,70,adjustment,18,2024-09-16 20:43:43
2303,7,82,return,42,2024-01-07 22:02:42
2304,5,98,return,25,2024-08-11 06:08:46
2305,7,1,adjustment,11,2024-07-20 02:23:43
2306,6,30,adjustment,49,2024-09-02 08:05:17
2307,11,93,adjustment,20,2024-08-22 20:25:00
2308,3,72,receive,34,2024-07-01 13:36:29
2309,2,104,receive,45,2024-03-19 07:50:46
2310,12,53,sale,-23,2024-10-26 03:24:53
2311,5,25,receive,15,2024-04-04 14:47:57
2312,2,12,sale,-44,2024-12-27 16:43:22
2313,8,96,receive,28,2024-10-06 21:41:26
2314,5,41,return,31,2024-12-09 05:27:16
2315,9,102,sale,-37,2024-10-16 13:05:39
2316,11,73,receive,18,2024-11-25 12:38:08
2317,10,61,shrinkage,-46,2024-02-04 17:36:45
2318,1,31,receive,47,2024-03-22 10:44:12
2319,4,107,adjustment,38,2024-08-24 15:07:26
2320,2,52,receive,33,2024-05-10 01:27:52
2321,12,1,sale,-40,2024-06-28 17:49:50
2322,7,57,receive,50,2024-06-15 11:49:53
2323,5,37,receive,39,2024-03-22 11:14:20
2324,1,90,return,31,2024-06-19 22:08:51
2325,7,108,receive,19,2024-01-05 18:52:04
2326,7,75,sale,-26,2024-01-09 14:37:44
2327,1,45,return,10,2024-08-04 16:28:18
2328,7,28,return,32,2024-04-19 01:10:12
2329,1,105,shrinkage,-33,2024-11-30 11:55:41
2330,11,44,receive,29,2024-04-29 07:29:25
2331,5,39,return,5,2024-04-04 13:36:31
2332,9,120,shrinkage,-9,2024-05-02 17:14:42
2333,9,84,sale,-47,2024-04-05 07:16:31
2334,11,45,return,10,2024-06-01 09:22:52
2335,4,59,sale,-16,2024-07-26 21:50:20
2336,1,109,adjustment,49,2024-02-08 21:02:10
2337,8,62,shrinkage,-39,2024-07-18 00:35:09
2338,10,6,return,49,2024-03-22 02:37:14
2339,9,89,receive,4,2024-01-05 00:08:05
2340,7,28,receive,1,2024-05-02 08:55:43
2341,10,81,return,2,2024-06-28 06:05:05
2342,7,16,return,1,2024-09-17 15:29:07
2343,5,66,adjustment,33,2024-06-30 13:36:05
2344,2,111,adjustment,39,2024-01-24 01:30:17
2345,8,101,sale,-15,2024-08-04 01:42:07
2346,3,103,receive,4,2024-08-21 02:07:51
2347,3,7,receive,40,2024-02-11 18:52:09
2348,2,36,shrinkage,-47,2024-07-23 03:12:40
2349,10,18,receive,44,2024-05-28 06:59:43
2350,9,45,receive,37,2024-12-16 22:35:06
2351,9,108,shrinkage,-18,2024-06-28 17:54:03
2352,10,25,shrinkage,-34,2024-11-21 02:15:37
2353,11,29,adjustment,17,2024-12-17 02:49:45
2354,7,78,receive,41,2024-06-12 16:38:40
2355,11,15,receive,40,2024-06-14 23:17:39
2356,1,29,sale,-34,2024-10-09 07:05:29
2357,3,118,sale,-44,2024-11-25 02:01:37
2358,4,71,sale,-12,2024-04-03 02:06:17
2359,6,28,adjustment,21,2024-05-06 13:14:06
2360,11,64,sale,-30,2024-09-25 17:52:11
2361,1,43,shrinkage,-9,2024-10-20 00:01:07
2362,11,41,receive,42,2024-01-26 02:32:27
2363,9,110,shrinkage,-29,2024-02-28 21:21:17
2364,1,53,shrinkage,-26,2024-05-19 18:58:06
2365,8,64,adjustment,32,2024-10-09 14:13:23
2366,8,70,shrinkage,-31,2024-02-17 16:49:01
2367,4,110,receive,33,2024-08-31 07:12:37
2368,5,105,shrinkage,-14,2024-08-22 04:02:39
2369,8,17,receive,3,2024-06-01 04:00:00
2370,12,55,sale,-9,2024-08-27 17:08:45
2371,6,55,shrinkage,-37,2024-07-29 00:57:19
2372,7,46,adjustment,20,2024-07-13 17:11:35
2373,10,98,sale,-26,2024-06-29 17:19:16
2374,11,3,adjustment,48,2024-01-26 11:35:03
2375,10,90,adjustment,23,2024-01-04 04:37:33
2376,1,28,shrinkage,-5,2024-11-11 06:40:49
2377,12,113,return,42,2024-01-22 17:44:49
2378,5,27,shrinkage,-35,2024-01-01 22:46:10
2379,2,46,sale,-5,2024-05-17 03:45:10
2380,1,2,return,45,2024-07-25 22:44:13
2381,4,48,sale,-20,2024-09-24 00:01:12
2382,9,42,shrinkage,-19,2024-11-01 07:08:49
2383,3,43,return,26,2024-01-27 17:04:42
2384,5,118,receive,48,2024-06-20 10:58:58
2385,9,39,sale,-29,2024-05-31 10:55:59
2386,1,13,shrinkage,-48,2024-03-17 23:41:14
2387,3,100,return,31,2024-09-20 19:20:05
2388,10,66,receive,45,2024-05-29 06:52:41
2389,10,46,sale,-42,2024-11-12 22:53:44
2390,6,20,return,44,2024-10-08 23:50:43
2391,7,98,shrinkage,-13,2024-10-20 21:14:46
2392,11,55,receive,17,2024-10-22 02:06:05
2393,12,24,return,37,2024-12-28 07:34:52
2394,10,3,return,48,2024-11-07 17:23:05
2395,11,87,receive,5,2024-08-26 14:26:51
2396,4,118,shrinkage,-21,2024-10-09 06:19:44
2397,9,74,shrinkage,-6,2024-10-01 12:20:18
2398,12,66,return,16,2024-10-04 18:09:15
2399,3,36,return,24,2024-07-11 17:56:00
2400,12,40,sale,-20,2024-09-09 02:42:54
2401,3,41,shrinkage,-23,2024-09-01 19:06:28
2402,2,21,sale,-36,2024-06-05 11:33:23
2403,10,43,sale,-38,2024-10-23 17:11:02
2404,12,29,shrinkage,-11,2024-02-10 00:17:56
2405,1,56,sale,-35,2024-05-28 06:52:28
2406,9,102,return,9,2024-02-08 07:17:29
2407,11,6,receive,46,2024-06-26 12:39:18
2408,4,44,shrinkage,-3,2024-01-30 16:00:27
2409,4,24,return,30,2024-01-09 20:15:32
2410,11,98,return,19,2024-11-06 01:14:13
2411,2,102,return,33,2024-02-25 15:10:58
2412,3,36,sale,-2,2024-03-12 04:09:12
2413,6,79,return,33,2024-07-21 19:00:48
2414,9,47,return,29,2024-03-22 03:42:24
2415,10,109,sale,-39,2024-07-08 15:24:05
2416,5,22,adjustment,1,2024-07-30 02:22:01
2417,6,46,receive,9,2024-09-14 21:24:13
2418,7,21,return,38,2024-08-25 13:50:54
2419,2,35,sale,-50,2024-05-03 01:38:44
2420,4,102,shrinkage,-24,2024-08-19 04:34:08
2421,6,53,shrinkage,-8,2024-06-29 13:19:18
2422,3,2,adjustment,4,2024-04-06 00:50:35
2423,7,90,adjustment,40,2024-08-04 09:45:48
2424,9,77,sale,-31,2024-03-16 06:12:06
2425,7,29,receive,7,2024-05-14 00:27:21
2426,11,24,adjustment,31,2024-03-19 00:26:10
2427,8,37,shrinkage,-6,2024-02-17 17:41:18
2428,9,39,return,35,2024-07-11 00:57:52
2429,9,75,receive,23,2024-02-28 07:23:48
2430,10,13,shrinkage,-19,2024-04-22 09:39:46
2431,1,73,receive,4,2024-11-26 03:24:00
2432,3,44,return,34,2024-06-26 10:46:20
2433,9,20,return,30,2024-03-18 07:22:38
2434,2,28,receive,12,2024-03-01 18:55:34
2435,1,30,adjustment,49,2024-11-17 16:49:38
2436,4,120,return,20,2024-01-17 08:57:13
2437,6,82,sale,-13,2024-09-23 12:50:27
2438,11,33,receive,7,2024-06-11 03:42:44
2439,5,102,adjustment,35,2024-10-12 03:54:09
2440,6,86,receive,46,2024-06-10 16:38:50
2441,1,80,sale,-13,2024-07-12 23:35:07
2442,2,80,shrinkage,-25,2024-05-17 02:53:45
2443,9,118,return,5,2024-01-09 05:02:21
2444,3,91,receive,47,2024-04-22 04:37:48
2445,7,42,return,35,2024-12-12 21:29:24
2446,2,73,sale,-12,2024-11-10 10:54:30
2447,3,112,receive,26,2024-12-28 19:08:38
2448,2,46,sale,-44,2024-05-02 22:00:09
2449,1,11,shrinkage,-6,2024-06-18 23:14:42
2450,8,78,shrinkage,-46,2024-06-20 18:26:30
2451,10,41,receive,20,2024-06-30 00:10:20
2452,11,90,receive,1,2024-11-30 09:31:14
2453,7,24,sale,-21,2024-11-12 05:01:19
2454,1,10,adjustment,32,2024-05-09 08:16:26
2455,10,10,adjustment,44,2024-04-19 11:14:30
2456,9,83,shrinkage,-3,2024-08-21 01:33:00
2457,3,26,shrinkage,-15,2024-06-07 18:00:56
2458,1,90,return,42,2024-04-18 22:41:09
2459,8,3,adjustment,47,2024-10-19 06:31:19
2460,11,3,adjustment,28,2024-01-20 21:00:09
2461,12,46,adjustment,40,2024-05-27 15:21:22
2462,6,17,adjustment,14,2024-08-12 07:55:42
2463,9,32,receive,47,2024-02-07 01:52:16
2464,3,94,return,38,2024-07-14 13:14:04
2465,3,18,receive,33,2024-10-01 07:23:25
2466,10,69,adjustment,1,2024-02-12 16:36:36
2467,7,20,return,44,2024-04-08 22:07:11
2468,5,45,receive,26,2024-08-24 05:43:15
2469,7,11,sale,-32,2024-01-06 15:22:44
2470,4,34,receive,35,2024-09-16 21:05:03
2471,5,78,adjustment,34,2024-05-05 12:35:27
2472,4,16,return,46,2024-01-18 05:37:52
2473,3,81,adjustment,41,2024-04-23 03:20:00
2474,4,73,sale,-39,2024-10-04 06:25:49
2475,2,110,shrinkage,-7,2024-09-22 12:18:52
2476,12,49,return,18,2024-05-02 08:09:06
2477,10,36,shrinkage,-2,2024-06-08 07:34:49
2478,3,8,shrinkage,-43,2024-05-02 19:20:27
2479,3,95,adjustment,40,2024-05-09 20:25:51
2480,9,82,adjustment,4,2024-06-23 11:01:05
2481,3,46,receive,39,2024-03-14 19:08:54
2482,4,82,sale,-2,2024-02-27 15:30:50
2483,1,104,adjustment,50,2024-07-31 09:39:21
2484,3,103,sale,-1,2024-05-04 17:59:24
2485,4,101,shrinkage,-19,2024-05-10 19:06:50
2486,3,72,receive,14,2024-04-07 04:38:46
2487,10,60,shrinkage,-21,2024-11-15 15:33:43
2488,8,119,return,10,2024-11-22 06:40:56
2489,4,19,adjustment,25,2024-02-03 07:53:58
2490,1,27,shrinkage,-10,2024-02-13 20:49:25
2491,2,68,adjustment,12,2024-01-03 21:27:03
2492,6,102,receive,44,2024-02-19 18:56:51
2493,6,102,return,5,2024-04-04 01:55:05
2494,1,113,shrinkage,-49,2024-09-01 11:08:00
2495,10,80,adjustment,12,2024-08-24 11:55:26
2496,5,24,adjustment,19,2024-09-06 16:14:12
2497,10,64,adjustment,2,2024-07-03 10:43:50
2498,1,28,return,22,2024-05-26 17:54:53
2499,3,10,return,23,2024-05-08 08:36:25
2500,3,63,return,10,2024-11-27 04:09:54
2501,2,52,shrinkage,-7,2024-08-14 20:51:38
2502,6,98,adjustment,23,2024-11-13 12:32:23
2503,10,101,return,8,2024-09-14 10:42:00
2504,10,94,receive,17,2024-05-05 08:15:39
2505,5,109,shrinkage,-4,2024-06-17 20:20:54
2506,6,39,adjustment,34,2024-10-15 11:55:15
2507,3,78,sale,-20,2024-01-22 18:33:49
2508,11,79,shrinkage,-34,2024-05-30 08:02:42
2509,7,52,receive,43,2024-02-11 22:41:16
2510,9,112,adjustment,4,2024-11-24 01:07:21
2511,1,57,return,40,2024-10-27 04:22:17
2512,9,78,receive,1,2024-06-10 09:10:24
2513,2,71,receive,10,2024-12-05 03:15:58
2514,1,117,sale,-8,2024-05-25 01:37:46
2515,6,56,adjustment,30,2024-11-30 02:49:47
2516,6,24,receive,27,2024-03-16 21:12:27
2517,6,80,sale,-41,2024-04-09 15:48:32
2518,12,36,return,50,2024-05-18 00:10:56
2519,1,58,adjustment,21,2024-04-29 01:21:02
2520,8,68,shrinkage,-37,2024-02-07 20:14:12
2521,6,102,return,40,2024-04-03 15:39:34
2522,10,69,shrinkage,-30,2024-07-09 17:38:11
2523,6,88,receive,20,2024-02-21 18:57:23
2524,6,119,shrinkage,-2,2024-07-12 02:19:10
2525,12,38,sale,-11,2024-02-14 08:08:24
2526,3,1,sale,-50,2024-07-01 03:37:21
2527,12,28,adjustment,1,2024-01-05 07:08:17
2528,2,39,return,12,2024-12-28 00:15:56
2529,4,23,sale,-9,2024-10-22 19:35:22
2530,10,14,return,9,2024-09-04 15:26:02
2531,1,34,receive,32,2024-08-16 11:20:47
2532,4,92,shrinkage,-21,2024-03-26 06:56:12
2533,9,38,sale,-1,2024-12-06 17:40:55
2534,8,10,shrinkage,-20,2024-06-08 09:57:58
2535,7,2,shrinkage,-2,2024-04-04 15:36:36
2536,12,43,receive,42,2024-04-14 14:28:14
2537,10,7,sale,-14,2024-12-24 13:43:50
2538,4,13,sale,-37,2024-03-16 18:45:07
2539,7,95,receive,23,2024-09-27 22:28:18
2540,8,19,receive,44,2024-06-24 00:38:49
2541,4,12,receive,24,2024-11-21 06:09:22
2542,11,98,adjustment,32,2024-11-30 19:25:20
2543,7,88,sale,-16,2024-07-14 06:44:07
2544,7,46,shrinkage,-9,2024-06-06 07:29:36
2545,4,4,receive,46,2024-05-26 06:12:34
2546,2,65,receive,13,2024-01-14 08:43:58
2547,11,28,shrinkage,-29,2024-11-10 23:19:51
2548,10,98,return,11,2024-06-03 12:20:05
2549,4,87,return,1,2024-10-11 07:05:38
2550,6,38,adjustment,23,2024-05-24 15:47:30
2551,2,43,adjustment,40,2024-07-20 23:53:38
2552,4,120,sale,-12,2024-08-24 12:33:32
2553,10,10,shrinkage,-5,2024-03-04 06:30:01
2554,9,113,receive,39,2024-01-27 10:55:19
2555,10,11,adjustment,31,2024-09-27 22:48:18
2556,1,11,shrinkage,-45,2024-07-23 06:55:34
2557,3,108,adjustment,30,2024-09-08 00:38:14
2558,2,59,shrinkage,-22,2024-06-06 01:05:17
2559,8,67,return,41,2024-08-05 20:46:21
2560,8,105,adjustment,28,2024-02-17 17:21:11
2561,3,11,adjustment,32,2024-10-04 10:53:15
2562,12,95,return,47,2024-04-10 06:43:18
2563,5,14,return,25,2024-05-19 19:01:27
2564,8,37,sale,-31,2024-12-12 13:32:00
2565,6,112,shrinkage,-34,2024-03-12 08:09:06
2566,5,69,receive,14,2024-02-26 11:45:44
2567,9,101,receive,33,2024-01-06 11:41:00
2568,2,24,shrinkage,-44,2024-05-22 04:00:34
2569,6,65,return,43,2024-04-16 16:09:37
2570,6,58,sale,-21,2024-03-05 11:24:59
2571,7,34,receive,29,2024-02-11 23:34:12
2572,12,93,return,41,2024-12-26 10:53:35
2573,10,11,sale,-7,2024-01-17 02:54:18
2574,5,56,return,10,2024-07-12 12:51:42
2575,5,8,return,23,2024-06-16 16:40:53
2576,5,42,return,14,2024-01-27 02:26:59
2577,11,23,shrinkage,-4,2024-04-02 08:47:34
2578,9,105,sale,-28,2024-05-03 22:12:22
2579,2,20,shrinkage,-17,2024-06-24 02:35:54
2580,3,74,shrinkage,-9,2024-06-06 10:27:51
2581,4,25,adjustment,3,2024-12-16 13:46:18
2582,11,120,receive,39,2024-05-15 10:55:11
2583,2,9,sale,-44,2024-08-23 14:13:07
2584,2,87,sale,-10,2024-03-01 15:01:19
2585,8,93,adjustment,7,2024-05-16 08:41:49
2586,9,33,sale,-23,2024-09-28 02:16:27
2587,2,12,shrinkage,-49,2024-12-03 22:38:24
2588,8,89,return,12,2024-03-02 02:40:39
2589,4,16,shrinkage,-22,2024-07-16 00:07:50
2590,4,12,sale,-11,2024-08-29 23:46:12
2591,8,45,adjustment,2,2024-03-18 14:29:28
2592,5,118,receive,40,2024-06-20 20:08:19
2593,2,94,shrinkage,-6,2024-04-13 23:14:37
2594,9,48,return,15,2024-06-05 02:05:52
2595,3,82,adjustment,42,2024-04-13 14:02:27
2596,9,109,receive,36,2024-06-29 10:21:51
2597,4,15,adjustment,47,2024-08-02 23:11:57
2598,6,18,shrinkage,-31,2024-06-16 19:16:58
2599,5,21,shrinkage,-17,2024-09-11 11:21:44
2600,7,71,return,8,2024-08-17 10:04:38
2601,3,52,receive,32,2024-09-25 02:20:14
2602,11,99,return,44,2024-07-28 15:59:23
2603,7,107,shrinkage,-10,2024-06-23 23:10:49
2604,12,92,return,11,2024-09-12 08:31:53
2605,10,7,receive,15,2024-08-28 18:20:26
2606,2,51,receive,3,2024-02-23 14:05:39
2607,9,11,receive,7,2024-02-09 09:39:34
2608,8,5,return,2,2024-04-22 12:14:45
2609,12,115,adjustment,35,2024-09-11 16:51:56
2610,11,103,adjustment,15,2024-07-03 21:12:08
2611,5,66,receive,24,2024-02-22 16:36:59
2612,2,93,adjustment,47,2024-01-02 10:53:15
2613,3,6,adjustment,16,2024-08-07 11:07:44
2614,8,99,receive,41,2024-02-01 00:24:55
2615,7,87,sale,-8,2024-06-13 06:06:09
2616,3,75,return,33,2024-01-26 09:29:24
2617,1,107,adjustment,31,2024-02-13 10:44:41
2618,10,51,adjustment,28,2024-07-09 08:34:08
2619,12,33,receive,44,2024-06-05 06:42:32
2620,7,107,receive,26,2024-04-13 11:48:43
2621,9,44,shrinkage,-44,2024-11-14 07:03:14
2622,12,98,shrinkage,-35,2024-09-10 17:02:22
2623,5,101,return,18,2024-09-15 13:14:44
2624,3,37,return,4,2024-12-16 01:52:55
2625,5,94,shrinkage,-48,2024-07-15 22:22:27
2626,9,52,return,23,2024-03-27 06:33:09
2627,9,55,shrinkage,-48,2024-04-23 18:09:56
2628,6,14,sale,-27,2024-05-08 02:51:44
2629,3,64,adjustment,27,2024-06-21 16:07:23
2630,4,14,return,24,2024-03-07 18:41:50
2631,6,108,return,6,2024-09-26 23:48:42
2632,8,107,shrinkage,-14,2024-12-19 07:11:34
2633,3,12,receive,10,2024-05-27 12:29:40
2634,9,14,shrinkage,-27,2024-07-19 22:38:41
2635,6,4,adjustment,14,2024-04-25 19:36:04
2636,6,68,return,27,2024-10-16 23:18:30
2637,12,76,adjustment,32,2024-01-25 14:47:02
2638,1,37,return,42,2024-05-26 05:49:59
2639,9,108,shrinkage,-12,2024-06-17 16:00:02
2640,12,31,return,12,2024-11-13 05:05:42
2641,5,24,sale,-24,2024-08-27 08:11:26
2642,3,68,shrinkage,-41,2024-07-03 06:53:50
2643,1,117,receive,22,2024-02-22 16:59:11
2644,6,11,sale,-26,2024-03-11 16:16:41
2645,8,118,sale,-21,2024-07-26 10:47:02
2646,7,16,shrinkage,-12,2024-02-08 06:23:06
2647,2,81,return,1,2024-10-02 09:40:09
2648,9,35,shrinkage,-30,2024-04-10 11:08:31
2649,3,53,receive,23,2024-09-02 11:34:38
2650,5,60,receive,11,2024-01-27 15:17:03
2651,12,49,sale,-31,2024-05-25 07:33:57
2652,8,81,sale,-16,2024-12-16 10:12:38
2653,12,24,receive,2,2024-06-12 02:40:25
2654,2,15,shrinkage,-15,2024-06-17 19:59:41
2655,9,79,return,10,2024-08-26 07:07:57
2656,12,86,adjustment,50,2024-04-20 03:56:17
2657,9,2,sale,-46,2024-03-16 09:52:41
2658,4,82,return,11,2024-04-03 03:50:11
2659,6,111,shrinkage,-41,2024-04-08 13:48:08
2660,11,48,shrinkage,-28,2024-04-01 11:44:47
2661,9,28,shrinkage,-20,2024-05-31 23:00:04
2662,1,58,return,38,2024-01-28 11:38:24
2663,7,96,shrinkage,-34,2024-11-26 01:29:05
2664,2,41,return,21,2024-06-18 04:23:07
2665,2,25,shrinkage,-28,2024-10-19 07:34:27
2666,12,7,return,31,2024-09-07 21:40:55
2667,6,117,receive,41,2024-01-03 15:04:34
2668,5,24,return,9,2024-05-04 10:33:03
2669,9,34,adjustment,24,2024-07-20 03:00:48
2670,10,75,sale,-13,2024-04-04 20:30:47
2671,6,62,receive,29,2024-12-25 10:55:47
2672,7,71,return,13,2024-07-16 04:56:20
2673,5,76,shrinkage,-18,2024-01-09 12:51:46
2674,9,95,return,48,2024-06-24 15:01:23
2675,8,19,adjustment,40,2024-12-30 13:31:18
2676,8,20,shrinkage,-2,2024-08-29 03:01:55
2677,3,64,adjustment,48,2024-01-29 13:32:57
2678,5,1,receive,44,2024-04-20 15:36:34
2679,7,119,return,4,2024-07-23 22:43:33
2680,8,77,shrinkage,-7,2024-07-03 05:42:29
2681,4,56,receive,33,2024-07-22 21:21:16
2682,6,58,return,10,2024-04-15 02:12:14
2683,6,21,receive,25,2024-04-23 13:35:43
2684,3,84,receive,45,2024-02-06 05:22:59
2685,2,95,shrinkage,-4,2024-07-22 23:32:00
2686,3,100,shrinkage,-21,2024-04-07 20:45:10
2687,11,72,return,9,2024-02-02 13:06:07
2688,12,118,receive,42,2024-02-23 06:22:45
2689,2,104,return,37,2024-12-10 09:54:57
2690,5,101,adjustment,16,2024-03-14 02:42:31
2691,4,72,receive,49,2024-12-22 22:55:10
2692,12,61,shrinkage,-43,2024-07-26 20:10:28
2693,5,19,adjustment,27,2024-12-18 12:43:27
2694,10,117,receive,7,2024-06-30 08:13:58
2695,8,4,adjustment,40,2024-09-06 20:52:38
2696,1,89,return,15,2024-12-18 14:02:48
2697,4,60,receive,44,2024-02-17 23:25:51
2698,10,82,sale,-25,2024-03-29 06:43:45
2699,10,99,shrinkage,-34,2024-11-09 03:45:38
2700,12,53,return,5,2024-12-12 14:31:57
2701,5,82,sale,-27,2024-04-07 09:38:15
2702,7,24,shrinkage,-25,2024-10-03 22:05:42
2703,12,74,receive,23,2024-05-01 04:30:22
2704,12,44,sale,-5,2024-08-16 18:25:37
2705,1,101,shrinkage,-11,2024-06-02 14:52:01
2706,8,16,sale,-21,2024-07-27 13:41:45
2707,5,2,return,32,2024-06-10 01:39:02
2708,1,65,sale,-48,2024-01-11 11:54:58
2709,8,32,return,18,2024-06-12 05:28:51
2710,1,2,adjustment,38,2024-06-27 17:05:07
2711,12,33,receive,41,2024-11-29 18:20:47
2712,8,101,adjustment,34,2024-05-16 02:45:37
2713,7,35,return,49,2024-08-18 19:00:05
2714,12,20,return,22,2024-08-11 22:05:58
2715,4,32,return,35,2024-12-11 10:25:07
2716,9,49,shrinkage,-21,2024-04-29 17:43:28
2717,7,70,receive,1,2024-02-18 17:09:43
2718,3,2,shrinkage,-29,2024-06-12 20:37:59
2719,5,50,return,13,2024-01-27 17:48:19
2720,12,94,adjustment,43,2024-05-25 04:14:24
2721,12,114,shrinkage,-22,2024-08-07 15:15:02
2722,7,18,adjustment,17,2024-02-19 13:57:03
2723,4,30,return,43,2024-02-17 10:27:42
2724,3,70,sale,-19,2024-11-15 00:45:51
2725,4,82,adjustment,2,2024-04-03 15:47:36
2726,8,44,sale,-26,2024-12-02 21:11:00
2727,10,104,adjustment,33,2024-05-25 09:55:46
2728,8,46,sale,-39,2024-01-26 04:19:02
2729,7,83,shrinkage,-7,2024-03-14 07:45:46
2730,10,34,adjustment,36,2024-10-30 18:07:23
2731,10,30,sale,-9,2024-07-07 02:10:34
2732,7,51,receive,25,2024-03-25 13:17:33
2733,10,65,return,34,2024-02-10 10:07:52
2734,2,59,sale,-50,2024-10-29 19:03:33
2735,3,44,receive,12,2024-11-06 19:34:21
2736,6,62,return,34,2024-02-15 22:09:15
2737,6,101,sale,-12,2024-04-29 11:32:01
2738,7,82,receive,41,2024-05-26 09:37:41
2739,4,78,shrinkage,-7,2024-08-31 02:04:23
2740,9,1,shrinkage,-22,2024-05-16 06:54:54
2741,5,23,receive,50,2024-06-01 01:24:23
2742,1,79,shrinkage,-46,2024-04-07 00:52:08
2743,10,103,adjustment,4,2024-01-22 09:50:12
2744,12,63,shrinkage,-37,2024-10-16 00:33:00
2745,5,74,sale,-22,2024-10-25 11:24:09
2746,1,52,receive,32,2024-06-24 23:32:36
2747,3,27,shrinkage,-9,2024-01-13 07:22:21
2748,8,45,receive,8,2024-04-03 02:17:57
2749,5,72,adjustment,22,2024-06-24 01:29:36
2750,10,54,shrinkage,-8,2024-01-05 15:45:35
2751,4,24,receive,9,2024-03-04 09:17:54
2752,5,1,receive,32,2024-03-27 08:30:07
2753,11,21,shrinkage,-6,2024-05-03 22:57:37
2754,10,89,return,49,2024-09-27 09:58:00
2755,5,27,receive,10,2024-04-10 22:31:28
2756,11,53,adjustment,17,2024-01-04 15:59:41
2757,12,1,shrinkage,-19,2024-01-03 11:59:09
2758,5,32,adjustment,36,2024-02-09 05:01:40
2759,5,9,receive,38,2024-05-25 09:41:14
2760,9,60,sale,-27,2024-12-13 12:09:07
2761,1,113,adjustment,45,2024-12-01 00:18:06
2762,4,34,receive,24,2024-11-09 12:48:52
2763,2,114,sale,-3,2024-01-18 22:07:11
2764,6,60,sale,-15,2024-08-07 13:36:11
2765,6,27,sale,-29,2024-08-07 12:22:05
2766,2,65,sale,-15,2024-03-26 15:10:41
2767,2,53,adjustment,8,2024-06-11 13:36:38
2768,3,77,shrinkage,-27,2024-10-12 08:25:25
2769,12,71,receive,43,2024-06-30 16:08:15
2770,6,40,shrinkage,-6,2024-04-21 12:46:47
2771,5,105,sale,-42,2024-10-04 23:44:35
2772,4,29,return,10,2024-09-15 16:13:14
2773,2,41,adjustment,4,2024-02-24 15:48:26
2774,4,86,sale,-20,2024-12-08 18:53:10
2775,8,40,adjustment,34,2024-07-05 10:10:38
2776,10,17,adjustment,6,2024-08-01 22:19:20
2777,6,46,receive,15,2024-06-30 09:43:00
2778,1,27,return,46,2024-11-09 13:07:03
2779,12,75,adjustment,39,2024-06-26 12:55:13
2780,9,94,receive,36,2024-07-10 22:39:01
2781,9,82,return,7,2024-06-26 20:24:11
2782,9,54,adjustment,40,2024-09-09 05:54:42
2783,4,79,sale,-28,2024-08-19 12:01:08
2784,4,74,return,48,2024-10-17 21:47:28
2785,10,76,return,32,2024-03-12 21:57:28
2786,1,17,receive,14,2024-12-13 08:34:41
2787,6,21,receive,4,2024-04-27 09:53:27
2788,9,117,receive,8,2024-11-18 17:41:32
2789,5,120,adjustment,34,2024-09-02 13:49:07
2790,2,32,shrinkage,-38,2024-10-09 03:32:20
2791,4,32,receive,14,2024-07-22 08:16:15
2792,7,26,return,37,2024-02-22 16:27:27
2793,4,102,return,45,2024-09-18 14:49:19
2794,12,99,sale,-48,2024-04-18 06:25:02
2795,10,26,adjustment,48,2024-11-08 04:41:07
2796,2,6,return,7,2024-06-29 12:29:55
2797,7,24,shrinkage,-22,2024-11-21 07:55:01
2798,12,115,receive,1,2024-04-07 02:01:09
2799,11,1,receive,27,2024-04-16 13:24:20
2800,1,95,return,2,2024-03-29 11:19:57
2801,10,90,adjustment,49,2024-09-12 07:55:17
2802,7,17,receive,8,2024-07-24 04:02:35
2803,9,3,adjustment,40,2024-01-15 08:45:08
2804,5,32,shrinkage,-38,2024-02-01 00:52:47
2805,2,39,shrinkage,-10,2024-01-28 03:48:12
2806,10,116,shrinkage,-8,2024-03-06 20:51:35
2807,1,49,sale,-17,2024-12-27 21:56:03
2808,5,9,shrinkage,-21,2024-10-18 13:08:58
2809,1,9,adjustment,50,2024-06-11 22:51:21
2810,12,38,receive,22,2024-11-15 03:47:06
2811,1,78,shrinkage,-24,2024-07-11 00:53:40
2812,12,105,return,25,2024-07-23 14:50:43
2813,2,10,sale,-17,2024-03-27 06:19:25
2814,2,44,sale,-12,2024-08-21 10:37:56
2815,4,108,receive,17,2024-08-15 03:16:26
2816,4,78,sale,-48,2024-07-19 21:38:45
2817,11,20,sale,-14,2024-05-22 12:58:18
2818,12,79,adjustment,16,2024-04-17 16:51:54
2819,12,62,sale,-50,2024-11-20 10:14:50
2820,7,22,return,29,2024-02-10 10:47:55
2821,10,98,sale,-37,2024-02-06 17:10:52
2822,7,41,sale,-29,2024-09-18 17:57:57
2823,8,110,sale,-1,2024-07-30 08:00:21
2824,8,90,sale,-44,2024-04-07 20:27:57
2825,1,30,adjustment,19,2024-07-22 21:35:00
2826,1,2,sale,-43,2024-05-17 21:14:34
2827,11,37,receive,28,2024-10-02 12:27:32
2828,5,116,adjustment,43,2024-12-25 00:33:04
2829,8,55,return,5,2024-07-10 01:37:30
2830,3,62,adjustment,46,2024-05-01 17:09:09
2831,4,21,shrinkage,-8,2024-02-21 04:16:27
2832,4,82,adjustment,21,2024-10-12 18:25:24
2833,6,56,return,17,2024-02-12 03:10:51
2834,5,76,sale,-1,2024-01-13 02:48:27
2835,2,95,return,40,2024-01-01 10:46:31
2836,4,119,shrinkage,-12,2024-04-08 15:13:34
2837,1,31,receive,38,2024-03-04 18:10:07
2838,3,87,shrinkage,-15,2024-10-30 17:59:04
2839,5,26,adjustment,18,2024-04-26 17:20:02
2840,6,50,adjustment,13,2024-01-10 01:39:48
2841,10,102,receive,25,2024-06-14 14:17:52
2842,10,41,shrinkage,-4,2024-12-27 22:38:26
2843,12,37,shrinkage,-18,2024-01-08 08:10:26
2844,7,53,return,20,2024-06-07 11:07:31
2845,6,9,return,30,2024-02-06 12:20:00
2846,8,85,shrinkage,-10,2024-09-26 16:30:42
2847,4,7,receive,9,2024-07-23 04:15:12
2848,9,26,return,37,2024-09-12 13:59:00
2849,3,117,shrinkage,-18,2024-11-09 00:57:20
2850,5,43,return,49,2024-12-06 02:15:31
2851,1,61,return,42,2024-11-12 07:51:33
2852,3,105,shrinkage,-44,2024-07-19 00:46:59
2853,3,112,shrinkage,-2,2024-03-17 05:02:59
2854,12,63,shrinkage,-44,2024-04-16 08:12:13
2855,5,4,receive,1,2024-01-26 04:03:42
2856,1,114,return,28,2024-07-25 00:10:10
2857,10,120,adjustment,31,2024-08-19 22:08:27
2858,1,29,adjustment,17,2024-12-17 01:16:08
2859,10,49,return,20,2024-02-22 04:10:57
2860,11,20,receive,26,2024-08-14 03:54:28
2861,7,107,shrinkage,-39,2024-11-05 02:06:27
2862,3,89,shrinkage,-28,2024-08-06 22:37:41
2863,8,75,adjustment,38,2024-03-31 20:36:22
2864,5,65,return,40,2024-06-16 22:54:57
2865,4,110,return,31,2024-02-18 15:20:55
2866,3,104,sale,-47,2024-02-02 23:43:20
2867,6,17,adjustment,3,2024-05-19 20:56:20
2868,12,59,shrinkage,-19,2024-07-31 09:50:35
2869,2,41,adjustment,21,2024-07-24 20:35:32
2870,2,4,receive,5,2024-10-17 05:36:32
2871,6,40,return,30,2024-05-19 17:20:58
2872,2,23,return,24,2024-07-09 09:19:50
2873,4,62,shrinkage,-45,2024-07-29 02:26:24
2874,5,66,receive,46,2024-01-23 03:28:29
2875,3,103,receive,44,2024-03-27 12:06:30
2876,3,110,shrinkage,-32,2024-11-26 17:57:21
2877,11,98,receive,29,2024-07-21 21:23:04
2878,10,110,adjustment,46,2024-01-27 08:30:52
2879,8,68,sale,-10,2024-09-14 11:34:35
2880,3,48,receive,39,2024-09-30 15:52:05
2881,2,101,return,47,2024-11-15 09:40:30
2882,6,58,sale,-11,2024-03-10 00:37:53
2883,3,24,sale,-45,2024-02-22 09:35:47
2884,7,114,receive,6,2024-06-25 02:33:47
2885,6,37,sale,-26,2024-08-30 00:07:20
2886,12,91,shrinkage,-34,2024-10-29 16:04:39
2887,4,22,receive,40,2024-08-11 02:50:18
2888,11,11,sale,-18,2024-02-27 21:41:36
2889,4,40,shrinkage,-13,2024-09-11 00:35:14
2890,10,83,receive,47,2024-06-11 09:43:02
2891,2,91,shrinkage,-18,2024-10-26 00:56:49
2892,6,52,adjustment,10,2024-06-19 06:32:09
2893,9,45,adjustment,13,2024-01-09 23:44:24
2894,3,91,sale,-43,2024-10-16 05:05:26
2895,10,106,return,36,2024-04-23 02:45:40
2896,8,90,adjustment,6,2024-04-14 08:05:27
2897,7,61,sale,-14,2024-09-07 10:47:11
2898,10,93,receive,40,2024-02-29 18:32:01
2899,2,32,adjustment,3,2024-02-13 16:58:29
2900,9,28,sale,-32,2024-04-11 20:19:33
2901,1,117,sale,-8,2024-06-18 16:58:38
2902,10,37,adjustment,18,2024-04-03 21:24:48
2903,5,11,shrinkage,-34,2024-02-12 20:32:20
2904,6,112,adjustment,42,2024-06-15 12:45:58
2905,11,98,return,6,2024-05-25 04:01:09
2906,1,19,receive,33,2024-06-04 19:54:44
2907,5,119,return,39,2024-08-05 13:10:56
2908,3,12,shrinkage,-20,2024-02-15 10:38:33
2909,6,11,adjustment,27,2024-10-21 21:37:42
2910,4,66,adjustment,6,2024-08-02 07:21:47
2911,11,79,receive,36,2024-05-15 22:48:54
2912,5,118,receive,41,2024-11-04 22:48:45
2913,4,114,receive,13,2024-02-25 17:17:28
2914,6,29,return,21,2024-05-08 03:53:35
2915,10,78,return,13,2024-08-20 00:47:46
2916,8,24,receive,50,2024-12-09 03:00:59
2917,12,97,return,27,2024-01-07 03:34:18
2918,1,82,adjustment,46,2024-10-19 05:51:40
2919,5,109,sale,-1,2024-08-23 10:46:23
2920,3,110,sale,-24,2024-08-08 12:46:57
2921,8,104,sale,-40,2024-11-12 17:52:49
2922,7,60,receive,29,2024-11-07 22:09:12
2923,2,6,adjustment,46,2024-11-09 06:20:21
2924,1,120,receive,48,2024-10-20 13:17:15
2925,2,91,sale,-41,2024-11-10 18:03:31
2926,1,29,sale,-11,2024-03-22 23:34:24
2927,11,21,sale,-23,2024-10-02 14:35:18
2928,5,29,sale,-45,2024-07-10 20:12:19
2929,12,117,return,21,2024-03-21 16:29:21
2930,7,90,return,26,2024-01-15 14:37:18
2931,3,50,adjustment,46,2024-05-01 02:38:45
2932,2,110,sale,-6,2024-11-25 13:49:25
2933,7,29,shrinkage,-11,2024-04-07 10:32:57
2934,6,75,adjustment,12,2024-03-06 02:56:54
2935,4,117,shrinkage,-41,2024-07-08 10:30:25
2936,3,36,shrinkage,-17,2024-03-25 13:50:14
2937,10,55,receive,39,2024-12-16 15:05:06
2938,10,49,receive,30,2024-08-14 04:09:34
2939,4,75,receive,1,2024-05-15 20:59:51
2940,2,46,receive,48,2024-06-27 12:58:47
2941,2,81,receive,34,2024-11-17 11:35:17
2942,2,53,return,13,2024-09-25 11:30:38
2943,6,74,shrinkage,-24,2024-10-10 21:18:17
2944,11,9,return,42,2024-12-30 11:16:15
2945,4,81,sale,-4,2024-10-04 12:42:04
2946,10,22,shrinkage,-15,2024-09-11 00:44:53
2947,6,31,return,10,2024-09-09 15:11:18
2948,5,82,shrinkage,-22,2024-01-04 11:46:03
2949,12,11,return,11,2024-10-05 07:02:36
2950,12,88,shrinkage,-1,2024-01-21 12:21:53
2951,12,104,adjustment,17,2024-11-20 21:26:46
2952,9,118,adjustment,8,2024-08-31 00:59:53
2953,6,58,adjustment,38,2024-08-13 23:54:08
2954,4,116,sale,-18,2024-06-05 11:02:10
2955,12,80,adjustment,45,2024-04-13 06:22:11
2956,10,111,sale,-34,2024-12-23 04:08:30
2957,10,56,sale,-50,2024-07-24 02:38:48
2958,10,84,shrinkage,-37,2024-06-08 20:42:30
2959,9,2,receive,12,2024-10-02 21:45:19
2960,7,49,shrinkage,-47,2024-08-26 01:06:56
2961,4,107,receive,3,2024-05-04 08:41:15
2962,5,58,adjustment,18,2024-12-17 01:19:56
2963,3,95,return,40,2024-04-15 15:14:32
2964,5,19,shrinkage,-12,2024-11-22 08:35:47
2965,9,12,shrinkage,-13,2024-03-01 00:47:14
2966,6,47,receive,11,2024-05-25 19:41:51
2967,7,102,shrinkage,-5,2024-07-07 02:30:19
2968,11,69,sale,-29,2024-03-02 01:24:30
2969,10,59,sale,-8,2024-04-02 20:57:36
2970,7,79,receive,36,2024-06-02 00:44:55
2971,7,3,sale,-9,2024-08-15 15:07:09
2972,7,30,receive,27,2024-05-18 02:50:50
2973,1,15,sale,-18,2024-11-17 19:44:17
2974,1,38,receive,48,2024-09-20 08:46:43
2975,4,40,receive,31,2024-06-11 05:26:47
2976,1,86,shrinkage,-32,2024-02-14 08:05:00
2977,4,118,adjustment,31,2024-07-05 13:03:49
2978,10,28,shrinkage,-25,2024-04-25 14:25:16
2979,1,34,adjustment,2,2024-04-15 12:34:24
2980,3,6,shrinkage,-28,2024-11-07 04:33:31
2981,7,93,return,32,2024-10-15 13:59:02
2982,9,54,sale,-24,2024-09-28 09:04:42
2983,10,88,return,16,2024-01-06 07:43:18
2984,12,90,receive,10,2024-02-20 06:34:04
2985,7,78,return,8,2024-05-05 23:35:15
2986,4,85,return,17,2024-11-11 13:54:56
2987,4,16,shrinkage,-31,2024-11-10 17:46:19
2988,1,83,return,49,2024-01-16 15:09:11
2989,10,71,sale,-10,2024-01-26 08:26:08
2990,7,111,sale,-47,2024-05-25 13:07:51
2991,10,111,sale,-12,2024-11-30 22:33:56
2992,3,36,receive,46,2024-10-29 22:03:05
2993,9,108,return,41,2024-01-07 09:07:43
2994,11,64,return,37,2024-03-18 06:59:10
2995,9,32,return,6,2024-06-07 02:16:58
2996,3,113,sale,-49,2024-02-26 12:14:12
2997,6,83,sale,-33,2024-07-13 01:25:08
2998,5,40,receive,9,2024-08-09 03:22:47
2999,2,26,sale,-9,2024-02-28 23:19:30
3000,8,55,receive,14,2024-08-15 16:30:44
3001,3,102,receive,37,2024-02-10 04:12:03
3002,7,103,return,33,2024-10-19 16:00:00
3003,1,50,return,14,2024-12-17 20:17:50
3004,11,66,return,22,2024-10-14 12:01:18
3005,2,18,shrinkage,-38,2024-07-15 21:55:19
3006,7,52,sale,-8,2024-07-19 17:14:47
3007,11,4,return,33,2024-04-05 00:58:53
3008,1,79,adjustment,26,2024-08-15 00:24:51
3009,1,101,return,25,2024-03-18 17:15:25
3010,6,3,adjustment,31,2024-03-31 08:07:53
3011,12,14,shrinkage,-35,2024-05-11 05:08:25
3012,10,31,adjustment,30,2024-05-20 12:03:27
3013,4,28,return,39,2024-09-16 20:24:37
3014,12,33,receive,37,2024-11-09 11:48:25
3015,6,118,sale,-13,2024-12-19 10:17:48
3016,3,83,return,44,2024-08-31 14:32:11
3017,12,32,sale,-47,2024-05-07 03:46:54
3018,1,51,shrinkage,-49,2024-07-23 08:25:37
3019,5,111,return,16,2024-03-25 16:41:24
3020,12,67,shrinkage,-2,2024-03-03 09:15:04
3021,6,116,return,32,2024-10-17 10:03:40
3022,2,85,sale,-31,2024-07-30 03:31:09
3023,1,106,adjustment,25,2024-04-07 12:35:50
3024,5,71,return,42,2024-06-06 22:21:03
3025,8,102,shrinkage,-45,2024-12-21 22:06:27
3026,7,66,shrinkage,-11,2024-06-03 16:04:11
3027,12,65,return,46,2024-05-02 17:26:21
3028,2,19,adjustment,50,2024-12-08 08:07:13
3029,1,95,receive,7,2024-07-23 20:11:48
3030,12,27,adjustment,4,2024-06-02 13:33:43
3031,4,103,adjustment,1,2024-11-01 09:23:44
3032,12,84,return,22,2024-04-29 13:01:26
3033,6,53,return,7,2024-05-09 19:57:53
3034,5,81,receive,18,2024-03-09 07:39:04
3035,4,90,shrinkage,-27,2024-01-30 12:14:56
3036,5,41,receive,39,2024-04-28 09:50:26
3037,2,29,shrinkage,-11,2024-03-01 08:38:30
3038,6,99,shrinkage,-5,2024-04-13 19:05:57
3039,12,5,receive,41,2024-01-04 13:34:23
3040,2,86,receive,37,2024-01-10 15:42:34
3041,6,5,return,47,2024-04-29 14:33:31
3042,12,22,shrinkage,-7,2024-06-11 23:31:30
3043,5,41,shrinkage,-45,2024-10-06 07:00:27
3044,1,84,shrinkage,-7,2024-01-14 07:54:53
3045,11,94,adjustment,45,2024-03-28 22:52:40
3046,6,46,receive,38,2024-07-09 14:25:53
3047,3,52,sale,-19,2024-10-02 07:42:02
3048,5,46,return,27,2024-05-24 10:50:16
3049,9,21,return,32,2024-06-11 05:01:10
3050,9,18,return,35,2024-11-28 17:02:02
3051,5,46,shrinkage,-32,2024-02-21 15:36:28
3052,3,7,return,3,2024-02-17 00:27:21
3053,11,11,adjustment,2,2024-01-09 16:58:40
3054,3,55,shrinkage,-20,2024-09-18 23:20:24
3055,10,56,adjustment,30,2024-12-06 22:39:48
3056,8,56,receive,38,2024-03-09 15:34:43
3057,1,17,shrinkage,-30,2024-06-05 00:46:08
3058,4,57,adjustment,22,2024-05-14 19:53:09
3059,6,85,adjustment,40,2024-11-28 07:33:41
3060,5,93,sale,-7,2024-09-21 02:21:42
3061,11,77,sale,-25,2024-05-28 09:13:16
3062,8,113,receive,6,2024-06-04 10:48:29
3063,3,104,return,13,2024-05-10 05:06:07
3064,3,18,shrinkage,-15,2024-10-23 11:29:20
3065,9,51,sale,-37,2024-09-09 13:50:48
3066,2,69,adjustment,41,2024-08-15 03:11:42
3067,4,114,adjustment,22,2024-08-23 11:22:36
3068,4,81,adjustment,41,2024-02-20 22:04:10
3069,8,46,receive,14,2024-01-31 05:00:33
3070,6,67,adjustment,10,2024-12-01 02:28:06
3071,1,61,receive,14,2024-11-27 14:48:31
3072,9,74,return,31,2024-09-15 16:41:39
3073,8,86,shrinkage,-22,2024-04-26 07:05:27
3074,11,82,receive,29,2024-08-15 07:57:23
3075,5,117,return,16,2024-08-26 21:49:53
3076,4,36,receive,7,2024-03-12 17:40:53
3077,4,113,adjustment,20,2024-11-15 13:57:47
3078,7,89,sale,-42,2024-11-13 11:56:51
3079,9,42,receive,25,2024-08-10 16:15:35
3080,7,59,sale,-47,2024-12-01 23:24:39
3081,1,51,return,30,2024-04-29 11:10:46
3082,1,92,return,24,2024-10-01 23:48:26
3083,1,29,adjustment,21,2024-01-05 19:34:29
3084,2,115,adjustment,1,2024-05-05 09:43:05
3085,6,63,receive,18,2024-11-26 14:42:28
3086,8,66,adjustment,43,2024-01-25 11:20:40
3087,3,30,adjustment,47,2024-10-16 03:23:39
3088,3,72,adjustment,46,2024-04-02 03:16:19
3089,6,63,adjustment,34,2024-05-18 22:39:00
3090,7,33,sale,-40,2024-06-09 11:58:27
3091,6,28,shrinkage,-38,2024-09-11 06:53:36
3092,10,8,shrinkage,-21,2024-04-20 06:11:35
3093,8,11,adjustment,45,2024-06-19 07:08:33
3094,5,113,receive,28,2024-07-23 08:09:30
3095,7,63,return,45,2024-04-17 20:54:52
3096,9,73,shrinkage,-26,2024-02-16 05:05:20
3097,12,120,return,7,2024-09-12 06:06:58
3098,11,56,receive,2,2024-08-04 03:21:24
3099,1,33,return,14,2024-05-21 06:07:37
3100,12,69,sale,-22,2024-10-06 16:24:26
3101,2,1,receive,27,2024-09-16 21:51:06
3102,8,5,adjustment,41,2024-06-16 15:19:39
3103,1,32,return,49,2024-05-22 06:26:04
3104,4,3,receive,42,2024-11-10 04:23:16
3105,12,59,sale,-18,2024-02-04 00:56:41
3106,6,20,adjustment,18,2024-10-20 23:04:38
3107,11,20,receive,10,2024-07-27 17:05:12
3108,2,32,sale,-4,2024-08-24 13:07:20
3109,5,31,shrinkage,-4,2024-02-16 12:18:05
3110,9,111,receive,35,2024-07-09 21:12:29
3111,12,46,sale,-30,2024-04-25 10:53:31
3112,2,113,sale,-47,2024-06-11 05:45:45
3113,1,4,sale,-28,2024-09-02 16:01:25
3114,12,57,return,22,2024-09-22 12:03:36
3115,9,50,receive,34,2024-08-09 06:54:59
3116,11,85,return,9,2024-10-20 18:59:32
3117,1,50,sale,-19,2024-07-27 04:03:23
3118,9,59,shrinkage,-9,2024-12-10 15:58:13
3119,11,119,receive,11,2024-10-18 10:56:24
3120,9,19,return,13,2024-10-29 05:14:23
3121,7,45,return,10,2024-03-01 05:04:00
3122,1,41,sale,-35,2024-04-21 11:57:49
3123,9,8,sale,-1,2024-03-08 14:25:45
3124,6,14,return,30,2024-10-28 14:08:41
3125,2,51,receive,39,2024-05-11 16:36:14
3126,12,39,adjustment,30,2024-02-28 19:06:03
3127,4,77,receive,49,2024-09-12 00:23:02
3128,5,39,receive,35,2024-05-22 13:27:01
3129,11,5,adjustment,5,2024-11-17 21:16:55
3130,2,27,shrinkage,-13,2024-11-21 19:19:26
3131,11,86,return,5,2024-04-11 01:37:34
3132,7,32,return,19,2024-06-28 00:59:20
3133,7,48,shrinkage,-18,2024-07-27 11:10:57
3134,12,93,shrinkage,-50,2024-05-05 08:37:11
3135,5,99,adjustment,27,2024-03-10 04:54:45
3136,1,55,shrinkage,-15,2024-10-01 13:41:06
3137,11,118,return,50,2024-07-17 04:47:23
3138,7,120,adjustment,14,2024-06-25 22:45:07
3139,1,118,sale,-7,2024-10-01 12:37:00
3140,10,62,adjustment,8,2024-07-04 20:03:41
3141,5,26,sale,-27,2024-04-27 19:43:37
3142,12,118,receive,31,2024-03-03 00:58:24
3143,11,24,return,24,2024-02-16 13:53:05
3144,5,45,shrinkage,-33,2024-05-07 10:59:08
3145,1,16,shrinkage,-12,2024-08-15 07:08:25
3146,10,73,receive,40,2024-02-06 00:47:37
3147,1,120,receive,4,2024-03-07 06:28:05
3148,7,32,shrinkage,-44,2024-01-16 08:02:17
3149,1,86,receive,39,2024-08-14 05:37:42
3150,1,58,sale,-37,2024-04-15 16:40:03
3151,9,97,shrinkage,-16,2024-04-28 13:11:47
3152,1,111,sale,-39,2024-01-15 03:24:06
3153,7,87,receive,29,2024-09-11 22:19:24
3154,8,107,receive,35,2024-12-29 18:14:54
3155,8,23,shrinkage,-32,2024-01-19 12:27:27
3156,4,34,return,4,2024-09-19 14:17:04
3157,6,70,shrinkage,-48,2024-03-06 19:13:04
3158,11,6,sale,-17,2024-04-07 22:16:04
3159,7,86,shrinkage,-19,2024-08-31 20:56:22
3160,4,79,adjustment,19,2024-03-11 03:46:27
3161,3,42,adjustment,32,2024-08-18 11:55:29
3162,12,66,sale,-1,2024-04-30 03:04:21
3163,11,17,receive,18,2024-05-04 18:18:25
3164,4,66,sale,-13,2024-04-03 04:11:54
3165,3,12,sale,-46,2024-12-09 09:36:54
3166,1,9,shrinkage,-14,2024-08-01 05:47:03
3167,7,115,shrinkage,-50,2024-03-04 03:12:55
3168,3,51,adjustment,12,2024-04-05 21:22:59
3169,6,54,receive,5,2024-08-19 22:40:06
3170,5,25,adjustment,7,2024-04-19 20:08:02
3171,8,105,return,25,2024-02-23 12:44:07
3172,10,58,shrinkage,-35,2024-02-28 03:53:49
3173,4,46,return,14,2024-01-28 11:31:09
3174,9,120,return,19,2024-12-05 08:05:06
3175,5,91,adjustment,39,2024-01-17 10:23:14
3176,5,66,shrinkage,-13,2024-05-10 10:57:05
3177,7,26,return,32,2024-02-08 08:26:12
3178,7,71,shrinkage,-4,2024-02-11 07:52:56
3179,8,59,receive,4,2024-07-30 16:20:43
3180,12,56,shrinkage,-26,2024-05-22 10:42:24
3181,5,6,adjustment,24,2024-12-25 21:10:59
3182,1,7,sale,-13,2024-05-23 15:35:22
3183,7,93,return,50,2024-02-02 08:45:26
3184,5,98,receive,31,2024-06-25 02:53:37
3185,2,108,return,10,2024-02-01 14:18:54
3186,12,3,return,20,2024-04-05 03:27:14
3187,6,96,receive,13,2024-06-20 19:47:35
3188,2,65,sale,-46,2024-04-11 08:13:44
3189,10,81,adjustment,45,2024-08-13 19:03:46
3190,10,20,sale,-40,2024-02-09 14:16:42
3191,1,92,shrinkage,-3,2024-06-20 08:52:37
3192,8,70,return,43,2024-07-15 23:25:44
3193,6,79,shrinkage,-6,2024-09-20 11:37:22
3194,10,23,shrinkage,-38,2024-09-19 06:24:27
3195,11,20,receive,50,2024-11-29 23:24:01
3196,8,56,shrinkage,-28,2024-11-05 21:00:51
3197,1,120,sale,-35,2024-12-03 20:10:13
3198,4,34,adjustment,34,2024-06-16 04:01:07
3199,3,53,return,28,2024-11-01 05:33:41
3200,2,93,adjustment,8,2024-05-08 21:33:09
3201,11,83,receive,5,2024-07-25 16:37:04
3202,7,3,return,1,2024-04-02 02:03:47
3203,6,5,shrinkage,-1,2024-09-11 16:04:12
3204,8,69,adjustment,5,2024-11-24 04:19:08
3205,2,90,return,2,2024-09-23 02:30:38
3206,8,56,adjustment,2,2024-03-30 20:50:48
3207,5,85,adjustment,2,2024-01-14 05:52:50
3208,9,17,adjustment,13,2024-07-06 16:33:02
3209,5,87,adjustment,19,2024-05-25 16:33:49
3210,3,18,return,3,2024-09-06 04:48:16
3211,8,34,adjustment,28,2024-03-06 04:27:38
3212,2,73,shrinkage,-37,2024-10-13 09:17:53
3213,4,95,shrinkage,-48,2024-03-25 03:06:12
3214,12,88,return,37,2024-03-30 03:18:06
3215,1,10,adjustment,33,2024-10-31 04:31:34
3216,5,73,adjustment,4,2024-06-20 10:42:21
3217,2,76,shrinkage,-9,2024-05-20 09:36:46
3218,8,42,receive,7,2024-06-26 19:21:23
3219,2,33,return,45,2024-01-10 17:26:55
3220,4,37,sale,-35,2024-11-12 06:51:41
3221,8,41,adjustment,29,2024-03-19 05:15:32
3222,12,15,receive,50,2024-01-19 08:38:23
3223,2,60,adjustment,25,2024-01-01 22:41:32
3224,3,57,shrinkage,-6,2024-09-21 17:10:27
3225,3,54,receive,23,2024-04-17 14:12:53
3226,1,80,shrinkage,-43,2024-05-22 06:29:18
3227,7,78,receive,1,2024-03-30 01:24:47
3228,10,113,sale,-20,2024-08-05 06:43:16
3229,2,8,receive,16,2024-03-15 07:36:36
3230,5,82,return,14,2024-10-25 12:09:31
3231,10,25,receive,41,2024-07-03 18:34:58
3232,5,93,sale,-10,2024-02-06 02:51:23
3233,7,47,shrinkage,-33,2024-02-07 12:20:27
3234,2,47,adjustment,50,2024-10-20 10:24:37
3235,10,97,receive,13,2024-05-30 07:12:16
3236,11,57,shrinkage,-42,2024-08-20 11:40:29
3237,6,32,adjustment,39,2024-02-26 11:12:14
3238,9,8,adjustment,16,2024-08-28 01:01:58
3239,7,86,shrinkage,-9,2024-04-11 09:20:30
3240,9,10,adjustment,49,2024-09-04 04:33:19
3241,3,79,adjustment,7,2024-03-25 12:47:15
3242,2,12,return,48,2024-07-19 01:11:29
3243,3,42,receive,35,2024-04-23 05:43:23
3244,4,36,sale,-6,2024-11-30 15:41:09
3245,12,16,sale,-7,2024-09-25 22:10:43
3246,9,111,sale,-35,2024-07-22 21:51:16
3247,12,101,sale,-38,2024-02-06 16:50:24
3248,5,45,return,30,2024-01-18 00:26:00
3249,11,85,return,19,2024-12-20 16:15:07
3250,4,27,sale,-6,2024-02-29 17:56:39
3251,6,76,return,42,2024-11-11 01:43:08
3252,5,25,sale,-45,2024-04-17 05:43:46
3253,5,91,sale,-48,2024-08-24 19:21:25
3254,3,23,receive,30,2024-07-18 18:55:27
3255,11,83,receive,2,2024-05-08 06:52:04
3256,12,115,receive,36,2024-08-14 16:21:51
3257,9,89,shrinkage,-46,2024-04-14 20:01:32
3258,12,95,receive,48,2024-07-28 22:44:10
3259,12,95,receive,26,2024-08-31 21:37:14
3260,8,21,sale,-49,2024-03-24 01:45:46
3261,7,75,sale,-24,2024-02-08 18:42:29
3262,12,6,adjustment,14,2024-07-18 05:31:10
3263,6,9,return,14,2024-04-22 02:28:24
3264,11,28,return,28,2024-07-04 09:14:24
3265,10,37,receive,23,2024-04-21 17:54:59
3266,11,1,shrinkage,-20,2024-06-11 16:28:39
3267,2,57,return,24,2024-05-03 22:38:53
3268,7,26,adjustment,36,2024-10-23 05:40:00
3269,1,16,shrinkage,-32,2024-02-07 18:41:35
3270,12,42,receive,15,2024-11-11 02:50:18
3271,1,1,adjustment,13,2024-04-25 05:59:57
3272,1,76,adjustment,7,2024-03-08 21:21:49
3273,11,119,shrinkage,-37,2024-03-04 20:03:04
3274,7,103,sale,-44,2024-12-19 05:48:59
3275,4,98,adjustment,8,2024-07-29 23:23:16
3276,2,47,adjustment,38,2024-06-30 06:23:52
3277,8,53,return,9,2024-03-19 06:18:01
3278,8,68,shrinkage,-21,2024-01-15 08:44:44
3279,8,118,shrinkage,-46,2024-01-12 10:06:30
3280,11,82,return,30,2024-05-25 06:41:14
3281,6,21,sale,-49,2024-10-30 20:48:32
3282,1,100,sale,-14,2024-09-25 20:18:59
3283,12,41,receive,7,2024-03-10 05:14:48
3284,4,22,shrinkage,-1,2024-11-16 13:32:35
3285,1,101,receive,49,2024-02-15 04:25:30
3286,12,21,return,40,2024-04-01 13:46:42
3287,5,14,return,44,2024-07-15 17:47:43
3288,3,18,receive,11,2024-12-01 14:13:09
3289,2,97,return,5,2024-02-10 04:48:18
3290,1,71,shrinkage,-1,2024-09-29 03:27:13
3291,10,70,shrinkage,-22,2024-12-25 13:55:47
3292,1,50,adjustment,24,2024-08-21 11:12:57
3293,12,108,sale,-22,2024-06-02 16:21:49
3294,2,91,return,4,2024-01-10 11:17:37
3295,9,93,receive,20,2024-09-19 07:01:03
3296,6,17,shrinkage,-26,2024-01-05 08:43:53
3297,7,69,shrinkage,-10,2024-11-09 11:41:10
3298,2,62,return,17,2024-07-10 03:08:20
3299,12,3,adjustment,17,2024-08-21 01:37:34
3300,11,94,return,12,2024-02-23 22:05:56
3301,5,78,shrinkage,-17,2024-09-13 14:21:09
3302,10,83,shrinkage,-38,2024-06-20 23:34:56
3303,7,114,sale,-37,2024-02-16 22:25:21
3304,7,4,receive,29,2024-06-02 10:18:52
3305,10,37,receive,45,2024-06-11 08:50:56
3306,6,87,shrinkage,-30,2024-01-11 06:52:58
3307,12,115,receive,23,2024-02-18 22:37:15
3308,10,45,receive,49,2024-11-10 11:49:50
3309,7,32,return,20,2024-02-12 18:58:41
3310,11,106,adjustment,29,2024-07-23 04:25:02
3311,11,43,sale,-2,2024-04-17 11:20:51
3312,5,41,adjustment,30,2024-10-28 23:40:28
3313,6,83,shrinkage,-33,2024-12-30 02:06:06
3314,11,120,receive,36,2024-08-31 22:15:19
3315,7,32,sale,-41,2024-04-26 16:32:16
3316,12,27,sale,-21,2024-01-04 09:33:19
3317,9,119,return,6,2024-12-03 18:19:57
3318,2,17,adjustment,17,2024-12-17 18:15:08
3319,9,119,receive,25,2024-02-25 09:13:30
3320,7,96,shrinkage,-34,2024-05-22 22:26:00
3321,3,117,receive,22,2024-06-15 01:39:47
3322,11,53,receive,22,2024-09-26 12:24:32
3323,10,73,shrinkage,-47,2024-10-13 12:41:08
3324,4,19,receive,37,2024-06-28 09:38:33
3325,5,52,return,26,2024-03-21 05:42:30
3326,11,68,sale,-24,2024-06-07 19:04:24
3327,10,6,sale,-50,2024-07-23 05:36:38
3328,8,82,adjustment,6,2024-11-09 11:05:06
3329,12,80,adjustment,46,2024-06-09 10:27:02
3330,9,12,sale,-33,2024-08-06 21:37:01
3331,2,3,sale,-42,2024-01-16 07:27:05
3332,9,64,return,3,2024-03-09 01:02:29
3333,9,76,shrinkage,-15,2024-11-21 08:21:27
3334,7,43,receive,3,2024-10-13 00:46:06
3335,11,120,sale,-5,2024-08-25 00:30:48
3336,1,69,return,30,2024-08-04 02:10:46
3337,9,21,return,34,2024-04-15 06:38:27
3338,3,24,receive,33,2024-12-24 09:51:31
3339,11,49,return,9,2024-11-08 21:45:45
3340,1,59,adjustment,19,2024-11-20 09:45:07
3341,9,50,receive,12,2024-05-17 07:03:52
3342,7,115,sale,-31,2024-11-18 00:47:28
3343,9,12,receive,45,2024-09-13 16:26:36
3344,11,50,shrinkage,-4,2024-09-22 20:05:26
3345,10,57,sale,-29,2024-04-04 09:06:04
3346,3,84,shrinkage,-24,2024-05-24 17:03:44
3347,8,97,adjustment,38,2024-12-06 12:49:29
3348,8,35,shrinkage,-17,2024-10-16 20:35:46
3349,1,67,return,11,2024-10-18 10:48:50
3350,3,68,adjustment,6,2024-08-21 14:57:52
3351,9,17,adjustment,10,2024-06-07 16:15:18
3352,1,49,return,31,2024-06-17 09:53:04
3353,9,21,shrinkage,-39,2024-10-24 10:09:30
3354,7,61,sale,-34,2024-03-10 04:34:10
3355,5,14,shrinkage,-30,2024-07-13 17:02:12
3356,12,105,adjustment,33,2024-12-24 02:35:50
3357,1,34,sale,-34,2024-07-28 07:49:55
3358,8,66,shrinkage,-11,2024-05-07 01:21:44
3359,10,68,adjustment,29,2024-09-25 09:47:24
3360,3,89,return,8,2024-12-16 03:54:32
3361,10,46,return,8,2024-08-30 17:53:56
3362,6,61,receive,31,2024-06-18 08:42:30
3363,3,52,shrinkage,-25,2024-06-28 17:19:26
3364,3,104,shrinkage,-37,2024-02-23 05:21:29
3365,6,63,adjustment,49,2024-05-15 03:56:06
3366,6,110,return,5,2024-04-12 06:10:29
3367,7,117,return,39,2024-08-16 05:36:26
3368,9,30,receive,18,2024-03-18 16:10:30
3369,1,77,shrinkage,-23,2024-03-29 20:43:14
3370,3,14,shrinkage,-37,2024-12-05 10:16:05
3371,4,14,return,44,2024-04-06 13:35:48
3372,1,42,shrinkage,-47,2024-12-25 20:32:05
3373,7,99,return,17,2024-07-30 05:22:17
3374,4,105,sale,-43,2024-07-14 10:02:12
3375,9,6,adjustment,32,2024-02-12 06:42:45
3376,10,14,adjustment,19,2024-03-08 08:32:04
3377,6,11,shrinkage,-43,2024-06-14 12:11:41
3378,10,60,return,43,2024-06-08 17:52:05
3379,7,86,adjustment,7,2024-11-19 10:50:11
3380,8,84,return,47,2024-02-18 15:02:29
3381,5,110,receive,40,2024-06-26 10:38:48
3382,12,45,shrinkage,-25,2024-02-11 23:09:05
3383,4,84,shrinkage,-15,2024-04-16 05:45:52
3384,8,34,shrinkage,-24,2024-11-14 05:35:32
3385,1,7,return,20,2024-12-01 05:20:31
3386,2,70,return,41,2024-01-22 18:08:52
3387,1,95,adjustment,3,2024-03-16 04:55:40
3388,1,64,shrinkage,-34,2024-04-29 07:09:00
3389,4,97,adjustment,15,2024-11-22 05:01:12
3390,5,68,adjustment,6,2024-05-05 05:14:45
3391,12,55,return,35,2024-07-17 08:21:44
3392,8,78,sale,-19,2024-11-15 02:26:36
3393,1,116,return,36,2024-06-01 20:04:32
3394,10,119,sale,-35,2024-10-02 21:07:05
3395,5,10,sale,-31,2024-01-07 09:23:55
3396,8,67,adjustment,2,2024-03-29 21:50:59
3397,11,25,receive,49,2024-11-13 00:59:16
3398,2,36,receive,8,2024-07-15 15:31:34
3399,3,117,adjustment,41,2024-01-22 22:24:46
3400,7,89,receive,50,2024-05-30 20:46:18
3401,9,22,receive,31,2024-08-28 10:55:19
3402,8,115,adjustment,18,2024-11-19 20:27:27
3403,11,52,adjustment,2,2024-10-27 12:55:52
3404,6,113,adjustment,20,2024-12-15 14:36:43
3405,3,1,return,3,2024-09-08 09:36:26
3406,1,69,receive,1,2024-01-15 03:05:26
3407,2,68,sale,-27,2024-12-30 22:34:13
3408,1,89,adjustment,12,2024-01-25 03:49:14
3409,2,16,shrinkage,-39,2024-01-04 01:05:34
3410,7,107,shrinkage,-36,2024-07-05 10:22:51
3411,1,96,shrinkage,-3,2024-08-14 04:52:51
3412,1,103,return,11,2024-04-05 12:30:49
3413,3,53,adjustment,15,2024-09-30 10:06:13
3414,5,45,adjustment,20,2024-05-11 14:15:22
3415,1,82,return,50,2024-01-13 22:34:37
3416,12,62,shrinkage,-44,2024-04-24 00:06:56
3417,3,83,return,39,2024-02-24 21:38:10
3418,3,2,sale,-5,2024-03-29 10:29:09
3419,10,83,return,9,2024-01-11 02:00:05
3420,8,106,adjustment,17,2024-09-21 10:25:28
3421,4,44,shrinkage,-14,2024-02-29 00:50:46
3422,6,54,receive,42,2024-07-16 22:23:06
3423,4,89,adjustment,3,2024-02-18 06:38:58
3424,6,59,adjustment,20,2024-04-30 17:31:11
3425,2,82,adjustment,28,2024-02-29 02:00:52
3426,2,37,return,47,2024-08-06 22:24:11
3427,9,40,shrinkage,-45,2024-08-31 05:57:35
3428,5,62,receive,28,2024-09-05 18:17:20
3429,11,74,sale,-27,2024-10-09 23:54:36
3430,2,64,return,25,2024-08-02 19:55:22
3431,3,87,adjustment,35,2024-11-24 15:54:31
3432,2,113,return,43,2024-02-15 11:07:41
3433,6,43,receive,6,2024-09-03 13:38:38
3434,5,43,adjustment,1,2024-01-05 16:10:19
3435,5,87,receive,7,2024-07-07 09:55:48
3436,4,83,sale,-30,2024-05-09 18:04:05
3437,10,12,receive,41,2024-03-07 04:01:46
3438,9,81,adjustment,45,2024-01-31 04:11:55
3439,4,16,shrinkage,-34,2024-03-22 14:46:39
3440,10,44,return,29,2024-01-14 22:03:31
3441,2,54,receive,7,2024-06-14 21:15:43
3442,2,85,shrinkage,-40,2024-10-16 05:09:42
3443,12,93,return,37,2024-04-25 09:36:37
3444,3,45,sale,-21,2024-10-19 00:09:11
3445,3,112,return,16,2024-06-23 16:21:47
3446,1,79,return,10,2024-01-12 04:16:47
3447,12,50,return,40,2024-11-17 18:22:56
3448,10,76,return,42,2024-09-13 03:19:12
3449,5,36,receive,36,2024-01-05 16:04:55
3450,12,75,shrinkage,-21,2024-08-05 09:50:43
3451,10,20,shrinkage,-9,2024-11-13 13:22:06
3452,2,83,return,20,2024-11-28 23:35:41
3453,10,99,adjustment,13,2024-01-05 11:58:38
3454,9,31,shrinkage,-45,2024-09-26 22:34:22
3455,8,62,sale,-43,2024-11-15 06:55:32
3456,6,15,shrinkage,-33,2024-03-29 20:34:10
3457,4,72,shrinkage,-22,2024-04-04 16:54:53
3458,5,105,shrinkage,-6,2024-01-14 03:53:54
3459,3,103,adjustment,15,2024-08-19 23:52:31
3460,9,95,adjustment,19,2024-08-17 23:36:01
3461,4,48,return,17,2024-08-18 09:25:56
3462,10,83,adjustment,1,2024-06-22 18:28:46
3463,6,111,return,19,2024-05-20 08:29:22
3464,4,69,shrinkage,-11,2024-03-01 12:14:32
3465,4,83,return,2,2024-08-07 13:23:01
3466,2,58,receive,50,2024-07-14 02:28:23
3467,12,73,return,32,2024-11-28 19:22:01
3468,5,116,sale,-34,2024-02-26 00:06:48
3469,7,64,shrinkage,-10,2024-08-05 06:57:59
3470,3,57,return,38,2024-07-20 17:15:03
3471,8,49,shrinkage,-3,2024-06-29 21:15:55
3472,10,71,receive,3,2024-11-21 06:00:07
3473,6,16,sale,-7,2024-04-29 03:33:51
3474,7,75,sale,-38,2024-11-18 13:38:01
3475,10,29,sale,-41,2024-07-13 09:55:54
3476,7,96,sale,-17,2024-05-19 01:16:30
3477,9,63,sale,-15,2024-05-29 08:55:20
3478,4,84,adjustment,10,2024-07-22 22:30:02
3479,6,96,shrinkage,-19,2024-12-13 05:05:32
3480,11,102,shrinkage,-35,2024-01-29 17:09:28
3481,2,106,return,24,2024-07-08 03:35:31
3482,6,68,adjustment,15,2024-12-13 16:43:22
3483,9,114,adjustment,35,2024-07-23 06:08:13
3484,1,47,receive,45,2024-06-27 01:11:13
3485,5,41,receive,8,2024-05-09 10:57:54
3486,3,38,adjustment,5,2024-07-23 17:37:56
3487,12,57,receive,2,2024-09-10 20:14:45
3488,1,4,sale,-1,2024-12-15 09:34:48
3489,1,32,return,43,2024-02-21 21:49:08
3490,11,61,return,7,2024-06-29 02:53:45
3491,11,23,shrinkage,-26,2024-03-27 03:53:52
3492,3,36,shrinkage,-20,2024-11-05 20:15:53
3493,9,64,shrinkage,-16,2024-06-13 17:25:18
3494,1,92,receive,10,2024-08-24 00:01:20
3495,9,39,return,42,2024-05-19 08:14:27
3496,12,70,sale,-33,2024-01-28 11:12:16
3497,5,97,adjustment,41,2024-02-09 01:35:44
3498,8,112,sale,-31,2024-01-13 01:28:17
3499,2,72,shrinkage,-8,2024-03-22 09:56:23
3500,9,72,adjustment,50,2024-02-18 14:37:19
3501,2,63,sale,-44,2024-07-29 05:29:05
3502,4,52,receive,28,2024-08-23 17:54:53
3503,7,55,shrinkage,-33,2024-10-18 19:12:45
3504,5,100,return,35,2024-07-10 10:30:36
3505,10,37,shrinkage,-16,2024-02-03 18:58:31
3506,8,25,sale,-9,2024-02-20 11:07:07
3507,1,53,sale,-18,2024-10-01 17:27:30
3508,9,4,adjustment,11,2024-12-06 02:18:27
3509,8,37,sale,-22,2024-11-21 04:25:54
3510,9,87,return,25,2024-08-09 15:05:04
3511,4,110,sale,-33,2024-07-08 23:48:13
3512,12,118,return,45,2024-04-05 10:21:35
3513,5,18,receive,22,2024-01-07 12:42:58
3514,3,37,receive,38,2024-11-18 19:51:16
3515,1,46,receive,36,2024-09-01 21:56:21
3516,4,91,return,23,2024-01-23 01:50:30
3517,4,110,adjustment,15,2024-05-24 20:58:30
3518,1,78,sale,-42,2024-05-29 03:03:57
3519,10,23,return,45,2024-12-21 13:56:34
3520,11,93,sale,-28,2024-01-27 09:05:43
3521,8,48,receive,24,2024-11-25 10:34:58
3522,5,12,shrinkage,-35,2024-09-09 18:29:10
3523,3,114,sale,-44,2024-07-16 00:03:57
3524,8,5,receive,10,2024-01-27 08:04:39
3525,4,55,receive,14,2024-08-22 01:54:40
3526,10,73,sale,-14,2024-03-01 04:27:25
3527,4,76,shrinkage,-46,2024-06-21 12:37:40
3528,12,36,return,22,2024-02-06 20:11:12
3529,3,19,adjustment,27,2024-09-09 20:39:01
3530,11,85,receive,29,2024-11-11 16:11:07
3531,9,54,adjustment,1,2024-06-22 14:30:34
3532,12,52,return,19,2024-09-08 21:02:36
3533,11,17,receive,30,2024-01-15 14:20:12
3534,8,63,receive,15,2024-12-30 09:16:46
3535,11,48,shrinkage,-40,2024-03-01 13:46:56
3536,12,31,sale,-6,2024-03-08 22:29:50
3537,9,80,shrinkage,-33,2024-05-02 20:03:25
3538,2,12,shrinkage,-48,2024-06-15 22:25:35
3539,12,87,receive,23,2024-04-14 10:04:32
3540,3,26,receive,7,2024-09-11 07:06:17
3541,3,49,sale,-23,2024-10-29 03:47:56
3542,8,35,shrinkage,-39,2024-12-12 02:28:25
3543,5,51,adjustment,46,2024-07-10 22:29:01
3544,5,50,return,22,2024-01-10 08:41:06
3545,6,58,return,43,2024-01-25 11:11:04
3546,10,35,sale,-17,2024-02-19 16:23:26
3547,6,36,shrinkage,-10,2024-09-03 03:31:31
3548,6,86,receive,35,2024-05-21 13:05:35
3549,12,97,receive,6,2024-05-19 22:48:15
3550,5,102,shrinkage,-17,2024-06-23 21:29:24
3551,12,107,return,48,2024-12-14 03:39:26
3552,1,88,return,28,2024-12-22 04:36:12
3553,6,28,return,11,2024-05-12 09:59:03
3554,5,84,sale,-10,2024-10-22 04:53:04
3555,9,72,receive,42,2024-03-29 15:00:04
3556,12,20,adjustment,1,2024-03-07 00:35:25
3557,10,62,return,50,2024-08-05 19:43:43
3558,1,105,return,30,2024-08-18 17:08:11
3559,7,89,shrinkage,-29,2024-09-16 22:08:47
3560,4,119,sale,-49,2024-05-13 20:02:10
3561,3,5,receive,34,2024-08-01 20:16:26
3562,10,59,adjustment,6,2024-02-03 01:32:11
3563,1,88,shrinkage,-29,2024-11-20 18:10:30
3564,7,26,receive,11,2024-11-15 18:05:26
3565,9,115,adjustment,28,2024-12-04 08:22:10
3566,12,106,return,16,2024-05-21 15:15:39
3567,12,85,shrinkage,-5,2024-08-01 15:16:27
3568,10,106,shrinkage,-23,2024-11-14 04:42:55
3569,8,80,receive,43,2024-06-21 01:54:36
3570,3,11,return,34,2024-06-04 10:18:03
3571,9,69,sale,-41,2024-04-01 10:11:53
3572,9,91,return,23,2024-02-16 21:08:38
3573,11,45,receive,2,2024-10-28 18:03:19
3574,11,113,shrinkage,-16,2024-12-13 02:42:04
3575,5,52,adjustment,29,2024-04-01 16:09:51
3576,1,65,shrinkage,-1,2024-04-10 22:47:58
3577,9,85,receive,34,2024-02-05 16:53:45
3578,3,94,adjustment,50,2024-02-19 20:05:38
3579,8,90,return,28,2024-01-06 11:18:51
3580,1,11,receive,6,2024-05-22 00:02:07
3581,7,119,adjustment,16,2024-09-02 07:30:57
3582,2,95,receive,2,2024-10-11 20:31:21
3583,9,35,shrinkage,-24,2024-05-12 10:33:58
3584,8,90,shrinkage,-42,2024-12-08 05:17:24
3585,4,111,shrinkage,-44,2024-11-01 09:55:07
3586,4,107,shrinkage,-7,2024-12-08 01:49:04
3587,3,33,receive,7,2024-11-05 08:46:13
3588,5,63,adjustment,25,2024-08-14 06:03:01
3589,7,36,shrinkage,-17,2024-06-16 11:20:41
3590,2,107,return,40,2024-02-11 06:11:39
3591,1,15,return,21,2024-03-06 09:55:12
3592,10,119,adjustment,42,2024-11-05 14:42:25
3593,2,59,sale,-48,2024-01-04 02:44:16
3594,5,25,receive,50,2024-12-06 19:45:03
3595,2,25,shrinkage,-29,2024-12-06 21:03:27
3596,6,1,shrinkage,-13,2024-01-29 06:13:20
3597,11,1,adjustment,46,2024-12-09 00:55:59
3598,2,62,sale,-22,2024-09-29 18:22:21
3599,6,86,shrinkage,-40,2024-07-09 01:18:23
3600,2,113,adjustment,31,2024-06-20 12:49:41
3601,3,111,receive,28,2024-05-28 10:02:31
3602,5,8,receive,25,2024-03-10 02:47:36
3603,6,73,return,13,2024-04-09 04:32:58
3604,6,35,adjustment,40,2024-10-18 18:53:43
3605,8,18,shrinkage,-48,2024-09-19 13:21:13
3606,1,65,shrinkage,-49,2024-12-28 09:24:44
3607,4,64,sale,-21,2024-08-11 11:49:37
3608,6,105,adjustment,7,2024-06-01 03:09:22
3609,12,69,shrinkage,-36,2024-03-19 01:25:03
3610,8,86,return,2,2024-02-11 02:52:30
3611,5,71,receive,49,2024-09-18 14:02:18
3612,1,117,sale,-32,2024-01-11 16:53:00
3613,11,31,adjustment,18,2024-10-04 20:37:38
3614,7,46,adjustment,26,2024-01-27 06:15:16
3615,12,81,receive,24,2024-02-24 09:07:51
3616,8,23,sale,-44,2024-12-13 15:54:14
3617,8,105,return,20,2024-12-21 01:55:13
3618,4,116,return,20,2024-07-02 09:19:25
3619,8,72,receive,8,2024-05-03 23:10:32
3620,3,56,receive,32,2024-04-25 06:05:08
3621,9,50,shrinkage,-46,2024-08-29 04:05:22
3622,4,44,shrinkage,-34,2024-03-13 22:15:45
3623,10,63,shrinkage,-49,2024-04-13 04:23:26
3624,8,77,receive,46,2024-09-22 16:40:04
3625,7,116,adjustment,21,2024-08-09 19:02:05
3626,11,11,return,20,2024-04-10 12:51:24
3627,6,3,sale,-12,2024-10-02 23:23:56
3628,4,16,sale,-17,2024-09-03 09:42:23
3629,9,83,shrinkage,-8,2024-10-23 05:26:58
3630,5,106,sale,-32,2024-04-12 16:43:09
3631,3,116,return,33,2024-08-07 03:36:50
3632,2,47,shrinkage,-25,2024-05-04 10:13:49
3633,5,43,shrinkage,-10,2024-11-08 07:29:01
3634,8,28,adjustment,45,2024-03-12 15:33:29
3635,1,34,receive,28,2024-07-16 03:04:29
3636,10,26,shrinkage,-45,2024-04-13 14:42:07
3637,3,35,receive,34,2024-12-05 12:16:39
3638,6,120,receive,19,2024-07-22 22:00:51
3639,10,111,receive,1,2024-05-30 12:14:54
3640,1,51,adjustment,1,2024-11-28 14:32:54
3641,9,91,adjustment,26,2024-02-19 00:34:02
3642,5,4,shrinkage,-9,2024-08-05 07:27:12
3643,4,107,sale,-41,2024-12-26 00:07:19
3644,1,4,shrinkage,-12,2024-07-01 01:19:21
3645,4,30,shrinkage,-21,2024-02-29 11:49:04
3646,9,115,shrinkage,-12,2024-11-24 14:17:25
3647,6,64,receive,10,2024-10-03 23:22:19
3648,7,87,adjustment,11,2024-01-26 23:33:54
3649,9,22,return,32,2024-12-17 05:59:01
3650,2,103,return,29,2024-07-09 18:14:41
3651,4,93,receive,31,2024-05-07 16:28:44
3652,4,102,adjustment,15,2024-08-24 10:57:11
3653,8,69,adjustment,42,2024-08-18 21:18:25
3654,1,29,adjustment,8,2024-11-11 13:10:34
3655,9,112,return,16,2024-08-26 08:50:16
3656,12,53,shrinkage,-11,2024-03-03 01:54:17
3657,10,66,sale,-14,2024-06-08 21:32:14
3658,10,10,shrinkage,-22,2024-06-20 09:23:07
3659,2,61,shrinkage,-14,2024-01-04 23:36:26
3660,1,89,sale,-2,2024-09-01 06:54:38
3661,6,49,return,17,2024-02-01 15:50:47
3662,6,71,shrinkage,-26,2024-07-31 23:18:51
3663,10,88,adjustment,20,2024-07-21 09:07:20
3664,3,85,shrinkage,-30,2024-05-03 05:33:36
3665,11,69,sale,-44,2024-09-22 08:32:26
3666,4,97,receive,35,2024-12-10 09:22:46
3667,11,32,shrinkage,-2,2024-10-16 14:07:38
3668,12,17,receive,21,2024-10-01 07:38:11
3669,8,31,sale,-1,2024-07-26 12:48:36
3670,4,90,adjustment,7,2024-11-27 20:03:38
3671,12,49,sale,-10,2024-07-14 11:46:57
3672,8,76,return,31,2024-03-31 11:37:53
3673,2,9,receive,38,2024-07-15 04:24:20
3674,3,8,return,34,2024-11-18 09:04:41
3675,2,53,receive,5,2024-03-14 10:23:36
3676,4,55,sale,-36,2024-08-01 07:59:33
3677,11,105,return,31,2024-11-01 08:23:04
3678,11,8,receive,24,2024-07-30 03:12:42
3679,12,113,shrinkage,-49,2024-06-07 06:54:03
3680,8,14,shrinkage,-27,2024-05-15 06:54:17
3681,3,83,adjustment,42,2024-04-03 04:50:00
3682,12,2,sale,-43,2024-11-20 12:24:29
3683,7,116,adjustment,40,2024-07-23 01:53:10
3684,1,102,sale,-9,2024-09-06 12:34:58
3685,11,57,sale,-37,2024-10-16 09:27:48
3686,12,119,shrinkage,-49,2024-06-06 19:30:37
3687,7,50,sale,-37,2024-01-09 00:01:11
3688,10,9,sale,-30,2024-12-30 01:15:57
3689,5,9,sale,-35,2024-11-04 05:35:56
3690,4,93,shrinkage,-44,2024-01-28 18:07:44
3691,11,57,return,43,2024-11-07 20:07:22
3692,7,63,sale,-49,2024-05-11 14:43:37
3693,1,88,shrinkage,-12,2024-02-20 14:50:55
3694,12,111,receive,46,2024-04-16 12:38:53
3695,8,85,sale,-2,2024-02-06 22:45:01
3696,10,17,return,37,2024-09-18 06:12:28
3697,1,109,adjustment,18,2024-07-17 01:30:38
3698,9,23,return,7,2024-12-03 08:22:16
3699,9,28,sale,-23,2024-06-11 19:27:04
3700,8,19,receive,31,2024-09-20 19:37:10
3701,11,9,shrinkage,-2,2024-02-12 11:26:05
3702,5,91,adjustment,15,2024-10-11 14:50:21
3703,5,95,sale,-30,2024-03-08 04:32:59
3704,3,7,shrinkage,-37,2024-11-10 19:37:36
3705,6,69,receive,40,2024-01-11 00:15:05
3706,11,14,return,5,2024-06-29 02:33:01
3707,5,85,shrinkage,-38,2024-07-14 23:27:50
3708,7,17,sale,-2,2024-06-07 03:47:11
3709,9,54,adjustment,16,2024-06-08 06:28:08
3710,5,31,shrinkage,-39,2024-04-13 05:34:25
3711,2,99,return,11,2024-04-06 15:25:10
3712,6,76,shrinkage,-50,2024-03-12 02:05:13
3713,11,119,receive,9,2024-11-25 22:48:26
3714,10,82,receive,5,2024-06-02 01:48:43
3715,12,98,adjustment,24,2024-12-10 11:05:56
3716,2,47,receive,30,2024-04-12 00:49:11
3717,8,57,sale,-16,2024-09-17 12:31:03
3718,5,27,adjustment,26,2024-08-30 23:55:41
3719,7,37,adjustment,40,2024-07-23 04:24:30
3720,11,102,return,41,2024-06-16 11:13:35
3721,6,103,receive,14,2024-04-03 08:08:23
3722,6,3,return,25,2024-07-15 05:03:57
3723,12,7,receive,21,2024-09-25 12:23:17
3724,3,58,adjustment,23,2024-01-15 15:19:49
3725,10,103,adjustment,3,2024-04-05 16:40:55
3726,1,59,return,45,2024-07-13 14:58:29
3727,6,53,shrinkage,-43,2024-10-30 21:50:33
3728,4,107,shrinkage,-42,2024-06-09 22:22:42
3729,4,114,sale,-12,2024-08-16 09:49:35
3730,10,16,shrinkage,-17,2024-10-07 09:49:52
3731,11,44,adjustment,25,2024-04-01 12:24:57
3732,11,33,sale,-16,2024-08-20 07:48:54
3733,10,99,adjustment,5,2024-03-08 12:35:08
3734,4,53,sale,-3,2024-06-18 10:13:01
3735,2,78,sale,-29,2024-10-04 18:16:45
3736,11,94,adjustment,42,2024-01-24 22:52:14
3737,7,16,shrinkage,-33,2024-11-23 04:08:51
3738,8,112,shrinkage,-47,2024-01-19 11:25:06
3739,11,11,shrinkage,-30,2024-11-07 17:37:35
3740,11,9,adjustment,25,2024-09-11 05:16:31
3741,10,73,sale,-18,2024-09-09 09:09:58
3742,2,8,return,22,2024-05-28 07:08:48
3743,8,98,sale,-17,2024-02-19 17:36:20
3744,8,104,return,9,2024-01-14 12:13:33
3745,11,84,adjustment,49,2024-07-18 02:37:09
3746,5,23,adjustment,8,2024-10-22 21:10:51
3747,8,120,receive,13,2024-06-19 13:06:55
3748,6,113,adjustment,20,2024-08-04 08:49:03
3749,7,106,adjustment,48,2024-10-23 02:36:24
3750,2,34,sale,-27,2024-04-17 08:52:54
3751,9,74,sale,-25,2024-02-02 09:33:01
3752,8,41,shrinkage,-1,2024-12-08 20:12:34
3753,9,66,adjustment,45,2024-01-06 01:36:16
3754,1,111,sale,-24,2024-02-11 20:09:43
3755,9,72,sale,-36,2024-02-13 02:10:11
3756,7,6,sale,-49,2024-05-06 12:48:53
3757,4,31,return,19,2024-01-27 19:58:17
3758,2,1,sale,-12,2024-01-13 22:49:07
3759,2,29,shrinkage,-9,2024-01-28 17:40:09
3760,7,4,shrinkage,-9,2024-02-27 18:38:08
3761,9,112,shrinkage,-13,2024-06-27 02:23:54
3762,1,95,shrinkage,-47,2024-08-30 12:54:13
3763,8,119,sale,-27,2024-04-05 00:56:19
3764,4,20,shrinkage,-13,2024-12-21 05:56:41
3765,4,86,receive,1,2024-02-29 08:56:51
3766,4,22,shrinkage,-45,2024-05-05 08:43:00
3767,3,16,sale,-18,2024-01-04 05:58:47
3768,1,50,sale,-9,2024-04-15 01:51:22
3769,2,62,return,48,2024-07-24 01:11:30
3770,7,6,receive,26,2024-04-14 09:52:37
3771,10,88,shrinkage,-33,2024-10-13 18:40:50
3772,3,33,adjustment,45,2024-06-17 16:16:28
3773,10,4,sale,-38,2024-01-07 01:29:14
3774,12,23,adjustment,26,2024-08-15 12:45:43
3775,12,78,shrinkage,-2,2024-11-17 07:53:43
3776,5,115,return,3,2024-09-18 03:22:00
3777,9,24,receive,41,2024-12-20 02:54:31
3778,3,100,adjustment,47,2024-12-04 22:10:58
3779,10,17,adjustment,36,2024-03-05 03:02:03
3780,11,80,adjustment,11,2024-12-02 00:02:29
3781,12,115,return,14,2024-08-11 23:10:44
3782,9,25,adjustment,19,2024-05-02 20:16:04
3783,4,57,return,4,2024-01-30 04:04:09
3784,12,24,adjustment,35,2024-04-13 13:20:10
3785,10,5,shrinkage,-23,2024-06-10 17:17:03
3786,5,26,sale,-42,2024-01-04 15:53:34
3787,7,102,return,40,2024-03-28 23:56:04
3788,2,19,return,34,2024-04-02 18:05:59
3789,9,114,sale,-29,2024-08-24 09:29:11
3790,1,50,return,50,2024-11-22 12:41:02
3791,5,44,adjustment,16,2024-04-12 08:20:59
3792,11,72,return,18,2024-02-15 20:40:41
3793,4,108,sale,-15,2024-06-18 08:02:28
3794,7,120,receive,27,2024-03-12 04:47:49
3795,6,24,sale,-3,2024-09-13 20:21:33
3796,11,71,receive,39,2024-09-16 19:33:08
3797,8,28,sale,-46,2024-09-04 00:44:39
3798,5,79,return,22,2024-02-26 05:47:33
3799,1,33,return,50,2024-02-27 09:28:11
3800,5,19,receive,23,2024-03-05 14:31:57
3801,7,88,adjustment,13,2024-07-20 07:23:44
3802,11,99,shrinkage,-40,2024-01-05 18:56:25
3803,11,58,adjustment,47,2024-02-14 03:32:43
3804,4,16,shrinkage,-50,2024-07-03 14:10:40
3805,12,50,sale,-43,2024-11-03 05:11:56
3806,11,105,shrinkage,-22,2024-04-22 18:25:40
3807,12,6,receive,11,2024-11-13 03:55:58
3808,3,2,sale,-46,2024-12-03 17:52:19
3809,7,99,adjustment,36,2024-08-04 07:28:20
3810,7,75,return,7,2024-03-02 00:42:50
3811,8,95,receive,21,2024-07-08 22:13:05
3812,1,92,sale,-31,2024-03-15 00:26:24
3813,11,3,sale,-34,2024-11-28 01:48:37
3814,3,117,receive,4,2024-01-04 06:59:30
3815,11,5,sale,-38,2024-01-05 14:27:45
3816,2,15,receive,36,2024-01-20 00:26:53
3817,1,73,sale,-36,2024-12-10 03:34:13
3818,3,15,receive,13,2024-11-26 22:27:38
3819,9,108,shrinkage,-31,2024-07-17 17:17:28
3820,2,43,receive,19,2024-02-10 19:37:04
3821,8,65,shrinkage,-11,2024-06-14 05:32:35
3822,6,37,receive,6,2024-12-04 22:59:40
3823,7,23,return,9,2024-08-18 22:12:45
3824,6,119,return,24,2024-12-21 20:26:13
3825,4,66,adjustment,4,2024-08-09 13:16:36
3826,8,75,receive,21,2024-09-14 10:36:54
3827,5,21,sale,-46,2024-10-16 01:55:30
3828,1,47,shrinkage,-43,2024-03-18 09:24:59
3829,3,91,shrinkage,-15,2024-07-01 08:09:20
3830,2,90,return,34,2024-12-21 09:11:01
3831,8,43,return,17,2024-11-02 22:58:11
3832,10,52,sale,-12,2024-04-13 03:28:11
3833,3,38,adjustment,26,2024-01-23 13:21:29
3834,5,63,sale,-39,2024-04-09 13:05:52
3835,9,35,sale,-12,2024-12-14 04:28:47
3836,1,108,shrinkage,-2,2024-01-06 15:36:07
3837,2,96,return,15,2024-10-30 17:40:05
3838,2,6,receive,28,2024-09-05 21:11:46
3839,1,78,adjustment,47,2024-01-11 01:08:41
3840,12,56,adjustment,42,2024-01-18 11:15:59
3841,5,93,sale,-1,2024-03-03 08:24:33
3842,5,14,shrinkage,-14,2024-12-25 12:00:06
3843,6,5,shrinkage,-46,2024-11-11 09:37:13
3844,1,48,return,12,2024-03-20 13:19:28
3845,4,100,return,32,2024-04-20 02:11:34
3846,2,46,receive,36,2024-10-21 14:15:15
3847,2,97,sale,-17,2024-03-09 16:44:36
3848,11,70,shrinkage,-8,2024-05-20 16:51:28
3849,2,85,return,29,2024-10-12 00:07:56
3850,4,73,shrinkage,-1,2024-05-06 12:48:49
3851,4,60,shrinkage,-42,2024-10-05 02:32:45
3852,11,75,shrinkage,-7,2024-10-05 22:14:42
3853,6,85,return,32,2024-02-28 01:27:08
3854,9,92,adjustment,25,2024-08-01 15:34:03
3855,5,83,receive,34,2024-10-20 21:16:04
3856,2,55,sale,-47,2024-08-03 15:32:09
3857,3,50,receive,46,2024-03-18 04:45:58
3858,7,19,return,15,2024-09-02 18:46:48
3859,5,85,receive,37,2024-02-02 21:00:32
3860,8,86,sale,-45,2024-10-24 03:24:27
3861,10,41,shrinkage,-15,2024-02-28 23:40:02
3862,10,47,return,18,2024-10-08 15:53:10
3863,12,4,return,47,2024-05-04 05:05:57
3864,5,100,adjustment,16,2024-09-23 10:12:29
3865,3,12,shrinkage,-12,2024-06-21 06:26:05
3866,1,2,adjustment,50,2024-11-16 06:40:35
3867,12,112,sale,-28,2024-08-03 00:41:05
3868,7,13,receive,36,2024-12-26 13:43:09
3869,5,39,adjustment,27,2024-01-15 18:11:46
3870,11,63,adjustment,39,2024-07-16 13:28:03
3871,10,68,shrinkage,-25,2024-09-22 18:24:34
3872,3,67,adjustment,32,2024-12-30 23:13:04
3873,5,28,sale,-13,2024-11-17 06:51:52
3874,12,80,shrinkage,-48,2024-08-22 21:02:41
3875,9,103,return,50,2024-03-01 07:47:54
3876,6,98,shrinkage,-33,2024-01-23 16:53:52
3877,5,74,adjustment,45,2024-03-03 18:38:19
3878,6,22,return,47,2024-05-04 23:10:14
3879,9,4,sale,-46,2024-02-13 21:41:08
3880,6,29,shrinkage,-48,2024-05-10 03:36:57
3881,4,9,sale,-5,2024-03-23 08:53:04
3882,6,109,sale,-5,2024-04-27 13:00:07
3883,12,65,return,43,2024-07-06 20:02:36
3884,6,10,adjustment,18,2024-04-01 04:00:33
3885,2,78,sale,-41,2024-06-08 11:04:25
3886,3,11,shrinkage,-29,2024-10-27 13:19:00
3887,12,115,sale,-7,2024-04-25 22:36:05
3888,6,58,sale,-28,2024-09-09 12:50:30
3889,6,39,sale,-21,2024-12-23 09:00:23
3890,9,85,adjustment,48,2024-06-01 12:39:15
3891,1,105,receive,37,2024-09-23 11:49:55
3892,12,34,adjustment,45,2024-02-09 22:23:18
3893,2,55,receive,35,2024-02-14 12:01:04
3894,1,63,return,43,2024-05-10 19:23:32
3895,3,46,return,41,2024-11-22 14:15:41
3896,9,120,adjustment,8,2024-09-07 11:42:28
3897,12,101,return,3,2024-12-25 22:50:39
3898,9,47,return,8,2024-02-05 21:03:17
3899,1,111,shrinkage,-2,2024-11-30 23:41:29
3900,4,2,adjustment,44,2024-02-15 00:47:51
3901,6,38,adjustment,6,2024-01-24 13:04:23
3902,6,60,shrinkage,-30,2024-01-24 13:42:47
3903,4,81,adjustment,7,2024-03-20 21:42:02
3904,2,12,shrinkage,-20,2024-09-05 05:54:35
3905,3,117,adjustment,5,2024-01-18 08:11:07
3906,1,26,adjustment,25,2024-06-16 09:51:52
3907,1,56,sale,-10,2024-08-03 18:30:37
3908,12,96,adjustment,40,2024-07-22 10:41:37
3909,9,9,return,38,2024-04-15 23:38:28
3910,12,115,return,28,2024-10-14 04:19:20
3911,1,51,shrinkage,-41,2024-12-02 04:34:14
3912,6,42,shrinkage,-37,2024-11-11 01:10:54
3913,2,43,sale,-49,2024-12-09 04:40:14
3914,5,24,adjustment,45,2024-05-01 19:05:10
3915,11,8,shrinkage,-2,2024-02-09 12:14:26
3916,7,103,receive,22,2024-03-17 13:47:05
3917,11,88,adjustment,17,2024-04-18 06:43:42
3918,4,98,receive,25,2024-03-04 17:54:20
3919,4,2,receive,16,2024-01-03 11:37:02
3920,1,40,return,50,2024-09-09 02:43:46
3921,3,111,receive,34,2024-10-19 17:04:13
3922,3,26,return,1,2024-12-01 20:07:34
3923,10,49,shrinkage,-35,2024-10-17 17:07:35
3924,9,88,shrinkage,-47,2024-10-31 23:05:02
3925,4,9,receive,19,2024-08-18 01:09:22
3926,7,26,shrinkage,-27,2024-07-11 10:10:53
3927,7,70,return,17,2024-04-16 12:57:35
3928,2,85,sale,-8,2024-12-04 17:35:31
3929,10,102,receive,31,2024-10-23 23:34:51
3930,1,49,sale,-10,2024-08-30 23:05:05
3931,2,64,shrinkage,-38,2024-04-29 14:17:27
3932,3,116,adjustment,47,2024-01-02 11:46:25
3933,4,20,receive,1,2024-10-20 03:33:46
3934,12,115,sale,-43,2024-08-09 15:01:24
3935,1,21,shrinkage,-8,2024-05-09 21:13:28
3936,5,18,return,39,2024-04-30 22:13:53
3937,12,20,shrinkage,-16,2024-10-28 00:17:54
3938,10,90,shrinkage,-7,2024-02-12 18:52:36
3939,3,15,receive,22,2024-08-17 06:48:36
3940,8,112,receive,6,2024-03-13 10:25:56
3941,11,34,return,10,2024-09-29 22:26:42
3942,4,51,receive,45,2024-02-25 04:43:19
3943,6,54,adjustment,16,2024-12-13 23:52:38
3944,3,90,sale,-39,2024-02-17 17:32:44
3945,8,14,sale,-16,2024-10-10 05:20:28
3946,3,7,shrinkage,-47,2024-05-05 13:05:32
3947,6,114,return,1,2024-08-29 03:06:42
3948,4,36,sale,-25,2024-10-05 02:59:01
3949,9,82,shrinkage,-27,2024-08-10 11:25:04
3950,2,36,shrinkage,-4,2024-03-24 11:12:03
3951,1,51,adjustment,24,2024-11-29 20:37:16
3952,7,88,shrinkage,-13,2024-01-08 16:09:29
3953,12,4,shrinkage,-3,2024-04-06 03:57:53
3954,9,87,adjustment,21,2024-09-05 23:49:41
3955,6,54,adjustment,25,2024-12-09 16:53:33
3956,2,30,return,12,2024-08-04 02:17:49
3957,3,30,sale,-18,2024-11-24 10:23:11
3958,5,31,receive,45,2024-04-07 12:39:53
3959,8,12,return,12,2024-07-07 10:59:32
3960,3,94,receive,23,2024-02-01 09:11:53
3961,12,105,sale,-39,2024-05-18 11:23:52
3962,5,102,receive,19,2024-08-09 01:59:58
3963,2,97,adjustment,8,2024-09-07 01:13:32
3964,12,12,receive,10,2024-07-24 01:37:56
3965,5,19,return,27,2024-09-06 05:50:45
3966,2,77,adjustment,12,2024-12-12 14:12:30
3967,4,99,sale,-41,2024-06-05 09:12:51
3968,12,69,adjustment,10,2024-05-22 16:57:34
3969,2,108,sale,-30,2024-07-04 04:54:26
3970,3,61,adjustment,43,2024-08-21 11:33:34
3971,1,46,return,23,2024-08-21 06:30:01
3972,1,112,shrinkage,-19,2024-09-13 07:18:21
3973,9,27,receive,1,2024-03-25 01:49:05
3974,5,40,adjustment,39,2024-04-13 13:09:33
3975,4,8,adjustment,19,2024-12-29 14:12:45
3976,10,65,sale,-4,2024-08-23 05:10:55
3977,8,100,adjustment,33,2024-01-29 21:41:16
3978,3,60,shrinkage,-33,2024-07-19 12:39:55
3979,12,80,receive,49,2024-01-27 08:01:51
3980,11,23,sale,-26,2024-12-08 06:52:10
3981,10,73,return,6,2024-12-06 21:49:33
3982,10,7,adjustment,11,2024-08-23 11:43:52
3983,5,39,sale,-2,2024-05-23 19:08:08
3984,3,115,receive,13,2024-01-15 12:24:15
3985,7,95,return,32,2024-12-11 10:15:49
3986,2,102,sale,-36,2024-07-12 14:48:57
3987,6,92,sale,-14,2024-09-15 01:37:16
3988,5,65,receive,42,2024-12-28 04:44:14
3989,9,99,receive,5,2024-03-17 05:55:00
3990,7,103,receive,20,2024-11-13 14:36:44
3991,10,38,adjustment,17,2024-10-04 20:57:41
3992,3,16,return,12,2024-05-10 16:23:21
3993,5,95,shrinkage,-12,2024-06-25 04:22:18
3994,2,72,shrinkage,-36,2024-01-12 19:43:18
3995,5,41,adjustment,26,2024-08-14 15:58:27
3996,3,22,shrinkage,-28,2024-03-01 17:15:15
3997,6,111,shrinkage,-45,2024-12-03 04:39:12
3998,5,98,adjustment,41,2024-01-08 05:11:16
3999,8,88,sale,-8,2024-07-01 12:13:17
4000,7,105,shrinkage,-41,2024-09-19 06:29:13
4001,10,89,shrinkage,-24,2024-08-30 11:54:15
4002,1,46,sale,-3,2024-04-11 20:06:44
4003,5,102,sale,-50,2024-11-21 05:47:48
4004,2,83,shrinkage,-30,2024-04-26 15:09:26
4005,1,51,sale,-42,2024-11-23 15:34:58
4006,10,47,shrinkage,-4,2024-07-05 06:19:40
4007,1,113,receive,40,2024-06-21 14:27:45
4008,5,8,adjustment,16,2024-04-03 00:34:32
4009,10,63,sale,-21,2024-02-14 13:34:51
4010,1,100,shrinkage,-1,2024-12-16 06:21:09
4011,10,26,sale,-6,2024-07-21 06:03:13
4012,7,89,shrinkage,-16,2024-09-16 08:06:38
4013,10,68,return,37,2024-01-26 14:22:10
4014,5,89,adjustment,40,2024-04-04 13:05:04
4015,7,49,adjustment,15,2024-08-14 14:25:07
4016,2,87,shrinkage,-37,2024-01-20 09:31:41
4017,1,75,receive,33,2024-09-28 17:08:56
4018,1,114,adjustment,15,2024-08-31 21:16:51
4019,3,99,receive,34,2024-08-17 14:33:52
4020,11,46,receive,18,2024-09-06 13:51:52
4021,2,79,adjustment,45,2024-03-20 13:18:01
4022,5,116,shrinkage,-26,2024-01-13 11:38:18
4023,8,88,receive,30,2024-10-20 08:02:47
4024,12,63,return,19,2024-05-22 03:04:07
4025,1,63,return,46,2024-06-02 14:32:06
4026,9,85,adjustment,36,2024-01-11 07:20:08
4027,5,100,adjustment,32,2024-12-28 15:12:13
4028,12,117,shrinkage,-4,2024-10-30 06:56:01
4029,12,8,receive,41,2024-03-14 19:16:04
4030,9,102,shrinkage,-24,2024-08-11 20:08:25
4031,8,87,shrinkage,-30,2024-12-28 00:44:47
4032,2,75,receive,16,2024-08-29 19:54:04
4033,3,9,receive,32,2024-01-22 08:58:59
4034,12,42,shrinkage,-19,2024-05-31 03:55:05
4035,7,76,adjustment,7,2024-11-11 17:59:57
4036,5,86,adjustment,38,2024-11-15 04:47:52
4037,8,86,shrinkage,-13,2024-12-07 03:06:33
4038,9,75,sale,-26,2024-08-19 10:24:29
4039,5,68,receive,15,2024-09-15 23:39:45
4040,4,94,return,9,2024-08-16 23:38:33
4041,11,46,return,41,2024-01-23 09:09:17
4042,11,85,receive,23,2024-10-16 19:02:02
4043,5,43,sale,-2,2024-04-30 01:44:34
4044,3,113,receive,19,2024-10-06 19:02:13
4045,12,31,receive,45,2024-12-23 12:07:10
4046,7,96,adjustment,23,2024-02-14 10:24:57
4047,9,114,shrinkage,-38,2024-10-27 06:41:54
4048,10,33,receive,13,2024-06-03 09:49:41
4049,11,114,return,3,2024-02-24 03:56:47
4050,10,70,receive,28,2024-07-15 13:13:32
4051,8,117,shrinkage,-41,2024-03-25 13:50:46
4052,4,24,adjustment,11,2024-02-17 12:59:25
4053,1,3,sale,-43,2024-11-29 06:18:32
4054,9,44,shrinkage,-40,2024-04-13 10:52:41
4055,8,17,shrinkage,-8,2024-11-21 03:34:07
4056,6,48,receive,21,2024-09-15 03:22:28
4057,3,14,shrinkage,-34,2024-10-21 23:59:27
4058,4,53,sale,-14,2024-12-20 16:11:33
4059,12,4,shrinkage,-6,2024-10-24 20:35:34
4060,11,60,sale,-46,2024-06-03 14:50:12
4061,1,62,adjustment,6,2024-02-18 16:57:44
4062,5,17,receive,20,2024-04-10 06:22:16
4063,2,43,adjustment,35,2024-09-23 23:55:43
4064,3,109,receive,31,2024-02-29 23:36:28
4065,8,87,shrinkage,-37,2024-08-29 18:40:27
4066,11,73,return,37,2024-09-25 13:23:38
4067,10,36,receive,49,2024-02-16 18:02:17
4068,12,67,shrinkage,-34,2024-08-12 07:05:13
4069,3,50,adjustment,12,2024-12-12 08:18:33
4070,10,30,adjustment,29,2024-04-07 19:48:54
4071,1,65,adjustment,24,2024-06-08 03:12:48
4072,12,5,receive,11,2024-12-03 00:20:44
4073,12,23,shrinkage,-22,2024-10-20 09:51:08
4074,12,117,adjustment,2,2024-03-27 16:29:27
4075,5,76,sale,-23,2024-10-17 03:23:12
4076,6,28,return,8,2024-07-03 11:15:49
4077,7,8,adjustment,39,2024-12-10 22:41:42
4078,12,67,adjustment,26,2024-07-03 16:33:28
4079,10,78,sale,-27,2024-10-09 05:28:45
4080,9,99,shrinkage,-8,2024-12-25 20:32:09
4081,10,46,sale,-3,2024-08-15 13:44:17
4082,9,40,adjustment,45,2024-12-23 05:23:26
4083,4,120,return,32,2024-06-21 18:13:15
4084,8,33,receive,23,2024-11-27 03:15:00
4085,5,97,adjustment,13,2024-08-30 22:32:11
4086,4,39,return,46,2024-02-17 18:11:52
4087,10,5,receive,12,2024-08-02 23:24:47
4088,1,23,shrinkage,-5,2024-04-27 22:17:23
4089,4,107,shrinkage,-17,2024-02-26 12:46:44
4090,1,115,adjustment,17,2024-07-13 13:39:49
4091,1,9,return,24,2024-08-21 15:24:43
4092,8,22,receive,23,2024-05-29 11:17:46
4093,6,18,sale,-30,2024-12-08 06:13:22
4094,2,78,sale,-48,2024-06-11 21:19:58
4095,11,71,receive,30,2024-05-24 11:43:30
4096,1,84,receive,37,2024-05-30 06:48:02
4097,8,1,shrinkage,-16,2024-12-12 18:26:48
4098,4,114,shrinkage,-34,2024-10-02 06:04:38
4099,9,2,adjustment,37,2024-11-06 02:43:52
4100,8,119,sale,-50,2024-11-19 10:45:20
4101,4,68,sale,-33,2024-07-06 14:01:52
4102,9,88,shrinkage,-41,2024-10-09 02:59:33
4103,10,87,receive,44,2024-06-20 18:47:46
4104,3,26,return,12,2024-08-04 21:57:20
4105,12,69,receive,23,2024-12-12 14:55:08
4106,2,25,adjustment,39,2024-10-28 04:59:03
4107,10,22,shrinkage,-32,2024-02-08 01:53:35
4108,12,4,receive,12,2024-03-22 14:47:54
4109,10,101,adjustment,29,2024-11-20 02:53:33
4110,1,35,sale,-5,2024-03-21 15:43:24
4111,5,46,return,5,2024-06-07 06:58:38
4112,4,68,shrinkage,-33,2024-10-20 00:40:10
4113,4,23,shrinkage,-40,2024-08-24 17:09:57
4114,8,87,receive,3,2024-05-23 19:50:13
4115,8,42,return,45,2024-08-26 13:08:53
4116,9,104,receive,8,2024-01-30 08:31:39
4117,9,2,shrinkage,-36,2024-02-05 00:49:38
4118,7,56,receive,47,2024-10-28 06:33:57
4119,9,73,shrinkage,-42,2024-08-22 03:59:23
4120,2,92,receive,10,2024-07-16 11:50:31
4121,2,39,adjustment,7,2024-04-13 08:52:07
4122,4,71,return,3,2024-02-11 16:19:18
4123,2,44,return,2,2024-12-18 12:45:53
4124,11,118,sale,-13,2024-12-28 17:53:45
4125,6,79,adjustment,38,2024-01-22 07:00:03
4126,1,113,adjustment,3,2024-05-07 12:17:35
4127,6,27,receive,40,2024-06-15 09:23:15
4128,3,94,adjustment,29,2024-02-02 03:25:39
4129,9,54,shrinkage,-34,2024-06-08 08:28:24
4130,9,113,sale,-4,2024-02-13 04:41:34
4131,8,64,adjustment,12,2024-06-06 13:03:41
4132,1,79,return,47,2024-08-29 20:57:13
4133,3,114,adjustment,44,2024-04-29 08:29:58
4134,6,32,adjustment,39,2024-05-24 05:43:14
4135,11,52,shrinkage,-27,2024-08-01 14:08:39
4136,3,51,receive,46,2024-06-05 09:28:08
4137,10,19,shrinkage,-50,2024-01-08 08:36:25
4138,5,16,adjustment,40,2024-09-01 06:49:58
4139,6,72,shrinkage,-44,2024-10-09 20:25:12
4140,4,6,sale,-15,2024-05-12 15:16:51
4141,1,4,sale,-29,2024-05-29 05:03:30
4142,7,6,receive,12,2024-11-16 23:59:39
4143,9,112,return,21,2024-01-24 10:53:10
4144,4,72,return,44,2024-06-19 11:34:54
4145,2,1,adjustment,34,2024-09-09 10:32:42
4146,10,64,sale,-50,2024-01-29 21:20:16
4147,8,32,adjustment,29,2024-11-19 21:23:59
4148,3,32,receive,4,2024-12-27 02:47:30
4149,11,16,receive,40,2024-04-22 09:00:36
4150,6,107,shrinkage,-30,2024-05-17 20:34:20
4151,11,14,sale,-2,2024-02-12 08:25:20
4152,3,2,adjustment,15,2024-01-09 17:53:19
4153,9,10,adjustment,13,2024-04-22 04:59:38
4154,9,15,receive,2,2024-10-23 06:58:57
4155,6,3,sale,-50,2024-06-28 14:58:47
4156,3,106,return,42,2024-06-19 05:51:34
4157,8,100,sale,-28,2024-02-02 09:29:32
4158,10,41,shrinkage,-46,2024-04-30 03:14:24
4159,4,116,adjustment,8,2024-09-28 23:39:32
4160,3,64,sale,-23,2024-08-05 23:42:22
4161,6,103,shrinkage,-43,2024-02-26 21:55:17
4162,5,25,return,34,2024-12-04 00:08:06
4163,3,19,shrinkage,-1,2024-11-29 01:06:49
4164,9,43,adjustment,25,2024-12-29 19:41:55
4165,3,85,sale,-25,2024-03-07 08:18:34
4166,4,74,receive,27,2024-10-05 01:45:54
4167,2,101,sale,-48,2024-05-11 15:08:42
4168,1,19,return,35,2024-11-30 20:00:29
4169,11,94,return,21,2024-10-30 18:33:18
4170,3,44,adjustment,33,2024-06-22 06:20:13
4171,12,103,receive,34,2024-07-27 02:22:31
4172,1,51,sale,-23,2024-11-27 10:55:49
4173,8,101,sale,-38,2024-07-14 13:31:46
4174,11,77,shrinkage,-10,2024-01-17 19:42:37
4175,6,40,receive,16,2024-06-30 16:48:53
4176,12,109,sale,-35,2024-03-10 02:34:17
4177,10,13,sale,-29,2024-02-02 10:56:36
4178,7,119,return,15,2024-02-12 22:42:28
4179,11,52,shrinkage,-22,2024-12-25 10:35:06
4180,11,71,receive,4,2024-10-31 07:52:55
4181,7,67,return,5,2024-10-22 08:27:43
4182,11,10,adjustment,3,2024-12-05 01:10:29
4183,3,81,receive,48,2024-12-22 12:00:35
4184,2,22,sale,-7,2024-10-20 16:44:35
4185,3,46,shrinkage,-20,2024-11-01 07:13:49
4186,8,99,sale,-16,2024-07-22 08:20:06
4187,8,104,return,33,2024-12-01 06:40:44
4188,5,65,shrinkage,-45,2024-12-10 03:31:40
4189,4,98,adjustment,37,2024-12-23 21:11:49
4190,9,2,sale,-11,2024-05-10 11:59:51
4191,1,73,receive,14,2024-05-25 01:54:31
4192,11,118,adjustment,46,2024-09-13 04:25:03
4193,9,100,receive,14,2024-07-01 12:07:30
4194,12,35,sale,-7,2024-04-28 05:12:35
4195,2,41,adjustment,2,2024-08-08 10:53:59
4196,10,48,sale,-8,2024-01-24 15:37:10
4197,5,52,receive,22,2024-08-29 05:41:47
4198,9,76,shrinkage,-11,2024-06-06 00:46:15
4199,2,15,receive,44,2024-04-25 19:18:57
4200,5,94,adjustment,48,2024-09-17 10:11:33
4201,7,86,receive,45,2024-11-11 20:06:40
4202,5,74,return,13,2024-04-24 14:05:29
4203,1,45,receive,6,2024-03-30 16:48:35
4204,7,120,shrinkage,-7,2024-11-18 20:21:32
4205,10,40,return,30,2024-11-08 03:32:36
4206,6,104,return,45,2024-09-27 02:29:13
4207,6,22,sale,-21,2024-05-23 18:10:01
4208,9,78,adjustment,9,2024-08-14 06:18:18
4209,6,47,receive,23,2024-11-14 07:31:31
4210,6,19,return,5,2024-02-08 12:25:38
4211,1,67,adjustment,42,2024-12-02 07:46:43
4212,2,42,return,1,2024-11-01 19:56:58
4213,10,73,sale,-12,2024-08-27 19:14:11
4214,11,87,sale,-19,2024-06-07 22:22:14
4215,7,22,shrinkage,-29,2024-03-02 23:26:13
4216,6,93,return,36,2024-03-27 22:05:26
4217,6,36,return,46,2024-08-22 21:24:06
4218,10,41,adjustment,12,2024-06-16 13:53:36
4219,4,39,shrinkage,-48,2024-05-25 11:50:32
4220,6,85,receive,4,2024-03-01 00:39:18
4221,4,88,receive,39,2024-10-08 20:31:47
4222,11,60,sale,-39,2024-12-22 10:56:23
4223,7,88,adjustment,50,2024-07-28 04:12:11
4224,3,70,adjustment,25,2024-01-31 19:20:18
4225,10,65,sale,-33,2024-05-07 05:44:54
4226,10,4,return,3,2024-06-11 16:21:43
4227,3,7,shrinkage,-41,2024-04-28 20:46:19
4228,4,103,return,8,2024-01-05 02:07:13
4229,3,106,sale,-46,2024-12-28 11:57:43
4230,1,14,sale,-4,2024-10-15 04:39:50
4231,2,102,receive,16,2024-02-23 20:41:31
4232,7,31,sale,-39,2024-07-28 02:22:12
4233,9,53,shrinkage,-20,2024-08-17 21:50:48
4234,7,55,adjustment,34,2024-06-06 02:48:30
4235,8,26,return,48,2024-07-17 21:25:52
4236,2,112,return,44,2024-04-03 02:21:12
4237,10,103,receive,12,2024-03-06 08:58:26
4238,2,77,receive,17,2024-03-15 19:21:23
4239,12,117,adjustment,3,2024-12-19 19:34:24
4240,6,54,shrinkage,-4,2024-04-13 23:18:05
4241,4,53,return,45,2024-10-11 17:36:39
4242,5,33,adjustment,49,2024-08-27 10:04:41
4243,5,39,sale,-42,2024-01-26 16:16:38
4244,12,10,receive,27,2024-06-21 01:16:21
4245,1,79,shrinkage,-41,2024-01-18 09:18:11
4246,6,27,receive,15,2024-03-07 10:34:52
4247,7,100,receive,22,2024-02-06 11:12:04
4248,11,72,adjustment,7,2024-01-13 19:46:33
4249,5,3,return,18,2024-12-27 03:05:33
4250,7,34,adjustment,15,2024-07-25 07:47:33
4251,10,72,shrinkage,-10,2024-02-24 17:02:50
4252,9,40,receive,5,2024-04-29 13:26:16
4253,12,33,shrinkage,-32,2024-08-09 21:44:37
4254,1,90,return,41,2024-07-10 17:48:50
4255,11,29,return,33,2024-01-25 00:44:00
4256,6,35,receive,28,2024-04-04 10:45:29
4257,2,66,shrinkage,-46,2024-03-03 03:08:56
4258,8,119,return,3,2024-10-23 17:17:56
4259,1,53,shrinkage,-11,2024-02-09 20:21:26
4260,6,25,shrinkage,-42,2024-01-10 15:03:12
4261,11,117,receive,21,2024-12-23 00:57:20
4262,1,91,adjustment,46,2024-07-06 19:09:00
4263,12,91,return,50,2024-07-14 14:23:50
4264,11,98,receive,50,2024-11-11 22:31:03
4265,8,79,shrinkage,-46,2024-08-08 13:01:00
4266,1,26,sale,-3,2024-12-07 10:41:57
4267,4,113,shrinkage,-16,2024-07-06 10:22:10
4268,6,100,shrinkage,-7,2024-10-28 07:47:49
4269,4,90,receive,45,2024-02-08 19:08:25
4270,3,12,adjustment,2,2024-08-25 04:40:36
4271,10,91,return,19,2024-08-16 15:26:28
4272,6,113,adjustment,5,2024-07-28 08:24:48
4273,2,27,return,8,2024-01-24 18:54:20
4274,3,111,shrinkage,-2,2024-06-18 06:20:38
4275,2,116,adjustment,37,2024-02-08 05:41:41
4276,12,70,return,14,2024-06-10 11:13:24
4277,2,8,adjustment,32,2024-01-11 23:48:32
4278,8,51,shrinkage,-25,2024-07-05 19:15:19
4279,1,24,return,46,2024-07-24 09:15:35
4280,10,16,sale,-31,2024-11-09 01:20:12
4281,2,61,adjustment,16,2024-10-30 23:36:37
4282,3,51,shrinkage,-42,2024-05-07 00:43:53
4283,12,113,adjustment,35,2024-10-24 07:48:40
4284,2,8,return,48,2024-02-19 23:59:34
4285,9,76,return,5,2024-06-07 23:16:40
4286,11,89,shrinkage,-28,2024-11-05 18:54:37
4287,4,10,shrinkage,-23,2024-05-24 06:41:10
4288,3,85,return,27,2024-06-26 22:27:19
4289,7,91,adjustment,35,2024-06-19 07:20:31
4290,10,85,receive,21,2024-12-15 14:30:51
4291,12,39,receive,6,2024-06-13 10:22:57
4292,11,96,adjustment,39,2024-12-14 00:57:39
4293,2,12,return,14,2024-04-22 01:28:35
4294,1,82,return,10,2024-10-25 00:31:12
4295,5,18,adjustment,39,2024-10-25 11:04:34
4296,10,53,shrinkage,-28,2024-08-09 10:21:05
4297,8,53,shrinkage,-28,2024-08-27 00:12:12
4298,10,105,receive,4,2024-06-30 12:06:36
4299,9,23,shrinkage,-8,2024-06-04 10:43:30
4300,1,34,receive,49,2024-04-04 15:59:42
4301,8,76,adjustment,18,2024-09-17 08:42:24
4302,1,38,shrinkage,-31,2024-01-17 13:27:52
4303,4,71,sale,-20,2024-02-06 20:59:25
4304,1,31,receive,7,2024-01-29 05:11:29
4305,6,46,adjustment,49,2024-09-04 15:22:37
4306,8,7,receive,35,2024-03-27 08:21:19
4307,1,120,adjustment,33,2024-04-28 17:30:12
4308,10,118,receive,33,2024-03-11 05:42:34
4309,5,45,adjustment,1,2024-09-22 13:59:52
4310,12,80,return,15,2024-12-23 14:07:04
4311,3,4,receive,13,2024-01-18 03:09:06
4312,3,102,sale,-13,2024-08-09 09:28:24
4313,11,32,return,18,2024-01-20 23:28:00
4314,4,48,adjustment,6,2024-03-31 12:34:39
4315,4,98,shrinkage,-17,2024-12-18 10:25:14
4316,5,63,sale,-41,2024-06-30 07:32:58
4317,9,10,sale,-8,2024-08-19 09:17:52
4318,7,117,return,41,2024-11-18 18:30:10
4319,12,62,sale,-24,2024-12-21 00:27:24
4320,2,42,return,37,2024-05-27 14:25:54
4321,1,87,adjustment,28,2024-01-25 01:14:25
4322,8,91,adjustment,27,2024-04-13 10:05:50
4323,8,12,sale,-18,2024-03-22 06:35:15
4324,5,94,adjustment,42,2024-11-14 02:16:11
4325,9,29,return,34,2024-05-06 23:40:37
4326,5,76,adjustment,22,2024-02-11 15:13:02
4327,11,43,adjustment,39,2024-07-22 05:57:52
4328,1,4,return,33,2024-03-31 02:26:11
4329,3,55,shrinkage,-31,2024-09-04 01:38:41
4330,4,52,receive,28,2024-12-27 02:44:54
4331,4,95,receive,5,2024-06-19 12:02:07
4332,10,67,sale,-46,2024-02-05 03:33:45
4333,12,6,shrinkage,-22,2024-08-30 06:34:42
4334,3,64,shrinkage,-16,2024-12-10 13:32:36
4335,12,95,sale,-12,2024-07-26 04:40:52
4336,6,80,adjustment,36,2024-03-30 04:55:07
4337,5,41,receive,5,2024-06-14 17:45:39
4338,12,10,receive,25,2024-05-14 07:43:12
4339,2,41,receive,14,2024-07-19 01:53:56
4340,3,120,sale,-11,2024-06-10 06:31:25
4341,3,79,sale,-25,2024-10-23 10:15:58
4342,6,66,shrinkage,-15,2024-11-13 03:28:24
4343,5,93,shrinkage,-40,2024-05-30 03:03:57
4344,1,43,sale,-3,2024-10-07 12:30:05
4345,5,70,shrinkage,-10,2024-12-10 20:05:45
4346,6,19,adjustment,44,2024-06-30 06:34:04
4347,11,77,receive,48,2024-03-15 20:41:16
4348,9,65,return,6,2024-05-17 16:53:32
4349,9,52,shrinkage,-19,2024-12-06 10:24:15
4350,1,79,return,33,2024-12-03 03:04:51
4351,8,114,receive,34,2024-07-25 05:09:53
4352,3,77,shrinkage,-6,2024-09-03 13:37:40
4353,8,69,receive,50,2024-07-11 23:01:17
4354,7,54,receive,24,2024-04-08 17:02:49
4355,6,91,shrinkage,-48,2024-01-04 03:14:05
4356,11,81,adjustment,7,2024-12-22 18:16:04
4357,9,57,receive,2,2024-02-01 05:59:22
4358,4,53,return,5,2024-02-27 05:00:56
4359,3,2,receive,27,2024-03-19 12:47:51
4360,6,58,adjustment,39,2024-02-10 19:45:31
4361,4,52,return,42,2024-06-22 03:06:32
4362,3,110,return,38,2024-07-31 18:01:01
4363,6,49,shrinkage,-18,2024-03-09 16:10:29
4364,2,92,sale,-9,2024-07-17 20:31:42
4365,10,68,return,14,2024-10-24 11:58:40
4366,6,105,return,7,2024-04-11 08:44:01
4367,4,5,receive,41,2024-12-22 17:00:28
4368,10,33,sale,-26,2024-12-09 05:19:35
4369,8,117,sale,-26,2024-03-15 21:04:53
4370,3,42,receive,23,2024-04-02 12:15:17
4371,2,6,return,42,2024-03-27 23:55:56
4372,1,70,receive,19,2024-05-04 11:03:32
4373,4,12,receive,50,2024-01-15 04:49:40
4374,3,42,shrinkage,-3,2024-04-24 13:19:19
4375,8,48,return,45,2024-11-03 19:03:40
4376,8,56,shrinkage,-6,2024-06-29 21:01:27
4377,2,29,return,37,2024-05-04 21:46:31
4378,2,83,shrinkage,-18,2024-06-09 05:47:11
4379,10,89,receive,31,2024-02-28 05:11:49
4380,9,39,adjustment,6,2024-02-25 21:21:30
4381,8,15,shrinkage,-39,2024-02-28 22:50:21
4382,8,22,return,6,2024-08-22 22:01:11
4383,9,91,adjustment,35,2024-11-23 10:42:41
4384,4,105,sale,-15,2024-03-22 23:54:19
4385,1,55,return,23,2024-09-11 20:45:29
4386,10,119,adjustment,50,2024-06-03 04:46:20
4387,2,31,return,22,2024-02-20 20:55:54
4388,12,18,receive,45,2024-12-18 19:41:22
4389,3,117,sale,-29,2024-08-28 22:39:30
4390,7,13,adjustment,30,2024-09-15 19:20:07
4391,1,5,receive,12,2024-07-26 08:21:44
4392,1,71,return,50,2024-10-08 19:59:28
4393,6,89,receive,29,2024-03-11 14:21:38
4394,11,76,return,35,2024-07-31 14:29:35
4395,12,77,shrinkage,-16,2024-03-27 02:06:43
4396,12,90,receive,6,2024-08-06 19:20:56
4397,9,74,adjustment,36,2024-04-05 11:49:53
4398,6,39,receive,24,2024-02-23 17:06:16
4399,11,42,adjustment,17,2024-01-09 03:16:55
4400,12,113,adjustment,2,2024-09-02 13:40:19
4401,6,51,return,14,2024-12-19 21:43:51
4402,3,113,shrinkage,-1,2024-01-20 03:46:17
4403,9,71,shrinkage,-22,2024-01-04 23:23:31
4404,10,9,return,32,2024-09-22 14:33:33
4405,3,64,return,1,2024-10-24 04:13:32
4406,7,90,sale,-43,2024-06-09 09:28:42
4407,3,20,shrinkage,-35,2024-12-16 02:57:12
4408,3,111,sale,-22,2024-01-05 17:23:41
4409,6,32,shrinkage,-26,2024-05-04 04:55:05
4410,4,12,sale,-13,2024-05-02 18:27:59
4411,9,35,shrinkage,-45,2024-04-13 03:06:26
4412,3,8,shrinkage,-17,2024-02-06 05:47:58
4413,9,35,return,18,2024-06-16 12:12:46
4414,12,97,sale,-50,2024-01-18 03:58:45
4415,5,110,sale,-20,2024-05-10 21:26:07
4416,12,64,shrinkage,-30,2024-03-13 12:27:22
4417,8,25,receive,16,2024-12-16 10:59:06
4418,11,110,shrinkage,-11,2024-11-16 17:46:42
4419,12,12,receive,42,2024-07-16 22:34:31
4420,1,66,sale,-43,2024-08-17 13:54:13
4421,4,111,shrinkage,-3,2024-06-26 19:08:27
4422,5,28,shrinkage,-22,2024-10-24 11:24:37
4423,11,59,sale,-39,2024-01-18 12:31:47
4424,4,119,sale,-6,2024-09-12 20:50:37
4425,7,43,receive,21,2024-12-07 20:43:44
4426,6,55,adjustment,16,2024-10-14 11:36:04
4427,4,57,adjustment,5,2024-01-19 19:52:18
4428,8,18,adjustment,30,2024-09-12 23:49:06
4429,12,72,adjustment,47,2024-06-11 06:26:30
4430,11,43,shrinkage,-32,2024-04-01 06:44:45
4431,3,38,adjustment,2,2024-05-22 21:45:24
4432,11,61,receive,23,2024-01-07 18:05:11
4433,3,89,receive,7,2024-08-20 08:55:01
4434,3,43,receive,47,2024-10-29 09:25:53
4435,6,66,sale,-26,2024-10-03 16:27:32
4436,9,111,sale,-22,2024-10-26 04:03:43
4437,2,59,receive,41,2024-02-27 13:28:27
4438,5,118,return,42,2024-10-08 09:05:09
4439,6,84,sale,-25,2024-12-09 07:39:28
4440,8,117,return,28,2024-08-08 10:30:16
4441,11,117,sale,-19,2024-04-27 23:02:29
4442,4,23,sale,-11,2024-08-01 21:55:39
4443,4,58,sale,-5,2024-12-26 22:01:16
4444,4,2,sale,-44,2024-07-11 02:08:04
4445,4,24,sale,-2,2024-04-26 22:00:59
4446,5,71,return,1,2024-09-06 12:11:50
4447,1,2,return,23,2024-03-25 04:34:07
4448,5,37,return,26,2024-11-11 21:33:06
4449,3,106,sale,-32,2024-10-08 15:20:31
4450,10,108,sale,-33,2024-01-28 16:33:49
4451,8,20,adjustment,12,2024-04-17 04:56:07
4452,4,26,return,30,2024-06-23 01:15:12
4453,3,88,receive,17,2024-12-01 08:01:28
4454,9,102,return,19,2024-04-03 01:40:02
4455,8,50,sale,-41,2024-08-02 14:35:20
4456,3,44,return,37,2024-08-22 14:38:20
4457,5,103,shrinkage,-19,2024-08-05 01:08:06
4458,3,96,adjustment,23,2024-08-12 05:21:40
4459,7,47,return,39,2024-08-02 02:25:41
4460,8,56,shrinkage,-17,2024-02-11 07:21:14
4461,4,120,receive,1,2024-07-15 16:19:31
4462,11,102,adjustment,6,2024-01-21 14:49:42
4463,7,19,sale,-22,2024-10-25 02:48:01
4464,10,83,receive,26,2024-08-06 22:31:30
4465,4,98,receive,33,2024-03-12 09:29:14
4466,11,109,return,48,2024-11-27 02:51:50
4467,5,107,adjustment,44,2024-04-21 14:49:29
4468,10,42,adjustment,45,2024-05-28 21:37:09
4469,11,85,return,26,2024-09-28 02:01:45
4470,7,2,sale,-43,2024-01-11 21:37:03
4471,8,55,sale,-18,2024-11-06 07:12:39
4472,12,41,receive,16,2024-10-10 14:30:28
4473,1,75,adjustment,8,2024-11-26 22:26:53
4474,3,59,sale,-19,2024-10-01 10:10:59
4475,9,108,return,31,2024-11-08 18:03:35
4476,10,99,return,40,2024-04-25 21:53:09
4477,2,99,shrinkage,-19,2024-09-24 07:48:30
4478,5,22,adjustment,21,2024-09-19 10:58:49
4479,5,75,return,15,2024-06-19 20:51:36
4480,1,48,adjustment,23,2024-04-15 12:41:55
4481,10,38,receive,22,2024-07-17 22:27:54
4482,8,40,return,39,2024-02-17 11:00:38
4483,6,86,receive,12,2024-02-24 14:44:15
4484,3,94,shrinkage,-22,2024-01-27 02:45:23
4485,12,70,return,43,2024-08-06 07:43:32
4486,10,57,adjustment,33,2024-02-03 03:26:20
4487,2,49,return,23,2024-01-03 03:11:53
4488,12,67,shrinkage,-8,2024-04-30 10:00:23
4489,10,8,shrinkage,-29,2024-06-12 21:33:36
4490,10,73,receive,24,2024-06-29 15:32:05
4491,5,71,receive,4,2024-04-27 08:33:59
4492,12,65,adjustment,50,2024-08-12 00:37:03
4493,1,68,receive,46,2024-03-01 05:58:24
4494,7,105,adjustment,47,2024-07-18 17:14:57
4495,3,21,return,37,2024-01-07 01:11:49
4496,12,102,shrinkage,-50,2024-04-02 05:31:53
4497,5,17,adjustment,18,2024-12-16 22:28:54
4498,10,58,shrinkage,-19,2024-06-26 14:02:15
4499,6,22,sale,-33,2024-11-02 17:23:56
4500,2,48,return,5,2024-05-02 19:44:48
4501,7,24,return,40,2024-08-27 07:22:02
4502,4,95,adjustment,9,2024-08-17 23:59:53
4503,10,41,sale,-3,2024-04-15 19:34:00
4504,4,5,receive,26,2024-01-23 07:09:21
4505,5,18,adjustment,15,2024-10-17 16:57:40
4506,8,48,shrinkage,-39,2024-09-05 09:29:40
4507,12,62,sale,-37,2024-07-15 16:56:20
4508,5,50,shrinkage,-24,2024-07-16 13:54:44
4509,6,59,adjustment,2,2024-05-24 01:54:09
4510,1,85,return,31,2024-05-21 04:22:14
4511,10,98,shrinkage,-31,2024-05-19 23:20:57
4512,12,26,shrinkage,-11,2024-11-13 05:58:51
4513,10,87,receive,35,2024-07-24 05:16:50
4514,11,84,receive,40,2024-04-08 15:35:53
4515,1,45,return,33,2024-11-22 18:26:43
4516,5,53,return,12,2024-08-13 10:14:57
4517,2,90,shrinkage,-38,2024-03-16 19:04:02
4518,6,67,receive,24,2024-07-31 02:48:43
4519,4,7,adjustment,25,2024-11-11 23:35:20
4520,9,18,receive,21,2024-04-07 11:59:26
4521,3,52,receive,10,2024-10-18 15:47:32
4522,5,36,sale,-46,2024-02-16 20:24:06
4523,2,62,sale,-49,2024-12-08 12:02:16
4524,9,37,shrinkage,-25,2024-02-29 19:23:03
4525,12,58,return,16,2024-10-03 23:31:59
4526,12,53,shrinkage,-47,2024-04-29 19:19:57
4527,9,47,receive,29,2024-01-09 14:14:53
4528,2,31,return,9,2024-11-05 21:32:12
4529,3,30,return,47,2024-05-03 01:51:40
4530,12,4,return,20,2024-09-27 10:27:04
4531,12,4,return,32,2024-10-07 04:56:09
4532,12,15,receive,43,2024-06-16 13:56:30
4533,3,5,shrinkage,-42,2024-01-13 18:30:28
4534,3,1,receive,42,2024-02-09 21:09:56
4535,1,33,receive,10,2024-05-20 11:55:56
4536,9,119,shrinkage,-27,2024-09-24 08:08:42
4537,1,38,shrinkage,-42,2024-06-01 11:17:31
4538,1,18,sale,-21,2024-01-18 05:38:50
4539,10,22,receive,8,2024-02-10 19:38:51
4540,10,70,shrinkage,-21,2024-05-10 11:59:22
4541,3,51,receive,32,2024-02-24 06:05:39
4542,9,100,sale,-32,2024-01-16 14:41:42
4543,3,92,adjustment,8,2024-02-20 04:47:48
4544,6,73,sale,-50,2024-06-19 20:56:06
4545,10,63,adjustment,1,2024-04-07 14:10:50
4546,1,24,adjustment,8,2024-07-25 23:08:21
4547,12,116,sale,-50,2024-01-06 09:41:29
4548,2,2,receive,33,2024-09-16 22:22:23
4549,5,75,return,10,2024-05-12 21:28:26
4550,5,5,receive,48,2024-10-13 03:57:00
4551,4,47,receive,50,2024-09-14 20:13:07
4552,12,71,shrinkage,-42,2024-10-29 23:31:41
4553,10,28,return,48,2024-05-02 19:38:48
4554,8,50,return,37,2024-04-26 02:49:01
4555,8,65,shrinkage,-30,2024-08-29 03:00:04
4556,3,50,shrinkage,-41,2024-01-28 10:16:50
4557,2,52,receive,27,2024-09-26 14:48:43
4558,11,34,adjustment,25,2024-06-01 14:49:15
4559,11,81,sale,-12,2024-06-18 02:49:29
4560,7,29,receive,33,2024-07-29 20:03:08
4561,3,77,adjustment,33,2024-11-15 00:47:54
4562,11,111,adjustment,25,2024-07-29 21:43:47
4563,12,106,sale,-19,2024-05-23 21:03:43
4564,9,82,return,33,2024-11-23 16:14:38
4565,6,12,adjustment,28,2024-12-10 21:06:12
4566,3,120,adjustment,15,2024-05-13 08:23:18
4567,8,101,return,19,2024-09-25 20:29:22
4568,9,98,return,22,2024-03-08 04:24:55
4569,5,4,return,18,2024-11-01 00:44:53
4570,2,53,shrinkage,-13,2024-10-27 01:01:17
4571,4,16,return,12,2024-02-14 09:07:38
4572,11,92,return,30,2024-03-10 04:44:19
4573,11,31,shrinkage,-3,2024-12-02 05:27:05
4574,4,21,adjustment,4,2024-12-25 23:36:34
4575,6,43,return,18,2024-01-04 07:27:56
4576,3,63,return,6,2024-12-17 18:49:34
4577,3,33,sale,-10,2024-01-03 07:28:58
4578,12,43,shrinkage,-38,2024-09-02 00:28:37
4579,3,4,adjustment,40,2024-11-22 04:50:31
4580,1,83,return,42,2024-02-28 04:12:01
4581,7,120,adjustment,7,2024-09-20 12:16:42
4582,12,32,adjustment,42,2024-06-30 09:33:56
4583,7,25,return,41,2024-12-13 07:22:15
4584,9,47,sale,-35,2024-05-06 08:44:18
4585,11,19,shrinkage,-21,2024-12-03 06:36:44
4586,9,1,sale,-45,2024-09-22 21:57:04
4587,2,120,sale,-2,2024-02-12 17:22:25
4588,4,95,sale,-48,2024-07-06 10:35:18
4589,12,78,adjustment,33,2024-05-11 09:05:38
4590,6,99,shrinkage,-26,2024-05-05 03:18:22
4591,11,21,receive,48,2024-02-04 02:32:23
4592,8,119,adjustment,47,2024-08-02 01:33:59
4593,1,2,sale,-33,2024-02-13 16:27:20
4594,1,41,shrinkage,-14,2024-08-22 19:17:31
4595,1,103,sale,-4,2024-05-26 16:40:54
4596,5,103,receive,25,2024-07-12 22:52:13
4597,11,104,receive,11,2024-10-17 06:10:51
4598,2,39,shrinkage,-12,2024-11-08 09:43:07
4599,11,98,shrinkage,-4,2024-11-05 07:47:46
4600,8,66,sale,-18,2024-01-01 09:56:30
4601,2,3,adjustment,30,2024-09-16 23:49:00
4602,3,45,receive,9,2024-02-17 09:29:00
4603,1,75,shrinkage,-22,2024-08-14 17:22:14
4604,4,8,adjustment,45,2024-01-01 11:25:29
4605,9,35,sale,-33,2024-09-03 13:53:32
4606,3,107,shrinkage,-6,2024-04-04 15:42:53
4607,6,115,sale,-38,2024-10-30 06:58:09
4608,5,110,receive,44,2024-09-09 01:08:08
4609,2,66,adjustment,10,2024-06-30 15:44:02
4610,5,23,shrinkage,-13,2024-03-30 12:28:58
4611,2,60,return,28,2024-11-12 09:03:10
4612,2,25,adjustment,13,2024-11-28 04:59:24
4613,2,15,return,38,2024-12-21 20:04:56
4614,7,83,shrinkage,-23,2024-08-31 12:42:18
4615,6,116,return,39,2024-09-22 08:51:40
4616,2,95,adjustment,36,2024-01-24 09:36:56
4617,9,71,return,22,2024-07-10 18:53:03
4618,7,31,return,8,2024-10-17 23:10:11
4619,12,56,sale,-24,2024-03-27 12:08:36
4620,2,116,adjustment,18,2024-01-12 03:30:29
4621,11,23,sale,-29,2024-03-31 06:11:47
4622,10,28,receive,47,2024-04-13 19:28:44
4623,6,92,adjustment,18,2024-02-07 16:18:49
4624,11,17,shrinkage,-36,2024-06-15 10:21:02
4625,1,94,sale,-31,2024-07-05 11:49:28
4626,10,97,receive,22,2024-04-10 14:37:45
4627,3,41,sale,-6,2024-07-03 22:09:10
4628,11,4,sale,-32,2024-06-28 19:54:40
4629,8,23,receive,41,2024-11-27 21:21:08
4630,12,99,adjustment,43,2024-07-18 18:58:03
4631,9,84,adjustment,47,2024-02-29 20:58:48
4632,9,100,adjustment,33,2024-03-01 00:23:25
4633,7,44,receive,4,2024-11-29 10:01:25
4634,11,27,receive,48,2024-03-07 10:57:28
4635,4,48,return,33,2024-10-17 04:21:20
4636,4,56,adjustment,11,2024-05-03 15:49:13
4637,4,80,adjustment,32,2024-02-13 18:54:24
4638,9,27,sale,-50,2024-03-24 15:35:13
4639,10,43,sale,-1,2024-02-27 08:09:53
4640,2,44,return,37,2024-05-15 08:33:02
4641,3,20,sale,-38,2024-12-02 17:46:56
4642,11,108,sale,-7,2024-05-11 09:57:16
4643,10,91,receive,3,2024-05-18 16:17:38
4644,12,12,shrinkage,-47,2024-05-10 03:48:54
4645,1,84,adjustment,37,2024-07-06 08:26:12
4646,3,21,shrinkage,-7,2024-01-20 06:03:27
4647,12,72,shrinkage,-8,2024-08-04 16:55:51
4648,12,65,adjustment,1,2024-12-11 00:46:25
4649,9,77,shrinkage,-22,2024-01-19 20:42:18
4650,1,118,receive,15,2024-07-23 19:44:09
4651,9,107,shrinkage,-7,2024-02-09 09:01:37
4652,12,29,sale,-3,2024-03-30 22:15:22
4653,7,3,shrinkage,-26,2024-01-12 07:08:44
4654,4,30,adjustment,18,2024-08-06 18:50:37
4655,7,111,receive,11,2024-06-05 02:28:42
4656,10,106,receive,29,2024-02-21 09:10:51
4657,12,65,receive,31,2024-08-22 09:39:16
4658,4,89,return,19,2024-11-03 15:58:21
4659,7,78,adjustment,39,2024-01-01 20:30:15
4660,11,75,receive,4,2024-03-01 17:17:01
4661,4,11,shrinkage,-49,2024-04-03 16:13:10
4662,8,75,shrinkage,-4,2024-04-15 02:09:58
4663,5,110,adjustment,1,2024-01-03 02:36:42
4664,8,74,receive,39,2024-12-20 04:46:37
4665,5,76,sale,-14,2024-05-08 07:02:04
4666,10,89,sale,-4,2024-03-09 18:09:42
4667,8,112,sale,-43,2024-11-03 10:16:00
4668,1,102,return,37,2024-10-19 14:39:10
4669,10,63,shrinkage,-3,2024-05-07 10:55:26
4670,6,99,receive,7,2024-04-25 11:02:41
4671,5,29,receive,7,2024-02-10 13:01:59
4672,2,81,adjustment,32,2024-01-11 19:02:19
4673,6,114,receive,9,2024-09-23 09:53:51
4674,2,8,adjustment,21,2024-04-05 06:33:36
4675,6,26,return,49,2024-09-20 15:51:31
4676,5,88,sale,-48,2024-04-05 13:53:46
4677,7,48,sale,-50,2024-07-05 00:12:42
4678,6,48,shrinkage,-17,2024-08-23 19:09:36
4679,2,17,shrinkage,-12,2024-05-29 02:06:12
4680,5,24,return,37,2024-02-01 16:47:56
4681,5,100,shrinkage,-22,2024-11-28 11:35:15
4682,10,52,receive,33,2024-08-27 00:36:04
4683,5,107,adjustment,21,2024-09-11 04:04:22
4684,9,44,return,47,2024-06-19 22:40:56
4685,4,106,shrinkage,-36,2024-12-30 01:53:21
4686,10,31,receive,6,2024-06-14 09:46:32
4687,2,23,adjustment,39,2024-02-25 04:40:26
4688,5,24,adjustment,9,2024-12-20 15:36:57
4689,9,109,receive,5,2024-11-16 16:52:29
4690,6,107,receive,29,2024-02-16 17:24:43
4691,7,69,shrinkage,-9,2024-03-21 06:22:28
4692,3,100,receive,32,2024-02-13 09:58:23
4693,2,36,adjustment,30,2024-05-02 22:48:43
4694,4,5,receive,21,2024-10-29 08:05:45
4695,8,8,return,23,2024-06-23 01:49:48
4696,12,5,receive,18,2024-04-05 03:19:12
4697,11,111,receive,10,2024-10-24 14:38:33
4698,8,107,adjustment,29,2024-09-10 23:23:49
4699,10,85,shrinkage,-8,2024-09-17 14:17:17
4700,9,17,return,50,2024-12-26 12:27:22
4701,5,2,return,10,2024-10-06 19:57:57
4702,9,29,sale,-17,2024-03-06 15:56:41
4703,1,6,shrinkage,-22,2024-04-13 07:21:25
4704,2,5,shrinkage,-19,2024-02-19 01:42:59
4705,10,60,shrinkage,-45,2024-06-06 19:11:48
4706,8,51,return,9,2024-06-08 14:00:02
4707,4,93,sale,-46,2024-03-22 08:06:59
4708,2,26,sale,-23,2024-06-10 09:08:35
4709,3,11,sale,-41,2024-06-29 17:45:09
4710,5,11,return,1,2024-10-02 14:31:03
4711,6,48,receive,28,2024-12-23 13:26:23
4712,11,99,sale,-48,2024-08-22 22:53:08
4713,8,60,sale,-40,2024-01-27 17:10:14
4714,7,16,adjustment,38,2024-03-26 13:45:27
4715,5,74,adjustment,6,2024-06-27 22:41:30
4716,5,51,return,36,2024-06-24 07:38:59
4717,11,92,shrinkage,-12,2024-01-22 20:57:51
4718,8,109,shrinkage,-22,2024-10-09 14:55:05
4719,12,109,sale,-4,2024-07-12 15:08:52
4720,6,61,receive,18,2024-10-31 20:31:36
4721,11,100,adjustment,18,2024-07-25 18:05:20
4722,11,26,adjustment,6,2024-12-14 23:20:00
4723,6,27,receive,13,2024-07-08 00:41:43
4724,7,25,receive,32,2024-04-17 21:43:24
4725,9,14,adjustment,30,2024-04-08 01:44:06
4726,4,14,sale,-8,2024-10-12 20:17:15
4727,9,24,adjustment,10,2024-05-15 15:04:10
4728,10,109,adjustment,30,2024-03-27 12:07:46
4729,5,86,adjustment,21,2024-12-03 03:13:08
4730,4,83,receive,31,2024-11-05 22:53:57
4731,9,38,receive,28,2024-09-10 17:15:44
4732,5,60,return,48,2024-05-26 02:54:15
4733,1,108,shrinkage,-7,2024-05-08 08:03:22
4734,8,94,return,18,2024-02-10 14:46:30
4735,6,59,shrinkage,-28,2024-02-16 15:06:23
4736,11,34,sale,-36,2024-12-29 13:29:44
4737,3,30,return,9,2024-09-28 13:18:52
4738,9,22,receive,40,2024-06-18 23:50:13
4739,9,65,adjustment,9,2024-02-29 19:31:01
4740,4,87,return,15,2024-11-28 03:29:29
4741,5,93,sale,-10,2024-02-16 07:52:27
4742,4,116,sale,-46,2024-08-04 08:23:33
4743,7,119,shrinkage,-32,2024-09-26 07:57:53
4744,10,85,adjustment,14,2024-03-04 17:29:14
4745,6,73,shrinkage,-41,2024-08-16 13:28:08
4746,7,7,shrinkage,-37,2024-11-01 10:02:20
4747,12,32,shrinkage,-19,2024-07-10 22:44:44
4748,6,70,return,40,2024-07-15 19:57:26
4749,10,32,return,17,2024-04-02 16:51:56
4750,3,95,shrinkage,-3,2024-10-25 20:09:18
4751,2,77,return,44,2024-01-06 10:26:15
4752,10,37,return,5,2024-06-19 13:43:24
4753,8,76,receive,45,2024-02-12 03:48:09
4754,8,10,return,49,2024-04-19 23:19:14
4755,9,75,return,37,2024-11-27 15:31:43
4756,12,41,receive,24,2024-04-07 00:12:19
4757,11,119,adjustment,9,2024-12-24 15:57:02
4758,4,56,receive,29,2024-11-12 22:13:20
4759,7,72,sale,-28,2024-03-29 12:36:34
4760,8,37,receive,25,2024-07-14 00:56:19
4761,12,110,return,37,2024-06-18 17:10:58
4762,5,53,return,9,2024-11-11 09:48:26
4763,2,43,adjustment,10,2024-04-22 01:13:54
4764,9,79,return,25,2024-10-05 15:12:26
4765,7,42,return,28,2024-04-19 06:59:09
4766,4,77,shrinkage,-37,2024-08-15 07:20:50
4767,8,88,shrinkage,-14,2024-01-02 13:59:37
4768,12,57,receive,1,2024-04-19 05:00:35
4769,7,53,adjustment,4,2024-10-06 06:39:26
4770,12,47,sale,-9,2024-09-28 19:18:48
4771,7,95,receive,9,2024-11-10 04:25:47
4772,5,63,receive,13,2024-12-07 17:55:53
4773,1,43,sale,-1,2024-06-02 08:41:12
4774,5,91,receive,47,2024-08-06 19:23:29
4775,2,80,receive,47,2024-10-22 12:23:34
4776,8,95,receive,26,2024-06-16 21:37:30
4777,10,30,return,19,2024-07-17 01:35:14
4778,10,14,receive,11,2024-11-01 12:45:26
4779,12,12,receive,17,2024-10-11 10:42:01
4780,1,113,shrinkage,-6,2024-05-02 01:22:53
4781,6,102,shrinkage,-7,2024-06-04 17:43:49
4782,8,116,sale,-34,2024-03-24 21:03:13
4783,4,77,shrinkage,-30,2024-01-01 17:46:19
4784,5,79,shrinkage,-13,2024-05-04 01:20:42
4785,7,109,sale,-12,2024-07-03 13:42:54
4786,8,7,sale,-26,2024-01-28 01:47:33
4787,10,29,sale,-33,2024-07-15 09:48:43
4788,11,94,adjustment,22,2024-12-08 09:36:30
4789,3,41,adjustment,28,2024-12-02 21:21:25
4790,9,105,adjustment,23,2024-12-27 16:43:02
4791,11,24,adjustment,18,2024-04-06 23:59:32
4792,8,119,shrinkage,-44,2024-07-11 23:31:15
4793,12,101,shrinkage,-32,2024-10-12 01:48:16
4794,6,18,return,20,2024-02-20 16:36:41
4795,2,59,receive,49,2024-11-15 16:32:30
4796,10,107,receive,27,2024-07-23 04:25:56
4797,5,92,shrinkage,-45,2024-05-09 07:04:35
4798,10,72,sale,-48,2024-05-26 19:22:57
4799,4,118,return,45,2024-08-15 03:08:12
4800,5,84,return,40,2024-12-26 11:21:12
4801,1,42,sale,-30,2024-05-21 19:01:36
4802,11,87,return,37,2024-08-24 02:35:53
4803,1,36,shrinkage,-41,2024-05-10 15:31:10
4804,12,16,receive,46,2024-04-09 02:59:22
4805,2,115,receive,6,2024-01-03 15:31:16
4806,9,79,shrinkage,-30,2024-11-12 05:23:50
4807,11,22,adjustment,37,2024-09-22 06:53:40
4808,1,45,shrinkage,-20,2024-06-23 14:45:36
4809,2,26,adjustment,13,2024-08-17 21:04:55
4810,3,112,adjustment,45,2024-05-28 12:12:23
4811,7,76,return,50,2024-09-23 06:16:25
4812,12,79,shrinkage,-5,2024-09-09 05:53:00
4813,9,26,adjustment,46,2024-01-02 15:48:50
4814,4,75,return,32,2024-10-13 17:36:27
4815,4,91,receive,50,2024-03-12 23:40:41
4816,11,43,return,40,2024-07-11 10:43:29
4817,1,64,return,7,2024-04-24 09:55:29
4818,10,81,adjustment,27,2024-07-11 07:40:03
4819,5,8,receive,10,2024-07-26 00:24:47
4820,7,63,return,47,2024-02-07 01:36:16
4821,7,102,receive,30,2024-04-02 21:05:33
4822,2,75,shrinkage,-24,2024-01-18 14:03:37
4823,5,115,adjustment,35,2024-08-05 17:10:30
4824,3,109,return,24,2024-05-29 16:37:04
4825,11,54,receive,12,2024-12-07 14:23:43
4826,9,81,sale,-49,2024-04-25 12:58:38
4827,1,108,shrinkage,-10,2024-08-03 11:20:28
4828,11,58,sale,-29,2024-09-05 00:22:02
4829,5,114,receive,25,2024-04-30 17:23:28
4830,8,104,receive,35,2024-07-23 06:59:24
4831,8,5,return,19,2024-08-10 08:06:10
4832,2,83,adjustment,43,2024-01-10 01:55:36
4833,8,90,sale,-2,2024-11-10 15:11:17
4834,3,62,return,42,2024-07-25 22:36:17
4835,8,76,return,13,2024-12-07 10:37:40
4836,3,95,receive,23,2024-01-19 00:40:01
4837,1,5,shrinkage,-43,2024-04-13 14:46:03
4838,11,28,adjustment,22,2024-08-20 01:10:05
4839,7,96,receive,32,2024-05-11 00:01:01
4840,5,101,return,17,2024-10-04 12:13:45
4841,11,24,sale,-14,2024-03-23 07:48:16
4842,7,2,adjustment,50,2024-09-28 13:55:05
4843,10,33,sale,-50,2024-04-25 14:37:40
4844,8,18,shrinkage,-44,2024-06-14 19:28:12
4845,10,89,sale,-11,2024-12-27 04:13:33
4846,2,111,return,9,2024-08-10 22:49:45
4847,12,75,return,37,2024-12-03 16:48:35
4848,7,11,adjustment,41,2024-01-14 15:53:01
4849,9,68,return,18,2024-07-30 00:54:18
4850,12,92,receive,36,2024-07-17 09:50:08
4851,3,56,return,39,2024-11-06 15:04:14
4852,11,94,receive,44,2024-08-16 23:53:36
4853,5,11,sale,-24,2024-12-11 04:34:07
4854,5,62,sale,-20,2024-06-14 03:46:54
4855,4,28,receive,49,2024-03-17 13:36:16
4856,5,44,shrinkage,-45,2024-10-10 00:06:29
4857,5,107,receive,38,2024-09-12 11:36:57
4858,12,119,return,13,2024-01-17 06:07:24
4859,9,74,return,16,2024-09-05 11:23:41
4860,12,56,adjustment,27,2024-10-02 16:35:10
4861,5,64,receive,22,2024-04-30 05:39:59
4862,11,61,receive,38,2024-08-09 18:50:15
4863,7,16,sale,-49,2024-09-25 09:58:15
4864,11,87,receive,28,2024-08-19 13:17:33
4865,6,62,receive,31,2024-02-18 01:23:08
4866,4,3,shrinkage,-2,2024-12-07 11:01:06
4867,3,85,shrinkage,-31,2024-07-25 05:56:28
4868,6,21,adjustment,45,2024-02-21 19:21:59
4869,12,35,return,2,2024-11-22 04:37:03
4870,7,73,return,13,2024-12-05 22:44:21
4871,6,116,receive,32,2024-02-01 04:00:02
4872,8,16,receive,36,2024-07-16 19:34:34
4873,3,19,receive,16,2024-02-16 13:40:26
4874,8,19,sale,-25,2024-10-07 15:42:46
4875,2,27,sale,-42,2024-10-27 09:19:19
4876,9,107,receive,2,2024-01-18 18:09:03
4877,2,77,return,39,2024-12-07 11:04:33
4878,5,119,receive,34,2024-09-04 22:18:56
4879,12,61,return,40,2024-05-17 17:27:12
4880,1,28,sale,-17,2024-06-09 06:50:59
4881,8,4,return,30,2024-12-10 20:34:18
4882,8,26,adjustment,43,2024-04-13 13:36:55
4883,2,37,receive,12,2024-03-12 03:41:13
4884,7,78,return,28,2024-11-08 23:26:39
4885,3,96,receive,40,2024-04-15 11:57:14
4886,9,108,return,46,2024-09-05 20:41:27
4887,7,11,shrinkage,-4,2024-02-27 16:36:17
4888,9,66,sale,-14,2024-08-06 15:49:34
4889,9,70,return,13,2024-07-03 13:47:38
4890,8,110,sale,-7,2024-01-29 14:03:00
4891,9,27,receive,36,2024-09-26 07:24:17
4892,6,114,receive,45,2024-07-05 23:59:58
4893,6,84,sale,-3,2024-08-29 05:52:03
4894,11,62,sale,-44,2024-01-07 23:47:33
4895,5,65,adjustment,35,2024-02-08 02:14:50
4896,9,20,receive,50,2024-04-19 04:29:10
4897,2,17,shrinkage,-48,2024-11-17 04:20:48
4898,3,43,receive,27,2024-11-25 18:57:51
4899,10,72,sale,-12,2024-01-25 19:59:49
4900,5,90,return,24,2024-09-13 15:13:10
4901,11,54,shrinkage,-42,2024-10-24 05:20:10
4902,7,114,sale,-6,2024-04-30 05:19:22
4903,7,72,adjustment,50,2024-01-03 09:03:03
4904,5,96,receive,7,2024-05-21 03:09:48
4905,2,54,adjustment,38,2024-05-11 07:22:13
4906,6,26,shrinkage,-9,2024-10-25 15:00:53
4907,2,69,receive,45,2024-02-11 22:26:46
4908,11,18,return,26,2024-04-07 06:50:33
4909,11,67,shrinkage,-4,2024-06-23 19:09:39
4910,9,112,shrinkage,-39,2024-08-30 09:09:40
4911,1,64,receive,30,2024-07-10 06:39:23
4912,4,3,shrinkage,-36,2024-12-29 09:04:27
4913,4,80,sale,-12,2024-03-10 23:36:07
4914,9,19,receive,41,2024-01-03 11:14:26
4915,3,16,return,10,2024-03-17 02:07:51
4916,5,88,shrinkage,-20,2024-12-06 06:00:36
4917,2,59,receive,37,2024-04-01 15:27:01
4918,3,113,sale,-22,2024-06-22 20:20:56
4919,2,57,adjustment,39,2024-02-06 01:08:54
4920,9,46,receive,26,2024-04-28 22:15:36
4921,2,77,adjustment,45,2024-07-12 05:51:52
4922,4,17,receive,14,2024-06-02 10:51:05
4923,1,114,adjustment,8,2024-11-18 12:36:35
4924,5,75,shrinkage,-30,2024-01-15 15:42:17
4925,4,58,shrinkage,-46,2024-04-12 14:51:08
4926,5,48,adjustment,41,2024-10-06 18:57:43
4927,7,86,adjustment,28,2024-09-19 23:11:13
4928,4,16,return,8,2024-09-29 23:57:02
4929,4,87,receive,46,2024-08-24 20:06:19
4930,3,80,shrinkage,-14,2024-03-13 08:03:25
4931,3,94,sale,-38,2024-04-26 10:01:27
4932,12,64,shrinkage,-3,2024-11-15 21:50:24
4933,1,7,return,2,2024-12-21 11:36:59
4934,7,57,receive,24,2024-11-18 19:14:53
4935,7,85,adjustment,14,2024-05-29 08:37:14
4936,9,90,return,28,2024-07-19 22:12:00
4937,9,86,receive,5,2024-01-14 17:56:28
4938,10,81,shrinkage,-39,2024-07-10 00:47:45
4939,4,34,shrinkage,-44,2024-03-13 01:34:50
4940,10,7,return,24,2024-01-05 03:35:39
4941,6,64,sale,-9,2024-10-13 17:35:03
4942,7,82,adjustment,13,2024-01-23 18:13:04
4943,6,54,sale,-44,2024-05-18 12:02:45
4944,12,76,adjustment,10,2024-02-20 08:59:35
4945,4,62,receive,38,2024-10-29 11:02:50
4946,2,35,return,11,2024-09-14 21:07:17
4947,11,69,shrinkage,-17,2024-05-10 16:11:25
4948,9,115,sale,-6,2024-09-22 18:59:55
4949,7,1,return,39,2024-05-30 15:17:11
4950,11,97,receive,40,2024-02-12 02:46:31
4951,4,27,receive,32,2024-06-28 13:20:04
4952,3,113,adjustment,48,2024-02-23 11:22:35
4953,10,19,shrinkage,-30,2024-05-15 06:02:05
4954,1,119,return,23,2024-03-31 08:30:03
4955,12,104,sale,-45,2024-07-24 15:12:31
4956,3,106,return,35,2024-05-24 01:34:04
4957,11,92,shrinkage,-4,2024-02-24 04:36:38
4958,12,42,adjustment,26,2024-08-30 04:37:44
4959,10,89,shrinkage,-24,2024-07-18 02:11:53
4960,10,25,shrinkage,-31,2024-03-01 03:12:29
4961,6,14,receive,35,2024-08-20 05:55:14
4962,7,56,return,6,2024-06-29 07:07:04
4963,3,70,shrinkage,-21,2024-09-23 01:36:48
4964,6,116,receive,35,2024-08-07 05:12:40
4965,6,84,return,15,2024-08-20 05:41:28
4966,5,45,sale,-18,2024-05-14 11:43:34
4967,3,27,shrinkage,-48,2024-05-21 23:37:06
4968,3,15,return,27,2024-12-03 15:22:47
4969,2,10,receive,4,2024-10-07 02:28:54
4970,6,45,shrinkage,-46,2024-06-28 13:44:46
4971,12,73,return,12,2024-03-07 09:49:52
4972,12,32,return,7,2024-04-05 11:59:43
4973,3,40,sale,-27,2024-09-25 09:09:55
4974,3,66,shrinkage,-47,2024-07-28 02:50:09
4975,10,96,sale,-25,2024-05-03 07:34:19
4976,2,79,return,27,2024-05-05 09:08:30
4977,12,36,return,45,2024-10-20 06:36:28
4978,7,1,sale,-23,2024-06-05 21:03:18
4979,7,16,shrinkage,-32,2024-03-16 00:05:24
4980,10,94,shrinkage,-25,2024-11-09 18:50:50
4981,5,9,adjustment,49,2024-06-02 11:02:47
4982,11,81,return,30,2024-01-02 12:42:31
4983,8,58,shrinkage,-17,2024-08-13 23:14:35
4984,2,23,receive,4,2024-03-14 21:13:35
4985,3,48,shrinkage,-42,2024-05-27 18:32:12
4986,7,25,adjustment,2,2024-03-09 15:00:06
4987,2,53,shrinkage,-46,2024-07-20 08:06:57
4988,8,4,shrinkage,-5,2024-12-17 10:45:02
4989,3,116,adjustment,27,2024-09-28 17:47:09
4990,8,15,adjustment,14,2024-08-02 22:55:36
4991,3,28,sale,-31,2024-08-22 16:33:01
4992,8,13,sale,-2,2024-10-30 23:19:17
4993,3,82,adjustment,5,2024-09-15 11:23:39
4994,6,12,sale,-14,2024-02-26 14:45:45
4995,7,75,receive,6,2024-07-29 22:47:44
4996,8,118,sale,-27,2024-04-05 08:48:46
4997,8,49,sale,-31,2024-10-25 09:17:40
4998,5,21,receive,35,2024-10-14 15:36:54
4999,7,7,receive,12,2024-02-09 10:50:02
5000,10,15,sale,-44,2024-04-26 13:45:30
5001,2,52,return,18,2024-09-08 01:10:09
5002,8,80,adjustment,34,2024-07-27 18:33:50
5003,3,33,shrinkage,-39,2024-04-03 13:08:24
5004,3,26,receive,29,2024-09-01 02:40:30
5005,5,108,shrinkage,-46,2024-04-27 01:47:13
5006,11,65,adjustment,47,2024-04-12 06:15:08
5007,2,48,sale,-1,2024-10-29 11:19:38
5008,4,13,return,30,2024-05-25 06:06:49
5009,5,87,shrinkage,-48,2024-07-22 01:04:23
5010,1,102,adjustment,6,2024-07-01 21:45:25
5011,5,63,sale,-33,2024-04-02 18:16:17
5012,12,51,adjustment,40,2024-04-20 13:02:28
5013,8,15,shrinkage,-14,2024-12-17 22:54:36
5014,5,36,shrinkage,-40,2024-07-24 15:50:40
5015,6,49,return,30,2024-03-01 00:01:10
5016,6,47,sale,-47,2024-06-13 18:52:58
5017,6,88,return,21,2024-05-31 19:02:31
5018,1,109,return,38,2024-10-19 20:46:30
5019,3,25,sale,-34,2024-08-13 08:55:37
5020,12,18,return,7,2024-06-11 22:35:32
5021,10,16,sale,-46,2024-09-01 11:12:02
5022,1,54,shrinkage,-15,2024-02-09 22:28:06
5023,12,105,sale,-39,2024-02-24 10:39:16
5024,9,44,receive,16,2024-04-09 05:51:45
5025,2,25,return,40,2024-01-15 05:31:23
5026,8,96,receive,26,2024-06-29 13:32:35
5027,2,46,receive,21,2024-03-02 08:13:51
5028,6,102,shrinkage,-47,2024-05-29 08:37:54
5029,3,15,adjustment,3,2024-01-06 18:23:13
5030,9,61,shrinkage,-5,2024-03-16 09:44:02
5031,12,23,shrinkage,-38,2024-12-15 10:05:21
5032,2,13,receive,8,2024-10-29 01:56:31
5033,9,113,sale,-42,2024-11-03 04:44:04
5034,8,78,shrinkage,-46,2024-04-28 00:24:42
5035,1,48,shrinkage,-9,2024-07-10 01:49:27
5036,4,36,return,39,2024-08-24 22:07:28
5037,9,50,return,46,2024-08-29 10:25:22
5038,9,75,shrinkage,-48,2024-10-11 18:32:58
5039,12,75,sale,-44,2024-01-23 11:55:08
5040,9,46,shrinkage,-12,2024-04-14 03:23:42
5041,6,103,return,1,2024-12-20 21:33:08
5042,4,81,receive,28,2024-11-03 23:53:01
5043,4,106,receive,31,2024-10-06 14:30:09
5044,4,27,return,39,2024-10-16 03:19:46
5045,10,70,return,30,2024-12-23 22:12:54
5046,11,108,return,5,2024-02-21 09:18:33
5047,12,95,sale,-47,2024-05-15 13:57:06
5048,4,64,adjustment,42,2024-08-15 17:23:42
5049,9,40,shrinkage,-10,2024-12-12 04:33:39
5050,12,71,sale,-44,2024-04-11 06:04:12
5051,2,108,receive,45,2024-04-16 01:00:35
5052,3,3,adjustment,6,2024-11-19 05:28:37
5053,11,6,receive,48,2024-08-31 06:54:06
5054,6,54,sale,-15,2024-08-13 13:01:22
5055,2,67,receive,41,2024-10-27 16:08:16
5056,8,45,adjustment,25,2024-09-06 23:15:11
5057,5,37,shrinkage,-14,2024-09-14 11:52:13
5058,3,19,shrinkage,-13,2024-03-14 01:13:26
5059,1,86,adjustment,20,2024-03-04 02:13:34
5060,4,20,shrinkage,-39,2024-04-04 21:49:27
5061,2,99,receive,20,2024-08-10 22:35:15
5062,9,70,receive,27,2024-08-07 05:14:27
5063,5,35,receive,27,2024-03-19 07:08:34
5064,8,18,receive,43,2024-03-23 01:20:54
5065,7,56,receive,48,2024-05-24 08:13:09
5066,10,23,shrinkage,-11,2024-03-11 08:25:31
5067,5,76,adjustment,16,2024-07-21 16:01:24
5068,3,47,adjustment,39,2024-06-20 07:04:29
5069,2,54,shrinkage,-39,2024-01-31 12:42:43
5070,8,114,return,24,2024-09-17 06:20:44
5071,5,105,receive,16,2024-03-25 01:02:07
5072,1,66,receive,24,2024-09-19 14:28:53
5073,2,9,sale,-2,2024-01-15 21:14:32
5074,2,6,return,36,2024-09-01 07:44:02
5075,10,94,shrinkage,-48,2024-02-13 15:50:45
5076,2,110,return,17,2024-11-02 16:35:50
5077,4,39,sale,-17,2024-08-11 12:33:54
5078,11,35,receive,22,2024-10-13 01:23:05
5079,7,16,sale,-24,2024-11-30 23:24:19
5080,5,106,adjustment,25,2024-03-17 12:20:34
5081,10,3,adjustment,13,2024-11-12 06:08:11
5082,9,59,return,28,2024-05-01 19:07:44
5083,11,54,receive,37,2024-01-29 02:01:19
5084,2,101,sale,-39,2024-04-24 09:41:19
5085,11,81,shrinkage,-1,2024-04-25 00:48:39
5086,12,6,receive,10,2024-07-04 23:12:39
5087,3,111,return,44,2024-02-13 14:18:59
5088,10,120,adjustment,23,2024-01-12 12:39:38
5089,3,66,shrinkage,-44,2024-06-26 16:27:54
5090,4,32,shrinkage,-5,2024-06-21 14:29:46
5091,5,45,return,40,2024-07-27 08:24:22
5092,12,46,adjustment,12,2024-06-30 21:09:53
5093,6,57,adjustment,29,2024-09-15 16:08:14
5094,8,71,sale,-11,2024-01-29 01:23:22
5095,11,95,shrinkage,-48,2024-05-30 00:20:42
5096,8,114,sale,-14,2024-10-01 06:56:51
5097,8,19,adjustment,21,2024-12-15 02:18:55
5098,7,88,shrinkage,-13,2024-06-24 09:42:35
5099,3,111,receive,4,2024-04-22 05:03:06
5100,6,9,adjustment,50,2024-05-23 08:39:42
5101,6,106,shrinkage,-5,2024-05-07 08:31:50
5102,2,61,shrinkage,-49,2024-10-07 05:03:31
5103,3,57,sale,-15,2024-09-25 08:19:19
5104,6,7,sale,-8,2024-04-28 22:12:28
5105,3,13,adjustment,9,2024-02-03 23:37:40
5106,10,77,shrinkage,-39,2024-11-29 07:25:07
5107,9,17,sale,-45,2024-11-20 16:09:42
5108,8,18,sale,-17,2024-02-21 08:12:48
5109,9,19,sale,-19,2024-04-09 18:55:35
5110,12,104,sale,-40,2024-09-21 09:39:45
5111,1,117,adjustment,8,2024-03-08 16:49:42
5112,3,94,sale,-2,2024-03-02 00:22:56
5113,6,28,receive,1,2024-11-07 06:22:39
5114,8,20,sale,-10,2024-04-20 14:12:37
5115,9,82,return,18,2024-12-08 20:43:59
5116,5,36,receive,22,2024-02-09 10:24:00
5117,4,85,adjustment,19,2024-09-02 16:20:22
5118,9,69,adjustment,4,2024-05-18 21:44:28
5119,6,33,shrinkage,-1,2024-01-18 15:19:34
5120,6,60,sale,-22,2024-10-24 07:37:57
5121,3,105,shrinkage,-42,2024-11-25 11:42:40
5122,5,40,shrinkage,-15,2024-01-21 10:29:44
5123,10,90,shrinkage,-34,2024-09-29 21:56:42
5124,3,102,sale,-13,2024-11-20 14:01:53
5125,12,18,receive,23,2024-03-21 02:12:51
5126,11,22,shrinkage,-12,2024-10-28 03:50:30
5127,4,32,sale,-4,2024-02-02 18:58:39
5128,9,54,receive,49,2024-11-10 16:37:37
5129,7,22,adjustment,41,2024-04-21 07:35:50
5130,6,50,receive,38,2024-07-18 19:24:12
5131,1,59,shrinkage,-29,2024-02-19 06:45:23
5132,11,12,receive,15,2024-09-11 16:56:11
5133,9,39,adjustment,41,2024-11-22 09:46:14
5134,1,40,receive,12,2024-11-15 02:16:13
5135,3,63,return,40,2024-03-17 11:33:50
5136,1,88,receive,48,2024-09-24 07:33:00
5137,4,66,sale,-40,2024-10-06 09:45:21
5138,6,114,return,15,2024-05-28 06:21:45
5139,11,29,receive,23,2024-10-08 02:20:53
5140,8,83,sale,-30,2024-01-17 19:37:24
5141,4,72,shrinkage,-22,2024-06-24 02:11:11
5142,8,17,adjustment,1,2024-10-25 16:04:12
5143,4,28,sale,-25,2024-11-29 18:39:30
5144,1,55,sale,-23,2024-08-12 08:20:47
5145,10,81,shrinkage,-39,2024-01-11 15:57:18
5146,7,57,receive,9,2024-03-26 16:20:02
5147,12,13,adjustment,50,2024-05-08 09:59:43
5148,1,113,shrinkage,-7,2024-01-07 08:51:37
5149,6,32,return,9,2024-12-02 21:23:23
5150,2,56,sale,-9,2024-08-11 20:55:21
5151,7,46,sale,-11,2024-02-10 09:07:47
5152,2,74,shrinkage,-47,2024-06-11 08:00:54
5153,5,95,return,31,2024-02-02 11:11:57
5154,4,30,return,6,2024-07-20 18:04:59
5155,2,21,shrinkage,-7,2024-09-29 00:58:36
5156,12,49,shrinkage,-26,2024-12-13 01:24:15
5157,1,49,sale,-21,2024-11-25 05:56:33
5158,4,54,receive,14,2024-09-14 14:20:46
5159,9,13,shrinkage,-18,2024-07-18 14:49:21
5160,8,68,adjustment,32,2024-11-21 19:02:33
5161,8,60,receive,5,2024-01-12 17:35:10
5162,10,111,receive,44,2024-08-15 09:44:27
5163,4,26,sale,-1,2024-12-25 10:01:56
5164,8,81,adjustment,12,2024-05-21 10:24:02
5165,8,28,receive,25,2024-08-22 11:41:38
5166,6,56,sale,-36,2024-05-04 21:44:42
5167,10,85,receive,26,2024-08-26 03:28:19
5168,2,46,shrinkage,-42,2024-02-28 13:24:48
5169,1,80,receive,2,2024-12-16 17:46:35
5170,1,31,adjustment,28,2024-06-30 14:43:10
5171,6,69,receive,41,2024-07-29 14:33:22
5172,3,120,adjustment,15,2024-03-26 08:28:28
5173,8,59,shrinkage,-40,2024-10-28 09:23:37
5174,8,100,shrinkage,-50,2024-10-15 21:03:07
5175,4,10,return,34,2024-12-04 08:55:15
5176,10,93,sale,-26,2024-05-05 23:38:39
5177,8,37,shrinkage,-22,2024-07-18 02:39:58
5178,7,67,return,35,2024-12-09 21:14:29
5179,8,90,sale,-42,2024-03-12 21:25:01
5180,6,61,return,20,2024-03-30 08:26:23
5181,4,69,adjustment,45,2024-12-03 07:33:31
5182,3,118,sale,-17,2024-10-20 02:53:37
5183,2,98,return,10,2024-08-18 12:11:36
5184,4,74,shrinkage,-43,2024-12-25 16:34:18
5185,2,11,shrinkage,-46,2024-06-12 15:27:27
5186,12,100,shrinkage,-46,2024-06-11 11:07:33
5187,3,113,receive,7,2024-11-30 13:42:45
5188,4,63,return,39,2024-06-15 09:40:04
5189,5,65,shrinkage,-29,2024-10-17 20:00:44
5190,3,5,adjustment,32,2024-08-23 15:40:40
5191,8,85,sale,-13,2024-08-06 04:51:20
5192,5,20,shrinkage,-50,2024-02-01 12:59:32
5193,9,23,adjustment,44,2024-08-16 22:44:03
5194,11,47,return,38,2024-01-08 12:56:43
5195,1,10,receive,15,2024-12-18 11:25:48
5196,9,116,receive,7,2024-03-10 16:47:59
5197,2,103,shrinkage,-9,2024-12-13 23:08:30
5198,5,81,return,26,2024-10-17 16:35:24
5199,4,26,receive,11,2024-08-10 04:12:04
5200,8,30,shrinkage,-38,2024-05-12 08:57:40
5201,10,74,sale,-32,2024-10-17 21:01:17
5202,5,6,sale,-15,2024-11-06 13:41:55
5203,10,21,receive,15,2024-02-28 20:18:15
5204,9,27,shrinkage,-44,2024-12-11 11:39:52
5205,1,53,shrinkage,-17,2024-11-12 20:06:31
5206,1,8,return,6,2024-05-06 20:48:58
5207,7,27,shrinkage,-15,2024-05-22 03:56:51
5208,2,105,sale,-1,2024-03-31 14:21:26
5209,10,78,return,37,2024-02-23 21:09:28
5210,12,6,receive,13,2024-12-02 15:10:22
5211,4,84,receive,14,2024-11-05 02:50:03
5212,5,20,sale,-35,2024-08-10 19:23:14
5213,10,43,receive,36,2024-09-13 23:18:16
5214,12,21,return,15,2024-02-18 21:39:49
5215,6,119,adjustment,22,2024-01-06 21:11:55
5216,12,74,return,45,2024-08-01 06:42:48
5217,5,53,return,50,2024-12-26 19:32:11
5218,6,47,adjustment,38,2024-08-17 14:08:52
5219,12,1,sale,-13,2024-06-03 20:34:16
5220,6,36,return,16,2024-02-18 08:53:32
5221,11,44,adjustment,20,2024-04-05 10:34:06
5222,5,60,shrinkage,-31,2024-05-23 21:42:20
5223,7,38,sale,-10,2024-07-03 08:31:39
5224,4,26,sale,-38,2024-08-27 14:30:36
5225,10,49,receive,18,2024-11-29 06:32:36
5226,4,23,receive,42,2024-06-13 12:05:47
5227,2,102,receive,10,2024-02-16 17:12:45
5228,8,93,receive,18,2024-10-22 23:50:17
5229,4,61,shrinkage,-27,2024-10-23 05:14:07
5230,6,4,shrinkage,-19,2024-03-18 17:50:14
5231,4,99,adjustment,9,2024-04-07 06:29:52
5232,2,84,adjustment,20,2024-08-16 09:17:49
5233,1,79,adjustment,36,2024-03-04 04:12:01
5234,8,53,shrinkage,-35,2024-02-08 15:47:37
5235,8,88,receive,43,2024-06-11 10:58:19
5236,5,19,receive,42,2024-10-07 19:03:08
5237,12,104,adjustment,17,2024-03-28 17:34:21
5238,8,41,receive,43,2024-06-27 18:24:16
5239,8,63,shrinkage,-20,2024-02-21 11:24:08
5240,6,16,receive,45,2024-08-05 03:41:03
5241,2,56,return,42,2024-07-14 10:29:13
5242,9,62,shrinkage,-29,2024-01-30 18:32:13
5243,2,74,adjustment,31,2024-04-10 22:11:56
5244,11,63,adjustment,22,2024-11-20 15:26:19
5245,4,114,receive,25,2024-02-27 08:13:45
5246,11,120,adjustment,40,2024-07-05 13:48:09
5247,1,56,adjustment,37,2024-08-27 05:17:09
5248,10,93,return,23,2024-02-02 14:56:50
5249,6,101,return,4,2024-04-06 02:34:15
5250,3,71,shrinkage,-10,2024-12-08 17:02:45
5251,7,20,return,30,2024-05-09 03:38:42
5252,4,102,adjustment,27,2024-11-07 05:42:13
5253,7,72,receive,11,2024-08-04 04:38:38
5254,10,40,adjustment,7,2024-09-26 03:48:46
5255,5,104,return,21,2024-04-15 21:47:21
5256,6,110,receive,8,2024-11-09 14:46:20
5257,12,63,return,21,2024-10-29 17:02:32
5258,10,48,shrinkage,-14,2024-08-10 06:53:22
5259,11,117,shrinkage,-10,2024-02-06 06:13:20
5260,6,57,receive,38,2024-12-17 11:35:24
5261,6,82,adjustment,20,2024-05-28 08:12:53
5262,3,91,shrinkage,-23,2024-06-05 11:33:12
5263,8,24,sale,-1,2024-07-15 18:18:16
5264,6,42,return,42,2024-04-24 09:50:30
5265,4,94,adjustment,50,2024-10-20 11:49:00
5266,5,36,shrinkage,-15,2024-07-04 07:21:27
5267,5,98,adjustment,38,2024-01-05 18:49:59
5268,12,72,shrinkage,-31,2024-10-15 15:52:07
5269,12,55,shrinkage,-36,2024-10-30 01:05:19
5270,4,66,return,38,2024-02-08 03:45:35
5271,7,75,adjustment,8,2024-10-15 09:54:19
5272,6,57,adjustment,48,2024-09-29 02:40:29
5273,3,115,shrinkage,-38,2024-04-27 10:04:51
5274,9,4,adjustment,49,2024-04-06 23:19:09
5275,12,28,return,47,2024-12-11 14:26:14
5276,11,12,shrinkage,-27,2024-02-24 20:07:10
5277,12,52,return,30,2024-11-08 18:27:01
5278,8,105,shrinkage,-36,2024-01-21 15:39:26
5279,10,118,sale,-46,2024-11-18 23:52:49
5280,7,103,adjustment,25,2024-06-11 07:31:43
5281,2,59,adjustment,12,2024-01-24 14:07:08
5282,11,82,receive,11,2024-03-29 04:01:09
5283,12,110,receive,40,2024-04-01 14:56:28
5284,10,6,sale,-4,2024-01-09 12:17:59
5285,2,102,return,21,2024-01-13 04:00:15
5286,2,106,adjustment,9,2024-04-19 15:14:59
5287,5,109,return,1,2024-11-05 21:41:37
5288,1,80,receive,15,2024-06-30 16:58:17
5289,3,113,sale,-20,2024-06-27 00:16:54
5290,3,39,sale,-20,2024-03-28 04:13:19
5291,1,46,adjustment,38,2024-06-11 00:43:30
5292,11,85,receive,21,2024-09-07 18:14:20
5293,9,8,shrinkage,-10,2024-11-10 13:06:40
5294,4,119,receive,2,2024-06-03 17:57:41
5295,8,73,shrinkage,-12,2024-09-21 17:45:05
5296,9,37,adjustment,13,2024-08-13 00:09:21
5297,6,119,return,22,2024-05-28 13:49:40
5298,5,106,sale,-10,2024-05-31 21:31:33
5299,1,110,shrinkage,-8,2024-12-28 00:53:50
5300,8,104,return,39,2024-06-28 09:15:24
5301,12,1,receive,43,2024-11-08 15:44:03
5302,2,74,receive,33,2024-01-17 08:48:21
5303,5,59,shrinkage,-47,2024-12-18 01:38:35
5304,5,75,receive,23,2024-02-03 20:23:10
5305,6,67,return,34,2024-12-18 06:40:58
5306,9,65,sale,-24,2024-07-15 17:36:26
5307,12,9,sale,-50,2024-10-16 20:15:33
5308,1,97,sale,-30,2024-03-04 14:11:05
5309,6,104,shrinkage,-8,2024-09-07 02:09:55
5310,2,36,receive,28,2024-07-18 18:21:22
5311,10,44,receive,50,2024-06-05 14:55:24
5312,6,115,adjustment,13,2024-12-04 01:56:00
5313,2,30,sale,-35,2024-05-11 23:06:21
5314,2,43,return,9,2024-08-07 03:15:04
5315,8,34,sale,-34,2024-05-31 23:20:13
5316,7,61,adjustment,8,2024-09-07 05:53:39
5317,10,112,receive,12,2024-03-16 06:48:45
5318,4,109,adjustment,36,2024-02-27 20:08:30
5319,9,101,adjustment,34,2024-10-11 09:00:23
5320,1,71,shrinkage,-30,2024-01-10 16:13:13
5321,8,82,shrinkage,-20,2024-07-09 19:25:19
5322,3,117,receive,22,2024-12-16 14:59:00
5323,3,76,receive,47,2024-07-10 23:20:39
5324,8,46,receive,35,2024-05-29 22:00:15
5325,4,106,shrinkage,-10,2024-07-12 04:14:12
5326,8,92,adjustment,38,2024-11-03 09:04:56
5327,11,72,return,47,2024-03-14 01:37:38
5328,2,14,sale,-19,2024-09-02 14:06:53
5329,1,79,shrinkage,-48,2024-11-29 01:42:13
5330,7,104,receive,42,2024-04-07 12:15:45
5331,4,52,adjustment,34,2024-08-19 17:54:51
5332,10,42,adjustment,2,2024-04-20 07:20:34
5333,2,14,shrinkage,-24,2024-03-29 05:30:35
5334,6,55,return,9,2024-03-29 16:30:01
5335,2,107,adjustment,17,2024-03-09 15:48:29
5336,12,99,receive,40,2024-11-19 11:55:41
5337,7,32,return,26,2024-09-21 22:47:19
5338,12,11,receive,44,2024-09-16 08:10:27
5339,9,108,adjustment,21,2024-09-23 07:52:21
5340,10,67,adjustment,2,2024-06-21 23:34:01
5341,9,101,adjustment,16,2024-07-29 18:08:23
5342,2,22,return,3,2024-05-04 09:50:44
5343,8,92,shrinkage,-10,2024-12-03 13:48:55
5344,7,71,sale,-45,2024-12-21 00:04:29
5345,11,92,return,33,2024-04-02 00:44:48
5346,8,101,return,6,2024-06-03 10:48:20
5347,1,51,receive,42,2024-08-30 23:34:13
5348,5,6,sale,-21,2024-02-01 19:19:08
5349,10,88,return,29,2024-03-27 03:33:50
5350,1,1,shrinkage,-31,2024-04-23 14:42:29
5351,7,102,return,9,2024-04-18 05:53:46
5352,9,30,return,35,2024-03-15 14:22:49
5353,11,11,receive,20,2024-05-23 23:13:08
5354,1,52,return,21,2024-03-31 15:02:10
5355,4,39,shrinkage,-47,2024-12-19 20:57:33
5356,6,53,shrinkage,-10,2024-04-17 04:40:24
5357,1,14,sale,-34,2024-12-04 10:02:35
5358,12,44,shrinkage,-36,2024-06-17 05:19:46
5359,5,54,shrinkage,-19,2024-07-21 07:14:19
5360,1,90,shrinkage,-48,2024-10-02 00:17:50
5361,6,117,sale,-10,2024-07-30 05:46:11
5362,3,39,shrinkage,-31,2024-04-23 19:02:58
5363,11,102,sale,-10,2024-03-28 00:56:44
5364,7,112,sale,-42,2024-08-30 06:25:27
5365,9,83,sale,-21,2024-08-19 12:30:22
5366,10,43,return,6,2024-02-07 10:12:02
5367,5,91,receive,25,2024-07-21 18:47:21
5368,12,114,return,49,2024-11-17 12:25:56
5369,1,2,receive,25,2024-07-03 01:12:51
5370,10,37,adjustment,45,2024-12-29 02:18:08
5371,2,74,shrinkage,-5,2024-02-28 13:44:48
5372,1,106,receive,5,2024-10-20 00:14:59
5373,2,109,adjustment,44,2024-12-18 05:35:25
5374,12,113,sale,-34,2024-03-13 14:03:53
5375,12,7,return,24,2024-10-13 23:20:20
5376,7,36,receive,39,2024-10-01 20:16:07
5377,10,84,receive,42,2024-09-29 16:31:12
5378,12,30,shrinkage,-42,2024-11-11 13:48:13
5379,11,87,adjustment,1,2024-10-14 10:02:58
5380,12,79,adjustment,48,2024-11-24 22:16:11
5381,1,39,shrinkage,-10,2024-03-08 10:07:15
5382,2,2,return,27,2024-01-26 19:43:05
5383,11,21,receive,39,2024-09-17 12:54:32
5384,11,73,shrinkage,-31,2024-09-26 13:18:57
5385,6,118,sale,-24,2024-12-02 22:35:10
5386,5,63,receive,29,2024-07-26 07:56:17
5387,9,27,return,40,2024-12-17 16:23:39
5388,10,103,return,18,2024-06-25 12:11:47
5389,3,86,return,7,2024-12-20 10:29:51
5390,3,90,receive,9,2024-01-08 21:23:55
5391,9,53,return,45,2024-12-07 02:12:21
5392,6,1,shrinkage,-37,2024-01-06 07:58:02
5393,8,5,receive,40,2024-04-27 09:08:11
5394,4,1,return,41,2024-07-29 17:35:13
5395,5,57,receive,26,2024-03-23 22:12:49
5396,5,34,receive,21,2024-02-11 13:09:43
5397,4,50,receive,45,2024-03-01 01:10:22
5398,12,40,receive,13,2024-06-14 04:29:50
5399,1,16,sale,-31,2024-09-08 17:01:19
5400,9,24,adjustment,1,2024-08-20 05:52:08
5401,2,63,adjustment,3,2024-03-04 21:06:10
5402,11,107,return,1,2024-02-20 22:14:29
5403,12,52,sale,-45,2024-05-05 12:27:58
5404,7,71,shrinkage,-30,2024-08-17 11:02:30
5405,6,44,sale,-37,2024-08-15 17:59:24
5406,2,5,receive,26,2024-02-22 22:12:13
5407,10,9,adjustment,39,2024-12-09 11:56:05
5408,7,62,receive,35,2024-03-16 09:31:18
5409,3,30,shrinkage,-30,2024-08-02 23:59:42
5410,3,108,return,1,2024-07-31 16:36:35
5411,4,87,return,3,2024-10-27 17:03:45
5412,1,11,adjustment,3,2024-04-30 05:41:26
5413,8,52,return,3,2024-01-05 17:15:19
5414,4,111,shrinkage,-6,2024-05-25 20:28:28
5415,1,49,receive,13,2024-02-24 22:54:13
5416,7,12,sale,-17,2024-04-11 06:25:10
5417,4,29,adjustment,20,2024-11-23 08:10:48
5418,10,120,return,27,2024-07-15 14:29:54
5419,9,103,shrinkage,-28,2024-12-29 03:13:58
5420,9,22,adjustment,15,2024-04-08 17:53:27
5421,8,6,adjustment,9,2024-11-28 23:35:51
5422,5,56,sale,-22,2024-08-29 13:54:02
5423,10,75,adjustment,38,2024-07-19 23:12:26
5424,10,55,shrinkage,-27,2024-02-21 00:09:06
5425,1,44,return,2,2024-05-26 22:18:40
5426,8,18,shrinkage,-9,2024-03-30 15:22:41
5427,7,2,shrinkage,-16,2024-05-10 23:15:06
5428,3,25,sale,-38,2024-02-01 19:15:25
5429,10,78,shrinkage,-27,2024-02-23 17:54:36
5430,11,88,adjustment,46,2024-07-05 08:39:53
5431,12,116,receive,9,2024-08-03 21:56:31
5432,8,33,shrinkage,-50,2024-12-03 09:51:09
5433,10,98,sale,-35,2024-10-02 00:52:42
5434,3,32,receive,13,2024-01-31 18:32:25
5435,11,103,shrinkage,-30,2024-12-06 04:18:57
5436,10,79,receive,9,2024-04-03 08:41:03
5437,1,56,return,46,2024-05-14 23:55:47
5438,4,26,return,7,2024-06-23 04:52:01
5439,5,75,adjustment,45,2024-04-24 14:14:27
5440,7,70,return,41,2024-06-15 21:50:20
5441,8,14,shrinkage,-19,2024-06-25 19:42:51
5442,2,39,sale,-43,2024-09-13 16:14:47
5443,10,48,receive,43,2024-11-26 01:45:31
5444,7,15,adjustment,11,2024-04-13 10:59:34
5445,1,41,sale,-37,2024-04-07 18:43:11
5446,8,58,sale,-41,2024-03-16 03:19:10
5447,2,29,sale,-46,2024-10-27 04:32:36
5448,4,49,receive,19,2024-03-24 22:36:15
5449,5,83,return,28,2024-12-17 09:17:19
5450,5,69,adjustment,32,2024-01-30 17:50:49
5451,11,12,return,13,2024-08-17 13:37:24
5452,6,92,adjustment,15,2024-09-29 07:11:28
5453,1,27,sale,-17,2024-12-13 20:14:10
5454,2,49,receive,20,2024-11-28 18:28:53
5455,7,22,shrinkage,-4,2024-09-01 21:26:46
5456,8,5,shrinkage,-22,2024-11-26 09:13:27
5457,1,10,return,9,2024-07-04 04:20:58
5458,6,47,sale,-26,2024-04-01 00:47:34
5459,6,34,receive,50,2024-11-21 08:49:01
5460,6,64,receive,6,2024-10-09 01:22:17
5461,12,110,sale,-27,2024-04-06 12:16:45
5462,3,34,shrinkage,-15,2024-12-19 21:11:19
5463,9,81,return,45,2024-12-05 17:14:28
5464,6,60,receive,24,2024-08-14 08:21:03
5465,7,97,adjustment,45,2024-08-08 17:24:40
5466,10,11,return,38,2024-08-01 06:04:32
5467,3,44,receive,17,2024-06-06 23:15:46
5468,2,52,receive,31,2024-01-30 21:24:17
5469,4,24,adjustment,8,2024-12-20 13:39:20
5470,5,102,adjustment,7,2024-02-03 02:00:50
5471,9,41,adjustment,16,2024-10-09 15:18:07
5472,1,54,shrinkage,-4,2024-06-07 08:42:43
5473,11,108,adjustment,42,2024-02-02 18:27:48
5474,4,13,sale,-8,2024-11-08 02:33:26
5475,3,111,shrinkage,-36,2024-11-03 10:49:40
5476,9,59,return,27,2024-09-04 11:21:50
5477,7,109,shrinkage,-16,2024-05-05 07:34:01
5478,2,95,adjustment,6,2024-02-21 21:55:02
5479,12,97,sale,-19,2024-11-12 03:54:52
5480,7,92,receive,5,2024-08-11 07:53:53
5481,3,51,sale,-14,2024-08-18 16:22:06
5482,4,5,shrinkage,-3,2024-06-17 02:26:13
5483,11,45,shrinkage,-42,2024-02-24 22:43:47
5484,3,72,sale,-1,2024-01-03 11:51:54
5485,10,103,return,25,2024-03-27 10:53:30
5486,5,117,shrinkage,-6,2024-08-02 22:32:28
5487,7,75,return,21,2024-08-13 22:04:41
5488,11,85,adjustment,6,2024-12-12 17:48:14
5489,7,87,shrinkage,-44,2024-08-17 08:23:08
5490,11,11,return,47,2024-10-23 00:05:14
5491,10,6,shrinkage,-36,2024-08-20 06:12:10
5492,10,99,sale,-5,2024-03-07 13:22:22
5493,1,26,receive,36,2024-09-30 16:16:02
5494,3,88,adjustment,14,2024-10-09 19:34:49
5495,7,105,sale,-42,2024-05-28 06:30:18
5496,6,53,adjustment,41,2024-05-25 05:44:14
5497,7,76,adjustment,23,2024-10-26 16:48:09
5498,5,24,receive,38,2024-12-27 12:43:51
5499,6,71,sale,-11,2024-06-23 16:14:24
5500,11,114,return,1,2024-12-15 12:18:03
5501,11,39,return,27,2024-05-04 17:15:18
5502,12,114,adjustment,29,2024-01-14 01:18:37
5503,2,90,adjustment,50,2024-02-26 01:19:10
5504,11,78,shrinkage,-36,2024-07-14 11:20:11
5505,12,103,return,35,2024-04-28 04:35:39
5506,10,86,receive,26,2024-11-04 20:21:40
5507,6,67,return,38,2024-01-25 11:01:42
5508,5,38,receive,25,2024-07-23 10:13:22
5509,7,3,return,12,2024-05-17 18:19:13
5510,8,29,return,39,2024-08-07 11:22:55
5511,12,66,return,1,2024-03-24 16:54:13
5512,1,67,sale,-33,2024-08-30 03:20:30
5513,3,34,return,46,2024-08-13 12:52:20
5514,12,106,receive,1,2024-08-20 13:59:12
5515,2,120,return,47,2024-04-09 11:22:04
5516,3,21,receive,36,2024-11-08 08:22:29
5517,5,26,sale,-14,2024-09-18 13:44:00
5518,1,61,return,33,2024-06-28 20:45:09
5519,5,109,return,13,2024-04-13 17:11:48
5520,11,110,receive,8,2024-01-22 10:46:49
5521,11,60,return,37,2024-09-01 11:20:32
5522,1,19,return,32,2024-03-14 20:39:37
5523,12,85,return,38,2024-06-26 15:30:21
5524,11,21,shrinkage,-4,2024-04-27 08:13:17
5525,7,53,adjustment,19,2024-06-10 15:01:37
5526,5,78,sale,-9,2024-05-18 12:36:23
5527,2,49,return,38,2024-08-26 03:57:58
5528,9,62,return,12,2024-07-10 18:35:53
5529,11,119,receive,5,2024-09-28 21:05:05
5530,9,79,adjustment,48,2024-03-01 21:53:40
5531,4,112,shrinkage,-33,2024-12-24 06:45:23
5532,11,43,shrinkage,-30,2024-08-06 14:53:24
5533,9,7,adjustment,28,2024-06-07 22:35:39
5534,6,41,sale,-17,2024-07-19 12:05:59
5535,9,47,sale,-3,2024-04-05 13:46:24
5536,5,55,shrinkage,-28,2024-11-13 12:44:28
5537,12,58,sale,-2,2024-04-08 08:10:53
5538,1,118,receive,4,2024-08-30 09:27:42
5539,6,28,adjustment,23,2024-11-15 13:22:12
5540,11,56,adjustment,13,2024-07-12 13:56:30
5541,3,78,sale,-27,2024-07-14 22:18:27
5542,8,50,receive,46,2024-02-23 04:08:20
5543,9,100,shrinkage,-18,2024-04-15 12:16:34
5544,2,40,sale,-24,2024-03-30 14:29:22
5545,11,30,adjustment,2,2024-12-19 16:30:44
5546,3,117,shrinkage,-28,2024-08-21 23:12:20
5547,1,92,shrinkage,-33,2024-07-12 08:43:59
5548,8,41,adjustment,35,2024-07-08 12:54:52
5549,4,48,shrinkage,-18,2024-10-31 13:12:05
5550,5,53,sale,-18,2024-03-08 15:54:50
5551,9,86,return,15,2024-05-16 08:02:03
5552,8,40,adjustment,10,2024-12-30 17:14:29
5553,1,55,adjustment,22,2024-02-29 19:43:20
5554,8,29,return,46,2024-08-19 23:29:08
5555,11,49,return,23,2024-03-01 01:12:36
5556,9,73,shrinkage,-3,2024-10-24 00:27:40
5557,1,11,adjustment,46,2024-06-04 15:49:09
5558,10,103,adjustment,26,2024-11-30 06:18:54
5559,7,81,adjustment,46,2024-11-29 01:50:54
5560,2,42,adjustment,43,2024-09-01 18:09:58
5561,4,114,receive,41,2024-10-17 15:04:24
5562,8,114,return,37,2024-02-23 15:12:54
5563,6,103,adjustment,40,2024-06-27 04:15:51
5564,8,83,adjustment,25,2024-11-24 11:43:35
5565,9,7,receive,49,2024-12-14 21:57:35
5566,1,22,adjustment,14,2024-10-26 10:48:39
5567,2,31,adjustment,9,2024-10-24 04:38:05
5568,7,97,return,5,2024-02-22 06:58:00
5569,6,41,shrinkage,-22,2024-07-01 05:40:26
5570,10,75,sale,-24,2024-12-21 07:14:56
5571,3,32,return,41,2024-01-19 13:27:19
5572,3,106,receive,8,2024-08-21 18:35:41
5573,10,119,receive,26,2024-04-21 03:32:09
5574,4,114,adjustment,40,2024-11-02 18:00:45
5575,8,59,shrinkage,-19,2024-04-09 18:42:43
5576,8,85,adjustment,19,2024-11-12 00:59:13
5577,10,21,receive,23,2024-01-15 23:32:53
5578,4,14,shrinkage,-49,2024-03-08 18:02:42
5579,8,111,sale,-25,2024-08-12 18:40:03
5580,11,86,sale,-7,2024-08-24 00:40:51
5581,12,13,adjustment,47,2024-10-21 11:20:55
5582,8,92,adjustment,6,2024-11-01 23:59:22
5583,1,68,adjustment,26,2024-11-23 05:21:28
5584,10,98,return,29,2024-08-21 16:00:17
5585,4,118,shrinkage,-46,2024-10-14 10:49:56
5586,1,17,shrinkage,-13,2024-08-16 22:05:05
5587,3,115,adjustment,35,2024-02-09 20:41:13
5588,12,61,shrinkage,-38,2024-11-06 05:47:13
5589,6,87,sale,-31,2024-10-20 10:10:50
5590,9,56,shrinkage,-1,2024-09-04 17:51:16
5591,4,4,receive,20,2024-05-13 23:48:02
5592,2,22,shrinkage,-29,2024-11-09 01:22:23
5593,10,87,shrinkage,-7,2024-12-23 22:00:49
5594,12,54,adjustment,6,2024-05-30 19:27:50
5595,2,32,adjustment,3,2024-02-09 18:24:16
5596,9,87,receive,7,2024-01-09 23:26:36
5597,12,57,sale,-23,2024-05-15 01:23:14
5598,3,108,adjustment,33,2024-04-09 13:25:19
5599,6,91,receive,10,2024-06-21 01:15:09
5600,12,91,receive,1,2024-05-23 19:28:34
5601,11,90,sale,-43,2024-07-13 09:56:18
5602,12,69,sale,-20,2024-10-21 13:39:02
5603,10,87,shrinkage,-29,2024-09-18 02:07:02
5604,8,70,shrinkage,-48,2024-04-15 10:37:56
5605,2,45,adjustment,31,2024-08-18 04:55:31
5606,8,88,shrinkage,-2,2024-07-15 13:32:46
5607,7,71,return,30,2024-06-07 03:39:31
5608,3,44,shrinkage,-37,2024-06-05 00:13:46
5609,8,22,sale,-13,2024-04-28 20:00:30
5610,7,111,receive,45,2024-06-30 17:36:14
5611,9,73,receive,32,2024-07-04 02:41:28
5612,2,8,sale,-4,2024-03-21 01:01:26
5613,8,69,adjustment,17,2024-02-12 13:13:10
5614,2,70,shrinkage,-44,2024-04-24 15:04:04
5615,8,35,adjustment,5,2024-06-26 18:16:58
5616,10,74,sale,-34,2024-07-24 22:58:31
5617,7,66,return,35,2024-07-07 23:05:53
5618,9,53,sale,-36,2024-03-03 14:22:52
5619,5,50,shrinkage,-35,2024-06-21 19:53:14
5620,2,81,adjustment,35,2024-05-16 10:37:53
5621,6,9,sale,-6,2024-03-04 11:36:57
5622,8,82,adjustment,14,2024-01-31 20:57:36
5623,6,107,sale,-35,2024-02-03 11:36:28
5624,6,78,receive,18,2024-11-21 03:39:29
5625,4,52,receive,48,2024-12-30 07:54:33
5626,3,76,receive,46,2024-05-06 14:09:15
5627,12,16,adjustment,14,2024-08-22 13:56:03
5628,12,37,return,6,2024-09-20 17:35:54
5629,3,103,shrinkage,-22,2024-09-27 15:02:24
5630,9,73,receive,13,2024-10-22 08:44:59
5631,1,65,shrinkage,-34,2024-11-25 01:43:23
5632,2,96,adjustment,40,2024-11-17 14:36:02
5633,2,101,receive,45,2024-05-06 17:49:53
5634,10,86,shrinkage,-29,2024-02-25 16:14:18
5635,5,68,sale,-19,2024-04-01 05:01:57
5636,1,109,adjustment,31,2024-12-01 05:17:09
5637,5,9,adjustment,32,2024-02-14 18:46:36
5638,3,31,shrinkage,-34,2024-08-01 02:11:44
5639,10,14,sale,-46,2024-12-20 15:56:23
5640,10,81,shrinkage,-32,2024-08-25 17:55:59
5641,7,68,shrinkage,-31,2024-07-17 18:56:53
5642,10,78,adjustment,12,2024-11-01 19:14:06
5643,5,26,adjustment,9,2024-04-30 07:29:59
5644,12,82,sale,-28,2024-10-15 04:42:50
5645,8,118,return,9,2024-03-19 17:31:16
5646,12,93,return,27,2024-04-03 21:45:35
5647,8,13,receive,43,2024-09-03 09:12:35
5648,12,120,shrinkage,-44,2024-08-06 23:59:52
5649,8,25,sale,-22,2024-10-13 19:40:23
5650,7,10,sale,-41,2024-12-20 19:24:41
5651,11,2,shrinkage,-22,2024-02-24 15:44:21
5652,5,64,receive,37,2024-05-25 07:22:06
5653,4,45,sale,-3,2024-10-16 11:38:20
5654,8,58,sale,-8,2024-07-18 12:35:45
5655,8,14,adjustment,43,2024-03-17 04:19:43
5656,5,41,adjustment,33,2024-04-13 02:47:21
5657,9,30,shrinkage,-37,2024-11-07 08:51:59
5658,12,97,adjustment,19,2024-02-15 17:45:20
5659,4,47,sale,-8,2024-11-10 14:12:58
5660,12,17,sale,-44,2024-12-19 19:31:50
5661,5,53,shrinkage,-11,2024-12-24 00:19:56
5662,12,73,adjustment,33,2024-11-19 19:24:05
5663,4,57,receive,5,2024-02-21 02:39:13
5664,5,63,receive,4,2024-11-21 12:24:29
5665,2,7,sale,-33,2024-04-03 21:59:47
5666,11,106,sale,-15,2024-02-02 10:57:23
5667,2,21,shrinkage,-29,2024-12-17 06:27:46
5668,10,60,return,17,2024-05-11 20:50:30
5669,3,63,adjustment,43,2024-08-22 08:28:17
5670,7,119,adjustment,44,2024-03-12 05:53:48
5671,11,120,return,10,2024-07-16 10:21:11
5672,3,26,adjustment,28,2024-06-05 05:49:39
5673,4,58,shrinkage,-35,2024-10-13 18:22:55
5674,4,12,sale,-3,2024-11-13 16:38:28
5675,7,54,adjustment,7,2024-02-25 02:14:27
5676,11,27,adjustment,35,2024-06-08 06:28:15
5677,9,73,return,15,2024-03-18 23:01:39
5678,9,25,adjustment,48,2024-10-01 21:59:29
5679,5,107,return,43,2024-04-30 22:03:49
5680,12,108,shrinkage,-10,2024-06-21 08:36:40
5681,4,81,shrinkage,-24,2024-04-10 09:19:38
5682,9,107,receive,27,2024-06-03 09:50:14
5683,2,36,shrinkage,-34,2024-12-16 18:00:13
5684,8,107,receive,2,2024-07-19 01:11:36
5685,12,98,sale,-47,2024-08-28 02:27:41
5686,7,65,sale,-40,2024-02-19 10:38:10
5687,5,84,return,39,2024-01-24 09:19:16
5688,10,35,adjustment,10,2024-02-11 19:31:51
5689,6,110,return,25,2024-04-02 01:21:01
5690,3,110,return,10,2024-05-25 04:01:04
5691,9,92,shrinkage,-33,2024-05-21 23:59:24
5692,11,66,sale,-5,2024-12-18 12:45:03
5693,3,85,return,4,2024-02-25 15:25:46
5694,4,65,receive,17,2024-01-09 14:19:03
5695,11,103,return,40,2024-11-28 19:22:01
5696,12,7,shrinkage,-35,2024-06-29 18:16:58
5697,4,12,sale,-13,2024-02-11 20:43:34
5698,11,101,sale,-43,2024-05-10 06:19:47
5699,7,100,shrinkage,-1,2024-08-16 03:55:03
5700,7,31,return,33,2024-08-22 22:47:08
5701,4,54,return,37,2024-12-17 01:39:01
5702,5,48,return,31,2024-01-01 20:07:06
5703,2,92,adjustment,11,2024-07-02 04:52:55
5704,9,107,return,14,2024-11-08 20:38:28
5705,10,94,shrinkage,-46,2024-10-09 13:11:34
5706,8,34,return,45,2024-11-10 02:18:56
5707,8,28,adjustment,18,2024-02-16 20:37:26
5708,5,77,sale,-35,2024-06-05 16:43:30
5709,5,85,receive,8,2024-08-05 02:29:21
5710,2,3,receive,43,2024-03-05 03:55:43
5711,10,4,receive,12,2024-10-09 18:01:58
5712,11,96,receive,2,2024-06-21 18:47:53
5713,10,54,sale,-25,2024-06-01 10:19:36
5714,10,1,sale,-1,2024-05-09 23:34:33
5715,2,2,shrinkage,-41,2024-03-17 03:01:11
5716,3,94,shrinkage,-11,2024-02-10 09:47:23
5717,3,91,return,9,2024-08-05 14:28:47
5718,6,46,sale,-48,2024-12-09 21:13:04
5719,1,118,sale,-50,2024-08-15 20:31:03
5720,9,10,sale,-22,2024-02-21 14:24:00
5721,9,84,sale,-16,2024-07-20 12:07:07
5722,9,18,shrinkage,-48,2024-05-10 21:56:09
5723,6,87,adjustment,36,2024-11-12 01:17:51
5724,7,62,shrinkage,-25,2024-10-03 04:11:13
5725,4,94,receive,11,2024-12-30 09:25:47
5726,4,107,return,37,2024-07-20 17:24:45
5727,9,87,adjustment,1,2024-01-23 04:04:51
5728,1,1,receive,18,2024-09-15 02:59:31
5729,7,120,shrinkage,-13,2024-05-19 11:47:17
5730,3,91,return,7,2024-09-07 03:44:50
5731,6,8,adjustment,27,2024-05-19 11:05:56
5732,3,90,sale,-48,2024-03-19 05:42:38
5733,6,62,receive,47,2024-02-13 10:17:13
5734,10,14,adjustment,21,2024-01-19 05:24:21
5735,10,18,shrinkage,-34,2024-12-07 12:22:23
5736,11,7,adjustment,45,2024-05-15 04:36:45
5737,2,45,sale,-29,2024-12-26 02:38:27
5738,1,13,sale,-45,2024-07-06 21:30:20
5739,5,1,receive,10,2024-12-28 23:27:32
5740,10,119,adjustment,41,2024-10-26 04:33:20
5741,8,120,adjustment,18,2024-02-22 03:39:43
5742,5,77,return,20,2024-12-16 20:57:39
5743,8,53,adjustment,6,2024-08-15 00:08:04
5744,3,104,sale,-20,2024-06-25 07:45:37
5745,9,99,sale,-11,2024-02-16 01:26:58
5746,12,86,sale,-44,2024-02-24 04:12:05
5747,6,70,shrinkage,-50,2024-01-10 17:55:53
5748,8,52,receive,44,2024-02-19 12:22:30
5749,10,95,sale,-31,2024-01-01 07:21:42
5750,7,86,return,50,2024-12-21 00:17:57
5751,4,83,adjustment,26,2024-02-10 21:24:18
5752,3,98,receive,8,2024-11-02 23:54:55
5753,3,28,adjustment,39,2024-02-29 06:16:03
5754,9,106,receive,17,2024-09-24 12:13:46
5755,9,7,sale,-11,2024-10-22 16:31:43
5756,10,66,sale,-47,2024-10-14 12:53:22
5757,6,96,shrinkage,-30,2024-04-12 09:42:53
5758,8,39,return,8,2024-09-11 14:03:16
5759,3,108,return,2,2024-04-18 17:05:59
5760,4,69,return,12,2024-10-03 22:47:38
5761,9,95,shrinkage,-16,2024-04-03 02:07:21
5762,6,96,receive,6,2024-05-16 19:44:08
5763,9,84,sale,-31,2024-10-15 22:16:03
5764,1,21,return,41,2024-12-07 00:57:50
5765,12,95,return,11,2024-07-21 17:19:56
5766,6,73,sale,-15,2024-04-22 07:49:54
5767,5,54,sale,-46,2024-12-23 00:36:17
5768,4,22,receive,5,2024-01-30 02:13:19
5769,10,98,return,31,2024-01-13 19:56:24
5770,2,112,receive,32,2024-12-03 13:21:54
5771,3,85,sale,-37,2024-05-28 08:34:19
5772,4,105,receive,46,2024-12-12 18:13:53
5773,10,84,receive,44,2024-09-16 09:58:14
5774,2,89,receive,30,2024-09-02 17:35:05
5775,7,20,sale,-32,2024-12-14 03:27:51
5776,9,48,return,28,2024-06-28 03:47:45
5777,2,22,sale,-42,2024-12-03 21:35:29
5778,11,6,receive,28,2024-07-12 08:06:25
5779,5,120,sale,-3,2024-02-29 12:40:41
5780,2,97,sale,-2,2024-11-19 07:22:36
5781,7,52,sale,-11,2024-10-14 11:30:26
5782,7,58,sale,-38,2024-05-24 11:43:59
5783,9,80,return,33,2024-04-04 23:46:56
5784,3,67,adjustment,20,2024-09-25 05:00:14
5785,7,35,receive,9,2024-05-30 23:12:07
5786,7,32,receive,22,2024-08-17 03:49:44
5787,7,65,sale,-50,2024-11-20 20:18:08
5788,3,68,sale,-15,2024-03-26 11:02:18
5789,2,62,adjustment,32,2024-12-01 20:31:57
5790,4,56,return,49,2024-08-17 06:45:46
5791,11,120,sale,-14,2024-05-02 21:48:39
5792,12,103,return,26,2024-08-01 19:43:55
5793,2,61,return,42,2024-11-23 17:58:00
5794,6,61,shrinkage,-21,2024-08-03 14:00:02
5795,8,84,shrinkage,-4,2024-05-28 03:46:19
5796,7,65,adjustment,25,2024-10-21 02:17:31
5797,1,77,adjustment,42,2024-08-03 08:18:05
5798,12,46,receive,31,2024-05-23 23:54:16
5799,7,114,adjustment,14,2024-07-26 22:06:41
5800,7,93,sale,-15,2024-03-16 19:00:17
5801,9,71,return,5,2024-10-25 23:47:04
5802,1,85,receive,30,2024-08-09 19:01:14
5803,6,69,receive,45,2024-04-16 06:16:36
5804,10,115,return,27,2024-09-15 20:13:49
5805,7,7,sale,-21,2024-06-14 15:18:10
5806,12,24,sale,-44,2024-08-01 20:16:40
5807,1,20,return,50,2024-05-05 11:48:33
5808,6,62,shrinkage,-6,2024-07-06 09:16:19
5809,10,37,adjustment,13,2024-02-28 09:31:37
5810,11,79,return,8,2024-12-25 16:34:36
5811,5,85,adjustment,30,2024-04-30 04:46:41
5812,8,118,receive,42,2024-02-28 07:31:27
5813,4,60,return,26,2024-12-06 16:16:39
5814,11,119,receive,40,2024-12-22 16:30:50
5815,1,33,sale,-18,2024-04-11 09:42:43
5816,11,84,adjustment,9,2024-10-14 09:06:05
5817,5,96,receive,28,2024-12-04 13:13:00
5818,12,84,adjustment,18,2024-08-11 19:50:39
5819,8,36,shrinkage,-39,2024-08-28 23:07:11
5820,6,101,shrinkage,-15,2024-08-07 05:09:09
5821,7,6,return,33,2024-03-19 11:42:16
5822,12,15,shrinkage,-9,2024-12-18 01:29:56
5823,2,108,receive,35,2024-11-17 15:33:58
5824,2,39,shrinkage,-24,2024-01-13 08:23:31
5825,7,14,shrinkage,-29,2024-08-12 19:30:07
5826,10,55,sale,-17,2024-09-12 22:15:22
5827,5,3,adjustment,46,2024-01-15 10:46:03
5828,12,110,shrinkage,-36,2024-03-10 04:30:52
5829,5,61,shrinkage,-9,2024-09-10 17:23:00
5830,3,22,shrinkage,-32,2024-07-25 17:12:12
5831,4,99,receive,41,2024-10-31 06:35:58
5832,12,75,shrinkage,-6,2024-06-22 07:38:16
5833,10,23,sale,-46,2024-08-25 20:38:57
5834,4,94,shrinkage,-35,2024-08-19 08:28:32
5835,12,101,receive,48,2024-12-11 03:41:46
5836,9,46,return,15,2024-03-03 22:56:39
5837,8,64,adjustment,31,2024-01-13 18:53:39
5838,6,48,receive,14,2024-12-23 01:24:27
5839,8,12,shrinkage,-5,2024-10-27 20:55:43
5840,11,81,shrinkage,-25,2024-02-25 11:12:34
5841,5,115,adjustment,28,2024-06-07 11:10:14
5842,11,41,shrinkage,-1,2024-05-11 10:30:19
5843,4,35,shrinkage,-42,2024-07-05 16:26:20
5844,6,120,adjustment,17,2024-04-22 23:35:56
5845,6,10,receive,7,2024-09-02 02:24:13
5846,11,46,shrinkage,-36,2024-04-07 15:38:30
5847,6,47,return,17,2024-05-09 20:19:04
5848,7,18,sale,-12,2024-11-18 18:47:38
5849,2,59,shrinkage,-7,2024-04-16 18:28:09
5850,12,87,receive,7,2024-11-17 20:30:56
5851,9,83,adjustment,17,2024-03-14 17:32:09
5852,12,45,adjustment,5,2024-06-06 19:22:11
5853,2,64,receive,10,2024-08-21 01:39:44
5854,8,99,sale,-32,2024-12-24 22:36:59
5855,3,8,sale,-37,2024-04-10 00:12:55
5856,6,115,return,44,2024-04-21 23:38:33
5857,7,74,adjustment,12,2024-06-16 08:18:47
5858,2,34,sale,-18,2024-04-29 18:04:16
5859,9,28,shrinkage,-17,2024-02-08 18:40:33
5860,12,58,return,32,2024-03-03 07:11:23
5861,4,7,shrinkage,-40,2024-06-01 20:30:48
5862,2,88,sale,-42,2024-06-08 23:37:38
5863,10,37,return,25,2024-05-15 06:10:03
5864,6,12,adjustment,48,2024-03-25 00:53:46
5865,8,18,sale,-19,2024-02-22 01:23:02
5866,11,30,shrinkage,-10,2024-03-19 13:05:36
5867,9,79,sale,-22,2024-06-07 17:27:43
5868,6,71,return,28,2024-05-27 19:45:11
5869,12,102,sale,-31,2024-10-01 05:29:40
5870,7,90,shrinkage,-10,2024-07-23 19:31:49
5871,8,36,sale,-41,2024-05-02 06:01:05
5872,10,36,sale,-31,2024-12-18 17:26:18
5873,4,96,return,37,2024-09-04 09:59:35
5874,2,111,shrinkage,-5,2024-05-15 20:34:27
5875,9,1,shrinkage,-50,2024-04-08 16:19:51
5876,10,88,shrinkage,-18,2024-07-09 16:14:06
5877,7,81,adjustment,41,2024-03-03 19:06:39
5878,8,29,shrinkage,-30,2024-02-20 18:54:12
5879,5,71,shrinkage,-27,2024-03-15 00:19:13
5880,6,86,shrinkage,-10,2024-03-11 11:51:47
5881,2,108,adjustment,37,2024-12-26 10:51:14
5882,4,29,adjustment,24,2024-09-15 03:24:30
5883,11,103,sale,-26,2024-12-18 22:02:38
5884,2,35,sale,-11,2024-11-15 18:43:37
5885,7,77,shrinkage,-24,2024-03-25 14:59:59
5886,8,110,adjustment,33,2024-07-28 16:50:43
5887,11,20,return,4,2024-08-25 02:41:37
5888,12,88,receive,39,2024-11-22 04:02:01
5889,5,81,receive,11,2024-11-29 21:19:47
5890,3,75,return,48,2024-04-21 09:13:30
5891,8,3,sale,-17,2024-09-01 08:03:38
5892,9,106,shrinkage,-39,2024-10-03 17:53:35
5893,4,101,receive,38,2024-11-07 02:46:25
5894,3,52,return,40,2024-11-19 17:12:30
5895,10,92,sale,-36,2024-10-20 04:56:41
5896,10,106,shrinkage,-11,2024-12-07 14:15:39
5897,2,59,return,50,2024-04-20 21:55:35
5898,10,34,return,40,2024-09-06 22:11:03
5899,9,105,adjustment,31,2024-03-24 18:00:33
5900,10,17,receive,7,2024-02-24 07:32:23
5901,2,74,adjustment,5,2024-07-21 03:40:39
5902,8,24,receive,4,2024-01-29 01:59:53
5903,1,18,shrinkage,-12,2024-06-30 09:02:59
5904,2,69,sale,-9,2024-09-24 03:57:40
5905,10,2,shrinkage,-20,2024-04-12 11:02:26
5906,7,96,adjustment,23,2024-01-09 09:20:00
5907,8,47,receive,49,2024-12-06 22:18:22
5908,5,52,receive,46,2024-02-22 01:19:00
5909,11,17,return,32,2024-02-12 05:14:24
5910,5,11,receive,26,2024-07-11 05:22:48
5911,4,103,shrinkage,-41,2024-10-21 15:23:19
5912,12,55,return,22,2024-01-18 00:10:57
5913,7,64,adjustment,6,2024-04-29 06:53:30
5914,7,98,receive,7,2024-06-25 13:01:58
5915,8,49,shrinkage,-25,2024-08-14 16:43:30
5916,4,80,receive,8,2024-01-12 11:34:30
5917,10,72,shrinkage,-45,2024-12-15 07:24:22
5918,9,26,shrinkage,-30,2024-12-03 19:43:32
5919,12,25,shrinkage,-22,2024-02-29 20:00:41
5920,8,28,adjustment,31,2024-04-26 13:11:52
5921,2,25,receive,46,2024-04-14 21:57:35
5922,6,1,return,30,2024-04-08 07:43:09
5923,12,36,sale,-17,2024-03-14 18:41:46
5924,9,30,adjustment,16,2024-08-14 19:30:25
5925,1,103,receive,32,2024-02-17 15:11:01
5926,11,27,adjustment,45,2024-05-03 05:43:14
5927,11,75,receive,41,2024-12-17 16:25:56
5928,1,56,receive,34,2024-03-20 06:26:35
5929,6,101,return,17,2024-08-23 03:19:50
5930,7,112,shrinkage,-46,2024-04-10 23:59:29
5931,5,60,receive,1,2024-07-02 12:14:28
5932,11,78,sale,-16,2024-12-09 14:29:00
5933,6,78,return,21,2024-02-16 05:20:47
5934,1,59,sale,-22,2024-10-03 01:13:30
5935,5,84,return,30,2024-11-24 19:41:10
5936,1,22,adjustment,44,2024-08-05 03:32:06
5937,10,24,shrinkage,-10,2024-02-13 20:51:57
5938,5,59,adjustment,9,2024-03-02 11:16:43
5939,9,80,shrinkage,-37,2024-08-16 05:01:07
5940,3,89,return,12,2024-08-04 10:08:59
5941,1,26,receive,42,2024-11-07 12:20:54
5942,1,112,shrinkage,-19,2024-11-04 08:43:29
5943,7,16,adjustment,23,2024-08-10 05:37:59
5944,3,54,return,37,2024-08-16 04:33:04
5945,4,66,adjustment,41,2024-12-22 16:47:41
5946,9,69,shrinkage,-21,2024-08-05 13:03:56
5947,9,114,sale,-35,2024-02-16 03:05:42
5948,9,72,shrinkage,-26,2024-05-28 21:55:17
5949,8,115,sale,-29,2024-02-13 13:23:31
5950,9,42,receive,43,2024-12-18 16:45:46
5951,9,91,receive,20,2024-06-13 12:20:20
5952,4,119,return,49,2024-10-20 09:21:03
5953,9,8,shrinkage,-1,2024-05-21 08:22:55
5954,11,62,shrinkage,-5,2024-06-18 02:57:41
5955,4,31,shrinkage,-12,2024-09-06 04:09:22
5956,11,118,shrinkage,-11,2024-08-25 18:52:31
5957,9,12,receive,34,2024-05-30 14:35:09
5958,3,35,sale,-35,2024-01-09 09:20:22
5959,12,116,receive,6,2024-10-04 08:17:21
5960,9,7,sale,-47,2024-07-23 22:51:14
5961,11,51,return,3,2024-03-20 02:40:42
5962,1,50,adjustment,26,2024-09-09 23:02:23
5963,6,84,return,32,2024-05-11 21:32:36
5964,2,71,return,46,2024-11-10 03:35:17
5965,3,26,shrinkage,-50,2024-09-04 15:28:46
5966,2,40,shrinkage,-2,2024-01-06 10:01:34
5967,7,52,adjustment,16,2024-10-19 17:47:33
5968,12,18,sale,-24,2024-07-29 23:01:16
5969,2,111,adjustment,1,2024-10-22 12:49:51
5970,3,20,sale,-31,2024-10-03 01:01:13
5971,8,75,shrinkage,-17,2024-05-17 02:33:43
5972,1,47,return,45,2024-11-18 23:38:21
5973,10,46,sale,-46,2024-02-29 05:12:59
5974,3,33,shrinkage,-36,2024-12-05 22:18:47
5975,11,50,adjustment,40,2024-09-09 12:15:10
5976,5,21,sale,-1,2024-05-20 08:45:33
5977,11,65,return,37,2024-12-15 17:15:38
5978,3,101,adjustment,31,2024-10-28 18:35:36
5979,6,114,receive,15,2024-01-03 08:41:08
5980,11,76,sale,-44,2024-07-07 07:54:18
5981,4,20,shrinkage,-31,2024-11-03 21:56:39
5982,3,73,receive,46,2024-12-18 16:04:35
5983,5,8,sale,-43,2024-02-28 01:01:55
5984,7,108,shrinkage,-3,2024-07-28 12:57:09
5985,2,37,adjustment,48,2024-10-09 05:13:12
5986,4,119,return,22,2024-10-27 18:24:00
5987,1,114,adjustment,42,2024-12-07 03:29:03
5988,7,120,adjustment,41,2024-11-23 16:45:10
5989,11,41,return,3,2024-11-11 06:43:47
5990,8,76,receive,16,2024-10-25 22:50:44
5991,11,107,adjustment,2,2024-05-10 00:13:48
5992,8,81,receive,8,2024-10-29 16:07:04
5993,4,106,sale,-29,2024-09-09 19:51:09
5994,11,22,sale,-21,2024-12-20 14:21:30
5995,7,118,adjustment,11,2024-09-02 01:50:23
5996,6,59,shrinkage,-14,2024-03-13 00:31:04
5997,12,9,adjustment,34,2024-04-21 08:55:09
5998,5,45,adjustment,21,2024-05-06 04:42:54
5999,3,7,receive,13,2024-03-18 06:12:20
6000,3,1,return,32,2024-10-26 01:40:26
6001,12,27,adjustment,7,2024-12-25 18:55:30
6002,12,106,shrinkage,-18,2024-01-16 16:50:34
6003,3,96,receive,32,2024-02-13 08:51:52
6004,3,62,adjustment,32,2024-02-14 18:12:15
6005,10,12,receive,7,2024-06-15 07:14:28
6006,5,84,adjustment,3,2024-07-24 08:32:33
6007,3,106,shrinkage,-9,2024-11-17 07:27:29
6008,2,87,shrinkage,-11,2024-06-21 19:13:12
6009,3,116,adjustment,23,2024-09-13 11:24:54
6010,8,43,return,12,2024-08-24 20:44:05
6011,4,82,sale,-32,2024-06-16 09:10:04
6012,8,31,sale,-41,2024-01-16 12:46:11
6013,3,23,shrinkage,-13,2024-11-14 00:11:25
6014,1,71,return,35,2024-11-07 22:25:24
6015,6,97,receive,44,2024-02-04 15:25:29
6016,2,52,receive,34,2024-10-14 09:21:13
6017,9,49,sale,-50,2024-11-30 16:02:25
6018,2,56,return,40,2024-04-17 08:55:07
6019,3,3,sale,-29,2024-11-22 12:44:48
6020,9,10,shrinkage,-45,2024-03-26 17:24:19
6021,3,42,sale,-20,2024-04-28 05:38:43
6022,9,114,return,14,2024-02-09 18:16:46
6023,8,113,sale,-28,2024-08-02 17:52:05
6024,3,113,receive,23,2024-09-07 13:04:26
6025,12,115,return,27,2024-07-08 13:15:07
6026,11,12,shrinkage,-9,2024-12-26 19:59:41
6027,1,10,sale,-17,2024-07-13 07:04:21
6028,5,110,return,8,2024-06-20 19:30:37
6029,2,119,return,19,2024-04-27 07:09:09
6030,4,110,shrinkage,-25,2024-01-26 15:08:35
6031,9,76,receive,32,2024-09-29 15:29:56
6032,9,25,receive,21,2024-03-01 04:55:59
6033,4,33,shrinkage,-39,2024-11-18 09:48:22
6034,4,88,adjustment,47,2024-02-24 03:48:31
6035,7,76,shrinkage,-24,2024-02-08 09:13:03
6036,10,85,receive,13,2024-03-13 11:52:21
6037,1,43,shrinkage,-21,2024-03-24 00:53:31
6038,8,34,shrinkage,-24,2024-07-19 02:44:41
6039,1,34,shrinkage,-12,2024-10-20 20:11:15
6040,11,60,adjustment,41,2024-04-21 08:39:04
6041,3,26,sale,-27,2024-08-12 15:36:59
6042,4,73,receive,39,2024-02-13 22:52:14
6043,5,93,adjustment,12,2024-01-10 08:36:49
6044,1,72,receive,40,2024-01-31 12:29:38
6045,3,47,adjustment,15,2024-07-12 00:05:18
6046,11,69,sale,-8,2024-01-18 16:18:25
6047,6,52,adjustment,47,2024-11-01 20:07:55
6048,12,30,sale,-33,2024-12-14 14:31:06
6049,1,54,adjustment,22,2024-02-18 13:46:07
6050,6,53,adjustment,2,2024-05-13 03:45:12
6051,12,107,return,13,2024-04-24 09:26:53
6052,4,41,sale,-24,2024-06-03 18:06:29
6053,6,8,sale,-49,2024-06-13 16:14:31
6054,8,11,return,16,2024-10-17 10:13:35
6055,5,93,return,22,2024-07-05 16:19:34
6056,12,35,receive,19,2024-12-15 02:17:21
6057,5,74,shrinkage,-11,2024-07-05 18:26:54
6058,2,9,receive,43,2024-07-18 01:18:57
6059,4,62,shrinkage,-4,2024-07-24 22:29:03
6060,8,74,shrinkage,-3,2024-04-12 02:08:43
6061,2,85,shrinkage,-27,2024-05-21 13:21:06
6062,7,59,sale,-36,2024-05-21 06:55:42
6063,7,108,return,43,2024-07-20 22:42:01
6064,9,8,receive,8,2024-09-16 03:42:04
6065,3,42,sale,-40,2024-12-19 17:27:48
6066,1,44,sale,-12,2024-12-08 09:12:28
6067,2,113,return,46,2024-10-21 04:37:45
6068,10,103,adjustment,13,2024-11-16 18:23:21
6069,7,4,return,1,2024-09-26 02:02:34
6070,12,17,return,23,2024-10-02 23:10:05
6071,2,108,adjustment,6,2024-08-18 02:04:38
6072,5,73,return,21,2024-02-21 00:28:33
6073,9,113,sale,-48,2024-12-19 11:32:33
6074,2,43,sale,-16,2024-07-14 01:13:01
6075,10,53,receive,7,2024-09-17 01:48:02
6076,1,48,sale,-36,2024-02-18 15:34:10
6077,3,57,return,13,2024-04-17 03:31:12
6078,10,89,return,34,2024-09-16 21:17:54
6079,8,46,adjustment,30,2024-12-02 17:33:43
6080,5,92,return,41,2024-03-25 08:43:36
6081,7,27,sale,-12,2024-11-09 02:56:36
6082,6,91,receive,15,2024-02-26 02:21:47
6083,12,110,return,26,2024-06-24 17:41:18
6084,8,66,receive,32,2024-09-01 07:06:41
6085,11,95,sale,-46,2024-02-18 20:39:11
6086,3,105,adjustment,24,2024-07-04 01:57:31
6087,2,11,return,6,2024-07-19 05:37:33
6088,8,27,return,48,2024-11-25 21:33:47
6089,12,64,adjustment,30,2024-07-19 03:32:30
6090,5,20,adjustment,21,2024-08-13 07:20:10
6091,8,78,shrinkage,-20,2024-03-29 04:03:30
6092,7,100,sale,-3,2024-01-27 19:00:09
6093,8,115,receive,44,2024-12-17 05:08:50
6094,2,10,return,12,2024-04-05 22:55:27
6095,1,96,shrinkage,-5,2024-08-04 04:18:49
6096,4,93,adjustment,10,2024-11-24 01:57:33
6097,7,8,sale,-47,2024-04-27 17:13:08
6098,7,102,sale,-8,2024-06-24 22:42:48
6099,9,79,receive,12,2024-04-06 05:39:40
6100,7,108,adjustment,16,2024-09-02 13:08:46
6101,10,107,adjustment,15,2024-06-18 03:21:13
6102,10,75,adjustment,39,2024-02-17 10:34:09
6103,12,57,shrinkage,-29,2024-10-15 05:53:12
6104,1,3,receive,30,2024-10-10 22:36:57
6105,5,43,sale,-35,2024-10-04 15:18:16
6106,9,32,sale,-10,2024-12-22 01:56:10
6107,2,80,adjustment,20,2024-01-01 01:33:59
6108,3,66,sale,-16,2024-01-30 19:13:03
6109,7,35,sale,-2,2024-03-26 16:53:20
6110,6,89,shrinkage,-4,2024-01-31 06:33:18
6111,9,10,shrinkage,-5,2024-01-07 02:37:35
6112,3,16,receive,23,2024-01-24 10:20:08
6113,3,42,sale,-36,2024-01-28 07:20:49
6114,3,88,receive,20,2024-04-20 22:55:45
6115,7,81,shrinkage,-29,2024-11-10 20:36:08
6116,10,46,return,40,2024-04-05 14:37:32
6117,12,51,adjustment,22,2024-04-10 23:35:19
6118,6,42,sale,-50,2024-01-27 04:21:11
6119,9,88,receive,36,2024-10-04 04:10:52
6120,6,114,shrinkage,-22,2024-04-24 17:34:47
6121,5,67,adjustment,16,2024-04-25 17:15:07
6122,9,62,receive,33,2024-03-27 07:20:57
6123,3,76,return,3,2024-06-01 17:40:54
6124,11,4,shrinkage,-45,2024-02-11 13:25:14
6125,1,79,shrinkage,-33,2024-04-30 20:45:02
6126,6,23,adjustment,27,2024-02-04 01:08:31
6127,10,95,shrinkage,-46,2024-11-17 21:08:57
6128,9,2,sale,-17,2024-12-03 04:53:06
6129,3,118,adjustment,18,2024-03-24 01:02:36
6130,5,11,shrinkage,-17,2024-02-19 00:56:28
6131,5,28,return,47,2024-01-08 10:56:28
6132,5,66,receive,50,2024-11-11 18:58:45
6133,5,70,return,15,2024-08-20 20:29:30
6134,11,51,shrinkage,-13,2024-02-01 20:47:20
6135,9,47,shrinkage,-11,2024-04-18 14:26:51
6136,10,82,sale,-18,2024-06-29 18:10:47
6137,4,117,adjustment,9,2024-05-04 01:29:22
6138,8,57,sale,-2,2024-06-18 21:22:25
6139,4,71,return,24,2024-09-04 06:06:29
6140,12,49,receive,43,2024-08-16 05:04:30
6141,1,70,receive,25,2024-04-01 01:28:20
6142,11,40,sale,-46,2024-05-13 01:15:04
6143,9,61,shrinkage,-31,2024-06-19 10:46:38
6144,3,49,sale,-22,2024-09-06 10:20:43
6145,8,54,sale,-9,2024-08-08 08:48:10
6146,8,65,sale,-18,2024-07-18 03:22:59
6147,10,105,receive,36,2024-02-23 09:41:33
6148,5,42,return,15,2024-10-04 15:19:03
6149,8,22,return,50,2024-02-29 19:01:44
6150,1,8,shrinkage,-11,2024-09-22 19:10:54
6151,12,77,shrinkage,-27,2024-09-02 14:05:07
6152,11,85,shrinkage,-23,2024-03-01 12:42:10
6153,9,1,adjustment,3,2024-07-06 09:15:07
6154,12,85,adjustment,5,2024-07-21 05:04:18
6155,9,12,return,34,2024-05-02 09:38:23
6156,9,91,sale,-10,2024-06-27 14:03:19
6157,10,90,sale,-24,2024-06-03 15:29:25
6158,3,43,return,38,2024-02-06 06:03:27
6159,7,43,return,13,2024-04-11 21:13:58
6160,10,94,adjustment,30,2024-12-29 01:15:55
6161,1,79,adjustment,15,2024-07-15 19:04:39
6162,10,27,shrinkage,-7,2024-09-16 14:34:19
6163,2,98,sale,-33,2024-02-05 18:22:14
6164,2,3,receive,36,2024-11-02 03:20:51
6165,1,104,receive,15,2024-11-25 06:48:20
6166,11,66,receive,24,2024-09-06 10:11:58
6167,3,2,adjustment,13,2024-05-12 00:54:39
6168,8,18,return,16,2024-04-24 00:46:09
6169,5,5,return,46,2024-07-27 12:55:53
6170,10,4,sale,-6,2024-06-23 19:52:30
6171,8,23,receive,30,2024-04-19 15:42:57
6172,5,62,sale,-42,2024-10-13 17:58:22
6173,3,61,adjustment,42,2024-04-10 08:26:22
6174,4,74,receive,8,2024-07-02 11:03:58
6175,3,22,shrinkage,-15,2024-10-24 18:03:28
6176,12,106,adjustment,21,2024-02-16 11:17:53
6177,10,69,sale,-41,2024-11-06 12:25:10
6178,11,82,shrinkage,-49,2024-06-23 22:02:11
6179,1,99,return,34,2024-05-07 07:53:28
6180,10,45,shrinkage,-13,2024-07-23 15:19:05
6181,10,64,shrinkage,-31,2024-02-28 16:55:57
6182,7,14,shrinkage,-28,2024-12-17 23:23:39
6183,10,119,adjustment,48,2024-01-29 12:57:41
6184,12,52,shrinkage,-29,2024-09-29 22:02:02
6185,8,113,return,17,2024-10-30 18:50:14
6186,12,16,receive,34,2024-04-24 08:47:19
6187,12,102,adjustment,26,2024-03-05 20:45:49
6188,10,57,return,37,2024-11-21 05:08:22
6189,5,80,adjustment,48,2024-08-25 02:07:31
6190,2,52,receive,31,2024-11-06 10:22:08
6191,2,99,receive,12,2024-09-28 19:18:23
6192,8,56,sale,-49,2024-01-06 19:09:24
6193,10,104,receive,8,2024-10-23 03:48:52
6194,11,100,return,32,2024-03-28 15:32:57
6195,12,2,return,23,2024-02-27 12:06:22
6196,4,117,receive,38,2024-02-08 20:04:38
6197,4,33,sale,-47,2024-07-08 02:48:51
6198,6,105,adjustment,19,2024-06-08 02:22:42
6199,8,107,adjustment,25,2024-05-03 20:12:26
6200,5,19,receive,39,2024-07-26 16:37:02
6201,7,49,adjustment,19,2024-05-13 15:25:30
6202,1,57,receive,32,2024-03-17 07:53:01
6203,2,66,receive,20,2024-04-14 03:03:12
6204,12,21,receive,2,2024-03-02 17:24:28
6205,11,1,shrinkage,-48,2024-01-15 13:26:45
6206,11,12,adjustment,31,2024-04-21 16:50:26
6207,5,27,adjustment,45,2024-02-04 18:30:39
6208,10,29,return,13,2024-07-21 20:59:49
6209,6,66,sale,-19,2024-01-06 00:14:52
6210,7,67,return,36,2024-08-06 02:35:25
6211,10,84,sale,-45,2024-11-22 04:33:45
6212,9,94,receive,44,2024-03-19 13:32:31
6213,6,119,sale,-50,2024-04-08 10:52:42
6214,7,24,return,29,2024-12-15 04:48:50
6215,1,24,receive,44,2024-07-05 21:50:52
6216,8,8,sale,-22,2024-12-11 14:54:20
6217,4,70,sale,-44,2024-06-14 18:55:19
6218,12,119,shrinkage,-32,2024-10-27 16:14:09
6219,8,76,receive,2,2024-08-20 04:39:14
6220,10,120,sale,-43,2024-02-21 11:22:53
6221,1,72,shrinkage,-26,2024-08-10 06:08:19
6222,6,65,sale,-41,2024-05-21 05:05:18
6223,2,61,return,40,2024-02-10 15:51:30
6224,5,48,return,37,2024-11-02 04:59:51
6225,3,46,sale,-48,2024-04-25 19:25:49
6226,7,2,return,35,2024-10-08 14:38:42
6227,11,13,receive,38,2024-05-02 01:15:18
6228,3,29,adjustment,7,2024-04-02 08:05:19
6229,8,97,adjustment,21,2024-04-03 19:28:28
6230,5,24,return,23,2024-11-19 20:26:41
6231,10,99,receive,10,2024-12-07 00:50:31
6232,6,102,sale,-46,2024-05-27 09:30:02
6233,9,45,shrinkage,-28,2024-09-23 00:05:20
6234,5,104,sale,-13,2024-02-14 10:20:51
6235,2,35,return,49,2024-08-22 14:44:35
6236,4,74,sale,-46,2024-09-23 06:00:16
6237,1,99,adjustment,31,2024-01-25 01:08:20
6238,9,102,sale,-39,2024-05-21 11:08:19
6239,11,36,receive,28,2024-04-05 22:12:12
6240,6,13,adjustment,2,2024-08-29 18:33:48
6241,9,118,return,48,2024-02-05 09:54:11
6242,11,105,return,24,2024-09-25 03:18:14
6243,5,72,sale,-4,2024-10-14 07:26:28
6244,4,70,adjustment,4,2024-10-12 08:21:41
6245,7,42,return,6,2024-02-25 04:48:00
6246,9,16,sale,-5,2024-07-23 23:09:00
6247,5,8,adjustment,25,2024-06-06 10:44:48
6248,8,32,shrinkage,-3,2024-04-23 10:58:46
6249,10,118,receive,29,2024-07-31 13:03:10
6250,3,40,sale,-13,2024-06-04 23:11:17
6251,2,117,adjustment,1,2024-10-12 19:57:12
6252,7,110,sale,-4,2024-03-08 20:11:18
6253,6,71,sale,-25,2024-12-01 18:36:24
6254,12,92,adjustment,36,2024-12-27 19:34:11
6255,3,87,return,4,2024-05-29 21:16:59
6256,4,95,shrinkage,-41,2024-03-30 21:42:55
6257,5,93,adjustment,28,2024-01-26 17:36:33
6258,2,63,return,40,2024-11-21 06:53:03
6259,6,30,shrinkage,-29,2024-06-05 20:17:05
6260,8,73,shrinkage,-39,2024-06-24 03:13:25
6261,11,53,return,19,2024-03-21 09:40:46
6262,4,12,sale,-21,2024-04-17 02:37:33
6263,8,87,return,25,2024-01-07 22:04:45
6264,9,3,receive,30,2024-08-27 19:22:46
6265,4,88,adjustment,26,2024-03-06 16:01:25
6266,3,37,receive,20,2024-12-20 09:43:57
6267,11,10,shrinkage,-35,2024-10-05 21:21:12
6268,2,94,receive,50,2024-12-16 13:50:56
6269,3,41,receive,32,2024-10-30 19:43:23
6270,9,101,return,13,2024-06-19 14:22:58
6271,4,92,sale,-21,2024-01-02 20:40:04
6272,3,99,receive,28,2024-07-04 02:06:22
6273,12,95,sale,-13,2024-09-17 05:54:32
6274,9,101,sale,-30,2024-07-24 09:40:51
6275,2,33,adjustment,39,2024-05-30 13:35:54
6276,8,49,adjustment,6,2024-04-25 22:49:29
6277,10,68,sale,-36,2024-06-03 08:34:44
6278,5,71,shrinkage,-31,2024-07-21 05:30:35
6279,12,106,shrinkage,-44,2024-09-07 05:45:26
6280,8,91,sale,-33,2024-01-26 02:33:24
6281,3,73,return,25,2024-05-22 19:36:51
6282,8,110,adjustment,43,2024-01-14 07:43:33
6283,11,105,sale,-18,2024-08-17 09:59:42
6284,2,17,return,27,2024-08-07 18:41:12
6285,1,21,return,39,2024-09-13 21:30:00
6286,7,99,shrinkage,-6,2024-06-17 14:22:12
6287,7,39,receive,6,2024-07-08 03:07:09
6288,5,71,shrinkage,-4,2024-12-22 19:39:31
6289,10,90,receive,8,2024-10-02 22:24:19
6290,4,4,sale,-36,2024-07-07 00:48:44
6291,12,113,shrinkage,-15,2024-12-23 17:54:13
6292,4,21,receive,28,2024-11-15 10:13:34
6293,11,85,adjustment,46,2024-12-21 13:57:55
6294,2,40,adjustment,49,2024-09-24 22:47:06
6295,8,81,receive,13,2024-10-23 19:08:14
6296,2,17,shrinkage,-27,2024-10-25 01:18:32
6297,10,103,receive,44,2024-04-06 13:52:37
6298,12,19,receive,18,2024-12-26 10:43:34
6299,8,94,return,11,2024-05-14 06:26:13
6300,3,89,shrinkage,-20,2024-12-03 11:45:08
6301,4,92,shrinkage,-28,2024-03-16 19:33:39
6302,3,110,sale,-11,2024-01-28 13:31:05
6303,8,8,return,4,2024-06-20 16:48:22
6304,6,59,shrinkage,-1,2024-04-13 15:57:06
6305,8,106,shrinkage,-42,2024-12-07 14:05:03
6306,10,35,receive,11,2024-10-28 11:13:37
6307,7,35,sale,-36,2024-12-02 02:40:16
6308,9,57,shrinkage,-29,2024-01-21 01:03:48
6309,6,95,sale,-10,2024-06-12 08:52:51
6310,9,99,adjustment,27,2024-06-29 10:19:01
6311,10,8,receive,27,2024-07-19 11:20:14
6312,12,50,receive,35,2024-02-08 16:26:20
6313,12,35,adjustment,25,2024-11-23 05:13:27
6314,3,18,sale,-6,2024-04-11 00:38:55
6315,8,87,receive,7,2024-10-13 06:29:48
6316,10,46,sale,-27,2024-11-02 03:40:22
6317,7,45,sale,-13,2024-01-11 01:30:23
6318,7,105,adjustment,29,2024-10-26 11:14:29
6319,4,80,return,19,2024-04-09 17:38:43
6320,8,96,return,23,2024-06-13 08:31:46
6321,9,86,sale,-21,2024-11-26 17:08:22
6322,5,21,adjustment,43,2024-11-20 02:12:40
6323,8,112,receive,36,2024-10-22 18:44:40
6324,6,84,return,5,2024-06-16 07:50:33
6325,9,86,adjustment,32,2024-01-16 17:21:18
6326,1,9,shrinkage,-18,2024-07-30 20:03:12
6327,5,46,adjustment,19,2024-12-30 15:10:24
6328,11,67,receive,15,2024-05-23 11:04:08
6329,7,57,adjustment,8,2024-01-29 17:07:44
6330,6,54,return,4,2024-05-03 01:29:16
6331,9,64,sale,-20,2024-03-10 11:37:18
6332,3,89,sale,-23,2024-12-29 05:01:56
6333,4,69,adjustment,8,2024-09-17 03:45:04
6334,9,16,adjustment,50,2024-04-05 16:47:48
6335,2,33,sale,-4,2024-08-28 18:26:50
6336,1,94,sale,-4,2024-06-04 14:12:06
6337,9,10,shrinkage,-14,2024-06-15 03:56:43
6338,10,16,sale,-17,2024-07-20 12:05:32
6339,10,87,adjustment,7,2024-09-17 00:48:14
6340,4,98,adjustment,14,2024-08-06 01:03:21
6341,9,96,adjustment,45,2024-02-29 16:14:33
6342,5,81,receive,49,2024-09-26 10:37:17
6343,1,101,sale,-20,2024-04-03 21:33:37
6344,3,33,receive,22,2024-01-15 03:36:07
6345,12,100,return,37,2024-02-03 13:14:00
6346,2,32,shrinkage,-4,2024-10-18 04:18:37
6347,9,10,shrinkage,-6,2024-03-31 03:59:14
6348,8,74,adjustment,44,2024-09-06 09:34:28
6349,3,36,receive,29,2024-04-08 21:07:48
6350,3,17,adjustment,21,2024-04-08 04:10:05
6351,9,69,return,8,2024-11-26 09:22:47
6352,1,14,receive,9,2024-01-25 14:50:15
6353,11,97,receive,15,2024-09-16 13:55:14
6354,4,35,receive,29,2024-07-15 09:23:42
6355,2,34,sale,-28,2024-09-18 10:05:51
6356,7,32,sale,-32,2024-05-01 22:38:21
6357,10,25,return,33,2024-07-03 00:27:44
6358,6,47,sale,-21,2024-09-14 21:05:11
6359,6,114,shrinkage,-32,2024-07-28 12:04:17
6360,8,81,shrinkage,-38,2024-06-18 05:42:10
6361,4,21,sale,-34,2024-11-22 07:00:18
6362,7,55,return,12,2024-08-09 19:11:56
6363,8,85,return,41,2024-03-01 09:56:04
6364,3,36,return,6,2024-12-01 16:23:34
6365,12,57,return,14,2024-12-22 05:24:19
6366,12,112,shrinkage,-45,2024-11-05 19:15:04
6367,7,110,adjustment,30,2024-05-20 14:21:14
6368,4,53,sale,-8,2024-10-18 21:44:08
6369,1,19,adjustment,15,2024-10-17 03:05:21
6370,6,71,receive,4,2024-06-20 04:52:03
6371,12,76,receive,10,2024-04-23 22:25:15
6372,8,111,return,27,2024-07-04 07:48:39
6373,11,101,receive,45,2024-07-01 04:36:44
6374,11,62,receive,12,2024-10-28 23:54:48
6375,2,34,adjustment,17,2024-10-20 11:56:34
6376,6,109,return,3,2024-12-17 18:09:17
6377,2,84,return,48,2024-08-02 17:25:29
6378,11,100,sale,-14,2024-11-07 00:11:05
6379,5,85,adjustment,49,2024-08-23 14:40:32
6380,10,29,receive,35,2024-04-14 15:14:38
6381,6,86,adjustment,21,2024-04-19 17:11:19
6382,4,12,adjustment,4,2024-06-15 18:20:13
6383,8,102,shrinkage,-13,2024-05-30 03:47:13
6384,8,109,adjustment,2,2024-09-21 08:32:25
6385,7,74,adjustment,34,2024-12-14 00:54:30
6386,12,96,adjustment,37,2024-08-27 10:02:31
6387,12,97,sale,-50,2024-07-19 16:26:35
6388,7,31,receive,35,2024-03-07 11:02:12
6389,6,100,sale,-42,2024-08-29 00:03:27
6390,1,3,return,18,2024-03-26 17:24:15
6391,2,49,adjustment,45,2024-12-23 12:13:02
6392,1,35,receive,17,2024-11-29 08:57:20
6393,10,19,sale,-11,2024-04-08 03:09:05
6394,1,111,adjustment,28,2024-10-04 04:43:09
6395,7,3,adjustment,17,2024-01-18 10:36:18
6396,7,34,adjustment,11,2024-06-29 22:11:20
6397,9,71,adjustment,27,2024-03-19 04:07:24
6398,9,2,receive,14,2024-03-16 23:52:45
6399,2,25,adjustment,24,2024-07-25 07:32:58
6400,12,59,shrinkage,-4,2024-06-28 01:56:45
6401,8,50,adjustment,29,2024-09-15 03:54:25
6402,6,70,sale,-8,2024-03-20 11:38:12
6403,11,88,receive,10,2024-08-16 11:45:31
6404,8,66,return,22,2024-02-29 03:59:48
6405,10,55,return,34,2024-09-16 02:12:47
6406,10,84,sale,-38,2024-08-01 10:16:20
6407,9,102,adjustment,8,2024-12-05 18:12:54
6408,12,15,sale,-38,2024-05-18 19:32:19
6409,6,35,sale,-19,2024-01-23 03:50:04
6410,6,35,receive,26,2024-11-16 19:32:19
6411,11,24,return,24,2024-10-02 17:19:06
6412,9,8,shrinkage,-5,2024-10-21 06:11:42
6413,8,108,shrinkage,-26,2024-08-19 22:35:36
6414,8,62,sale,-49,2024-07-31 13:43:10
6415,9,59,sale,-28,2024-01-11 17:52:52
6416,6,14,receive,1,2024-09-19 00:57:57
6417,4,46,sale,-23,2024-08-06 07:53:21
6418,4,79,shrinkage,-21,2024-02-21 19:20:29
6419,6,65,receive,4,2024-01-11 03:46:27
6420,10,56,sale,-6,2024-07-23 08:52:47
6421,1,100,receive,37,2024-07-25 10:21:51
6422,12,82,adjustment,16,2024-03-17 16:51:10
6423,12,10,adjustment,25,2024-11-05 18:31:11
6424,6,80,sale,-29,2024-03-25 17:01:03
6425,6,7,receive,3,2024-12-14 22:50:46
6426,4,67,receive,1,2024-06-04 02:19:48
6427,2,89,shrinkage,-22,2024-07-13 11:31:07
6428,11,61,sale,-1,2024-02-18 10:32:58
6429,10,24,return,43,2024-04-17 19:43:27
6430,2,105,shrinkage,-40,2024-03-01 20:04:37
6431,4,36,shrinkage,-12,2024-02-29 00:57:30
6432,3,38,adjustment,6,2024-05-15 08:24:23
6433,11,42,receive,21,2024-02-06 07:05:06
6434,6,114,sale,-33,2024-12-03 10:20:09
6435,6,37,shrinkage,-49,2024-08-13 04:33:03
6436,6,79,shrinkage,-29,2024-10-09 04:16:51
6437,2,12,shrinkage,-27,2024-09-03 00:42:51
6438,10,104,receive,9,2024-02-15 12:47:52
6439,4,67,adjustment,35,2024-06-02 21:47:40
6440,2,82,receive,47,2024-09-27 01:30:11
6441,9,30,shrinkage,-20,2024-10-07 15:55:49
6442,10,64,return,10,2024-10-14 14:00:42
6443,8,87,receive,10,2024-08-13 15:15:29
6444,11,116,receive,18,2024-03-02 08:52:37
6445,5,3,shrinkage,-12,2024-07-12 08:11:42
6446,5,49,receive,40,2024-07-24 10:35:09
6447,2,55,return,20,2024-03-31 20:19:41
6448,4,82,adjustment,13,2024-01-10 09:47:07
6449,10,7,receive,38,2024-01-13 11:13:20
6450,7,23,shrinkage,-39,2024-10-08 15:08:22
6451,2,111,sale,-39,2024-01-19 05:42:50
6452,5,13,receive,42,2024-12-12 20:35:08
6453,5,116,receive,25,2024-03-31 02:46:25
6454,4,15,return,30,2024-11-11 13:31:53
6455,7,64,sale,-2,2024-01-20 04:08:37
6456,12,79,receive,26,2024-04-22 22:23:34
6457,7,10,shrinkage,-47,2024-10-23 11:42:34
6458,2,41,shrinkage,-45,2024-05-18 02:14:13
6459,4,115,receive,34,2024-08-29 15:04:24
6460,7,112,adjustment,17,2024-05-31 22:09:33
6461,4,10,shrinkage,-19,2024-05-13 08:33:56
6462,3,105,sale,-47,2024-06-15 09:00:15
6463,3,14,shrinkage,-1,2024-03-14 23:17:02
6464,7,10,adjustment,22,2024-04-14 08:14:22
6465,4,66,return,17,2024-02-16 17:13:41
6466,11,17,adjustment,15,2024-03-04 01:49:02
6467,11,100,adjustment,12,2024-03-30 14:17:56
6468,8,81,adjustment,14,2024-04-14 14:38:08
6469,6,73,adjustment,11,2024-11-21 18:23:12
6470,7,27,return,41,2024-10-02 07:23:56
6471,11,27,return,9,2024-09-29 22:36:51
6472,11,106,sale,-30,2024-09-30 00:28:12
6473,8,34,shrinkage,-3,2024-07-07 05:26:55
6474,7,51,adjustment,50,2024-10-30 17:33:19
6475,1,119,shrinkage,-49,2024-06-07 03:46:27
6476,6,113,return,23,2024-10-02 16:18:09
6477,12,96,shrinkage,-11,2024-09-04 06:43:38
6478,11,41,return,19,2024-08-11 18:15:02
6479,6,95,receive,29,2024-06-16 09:30:49
6480,5,22,return,49,2024-08-16 13:26:56
6481,4,24,adjustment,16,2024-08-02 20:20:47
6482,5,69,shrinkage,-31,2024-06-11 19:10:44
6483,2,1,receive,43,2024-12-22 08:21:40
6484,6,80,return,35,2024-11-19 14:59:42
6485,3,114,adjustment,3,2024-10-23 17:27:39
6486,7,77,receive,36,2024-06-27 05:30:34
6487,11,15,sale,-6,2024-10-15 07:24:26
6488,10,60,sale,-33,2024-05-14 00:28:46
6489,9,119,receive,10,2024-11-15 02:18:03
6490,1,67,sale,-4,2024-12-22 03:01:40
6491,12,85,adjustment,19,2024-05-30 07:33:35
6492,1,120,sale,-34,2024-12-15 16:00:34
6493,9,88,sale,-27,2024-07-19 23:35:36
6494,6,63,shrinkage,-27,2024-01-15 16:31:45
6495,12,12,return,49,2024-07-22 02:54:51
6496,1,33,sale,-40,2024-03-24 13:42:24
6497,10,100,shrinkage,-36,2024-09-21 02:54:44
6498,2,84,shrinkage,-28,2024-12-25 20:39:59
6499,10,54,adjustment,22,2024-11-14 12:20:29
6500,1,39,return,27,2024-04-14 19:09:55
6501,11,89,sale,-46,2024-01-20 21:57:53
6502,8,64,sale,-4,2024-06-30 08:11:00
6503,11,66,receive,49,2024-03-13 18:17:05
6504,9,21,adjustment,48,2024-03-28 06:08:34
6505,10,69,receive,38,2024-10-29 05:10:17
6506,10,116,shrinkage,-48,2024-07-17 12:32:39
6507,11,74,return,15,2024-07-05 04:26:43
6508,8,40,adjustment,46,2024-12-21 15:26:41
6509,7,80,sale,-2,2024-04-21 23:32:29
6510,12,44,receive,3,2024-10-03 06:11:30
6511,6,69,sale,-32,2024-08-01 18:18:38
6512,5,77,shrinkage,-28,2024-01-16 19:38:41
6513,1,48,return,9,2024-05-19 17:25:25
6514,2,68,shrinkage,-28,2024-09-08 22:07:20
6515,9,79,receive,44,2024-05-15 23:01:23
6516,6,3,adjustment,31,2024-07-17 00:36:00
6517,9,34,sale,-38,2024-08-10 05:41:41
6518,6,84,receive,48,2024-10-19 16:45:50
6519,10,113,receive,35,2024-01-31 22:54:38
6520,5,79,shrinkage,-43,2024-03-24 03:14:41
6521,6,6,sale,-28,2024-10-25 14:34:58
6522,6,20,shrinkage,-31,2024-08-10 05:44:55
6523,1,113,return,40,2024-06-23 03:37:38
6524,4,1,adjustment,48,2024-06-20 15:04:24
6525,8,72,receive,4,2024-07-25 15:34:42
6526,12,71,receive,16,2024-01-16 15:14:12
6527,6,57,return,18,2024-02-09 01:01:57
6528,1,2,sale,-7,2024-06-09 08:07:24
6529,10,78,adjustment,10,2024-01-30 21:08:06
6530,12,103,sale,-37,2024-03-09 08:14:07
6531,4,69,receive,26,2024-05-20 10:45:39
6532,2,34,sale,-41,2024-04-07 12:25:26
6533,4,19,shrinkage,-18,2024-12-23 16:35:15
6534,3,82,shrinkage,-10,2024-07-22 06:24:33
6535,12,100,return,1,2024-06-14 07:14:27
6536,5,43,sale,-15,2024-07-30 23:12:26
6537,5,47,sale,-20,2024-06-23 11:20:39
6538,12,78,shrinkage,-41,2024-10-22 06:07:48
6539,5,14,shrinkage,-30,2024-03-19 12:43:21
6540,6,120,adjustment,7,2024-07-27 08:58:52
6541,9,109,sale,-34,2024-05-24 01:12:53
6542,4,31,sale,-13,2024-10-24 07:14:32
6543,2,79,return,8,2024-03-02 07:21:05
6544,2,89,return,18,2024-11-09 20:36:06
6545,11,68,adjustment,35,2024-09-12 02:00:45
6546,10,63,receive,34,2024-06-21 16:29:56
6547,5,100,adjustment,32,2024-04-12 05:51:04
6548,1,109,shrinkage,-1,2024-09-19 23:27:48
6549,7,14,return,14,2024-05-03 00:48:34
6550,7,87,sale,-5,2024-01-10 16:57:12
6551,9,20,sale,-12,2024-09-05 07:52:18
6552,2,15,receive,22,2024-01-06 23:04:27
6553,9,24,return,44,2024-09-08 10:42:22
6554,9,54,receive,41,2024-02-08 05:12:28
6555,5,11,adjustment,14,2024-05-19 10:14:49
6556,6,103,return,31,2024-07-14 15:30:50
6557,9,35,receive,19,2024-05-14 19:46:41
6558,12,59,return,31,2024-04-03 22:49:08
6559,6,45,shrinkage,-30,2024-07-24 09:39:13
6560,11,83,return,32,2024-05-29 20:16:49
6561,8,99,receive,25,2024-11-10 21:28:39
6562,4,39,return,32,2024-06-27 08:52:36
6563,10,71,adjustment,16,2024-03-18 12:49:35
6564,2,99,receive,37,2024-06-19 22:05:40
6565,6,58,return,16,2024-01-25 04:58:50
6566,11,92,return,21,2024-03-18 17:14:33
6567,8,107,receive,32,2024-04-15 02:40:52
6568,11,64,receive,14,2024-01-30 11:16:35
6569,5,107,sale,-38,2024-06-08 21:03:10
6570,10,20,adjustment,6,2024-08-08 08:58:33
6571,11,17,shrinkage,-50,2024-03-06 18:18:24
6572,11,85,adjustment,41,2024-08-22 07:01:16
6573,12,30,receive,29,2024-09-16 02:36:28
6574,6,6,return,29,2024-05-09 12:49:53
6575,8,93,receive,50,2024-08-07 13:06:23
6576,11,57,return,44,2024-11-08 13:12:08
6577,2,34,receive,32,2024-04-29 14:22:28
6578,6,4,receive,44,2024-11-16 15:37:13
6579,11,85,receive,44,2024-05-09 08:34:25
6580,10,46,shrinkage,-16,2024-01-28 21:57:15
6581,9,48,adjustment,49,2024-09-26 09:23:29
6582,2,77,adjustment,21,2024-11-12 20:58:06
6583,2,52,return,17,2024-11-02 11:52:10
6584,8,69,return,36,2024-08-10 06:30:30
6585,5,94,return,13,2024-08-25 20:35:41
6586,8,97,adjustment,11,2024-11-30 17:02:15
6587,2,96,receive,33,2024-08-08 01:28:00
6588,12,101,adjustment,17,2024-08-02 20:16:23
6589,6,95,return,11,2024-01-18 04:16:13
6590,9,93,return,47,2024-11-12 07:22:26
6591,12,111,shrinkage,-44,2024-02-16 06:28:21
6592,4,120,shrinkage,-45,2024-12-24 15:05:17
6593,11,97,return,7,2024-12-16 09:14:14
6594,10,2,return,32,2024-06-21 18:40:18
6595,2,66,adjustment,45,2024-07-03 09:41:22
6596,4,1,shrinkage,-23,2024-10-16 05:11:07
6597,11,50,sale,-25,2024-03-10 13:11:05
6598,4,79,sale,-18,2024-02-03 13:41:07
6599,6,12,sale,-19,2024-09-17 11:41:23
6600,1,11,adjustment,18,2024-08-23 12:24:48
6601,11,87,adjustment,7,2024-03-20 09:02:57
6602,11,90,adjustment,17,2024-01-31 00:13:13
6603,3,42,return,8,2024-07-20 19:37:15
6604,10,120,return,2,2024-07-21 22:09:45
6605,2,87,adjustment,18,2024-08-02 14:02:32
6606,8,89,adjustment,13,2024-12-08 12:28:41
6607,10,61,shrinkage,-25,2024-05-02 01:44:17
6608,2,58,shrinkage,-14,2024-12-30 13:41:43
6609,9,83,return,50,2024-09-27 17:49:28
6610,3,47,sale,-44,2024-06-27 15:36:03
6611,5,88,adjustment,1,2024-04-19 00:26:14
6612,7,43,adjustment,6,2024-09-04 06:14:44
6613,8,29,adjustment,30,2024-09-03 10:29:39
6614,11,9,return,30,2024-10-22 12:27:35
6615,9,83,adjustment,12,2024-08-09 07:22:49
6616,11,30,receive,26,2024-01-02 18:23:21
6617,9,102,shrinkage,-46,2024-08-03 18:01:18
6618,2,79,sale,-2,2024-08-19 23:07:06
6619,4,65,sale,-38,2024-06-12 21:40:36
6620,4,105,return,21,2024-10-20 19:41:49
6621,12,113,sale,-11,2024-10-30 19:27:59
6622,6,65,adjustment,36,2024-12-18 08:41:59
6623,9,119,adjustment,1,2024-12-16 02:39:04
6624,12,18,sale,-5,2024-02-24 15:41:10
6625,11,34,return,27,2024-11-25 12:02:58
6626,5,14,adjustment,50,2024-02-13 02:03:32
6627,11,49,adjustment,40,2024-09-11 16:40:24
6628,11,35,return,37,2024-05-01 04:18:13
6629,9,27,receive,31,2024-04-16 15:35:12
6630,2,28,shrinkage,-38,2024-11-20 11:36:41
6631,2,89,return,44,2024-05-17 09:26:32
6632,5,90,sale,-10,2024-07-17 00:15:52
6633,10,61,return,14,2024-10-14 10:18:18
6634,5,62,adjustment,10,2024-08-17 19:31:06
6635,7,13,receive,49,2024-09-15 18:54:12
6636,8,16,sale,-40,2024-05-31 17:45:04
6637,1,117,shrinkage,-13,2024-12-04 21:57:26
6638,9,76,sale,-5,2024-06-17 22:39:22
6639,7,94,sale,-46,2024-10-31 11:11:23
6640,12,119,sale,-46,2024-11-15 14:40:26
6641,5,10,adjustment,24,2024-06-06 11:46:10
6642,8,26,shrinkage,-43,2024-09-22 10:01:47
6643,7,71,receive,21,2024-06-18 08:33:14
6644,2,2,adjustment,11,2024-02-18 10:47:08
6645,8,88,return,27,2024-03-13 03:39:47
6646,7,77,sale,-14,2024-03-27 17:16:27
6647,9,29,sale,-5,2024-02-27 11:56:03
6648,5,110,adjustment,47,2024-07-06 15:48:28
6649,7,108,adjustment,32,2024-10-11 02:32:51
6650,4,105,adjustment,37,2024-12-01 17:53:07
6651,9,71,shrinkage,-2,2024-11-01 20:27:04
6652,1,86,shrinkage,-20,2024-10-02 11:33:06
6653,11,27,shrinkage,-18,2024-08-06 01:06:09
6654,6,16,return,45,2024-08-24 11:18:06
6655,7,77,shrinkage,-7,2024-03-22 14:50:14
6656,3,22,receive,11,2024-04-20 17:13:48
6657,10,47,return,13,2024-12-26 14:25:37
6658,11,22,shrinkage,-37,2024-01-10 13:43:24
6659,4,20,return,14,2024-06-12 10:32:06
6660,2,40,return,15,2024-11-22 19:37:55
6661,9,86,receive,23,2024-01-28 12:10:33
6662,6,65,shrinkage,-22,2024-10-25 22:10:47
6663,11,95,sale,-29,2024-07-05 23:24:05
6664,9,101,sale,-49,2024-04-23 11:04:19
6665,1,108,return,45,2024-06-07 21:59:12
6666,7,46,receive,19,2024-11-29 22:00:00
6667,7,106,sale,-33,2024-03-08 15:15:10
6668,12,68,sale,-15,2024-03-06 11:01:16
6669,7,54,shrinkage,-3,2024-07-31 22:37:33
6670,7,51,sale,-45,2024-02-01 21:02:58
6671,6,21,adjustment,7,2024-11-15 12:00:23
6672,8,57,adjustment,30,2024-04-21 20:49:26
6673,7,50,sale,-45,2024-10-20 07:18:15
6674,1,113,sale,-22,2024-06-08 09:54:40
6675,12,49,receive,37,2024-04-12 12:13:31
6676,5,113,adjustment,40,2024-07-09 23:40:11
6677,9,75,return,23,2024-01-20 00:03:33
6678,1,33,adjustment,40,2024-06-09 09:51:39
6679,3,53,sale,-24,2024-06-23 05:59:29
6680,9,79,adjustment,27,2024-02-16 23:36:19
6681,11,49,shrinkage,-10,2024-08-08 23:18:45
6682,7,72,shrinkage,-43,2024-10-16 12:35:38
6683,9,102,receive,37,2024-12-14 19:58:35
6684,3,70,receive,1,2024-07-15 13:46:58
6685,8,111,receive,32,2024-09-02 14:29:59
6686,7,85,shrinkage,-10,2024-12-10 00:15:11
6687,2,45,adjustment,21,2024-07-17 16:21:54
6688,9,49,shrinkage,-2,2024-03-01 21:33:58
6689,3,118,adjustment,15,2024-04-18 12:44:33
6690,8,112,receive,18,2024-09-12 16:22:40
6691,2,93,receive,43,2024-03-31 19:18:08
6692,7,32,receive,44,2024-07-10 06:57:01
6693,8,56,sale,-25,2024-01-02 21:51:22
6694,2,118,shrinkage,-15,2024-05-19 15:11:36
6695,8,104,shrinkage,-18,2024-02-18 06:01:35
6696,8,3,shrinkage,-31,2024-01-25 01:59:44
6697,2,34,return,1,2024-12-01 09:40:03
6698,7,112,return,36,2024-12-21 02:08:13
6699,1,37,adjustment,37,2024-05-03 23:44:40
6700,8,43,return,21,2024-12-21 12:23:00
6701,3,49,adjustment,28,2024-06-02 20:36:37
6702,5,90,receive,21,2024-12-04 20:22:59
6703,6,59,receive,49,2024-08-18 19:37:54
6704,10,9,shrinkage,-4,2024-11-20 06:05:24
6705,8,106,shrinkage,-36,2024-10-19 18:50:19
6706,5,45,receive,30,2024-04-13 04:30:29
6707,11,27,shrinkage,-36,2024-09-30 17:52:44
6708,2,97,shrinkage,-45,2024-01-12 20:51:17
6709,5,91,receive,1,2024-08-18 03:07:13
6710,6,52,sale,-44,2024-11-06 00:23:59
6711,11,73,return,17,2024-10-03 04:17:01
6712,6,29,sale,-42,2024-03-02 01:48:26
6713,2,64,shrinkage,-17,2024-11-26 14:09:49
6714,2,44,receive,42,2024-06-05 10:05:26
6715,7,112,receive,49,2024-11-06 05:03:55
6716,8,108,return,37,2024-06-15 22:52:41
6717,4,110,receive,43,2024-03-20 22:03:52
6718,7,95,return,13,2024-09-26 22:17:48
6719,11,75,adjustment,47,2024-03-12 20:59:54
6720,2,82,shrinkage,-32,2024-05-27 09:51:25
6721,5,7,sale,-39,2024-12-29 06:53:28
6722,4,19,adjustment,45,2024-02-18 18:18:25
6723,8,90,return,5,2024-04-20 06:23:46
6724,12,93,sale,-7,2024-11-24 14:25:21
6725,5,43,return,29,2024-07-21 11:07:00
6726,2,55,shrinkage,-38,2024-10-12 07:09:14
6727,7,88,return,23,2024-02-27 04:32:19
6728,1,69,adjustment,12,2024-01-15 08:37:22
6729,8,49,adjustment,37,2024-11-02 22:28:04
6730,5,18,receive,29,2024-01-12 14:57:04
6731,1,86,receive,7,2024-11-03 01:08:07
6732,9,101,shrinkage,-37,2024-12-18 19:18:35
6733,5,60,return,29,2024-12-23 21:41:44
6734,9,51,sale,-5,2024-07-15 13:07:28
6735,11,4,shrinkage,-7,2024-11-16 14:33:07
6736,11,53,sale,-49,2024-06-01 13:27:47
6737,1,22,receive,37,2024-10-06 08:30:05
6738,7,17,shrinkage,-28,2024-08-03 02:13:11
6739,11,91,adjustment,4,2024-12-28 05:38:58
6740,5,106,return,1,2024-10-07 04:25:16
6741,10,86,shrinkage,-38,2024-12-19 09:30:32
6742,8,45,adjustment,4,2024-06-17 08:21:03
6743,2,116,shrinkage,-24,2024-02-07 12:22:31
6744,7,66,shrinkage,-41,2024-11-11 19:34:15
6745,7,23,receive,20,2024-03-23 12:31:00
6746,11,58,shrinkage,-33,2024-11-02 22:59:51
6747,2,103,return,34,2024-02-06 13:22:55
6748,5,9,receive,35,2024-09-26 22:49:54
6749,9,24,adjustment,49,2024-05-04 16:41:12
6750,3,95,return,29,2024-05-19 05:01:59
6751,11,117,adjustment,39,2024-01-14 21:35:53
6752,8,71,sale,-13,2024-08-09 10:14:00
6753,12,34,return,46,2024-11-26 00:22:54
6754,9,88,receive,41,2024-10-05 12:33:50
6755,5,68,adjustment,14,2024-04-15 21:07:03
6756,1,41,adjustment,5,2024-06-29 16:19:27
6757,10,91,shrinkage,-22,2024-06-25 16:21:16
6758,6,94,sale,-38,2024-12-06 02:24:39
6759,5,52,sale,-19,2024-03-17 00:08:31
6760,2,48,sale,-1,2024-11-15 19:38:01
6761,9,83,sale,-24,2024-12-01 15:37:56
6762,9,7,sale,-38,2024-08-03 06:41:40
6763,3,43,receive,50,2024-06-11 19:11:24
6764,12,112,sale,-35,2024-02-02 03:34:45
6765,7,59,sale,-48,2024-09-17 09:34:06
6766,8,80,adjustment,26,2024-10-29 12:39:21
6767,5,10,receive,4,2024-01-29 00:32:28
6768,3,65,sale,-46,2024-04-12 19:41:26
6769,5,120,shrinkage,-11,2024-01-25 01:36:52
6770,11,63,sale,-5,2024-01-10 00:15:19
6771,9,28,adjustment,2,2024-10-13 08:31:14
6772,9,79,receive,22,2024-12-16 07:40:21
6773,4,64,adjustment,40,2024-08-11 19:30:44
6774,12,69,return,5,2024-08-25 00:03:59
6775,7,46,sale,-35,2024-04-24 08:29:15
6776,5,43,return,4,2024-05-28 11:34:28
6777,5,90,shrinkage,-32,2024-12-06 20:45:09
6778,8,56,shrinkage,-39,2024-07-01 12:28:50
6779,10,111,shrinkage,-4,2024-03-23 12:23:27
6780,3,94,sale,-45,2024-07-23 04:53:38
6781,5,72,receive,38,2024-05-06 05:24:21
6782,1,3,receive,7,2024-10-26 05:56:23
6783,6,90,shrinkage,-47,2024-09-26 16:08:45
6784,7,77,sale,-44,2024-05-17 04:46:11
6785,5,11,shrinkage,-33,2024-08-09 21:34:30
6786,4,23,receive,39,2024-08-04 13:14:48
6787,10,77,sale,-28,2024-10-22 09:37:32
6788,6,76,return,21,2024-03-06 08:51:16
6789,4,49,adjustment,12,2024-06-07 00:50:09
6790,12,34,sale,-29,2024-11-29 20:43:13
6791,12,58,receive,21,2024-06-26 01:27:04
6792,12,97,shrinkage,-38,2024-08-09 10:31:58
6793,4,64,receive,13,2024-11-24 17:26:12
6794,9,62,sale,-26,2024-02-21 23:28:43
6795,12,16,adjustment,33,2024-07-21 01:22:38
6796,3,78,sale,-44,2024-10-15 08:09:15
6797,2,103,return,20,2024-08-05 07:27:55
6798,8,112,shrinkage,-20,2024-06-30 16:24:14
6799,7,77,sale,-10,2024-05-08 03:59:36
6800,12,61,sale,-25,2024-01-20 01:17:14
6801,5,115,return,50,2024-08-24 23:26:36
6802,1,80,sale,-23,2024-09-18 18:36:03
6803,3,100,sale,-34,2024-01-16 19:31:26
6804,4,75,receive,37,2024-08-05 22:16:24
6805,9,100,receive,10,2024-05-12 20:24:13
6806,11,31,return,10,2024-04-06 19:13:33
6807,5,119,shrinkage,-19,2024-06-20 20:51:27
6808,11,13,sale,-17,2024-04-27 04:51:56
6809,10,62,adjustment,35,2024-07-12 01:11:38
6810,11,102,sale,-28,2024-07-18 05:05:24
6811,6,53,return,24,2024-11-15 14:42:11
6812,12,106,receive,23,2024-09-24 09:11:26
6813,3,67,return,16,2024-12-13 17:51:01
6814,1,39,return,16,2024-09-10 09:41:36
6815,5,20,return,27,2024-04-13 00:03:12
6816,6,21,sale,-3,2024-03-29 11:14:37
6817,10,37,shrinkage,-3,2024-05-17 02:34:01
6818,4,101,sale,-7,2024-09-09 21:19:09
6819,9,48,return,16,2024-11-02 16:11:04
6820,8,69,sale,-41,2024-06-13 23:56:08
6821,11,22,return,42,2024-08-07 05:52:03
6822,5,101,return,35,2024-12-13 03:23:09
6823,11,25,shrinkage,-50,2024-11-20 14:07:30
6824,11,83,return,12,2024-02-04 11:34:50
6825,5,78,return,30,2024-09-27 07:53:22
6826,11,97,shrinkage,-22,2024-07-04 05:30:37
6827,7,64,adjustment,2,2024-03-08 03:28:50
6828,5,37,receive,5,2024-02-11 15:04:07
6829,5,25,sale,-49,2024-01-19 17:36:33
6830,6,94,return,34,2024-07-18 12:45:18
6831,1,29,adjustment,11,2024-02-10 20:04:47
6832,8,103,shrinkage,-34,2024-11-24 09:50:36
6833,8,72,return,20,2024-01-30 21:58:59
6834,12,45,receive,24,2024-06-04 22:49:00
6835,9,95,sale,-36,2024-12-22 21:37:12
6836,7,94,receive,31,2024-04-07 15:00:35
6837,9,43,sale,-37,2024-07-17 00:25:25
6838,7,59,return,22,2024-04-20 20:11:43
6839,3,21,shrinkage,-16,2024-11-26 02:30:31
6840,10,22,return,32,2024-10-17 19:35:29
6841,3,107,receive,45,2024-07-25 18:42:23
6842,2,60,sale,-32,2024-11-25 15:18:17
6843,6,86,return,49,2024-02-22 15:21:53
6844,6,65,shrinkage,-15,2024-08-17 12:02:14
6845,5,23,return,37,2024-05-29 22:35:32
6846,3,99,sale,-29,2024-04-23 19:57:06
6847,2,116,receive,44,2024-02-10 15:23:24
6848,3,14,sale,-37,2024-05-03 14:25:42
6849,2,14,adjustment,31,2024-03-19 06:42:34
6850,8,34,shrinkage,-32,2024-06-16 09:14:49
6851,3,109,sale,-3,2024-03-09 00:19:37
6852,2,43,return,50,2024-12-21 00:17:11
6853,5,17,sale,-35,2024-08-25 10:35:10
6854,10,30,return,44,2024-06-21 13:12:16
6855,6,70,return,14,2024-06-29 20:03:33
6856,5,1,sale,-42,2024-07-08 09:58:59
6857,11,100,shrinkage,-2,2024-05-27 11:05:27
6858,11,17,receive,39,2024-11-04 09:28:26
6859,3,22,adjustment,22,2024-02-09 03:11:50
6860,6,72,shrinkage,-22,2024-10-10 04:06:58
6861,11,114,return,10,2024-11-30 16:10:30
6862,4,7,return,23,2024-09-19 09:12:06
6863,11,101,receive,45,2024-04-07 17:19:18
6864,3,39,adjustment,37,2024-06-18 05:20:53
6865,4,62,receive,3,2024-08-13 03:22:18
6866,10,116,shrinkage,-26,2024-04-15 18:07:34
6867,2,22,return,38,2024-05-21 19:29:04
6868,7,102,shrinkage,-35,2024-09-23 08:09:51
6869,2,77,receive,8,2024-02-11 10:35:09
6870,3,75,receive,38,2024-06-23 15:48:24
6871,5,112,sale,-28,2024-08-27 09:26:37
6872,5,15,receive,50,2024-02-04 10:21:26
6873,8,88,sale,-14,2024-11-11 07:21:21
6874,5,84,adjustment,26,2024-01-07 07:00:56
6875,4,67,receive,37,2024-01-12 03:58:42
6876,2,31,receive,32,2024-02-11 02:10:10
6877,9,62,receive,34,2024-01-22 15:22:11
6878,4,54,sale,-5,2024-03-28 06:32:28
6879,12,34,adjustment,39,2024-02-29 08:36:21
6880,2,99,shrinkage,-3,2024-03-26 19:15:15
6881,12,19,shrinkage,-44,2024-07-10 09:50:44
6882,11,15,adjustment,6,2024-07-17 20:32:47
6883,6,50,receive,25,2024-12-29 16:48:02
6884,12,61,receive,18,2024-07-25 17:53:46
6885,11,111,shrinkage,-47,2024-07-22 14:35:52
6886,2,47,sale,-12,2024-01-13 08:33:17
6887,12,14,receive,45,2024-07-01 01:10:41
6888,11,30,return,23,2024-07-18 16:21:10
6889,4,112,receive,2,2024-06-18 11:45:41
6890,3,114,receive,11,2024-07-18 04:42:48
6891,9,77,receive,27,2024-10-20 09:55:25
6892,10,39,receive,17,2024-08-09 15:54:04
6893,7,31,adjustment,22,2024-11-03 22:44:14
6894,12,3,shrinkage,-45,2024-11-23 14:28:44
6895,9,106,sale,-40,2024-01-03 12:55:50
6896,4,13,receive,36,2024-06-12 18:39:33
6897,1,114,shrinkage,-4,2024-08-13 13:43:01
6898,11,15,adjustment,25,2024-12-23 08:21:18
6899,7,56,return,47,2024-09-06 01:35:57
6900,1,108,shrinkage,-24,2024-06-06 01:40:44
6901,3,33,return,22,2024-05-10 17:41:51
6902,4,67,receive,44,2024-01-20 22:25:10
6903,10,5,return,10,2024-08-08 18:51:50
6904,9,47,adjustment,21,2024-08-01 05:13:34
6905,6,13,sale,-31,2024-11-30 22:48:54
6906,10,63,sale,-32,2024-05-05 20:48:47
6907,5,103,return,34,2024-11-19 00:43:34
6908,2,37,sale,-1,2024-12-23 19:32:53
6909,3,25,return,23,2024-08-24 08:18:49
6910,10,73,sale,-32,2024-04-15 20:19:27
6911,7,86,adjustment,11,2024-09-16 08:49:40
6912,2,53,adjustment,35,2024-05-03 03:11:35
6913,6,43,adjustment,27,2024-01-03 05:48:12
6914,6,65,adjustment,36,2024-12-14 06:30:12
6915,10,15,adjustment,25,2024-03-23 20:32:31
6916,10,2,sale,-39,2024-05-31 16:26:57
6917,5,5,shrinkage,-9,2024-02-06 18:15:17
6918,9,36,shrinkage,-24,2024-09-10 16:59:28
6919,9,99,receive,26,2024-04-14 19:09:36
6920,6,77,shrinkage,-28,2024-03-31 00:16:47
6921,2,69,shrinkage,-32,2024-09-05 02:00:26
6922,2,81,shrinkage,-31,2024-08-19 10:48:55
6923,9,66,sale,-13,2024-12-11 05:26:15
6924,6,15,shrinkage,-28,2024-10-06 18:36:11
6925,1,102,shrinkage,-24,2024-07-15 12:17:20
6926,7,116,receive,22,2024-12-04 00:01:24
6927,11,3,return,23,2024-07-14 21:19:26
6928,2,39,adjustment,38,2024-09-08 15:36:23
6929,11,14,sale,-12,2024-05-23 11:09:05
6930,2,43,adjustment,22,2024-03-25 10:37:13
6931,9,6,shrinkage,-8,2024-05-19 19:45:30
6932,9,89,shrinkage,-18,2024-08-08 19:50:26
6933,1,99,sale,-34,2024-08-17 03:15:11
6934,2,96,receive,17,2024-02-08 17:19:15
6935,12,99,receive,50,2024-11-27 08:16:55
6936,1,77,adjustment,39,2024-09-16 10:46:42
6937,11,22,shrinkage,-13,2024-09-20 13:00:44
6938,7,120,sale,-21,2024-08-05 09:33:05
6939,5,115,receive,46,2024-04-23 11:33:51
6940,1,96,shrinkage,-13,2024-11-18 21:10:24
6941,4,110,adjustment,14,2024-11-26 23:34:53
6942,3,50,receive,36,2024-11-15 01:30:01
6943,12,2,shrinkage,-12,2024-07-27 00:30:15
6944,8,120,sale,-50,2024-03-19 10:23:00
6945,9,72,return,26,2024-10-27 06:26:35
6946,11,89,return,26,2024-06-11 21:36:14
6947,6,38,shrinkage,-28,2024-10-18 03:29:58
6948,3,8,sale,-45,2024-09-11 21:03:56
6949,7,28,adjustment,49,2024-08-23 10:44:23
6950,6,67,receive,1,2024-01-05 15:49:56
6951,11,112,return,36,2024-09-13 18:54:16
6952,10,107,receive,27,2024-08-04 15:59:23
6953,6,71,return,5,2024-12-30 23:48:58
6954,7,45,receive,6,2024-06-17 08:36:09
6955,11,26,shrinkage,-48,2024-08-29 00:27:51
6956,4,14,shrinkage,-30,2024-04-05 06:58:29
6957,12,29,receive,43,2024-10-03 07:08:28
6958,11,65,adjustment,33,2024-08-27 20:37:34
6959,4,80,adjustment,32,2024-06-20 16:14:49
6960,12,7,return,12,2024-05-15 21:10:33
6961,12,113,receive,37,2024-08-16 08:47:28
6962,6,23,shrinkage,-4,2024-04-02 09:08:03
6963,1,54,shrinkage,-24,2024-06-12 12:43:33
6964,10,38,return,39,2024-07-10 14:43:42
6965,5,105,receive,20,2024-05-05 16:38:08
6966,2,68,adjustment,14,2024-06-02 11:49:37
6967,6,14,return,33,2024-05-14 20:12:10
6968,5,117,sale,-19,2024-05-10 18:02:03
6969,10,23,receive,10,2024-12-16 08:11:35
6970,12,111,receive,16,2024-04-23 19:05:01
6971,9,20,receive,12,2024-04-18 20:31:06
6972,7,28,sale,-33,2024-12-09 07:40:51
6973,4,24,shrinkage,-4,2024-03-12 05:17:39
6974,9,81,adjustment,44,2024-03-23 11:41:19
6975,6,30,shrinkage,-17,2024-02-17 18:05:31
6976,2,57,sale,-49,2024-06-19 23:55:30
6977,2,60,shrinkage,-20,2024-05-20 06:17:38
6978,9,63,return,36,2024-05-28 21:23:55
6979,11,23,shrinkage,-21,2024-07-03 06:12:56
6980,5,25,sale,-7,2024-11-01 03:28:59
6981,2,54,return,29,2024-07-26 23:14:03
6982,10,52,receive,4,2024-05-09 20:30:43
6983,4,93,adjustment,2,2024-11-18 16:09:42
6984,12,63,return,46,2024-03-14 19:25:50
6985,4,74,shrinkage,-38,2024-10-13 14:11:58
6986,10,112,shrinkage,-48,2024-01-15 13:27:30
6987,10,1,adjustment,23,2024-01-19 20:13:15
6988,5,100,sale,-47,2024-03-27 13:15:10
6989,2,47,shrinkage,-37,2024-08-30 02:05:21
6990,9,117,shrinkage,-31,2024-01-03 08:21:47
6991,5,52,sale,-35,2024-01-26 22:11:54
6992,6,78,sale,-14,2024-10-24 17:23:07
6993,7,65,shrinkage,-48,2024-10-14 16:21:43
6994,12,29,receive,8,2024-09-17 07:53:41
6995,2,93,adjustment,48,2024-01-03 21:55:10
6996,7,36,receive,25,2024-12-04 17:23:05
6997,7,66,receive,43,2024-10-06 20:02:14
6998,4,44,adjustment,44,2024-06-15 06:56:50
6999,4,104,receive,8,2024-08-08 13:47:40
7000,8,101,shrinkage,-11,2024-10-06 08:57:15
7001,2,65,sale,-6,2024-09-27 12:09:29
7002,7,5,shrinkage,-35,2024-06-29 23:58:51
7003,5,47,sale,-23,2024-02-02 07:12:23
7004,9,93,adjustment,36,2024-06-14 10:41:58
7005,4,67,return,35,2024-04-21 00:17:08
7006,8,60,sale,-49,2024-12-10 00:16:58
7007,11,52,adjustment,38,2024-05-13 21:37:22
7008,1,28,return,23,2024-12-24 05:20:59
7009,9,72,shrinkage,-3,2024-09-06 21:39:54
7010,6,28,sale,-11,2024-05-03 19:16:07
7011,6,64,return,39,2024-07-05 09:02:31
7012,11,40,shrinkage,-43,2024-11-16 19:33:11
7013,9,63,adjustment,39,2024-06-21 07:45:35
7014,1,40,sale,-12,2024-11-09 02:11:05
7015,1,21,return,18,2024-10-31 11:54:08
7016,6,85,shrinkage,-40,2024-01-22 01:24:58
7017,3,92,sale,-46,2024-07-09 17:52:17
7018,1,91,sale,-18,2024-01-12 18:38:49
7019,3,34,receive,33,2024-07-06 13:25:57
7020,10,69,adjustment,33,2024-05-06 06:35:52
7021,10,119,sale,-34,2024-09-28 07:39:54
7022,12,117,adjustment,36,2024-12-10 21:18:44
7023,7,64,receive,17,2024-12-28 02:39:18
7024,10,11,adjustment,38,2024-06-02 05:15:53
7025,9,90,receive,6,2024-05-21 10:59:17
7026,11,83,shrinkage,-36,2024-08-04 22:11:18
7027,6,13,receive,5,2024-09-03 16:33:49
7028,2,69,return,44,2024-02-27 20:54:38
7029,6,81,sale,-28,2024-04-18 01:05:57
7030,1,41,receive,32,2024-08-26 16:53:02
7031,6,67,shrinkage,-9,2024-01-27 22:36:50
7032,10,13,adjustment,24,2024-08-12 19:04:41
7033,6,19,receive,19,2024-12-20 11:02:55
7034,7,20,receive,39,2024-07-12 07:52:59
7035,6,81,shrinkage,-7,2024-12-14 01:34:16
7036,8,108,adjustment,27,2024-11-20 08:09:00
7037,7,40,receive,4,2024-06-21 13:30:34
7038,3,4,sale,-11,2024-09-30 13:33:00
7039,3,44,shrinkage,-46,2024-05-23 19:00:13
7040,8,115,sale,-46,2024-07-25 13:59:32
7041,3,66,return,42,2024-08-27 06:15:46
7042,8,14,sale,-8,2024-05-11 00:23:55
7043,8,68,return,24,2024-01-20 17:45:34
7044,11,40,shrinkage,-26,2024-08-01 04:09:14
7045,1,38,shrinkage,-35,2024-06-25 09:50:04
7046,12,44,receive,39,2024-11-03 02:02:02
7047,5,17,receive,25,2024-09-25 21:11:31
7048,10,117,sale,-5,2024-06-26 01:53:10
7049,8,120,adjustment,29,2024-11-15 01:16:41
7050,10,57,adjustment,6,2024-12-23 00:12:12
7051,8,43,shrinkage,-16,2024-01-13 16:51:57
7052,11,4,adjustment,8,2024-09-04 00:36:43
7053,8,64,shrinkage,-42,2024-08-24 18:28:31
7054,5,40,return,24,2024-12-06 06:33:34
7055,2,85,adjustment,50,2024-01-15 03:25:14
7056,4,8,sale,-25,2024-10-09 11:45:22
7057,12,66,adjustment,15,2024-11-12 00:22:31
7058,4,105,shrinkage,-5,2024-02-11 11:42:02
7059,6,72,return,14,2024-11-30 18:32:28
7060,12,6,receive,15,2024-12-18 12:59:15
7061,2,32,return,36,2024-07-04 09:07:27
7062,5,24,sale,-32,2024-04-15 19:28:06
7063,10,116,shrinkage,-14,2024-05-07 01:24:02
7064,3,39,receive,19,2024-03-29 10:17:43
7065,10,68,return,2,2024-02-15 05:22:26
7066,1,40,shrinkage,-34,2024-01-04 22:22:43
7067,8,40,return,34,2024-07-13 06:43:47
7068,1,15,shrinkage,-12,2024-12-19 13:22:01
7069,8,55,sale,-29,2024-10-01 16:40:06
7070,11,65,adjustment,12,2024-12-11 15:04:15
7071,9,97,sale,-49,2024-05-03 04:25:09
7072,1,82,shrinkage,-41,2024-08-26 04:24:36
7073,5,18,return,47,2024-09-21 09:56:56
7074,2,40,return,12,2024-11-17 10:47:47
7075,10,114,shrinkage,-38,2024-09-21 06:50:24
7076,11,75,receive,17,2024-03-13 22:53:26
7077,1,100,receive,18,2024-09-11 00:52:13
7078,1,53,sale,-34,2024-10-06 02:17:07
7079,9,54,shrinkage,-45,2024-10-05 19:42:35
7080,9,40,adjustment,21,2024-08-11 10:08:55
7081,6,12,shrinkage,-26,2024-05-11 18:31:16
7082,7,15,return,2,2024-11-19 09:52:51
7083,4,99,return,18,2024-09-09 07:28:42
7084,5,4,adjustment,2,2024-01-08 23:52:04
7085,6,28,sale,-23,2024-08-04 12:26:12
7086,10,113,adjustment,19,2024-07-27 08:02:08
7087,7,80,adjustment,5,2024-03-03 22:03:37
7088,2,1,adjustment,40,2024-12-16 20:25:59
7089,12,68,sale,-24,2024-06-29 15:16:38
7090,8,32,shrinkage,-29,2024-12-14 12:40:46
7091,9,27,return,6,2024-03-13 01:39:45
7092,11,57,receive,34,2024-09-01 12:59:21
7093,4,38,return,31,2024-11-25 21:39:55
7094,4,1,adjustment,7,2024-02-10 13:54:46
7095,1,21,return,47,2024-09-28 20:05:13
7096,3,87,shrinkage,-25,2024-05-13 05:57:24
7097,8,86,sale,-36,2024-06-22 20:18:10
7098,4,87,sale,-20,2024-01-29 02:30:54
7099,8,96,sale,-48,2024-12-12 04:11:42
7100,12,2,return,3,2024-04-08 22:11:30
7101,12,116,adjustment,24,2024-06-20 22:26:04
7102,9,35,adjustment,26,2024-11-14 04:46:12
7103,12,119,adjustment,10,2024-10-29 15:07:20
7104,8,14,sale,-5,2024-02-22 15:42:46
7105,12,37,receive,7,2024-03-30 01:37:53
7106,12,24,adjustment,23,2024-04-05 05:58:40
7107,8,31,sale,-37,2024-11-29 02:16:12
7108,8,69,return,4,2024-04-06 08:15:05
7109,8,115,return,12,2024-04-03 17:28:37
7110,4,45,return,49,2024-11-19 15:54:07
7111,11,34,shrinkage,-40,2024-09-13 00:00:08
7112,3,6,shrinkage,-25,2024-06-29 02:05:18
7113,12,42,receive,8,2024-08-23 15:44:50
7114,4,26,return,20,2024-03-24 15:31:39
7115,11,56,return,45,2024-08-06 11:13:32
7116,2,97,return,15,2024-03-01 19:34:03
7117,8,54,sale,-41,2024-08-27 01:20:59
7118,6,56,shrinkage,-23,2024-12-23 05:12:23
7119,2,35,sale,-14,2024-07-06 10:37:22
7120,1,36,shrinkage,-22,2024-05-23 16:54:50
7121,2,25,receive,48,2024-03-27 02:22:54
7122,9,33,sale,-46,2024-12-24 09:07:35
7123,7,49,receive,5,2024-03-16 11:52:44
7124,6,89,shrinkage,-46,2024-10-21 03:30:02
7125,11,70,shrinkage,-18,2024-05-19 02:10:29
7126,8,118,adjustment,43,2024-09-18 01:53:15
7127,6,4,sale,-41,2024-08-18 17:09:07
7128,8,106,return,43,2024-10-27 18:37:16
7129,10,80,shrinkage,-49,2024-11-22 23:16:17
7130,10,1,receive,5,2024-02-14 03:47:37
7131,2,69,receive,37,2024-05-09 23:09:46
7132,1,47,sale,-35,2024-05-10 07:31:52
7133,9,120,shrinkage,-15,2024-10-07 08:13:18
7134,1,69,sale,-7,2024-01-05 12:40:18
7135,8,74,receive,44,2024-01-16 13:51:32
7136,9,119,adjustment,32,2024-08-16 05:34:47
7137,9,119,receive,36,2024-07-13 03:54:35
7138,5,44,adjustment,16,2024-04-16 17:53:09
7139,8,81,sale,-29,2024-03-05 23:33:51
7140,12,71,sale,-4,2024-01-15 05:59:02
7141,10,27,receive,27,2024-03-24 11:01:37
7142,4,72,adjustment,41,2024-02-10 11:45:46
7143,7,7,sale,-10,2024-02-26 22:01:04
7144,8,100,return,43,2024-02-29 20:32:26
7145,12,103,receive,31,2024-08-02 23:14:37
7146,11,24,adjustment,29,2024-12-30 05:49:33
7147,2,108,receive,49,2024-05-18 03:40:23
7148,12,4,receive,46,2024-09-15 00:21:39
7149,9,100,sale,-11,2024-05-17 12:47:00
7150,12,41,receive,10,2024-02-01 14:17:58
7151,4,92,shrinkage,-14,2024-01-19 12:27:43
7152,9,32,sale,-40,2024-12-11 06:03:55
7153,4,28,return,28,2024-02-25 23:12:35
7154,3,53,return,10,2024-04-08 05:45:35
7155,1,105,receive,49,2024-09-27 12:49:21
7156,2,106,adjustment,18,2024-11-10 12:50:45
7157,3,47,shrinkage,-7,2024-04-19 08:14:54
7158,12,34,adjustment,16,2024-08-01 06:23:00
7159,4,99,sale,-14,2024-06-04 06:45:58
7160,8,115,receive,29,2024-06-14 13:12:39
7161,3,94,shrinkage,-2,2024-09-21 21:10:45
7162,10,88,shrinkage,-23,2024-11-04 13:39:18
7163,7,3,return,9,2024-11-27 06:52:21
7164,5,82,return,1,2024-08-06 01:10:39
7165,11,38,adjustment,49,2024-06-21 04:00:13
7166,12,14,receive,3,2024-02-25 17:03:41
7167,8,44,adjustment,36,2024-08-23 03:01:53
7168,9,119,adjustment,35,2024-07-06 00:34:20
7169,11,64,shrinkage,-8,2024-02-16 19:45:12
7170,7,36,shrinkage,-4,2024-02-18 17:44:41
7171,5,102,shrinkage,-13,2024-10-15 09:37:08
7172,9,118,shrinkage,-28,2024-12-04 14:41:42
7173,7,43,sale,-42,2024-06-02 06:01:23
7174,11,61,adjustment,14,2024-01-20 06:49:24
7175,8,22,shrinkage,-29,2024-02-20 04:58:31
7176,8,97,return,30,2024-09-03 13:30:27
7177,4,14,shrinkage,-12,2024-09-19 04:03:50
7178,12,80,receive,49,2024-03-18 00:56:49
7179,2,102,sale,-16,2024-08-04 22:01:28
7180,7,97,receive,29,2024-08-08 20:39:13
7181,3,105,adjustment,19,2024-06-05 22:36:02
7182,12,113,sale,-11,2024-03-04 18:37:44
7183,3,42,return,20,2024-05-25 18:23:40
7184,11,106,sale,-40,2024-06-05 08:35:03
7185,11,26,shrinkage,-45,2024-02-22 18:58:15
7186,7,53,shrinkage,-7,2024-08-21 08:25:24
7187,8,50,shrinkage,-26,2024-03-17 12:10:16
7188,4,1,sale,-19,2024-02-05 18:12:21
7189,6,98,shrinkage,-36,2024-04-10 10:52:12
7190,5,76,adjustment,30,2024-09-24 20:30:30
7191,10,33,shrinkage,-43,2024-11-12 14:56:47
7192,5,58,receive,47,2024-11-25 09:48:23
7193,7,64,return,48,2024-05-30 09:21:09
7194,10,86,return,49,2024-07-17 04:46:11
7195,6,82,adjustment,20,2024-09-09 07:34:42
7196,9,32,receive,39,2024-11-03 09:59:36
7197,9,65,shrinkage,-49,2024-01-22 00:59:31
7198,9,11,return,21,2024-01-21 06:03:30
7199,11,49,return,4,2024-11-12 17:42:46
7200,4,28,return,42,2024-05-28 23:04:34
7201,11,21,adjustment,50,2024-04-19 10:04:26
7202,11,83,receive,35,2024-05-16 23:15:28
7203,12,116,shrinkage,-22,2024-05-03 21:43:18
7204,2,39,shrinkage,-24,2024-06-25 16:38:17
7205,3,82,sale,-36,2024-02-08 22:15:07
7206,7,5,return,40,2024-11-22 08:51:32
7207,7,6,return,9,2024-05-29 05:12:18
7208,8,11,adjustment,38,2024-06-27 22:08:25
7209,8,71,receive,39,2024-07-12 00:29:00
7210,7,59,sale,-8,2024-04-28 07:14:24
7211,9,12,sale,-17,2024-11-02 17:41:37
7212,8,119,shrinkage,-24,2024-12-10 12:04:15
7213,7,6,return,43,2024-11-29 18:54:15
7214,1,89,sale,-3,2024-06-02 21:47:54
7215,6,9,return,29,2024-12-14 07:34:18
7216,3,104,receive,12,2024-04-07 16:36:02
7217,11,87,receive,48,2024-08-29 14:48:24
7218,1,45,sale,-25,2024-02-28 12:05:44
7219,7,26,shrinkage,-25,2024-04-06 09:56:42
7220,9,42,adjustment,39,2024-01-17 21:35:26
7221,6,83,sale,-25,2024-02-29 19:06:29
7222,6,53,adjustment,24,2024-04-19 07:19:38
7223,9,118,receive,38,2024-11-21 14:44:14
7224,1,14,receive,31,2024-01-20 02:20:17
7225,8,69,sale,-44,2024-02-10 17:31:18
7226,2,62,adjustment,18,2024-04-03 08:50:35
7227,11,96,shrinkage,-38,2024-06-17 11:38:42
7228,1,51,adjustment,23,2024-02-24 02:36:39
7229,5,60,return,2,2024-07-05 15:53:36
7230,11,9,sale,-40,2024-06-22 04:28:14
7231,11,107,sale,-23,2024-07-30 04:59:29
7232,12,70,adjustment,7,2024-04-04 04:16:11
7233,3,84,sale,-33,2024-07-03 00:58:00
7234,6,33,sale,-42,2024-07-19 11:05:49
7235,10,4,receive,24,2024-06-02 12:33:55
7236,8,39,receive,34,2024-02-25 10:39:19
7237,11,73,return,43,2024-03-21 08:46:35
7238,1,42,receive,18,2024-04-15 09:20:09
7239,9,27,shrinkage,-5,2024-07-01 23:46:58
7240,4,112,receive,2,2024-08-05 08:31:33
7241,7,93,return,44,2024-12-09 16:32:09
7242,8,70,adjustment,37,2024-07-10 01:22:14
7243,1,36,receive,49,2024-05-02 17:02:03
7244,8,33,sale,-40,2024-08-11 16:28:38
7245,5,27,sale,-5,2024-05-18 20:54:49
7246,12,107,shrinkage,-27,2024-06-11 18:46:16
7247,11,69,sale,-37,2024-03-11 22:51:28
7248,8,28,receive,41,2024-12-05 23:20:35
7249,8,32,shrinkage,-16,2024-12-11 10:52:28
7250,8,5,adjustment,14,2024-04-19 13:56:59
7251,9,42,adjustment,31,2024-05-08 20:48:38
7252,9,40,shrinkage,-39,2024-01-02 09:28:37
7253,11,8,shrinkage,-31,2024-04-09 16:57:18
7254,10,76,sale,-29,2024-05-14 04:05:55
7255,8,102,shrinkage,-10,2024-07-10 00:44:43
7256,1,92,shrinkage,-24,2024-05-22 23:59:54
7257,4,95,receive,25,2024-06-02 00:57:33
7258,6,8,return,15,2024-04-25 16:24:57
7259,5,70,return,26,2024-06-18 05:53:18
7260,12,115,receive,41,2024-02-11 17:06:11
7261,8,104,adjustment,6,2024-06-07 05:10:39
7262,3,31,receive,12,2024-10-30 14:27:06
7263,5,66,sale,-37,2024-11-24 05:12:49
7264,9,102,receive,14,2024-09-24 13:45:20
7265,3,6,sale,-46,2024-07-10 17:59:57
7266,3,116,return,31,2024-05-10 14:57:44
7267,3,24,adjustment,12,2024-05-01 10:47:26
7268,6,38,shrinkage,-15,2024-02-15 22:35:34
7269,6,114,sale,-46,2024-02-24 05:51:44
7270,10,28,receive,8,2024-02-07 05:18:37
7271,8,77,adjustment,35,2024-10-26 00:52:35
7272,6,13,return,23,2024-11-17 20:22:12
7273,1,95,shrinkage,-23,2024-04-12 15:01:24
7274,10,84,receive,9,2024-12-26 17:04:13
7275,5,95,shrinkage,-28,2024-06-17 03:53:13
7276,9,115,receive,45,2024-01-23 14:59:17
7277,2,44,adjustment,16,2024-02-14 18:36:09
7278,5,28,adjustment,30,2024-01-08 02:52:32
7279,11,14,return,14,2024-07-18 03:08:53
7280,10,21,receive,47,2024-04-27 15:05:47
7281,5,52,sale,-21,2024-07-27 01:14:28
7282,6,17,receive,6,2024-12-17 13:41:40
7283,1,16,adjustment,39,2024-10-01 15:43:16
7284,10,110,sale,-4,2024-06-27 07:17:17
7285,8,5,return,32,2024-07-04 16:45:19
7286,12,19,shrinkage,-31,2024-05-25 06:30:41
7287,4,29,sale,-42,2024-05-08 15:39:05
7288,7,47,adjustment,13,2024-11-21 20:22:27
7289,3,76,return,25,2024-01-12 03:36:37
7290,2,20,shrinkage,-35,2024-09-24 01:29:05
7291,5,44,sale,-49,2024-08-17 05:48:30
7292,7,90,shrinkage,-41,2024-03-30 16:44:54
7293,4,65,shrinkage,-17,2024-07-12 15:32:58
7294,12,24,adjustment,38,2024-11-25 19:08:39
7295,12,62,receive,31,2024-11-16 15:28:05
7296,12,24,adjustment,40,2024-01-05 02:02:31
7297,9,63,sale,-14,2024-09-11 16:09:36
7298,12,25,shrinkage,-41,2024-02-02 12:03:53
7299,12,49,shrinkage,-31,2024-09-20 08:50:36
7300,6,8,adjustment,36,2024-03-29 21:23:46
7301,12,66,shrinkage,-27,2024-11-27 22:54:35
7302,12,45,return,36,2024-08-23 21:20:19
7303,10,97,receive,41,2024-03-20 15:35:58
7304,6,39,adjustment,46,2024-06-05 16:47:53
7305,11,45,sale,-9,2024-07-20 19:09:48
7306,10,59,return,15,2024-10-06 00:45:47
7307,4,79,adjustment,36,2024-08-03 19:19:28
7308,7,8,receive,4,2024-03-04 12:58:03
7309,6,51,shrinkage,-34,2024-03-05 18:51:32
7310,10,76,adjustment,45,2024-06-13 11:36:16
7311,12,74,shrinkage,-29,2024-10-27 18:47:53
7312,2,37,adjustment,34,2024-12-11 07:37:10
7313,10,69,shrinkage,-26,2024-11-29 07:41:19
7314,11,26,sale,-30,2024-06-28 15:28:50
7315,6,35,receive,22,2024-05-23 04:31:36
7316,6,115,receive,35,2024-09-03 01:33:29
7317,4,97,return,36,2024-04-16 23:45:36
7318,1,27,adjustment,9,2024-08-03 00:52:58
7319,10,80,return,21,2024-04-19 15:36:08
7320,5,114,return,31,2024-08-07 16:27:53
7321,3,69,shrinkage,-31,2024-01-03 11:27:44
7322,10,22,adjustment,34,2024-08-08 04:28:51
7323,9,16,sale,-43,2024-02-05 01:56:15
7324,2,92,shrinkage,-21,2024-08-05 12:49:12
7325,9,43,sale,-14,2024-08-21 19:04:07
7326,11,118,sale,-39,2024-05-23 15:15:20
7327,8,88,shrinkage,-48,2024-05-30 03:34:44
7328,12,45,receive,39,2024-05-13 23:37:16
7329,11,83,sale,-21,2024-12-15 07:10:04
7330,7,115,sale,-4,2024-11-27 02:03:15
7331,9,1,receive,3,2024-01-15 06:54:31
7332,4,89,shrinkage,-8,2024-01-10 20:24:06
7333,8,35,receive,12,2024-06-17 08:43:13
7334,11,96,receive,1,2024-11-13 14:45:05
7335,10,12,receive,15,2024-01-29 14:53:14
7336,3,68,receive,29,2024-09-16 07:04:43
7337,11,19,shrinkage,-46,2024-11-07 12:30:32
7338,10,88,return,42,2024-10-10 02:50:22
7339,5,97,adjustment,17,2024-05-28 10:12:51
7340,3,23,adjustment,40,2024-05-30 04:32:35
7341,5,5,adjustment,25,2024-04-04 03:08:55
7342,9,50,sale,-41,2024-02-03 23:41:59
7343,9,52,sale,-17,2024-05-10 04:17:02
7344,12,47,return,50,2024-04-27 16:45:33
7345,8,2,adjustment,3,2024-09-02 10:06:03
7346,8,65,receive,24,2024-04-30 16:55:54
7347,1,57,receive,11,2024-08-17 16:52:36
7348,9,80,shrinkage,-50,2024-12-26 21:43:51
7349,8,73,receive,7,2024-02-01 07:58:27
7350,8,92,adjustment,10,2024-02-01 16:22:45
7351,6,65,shrinkage,-31,2024-03-31 14:21:15
7352,2,36,return,44,2024-01-16 16:08:12
7353,11,113,sale,-48,2024-04-06 12:32:34
7354,2,48,sale,-14,2024-05-21 12:00:44
7355,3,88,return,13,2024-10-21 20:41:58
7356,3,19,receive,36,2024-09-01 16:22:00
7357,11,12,sale,-44,2024-07-12 04:22:59
7358,12,40,shrinkage,-39,2024-04-03 16:12:45
7359,10,11,shrinkage,-4,2024-01-03 16:33:05
7360,12,120,receive,6,2024-02-20 17:34:56
7361,9,35,receive,50,2024-02-08 05:10:44
7362,12,64,sale,-15,2024-04-11 01:54:20
7363,12,34,adjustment,47,2024-07-12 16:16:01
7364,8,81,shrinkage,-42,2024-05-21 20:37:21
7365,3,98,adjustment,36,2024-11-18 19:13:33
7366,10,112,receive,35,2024-12-16 14:54:23
7367,3,114,adjustment,33,2024-02-03 03:42:15
7368,6,34,sale,-16,2024-07-29 18:30:39
7369,3,75,receive,38,2024-06-10 18:34:35
7370,10,118,shrinkage,-36,2024-01-17 08:25:39
7371,12,36,shrinkage,-45,2024-01-28 14:16:37
7372,10,71,receive,31,2024-11-16 03:51:43
7373,1,84,receive,8,2024-12-27 05:03:54
7374,6,78,receive,37,2024-10-07 09:30:31
7375,8,58,receive,50,2024-06-23 22:56:41
7376,5,96,return,15,2024-09-01 12:16:24
7377,11,34,adjustment,41,2024-10-12 06:42:57
7378,9,118,sale,-6,2024-11-14 10:59:18
7379,8,87,sale,-36,2024-11-03 10:24:21
7380,10,15,return,24,2024-05-22 03:30:40
7381,1,46,adjustment,42,2024-10-02 04:27:59
7382,5,83,sale,-2,2024-02-21 22:46:05
7383,5,35,adjustment,20,2024-12-22 15:53:23
7384,3,67,return,38,2024-11-16 06:55:56
7385,6,19,return,11,2024-12-29 14:19:02
7386,11,74,sale,-50,2024-04-21 03:37:56
7387,3,89,receive,41,2024-12-24 05:32:21
7388,10,2,return,10,2024-09-14 14:21:33
7389,11,45,shrinkage,-46,2024-11-18 12:07:35
7390,5,30,sale,-41,2024-08-20 22:15:24
7391,10,12,sale,-47,2024-12-18 02:48:55
7392,8,111,shrinkage,-3,2024-07-05 06:39:35
7393,8,18,sale,-18,2024-04-07 06:43:58
7394,2,118,return,49,2024-06-03 21:16:02
7395,4,25,sale,-30,2024-07-20 13:29:23
7396,9,110,return,21,2024-11-05 07:06:53
7397,10,29,receive,21,2024-01-04 04:57:18
7398,7,79,shrinkage,-36,2024-07-08 08:02:28
7399,6,68,return,10,2024-05-15 08:16:21
7400,8,22,return,39,2024-03-01 08:27:12
7401,6,73,shrinkage,-31,2024-06-11 04:51:57
7402,5,3,receive,49,2024-09-29 15:33:12
7403,7,74,adjustment,17,2024-06-18 10:45:02
7404,10,4,receive,27,2024-04-24 08:13:34
7405,5,86,sale,-47,2024-04-01 03:19:54
7406,12,58,receive,6,2024-10-26 00:20:48
7407,11,38,receive,22,2024-12-03 09:04:45
7408,6,9,receive,49,2024-05-15 02:15:10
7409,2,57,adjustment,22,2024-07-01 11:22:29
7410,9,108,adjustment,6,2024-09-08 23:44:10
7411,3,31,return,42,2024-09-22 14:29:20
7412,9,108,adjustment,25,2024-05-28 14:43:14
7413,3,51,shrinkage,-4,2024-12-11 07:41:04
7414,10,11,receive,40,2024-12-15 06:19:34
7415,7,31,sale,-15,2024-05-30 16:03:20
7416,3,48,sale,-29,2024-07-22 15:39:02
7417,7,28,receive,29,2024-01-24 14:49:44
7418,2,81,sale,-50,2024-09-16 22:51:16
7419,12,16,adjustment,48,2024-08-04 10:38:52
7420,9,78,adjustment,34,2024-01-20 17:07:21
7421,4,32,sale,-15,2024-02-08 07:44:06
7422,7,40,shrinkage,-22,2024-07-26 09:14:18
7423,7,33,shrinkage,-5,2024-11-14 08:34:15
7424,8,5,return,36,2024-11-03 04:25:07
7425,1,28,receive,31,2024-11-03 19:37:22
7426,2,93,return,27,2024-01-16 22:04:22
7427,2,5,shrinkage,-40,2024-05-14 23:20:11
7428,9,61,sale,-18,2024-04-25 05:44:07
7429,2,99,receive,41,2024-01-31 20:06:18
7430,4,74,adjustment,47,2024-03-31 05:45:51
7431,1,117,sale,-5,2024-11-09 14:26:06
7432,1,48,receive,37,2024-05-29 16:40:19
7433,9,11,return,48,2024-12-04 09:06:05
7434,7,97,shrinkage,-45,2024-12-02 03:55:03
7435,2,2,adjustment,46,2024-12-17 01:44:38
7436,7,34,sale,-47,2024-02-27 09:51:27
7437,7,108,sale,-7,2024-04-20 02:42:30
7438,3,34,sale,-35,2024-02-25 10:41:46
7439,11,20,return,46,2024-04-17 07:13:28
7440,3,74,return,7,2024-05-25 12:53:04
7441,4,70,return,7,2024-01-17 05:15:56
7442,3,40,receive,39,2024-07-05 19:33:02
7443,6,24,adjustment,2,2024-09-24 18:59:43
7444,7,53,return,45,2024-04-14 14:37:33
7445,12,116,sale,-8,2024-12-08 01:05:27
7446,2,29,receive,40,2024-06-08 05:51:46
7447,4,57,adjustment,19,2024-01-25 06:17:21
7448,11,81,receive,39,2024-10-22 11:42:17
7449,5,23,sale,-33,2024-05-19 02:03:39
7450,3,23,receive,20,2024-10-31 22:37:56
7451,4,30,receive,41,2024-01-03 05:38:26
7452,7,114,sale,-15,2024-01-24 04:59:48
7453,6,4,return,29,2024-07-29 15:43:37
7454,3,61,adjustment,13,2024-04-29 05:49:51
7455,12,45,adjustment,45,2024-11-27 14:28:16
7456,4,94,return,28,2024-09-17 22:34:00
7457,6,19,adjustment,31,2024-10-14 21:23:07
7458,11,86,return,40,2024-08-20 11:29:00
7459,9,67,sale,-22,2024-10-08 02:15:19
7460,12,12,shrinkage,-39,2024-02-18 11:22:45
7461,8,57,sale,-30,2024-11-19 06:37:39
7462,7,52,receive,28,2024-03-05 08:53:44
7463,6,77,sale,-50,2024-06-27 01:04:11
7464,8,21,return,21,2024-06-23 15:24:03
7465,5,34,receive,23,2024-03-22 13:49:19
7466,10,49,adjustment,3,2024-07-23 15:20:04
7467,7,6,return,33,2024-08-19 23:52:55
7468,10,33,receive,41,2024-01-30 15:06:48
7469,9,47,receive,19,2024-10-29 23:12:48
7470,10,55,shrinkage,-30,2024-03-16 13:10:15
7471,7,70,shrinkage,-19,2024-05-02 22:56:05
7472,7,12,shrinkage,-39,2024-09-16 14:43:20
7473,2,96,sale,-19,2024-08-28 10:54:28
7474,12,26,receive,47,2024-05-28 10:26:30
7475,8,48,return,45,2024-01-12 18:36:03
7476,11,27,receive,1,2024-08-25 16:38:21
7477,4,68,shrinkage,-33,2024-03-11 23:48:36
7478,10,47,adjustment,13,2024-06-25 18:42:18
7479,10,120,adjustment,15,2024-10-17 06:19:57
7480,7,97,adjustment,34,2024-08-08 18:00:21
7481,11,67,shrinkage,-50,2024-01-08 20:51:44
7482,2,75,adjustment,11,2024-03-07 22:36:42
7483,4,13,return,9,2024-02-09 23:34:20
7484,2,85,sale,-22,2024-04-03 20:52:40
7485,5,114,receive,18,2024-12-08 12:24:42
7486,5,35,return,1,2024-11-23 18:07:40
7487,8,114,sale,-49,2024-02-04 11:27:19
7488,2,109,receive,12,2024-05-04 00:46:03
7489,10,49,adjustment,29,2024-11-30 03:14:48
7490,10,100,return,27,2024-02-08 01:24:21
7491,2,28,shrinkage,-13,2024-10-04 13:44:48
7492,6,31,receive,5,2024-08-14 01:39:59
7493,4,101,adjustment,14,2024-03-24 03:48:02
7494,10,43,shrinkage,-32,2024-12-30 14:54:20
7495,6,61,adjustment,33,2024-08-21 09:57:31
7496,8,101,adjustment,46,2024-12-05 10:10:52
7497,7,14,sale,-29,2024-11-19 00:16:23
7498,7,47,receive,50,2024-04-09 16:32:13
7499,12,77,sale,-20,2024-10-10 04:31:01
7500,2,1,receive,37,2024-06-08 02:54:28
7501,10,5,receive,18,2024-02-02 23:05:19
7502,9,9,sale,-27,2024-06-07 00:46:41
7503,3,5,adjustment,25,2024-11-17 15:43:01
7504,7,12,receive,11,2024-10-20 22:15:05
7505,1,11,receive,45,2024-06-24 03:39:49
7506,5,47,receive,44,2024-11-02 17:47:42
7507,12,65,shrinkage,-49,2024-08-15 07:56:59
7508,4,34,adjustment,30,2024-03-26 23:46:30
7509,2,8,receive,6,2024-10-10 00:57:32
7510,1,52,receive,1,2024-03-30 18:39:10
7511,1,96,shrinkage,-22,2024-08-14 22:02:18
7512,8,29,adjustment,3,2024-05-31 01:01:46
7513,2,23,return,21,2024-05-22 16:37:55
7514,6,15,shrinkage,-24,2024-12-20 20:29:32
7515,2,29,sale,-11,2024-09-07 19:17:57
7516,3,54,adjustment,22,2024-01-17 14:34:01
7517,10,115,shrinkage,-2,2024-02-17 01:28:02
7518,8,82,receive,41,2024-09-24 15:34:40
7519,6,54,shrinkage,-48,2024-04-24 15:08:14
7520,10,93,receive,18,2024-05-06 13:13:08
7521,8,104,shrinkage,-50,2024-08-02 02:06:35
7522,5,63,receive,17,2024-09-01 19:20:48
7523,4,46,receive,12,2024-01-06 04:55:15
7524,1,36,return,46,2024-11-14 15:34:14
7525,2,41,shrinkage,-12,2024-10-15 10:11:42
7526,9,40,sale,-26,2024-05-08 03:02:40
7527,7,65,return,47,2024-07-31 23:45:12
7528,7,80,adjustment,41,2024-04-09 17:17:53
7529,5,100,sale,-2,2024-02-28 06:28:29
7530,8,66,shrinkage,-7,2024-01-31 08:03:00
7531,8,93,return,22,2024-12-02 01:16:05
7532,7,14,shrinkage,-22,2024-01-25 19:48:38
7533,3,3,return,17,2024-01-15 13:18:58
7534,5,66,sale,-50,2024-05-01 05:59:41
7535,6,82,adjustment,28,2024-12-27 20:33:23
7536,9,17,return,20,2024-01-27 04:09:49
7537,4,99,sale,-5,2024-04-20 06:26:10
7538,11,55,receive,31,2024-07-03 15:37:34
7539,9,109,receive,36,2024-11-22 14:15:59
7540,12,37,sale,-39,2024-09-25 06:49:57
7541,4,79,return,42,2024-06-20 04:51:48
7542,12,71,return,29,2024-06-08 00:45:29
7543,6,1,return,20,2024-07-13 03:36:18
7544,7,64,return,18,2024-09-10 06:01:06
7545,6,28,receive,16,2024-12-20 19:54:13
7546,9,101,adjustment,31,2024-07-21 01:53:23
7547,3,26,adjustment,12,2024-12-24 05:14:39
7548,11,64,shrinkage,-18,2024-10-09 12:35:38
7549,3,82,sale,-31,2024-09-14 02:41:19
7550,5,6,return,41,2024-02-05 02:29:41
7551,8,91,receive,29,2024-05-20 15:19:58
7552,8,84,sale,-11,2024-02-26 19:54:00
7553,9,25,adjustment,8,2024-03-17 16:19:12
7554,9,15,return,12,2024-01-07 05:15:03
7555,11,100,receive,9,2024-07-31 03:54:50
7556,8,85,sale,-44,2024-04-20 12:44:58
7557,12,1,sale,-27,2024-03-10 19:46:30
7558,8,81,return,25,2024-03-01 04:48:31
7559,10,45,sale,-9,2024-10-10 09:01:02
7560,12,38,sale,-39,2024-03-27 03:13:47
7561,3,55,adjustment,17,2024-09-30 11:48:11
7562,6,103,sale,-45,2024-01-20 20:01:21
7563,9,18,adjustment,44,2024-11-10 12:12:01
7564,1,62,return,39,2024-11-24 07:26:12
7565,9,96,receive,29,2024-10-22 02:53:41
7566,11,28,receive,50,2024-02-08 06:42:57
7567,7,4,receive,46,2024-11-22 13:11:58
7568,3,37,receive,49,2024-03-14 14:45:47
7569,7,7,sale,-27,2024-01-04 02:22:33
7570,9,19,adjustment,34,2024-02-13 03:42:25
7571,6,102,adjustment,46,2024-05-19 03:00:58
7572,12,68,return,38,2024-08-06 02:16:36
7573,8,46,return,41,2024-03-02 23:06:20
7574,9,108,receive,3,2024-09-12 06:56:28
7575,12,75,sale,-7,2024-08-26 19:30:00
7576,10,84,sale,-33,2024-08-12 02:34:55
7577,7,29,return,24,2024-03-13 07:15:29
7578,4,12,sale,-16,2024-12-02 15:56:45
7579,6,67,adjustment,12,2024-06-05 03:34:43
7580,9,106,return,2,2024-03-31 20:11:57
7581,9,42,receive,18,2024-04-14 13:41:54
7582,9,49,receive,7,2024-01-19 12:27:00
7583,2,52,sale,-10,2024-08-29 21:31:14
7584,1,1,receive,20,2024-09-20 23:33:35
7585,3,14,shrinkage,-38,2024-09-11 03:49:25
7586,9,81,shrinkage,-14,2024-12-18 18:22:57
7587,10,50,receive,32,2024-03-16 04:54:17
7588,4,15,sale,-24,2024-06-11 19:10:25
7589,12,95,adjustment,5,2024-04-12 17:04:03
7590,3,6,adjustment,9,2024-02-13 16:55:06
7591,5,99,receive,10,2024-04-14 06:51:31
7592,10,76,shrinkage,-35,2024-08-08 12:15:46
7593,4,109,return,44,2024-02-18 21:15:02
7594,2,118,adjustment,8,2024-09-12 06:42:08
7595,2,42,sale,-10,2024-03-17 14:32:46
7596,2,24,shrinkage,-42,2024-11-16 22:55:30
7597,5,12,return,41,2024-12-27 15:39:18
7598,3,59,adjustment,25,2024-05-18 13:36:51
7599,12,87,return,37,2024-11-11 15:20:27
7600,3,47,sale,-49,2024-03-01 02:46:22
7601,5,22,return,18,2024-09-26 20:31:54
7602,8,46,shrinkage,-21,2024-07-02 06:34:18
7603,7,23,return,38,2024-03-09 22:37:02
7604,10,99,shrinkage,-40,2024-06-12 15:28:36
7605,11,14,shrinkage,-30,2024-05-07 08:22:20
7606,3,67,shrinkage,-44,2024-12-07 20:31:53
7607,3,67,receive,29,2024-01-16 11:39:14
7608,3,117,adjustment,9,2024-04-14 08:08:41
7609,6,70,return,9,2024-02-28 01:19:49
7610,5,106,sale,-6,2024-06-16 22:25:02
7611,8,17,receive,36,2024-03-30 06:12:45
7612,12,71,shrinkage,-34,2024-04-26 04:30:16
7613,12,85,adjustment,6,2024-09-15 10:26:48
7614,1,67,adjustment,11,2024-12-08 13:52:29
7615,3,53,return,39,2024-01-31 17:41:02
7616,10,37,receive,48,2024-06-10 10:13:59
7617,7,80,return,9,2024-05-06 19:36:36
7618,1,109,return,22,2024-05-27 13:54:54
7619,11,20,shrinkage,-29,2024-05-10 22:24:36
7620,6,76,sale,-13,2024-08-03 09:55:54
7621,5,15,shrinkage,-45,2024-06-18 01:53:28
7622,3,15,shrinkage,-33,2024-05-14 08:02:26
7623,12,88,receive,22,2024-05-24 20:38:57
7624,11,117,sale,-36,2024-07-18 10:23:52
7625,5,98,adjustment,37,2024-09-11 11:27:08
7626,8,45,sale,-34,2024-04-23 21:06:26
7627,8,28,adjustment,22,2024-08-09 02:45:52
7628,3,64,adjustment,28,2024-01-25 17:18:22
7629,2,118,sale,-7,2024-10-06 04:52:00
7630,8,50,receive,22,2024-10-15 03:43:51
7631,11,89,shrinkage,-48,2024-06-11 04:52:54
7632,6,95,receive,18,2024-10-01 20:37:04
7633,9,118,adjustment,4,2024-12-18 16:06:32
7634,9,58,sale,-34,2024-09-05 05:33:21
7635,5,6,receive,1,2024-06-18 13:58:00
7636,8,94,adjustment,18,2024-12-02 04:05:17
7637,11,86,return,43,2024-04-16 14:47:55
7638,1,46,adjustment,3,2024-12-28 08:27:48
7639,3,110,receive,46,2024-09-16 12:27:44
7640,2,68,adjustment,14,2024-02-29 09:34:27
7641,9,105,return,48,2024-06-03 10:11:36
7642,6,114,shrinkage,-41,2024-01-25 04:21:24
7643,11,118,shrinkage,-4,2024-05-15 23:44:41
7644,11,31,shrinkage,-1,2024-05-15 03:29:33
7645,11,29,return,27,2024-05-08 18:36:40
7646,1,99,sale,-10,2024-04-23 15:58:43
7647,12,4,sale,-2,2024-07-03 09:51:51
7648,1,90,sale,-3,2024-08-03 03:50:37
7649,9,103,return,42,2024-04-16 08:50:19
7650,12,82,sale,-15,2024-12-03 14:42:18
7651,11,40,shrinkage,-39,2024-07-23 09:52:01
7652,4,98,adjustment,42,2024-10-27 13:30:40
7653,7,98,sale,-33,2024-08-16 11:59:26
7654,6,81,adjustment,4,2024-07-19 07:05:36
7655,10,98,adjustment,41,2024-10-04 23:20:58
7656,4,92,adjustment,22,2024-04-23 11:16:07
7657,8,57,return,27,2024-10-17 00:05:07
7658,1,11,receive,42,2024-01-13 17:58:01
7659,9,35,sale,-40,2024-12-04 02:22:13
7660,12,120,shrinkage,-4,2024-11-24 07:06:11
7661,2,55,sale,-23,2024-07-20 05:51:02
7662,8,46,receive,17,2024-06-02 06:36:27
7663,1,7,sale,-21,2024-03-19 15:15:49
7664,1,2,shrinkage,-49,2024-05-20 07:43:38
7665,12,82,shrinkage,-42,2024-04-19 23:50:34
7666,1,31,return,20,2024-08-28 13:24:07
7667,10,93,receive,47,2024-08-09 08:55:22
7668,6,94,return,1,2024-02-14 21:20:10
7669,8,60,return,40,2024-05-19 05:08:59
7670,1,25,return,18,2024-04-08 19:05:12
7671,10,89,sale,-21,2024-12-18 11:14:36
7672,4,93,receive,21,2024-11-01 09:53:52
7673,9,95,receive,13,2024-05-06 05:04:16
7674,6,15,sale,-43,2024-06-09 20:05:31
7675,11,36,receive,2,2024-08-05 17:24:08
7676,10,93,sale,-36,2024-09-12 05:41:49
7677,8,45,return,40,2024-11-04 00:24:55
7678,9,81,adjustment,35,2024-11-23 09:57:20
7679,1,51,adjustment,28,2024-10-26 01:44:52
7680,5,26,receive,28,2024-06-23 14:59:48
7681,4,67,adjustment,21,2024-01-16 15:21:35
7682,3,62,shrinkage,-29,2024-09-06 01:53:04
7683,4,111,adjustment,11,2024-10-23 07:57:45
7684,2,71,return,33,2024-01-28 12:40:48
7685,8,59,return,22,2024-05-03 09:11:00
7686,9,38,shrinkage,-48,2024-12-06 03:54:59
7687,10,16,receive,27,2024-05-27 03:29:57
7688,2,62,sale,-42,2024-04-16 23:12:37
7689,12,97,adjustment,19,2024-03-10 04:44:30
7690,3,104,receive,38,2024-08-21 20:03:27
7691,2,37,sale,-7,2024-05-19 06:50:30
7692,1,87,shrinkage,-29,2024-01-18 21:21:00
7693,8,14,receive,10,2024-09-05 00:13:21
7694,1,98,sale,-42,2024-10-29 19:23:34
7695,4,37,shrinkage,-12,2024-05-21 10:26:41
7696,1,79,adjustment,6,2024-08-01 03:31:54
7697,4,107,receive,15,2024-11-25 22:43:44
7698,9,54,sale,-36,2024-08-13 20:21:50
7699,9,16,shrinkage,-40,2024-10-07 20:24:37
7700,10,78,sale,-11,2024-07-30 09:50:16
7701,5,110,receive,4,2024-11-13 18:45:04
7702,8,66,sale,-27,2024-11-28 10:25:07
7703,11,82,shrinkage,-14,2024-01-29 23:47:50
7704,11,28,sale,-17,2024-10-31 14:27:31
7705,2,117,shrinkage,-7,2024-01-24 01:59:05
7706,11,7,sale,-9,2024-11-27 17:16:02
7707,6,76,receive,27,2024-03-28 05:05:49
7708,4,109,return,22,2024-03-22 22:38:47
7709,12,39,sale,-41,2024-02-12 19:39:26
7710,1,48,return,35,2024-09-27 14:58:57
7711,10,112,receive,5,2024-08-25 09:54:50
7712,9,30,receive,3,2024-12-15 16:50:35
7713,4,7,return,10,2024-10-30 09:08:16
7714,8,3,sale,-17,2024-04-09 07:05:52
7715,12,9,shrinkage,-41,2024-04-16 07:24:08
7716,5,99,receive,46,2024-04-26 16:46:26
7717,4,66,receive,32,2024-12-14 05:34:08
7718,6,46,return,48,2024-10-29 04:47:44
7719,1,43,return,43,2024-08-31 17:54:53
7720,6,72,adjustment,20,2024-04-13 00:51:56
7721,6,19,adjustment,19,2024-06-01 01:11:44
7722,6,4,adjustment,11,2024-10-21 04:52:30
7723,12,27,receive,43,2024-04-06 23:01:14
7724,5,14,shrinkage,-7,2024-09-11 11:50:46
7725,7,20,shrinkage,-33,2024-04-25 16:57:15
7726,5,69,sale,-24,2024-11-30 04:05:52
7727,8,97,return,15,2024-09-27 14:05:02
7728,2,39,shrinkage,-50,2024-11-18 18:33:47
7729,1,68,receive,4,2024-03-03 03:43:10
7730,7,17,sale,-41,2024-03-30 09:21:29
7731,4,19,shrinkage,-27,2024-02-02 03:28:00
7732,10,95,sale,-2,2024-01-04 11:30:50
7733,3,6,adjustment,40,2024-01-04 09:36:36
7734,7,109,return,29,2024-03-21 11:20:17
7735,10,94,return,46,2024-07-24 09:41:48
7736,1,3,shrinkage,-48,2024-12-08 01:12:28
7737,11,13,adjustment,17,2024-04-28 12:17:03
7738,2,94,receive,30,2024-01-17 03:27:46
7739,8,21,sale,-2,2024-12-30 06:29:46
7740,12,70,shrinkage,-19,2024-06-05 11:32:10
7741,7,56,sale,-40,2024-07-18 09:00:36
7742,2,76,shrinkage,-30,2024-07-17 14:34:49
7743,9,25,return,33,2024-09-05 14:00:59
7744,5,25,return,41,2024-02-06 02:04:29
7745,8,56,return,4,2024-04-05 07:40:56
7746,7,3,sale,-39,2024-02-01 03:51:22
7747,10,28,receive,23,2024-09-18 21:33:29
7748,2,20,adjustment,5,2024-08-21 15:50:07
7749,9,10,receive,38,2024-10-26 20:46:08
7750,9,98,return,17,2024-11-05 13:48:28
7751,7,41,sale,-20,2024-09-02 22:18:19
7752,9,72,sale,-28,2024-05-17 13:53:15
7753,3,26,return,14,2024-01-23 12:39:26
7754,5,6,adjustment,15,2024-02-19 10:56:03
7755,6,94,sale,-37,2024-05-23 22:21:05
7756,7,76,receive,1,2024-03-17 01:39:56
7757,6,21,return,47,2024-12-26 14:33:41
7758,11,108,receive,24,2024-04-20 01:11:36
7759,5,59,shrinkage,-46,2024-09-30 17:16:07
7760,10,43,shrinkage,-5,2024-09-28 01:21:09
7761,9,41,receive,8,2024-03-04 13:02:45
7762,1,68,sale,-33,2024-08-11 22:16:04
7763,3,13,receive,27,2024-12-17 00:47:49
7764,4,35,adjustment,1,2024-12-07 17:33:05
7765,2,109,adjustment,50,2024-11-05 01:55:33
7766,6,33,receive,34,2024-04-02 14:03:24
7767,11,82,shrinkage,-18,2024-02-21 08:54:09
7768,10,88,sale,-41,2024-06-11 08:43:35
7769,4,13,adjustment,43,2024-06-06 23:01:51
7770,11,93,receive,37,2024-07-03 18:05:26
7771,4,2,receive,20,2024-09-05 21:54:41
7772,2,13,receive,3,2024-11-12 17:13:35
7773,10,38,shrinkage,-33,2024-08-10 09:15:49
7774,10,1,return,27,2024-07-02 15:37:03
7775,10,116,shrinkage,-22,2024-07-14 21:02:21
7776,7,34,shrinkage,-4,2024-07-12 10:57:25
7777,10,50,receive,35,2024-04-29 22:09:06
7778,12,7,return,12,2024-09-08 06:23:17
7779,2,105,receive,27,2024-10-05 00:53:33
7780,4,28,return,43,2024-01-23 19:45:34
7781,2,56,adjustment,16,2024-03-24 21:52:39
7782,2,30,shrinkage,-14,2024-03-26 13:04:03
7783,8,25,adjustment,5,2024-07-11 08:46:24
7784,10,70,return,17,2024-09-05 10:50:57
7785,9,75,shrinkage,-33,2024-11-11 05:23:52
7786,4,48,shrinkage,-32,2024-04-29 16:27:21
7787,11,35,shrinkage,-22,2024-03-19 02:40:53
7788,2,110,sale,-18,2024-10-23 20:07:25
7789,2,64,return,40,2024-10-19 14:05:19
7790,2,103,adjustment,19,2024-12-17 06:16:28
7791,9,110,shrinkage,-49,2024-06-28 21:20:36
7792,11,4,return,28,2024-09-28 13:04:05
7793,5,94,receive,4,2024-02-14 17:07:37
7794,12,36,shrinkage,-6,2024-03-18 12:26:54
7795,4,63,receive,37,2024-09-03 22:57:07
7796,5,60,sale,-26,2024-02-24 03:10:27
7797,2,111,adjustment,16,2024-01-27 05:50:51
7798,6,60,adjustment,50,2024-06-12 13:29:28
7799,2,46,adjustment,19,2024-12-02 08:37:37
7800,4,45,return,42,2024-02-11 22:44:18
7801,4,49,return,39,2024-04-03 02:04:31
7802,11,3,receive,25,2024-11-07 02:19:36
7803,10,88,return,48,2024-05-24 07:47:00
7804,3,73,adjustment,29,2024-09-08 12:31:04
7805,3,40,sale,-19,2024-09-11 13:24:03
7806,8,111,receive,6,2024-04-30 04:54:39
7807,10,22,adjustment,37,2024-02-08 12:00:05
7808,1,101,sale,-48,2024-05-26 03:31:00
7809,10,109,adjustment,20,2024-12-07 18:28:46
7810,11,109,sale,-33,2024-08-27 23:28:59
7811,1,50,adjustment,37,2024-01-13 16:36:38
7812,5,53,sale,-41,2024-06-17 10:57:53
7813,5,27,receive,17,2024-04-15 23:51:03
7814,12,79,adjustment,49,2024-11-10 09:58:31
7815,10,56,shrinkage,-32,2024-12-26 16:47:31
7816,8,83,receive,21,2024-06-20 07:23:59
7817,7,6,adjustment,32,2024-11-02 20:16:51
7818,11,1,receive,49,2024-10-13 12:11:38
7819,2,23,shrinkage,-2,2024-01-09 11:26:33
7820,3,39,sale,-5,2024-11-27 18:33:14
7821,9,105,receive,3,2024-01-06 21:45:07
7822,10,65,sale,-47,2024-09-06 06:54:01
7823,6,90,sale,-14,2024-05-01 08:24:10
7824,4,52,return,40,2024-10-12 08:07:10
7825,5,58,receive,12,2024-08-06 08:14:27
7826,2,83,adjustment,12,2024-09-15 05:31:25
7827,4,50,return,37,2024-10-08 20:17:57
7828,6,55,adjustment,45,2024-08-30 11:47:11
7829,10,109,adjustment,5,2024-04-18 04:29:01
7830,12,86,adjustment,33,2024-10-19 03:06:56
7831,12,48,adjustment,18,2024-11-04 04:20:17
7832,10,39,return,11,2024-07-20 07:18:49
7833,9,99,sale,-21,2024-10-18 21:52:11
7834,1,114,shrinkage,-50,2024-12-14 18:17:25
7835,4,111,sale,-41,2024-10-07 10:40:45
7836,7,60,shrinkage,-3,2024-09-13 17:34:10
7837,10,20,sale,-30,2024-12-07 19:20:41
7838,4,47,return,35,2024-06-25 09:49:33
7839,10,61,adjustment,10,2024-12-29 22:18:12
7840,10,66,shrinkage,-33,2024-06-21 08:45:47
7841,3,44,adjustment,38,2024-11-28 14:03:35
7842,4,104,adjustment,20,2024-06-09 15:41:18
7843,9,85,adjustment,16,2024-08-13 04:48:25
7844,12,65,return,41,2024-01-15 01:18:56
7845,6,41,sale,-32,2024-03-11 01:57:24
7846,9,48,shrinkage,-14,2024-08-08 16:40:52
7847,4,86,receive,14,2024-04-28 11:39:45
7848,1,32,adjustment,3,2024-07-02 23:07:00
7849,11,26,adjustment,30,2024-01-31 17:42:01
7850,6,119,receive,25,2024-01-29 12:30:15
7851,4,83,shrinkage,-4,2024-10-28 22:47:35
7852,7,119,return,39,2024-01-18 08:17:13
7853,1,97,sale,-33,2024-07-22 13:16:17
7854,11,1,adjustment,13,2024-03-15 03:07:25
7855,9,30,receive,19,2024-01-19 19:26:48
7856,5,64,shrinkage,-20,2024-10-13 20:44:11
7857,2,55,receive,10,2024-03-29 03:37:19
7858,7,48,sale,-35,2024-08-30 11:40:20
7859,4,98,shrinkage,-13,2024-03-29 13:18:00
7860,11,42,adjustment,21,2024-10-15 20:20:55
7861,8,117,return,19,2024-05-23 16:19:16
7862,9,21,return,42,2024-09-07 18:09:22
7863,8,114,return,11,2024-03-27 17:00:38
7864,8,102,adjustment,12,2024-01-12 22:07:49
7865,5,120,sale,-37,2024-03-25 13:30:19
7866,5,43,sale,-2,2024-03-28 09:34:46
7867,10,82,return,7,2024-08-12 11:07:12
7868,5,50,shrinkage,-31,2024-07-22 09:57:41
7869,8,89,receive,16,2024-08-27 09:00:47
7870,6,120,receive,16,2024-09-20 09:24:21
7871,11,67,return,18,2024-03-23 04:26:24
7872,4,55,adjustment,23,2024-12-24 05:23:37
7873,9,82,receive,40,2024-10-04 02:05:06
7874,4,22,receive,39,2024-05-31 07:47:34
7875,7,59,sale,-7,2024-06-14 00:12:31
7876,3,41,adjustment,36,2024-12-28 22:42:18
7877,6,58,shrinkage,-35,2024-04-10 00:29:48
7878,4,39,adjustment,22,2024-08-05 10:30:28
7879,6,1,shrinkage,-4,2024-07-16 14:21:11
7880,11,55,receive,3,2024-05-01 09:33:53
7881,11,60,sale,-27,2024-09-11 00:32:41
7882,12,42,sale,-33,2024-12-16 13:19:19
7883,11,112,return,26,2024-10-02 01:27:34
7884,2,42,shrinkage,-26,2024-05-04 13:43:02
7885,5,30,shrinkage,-8,2024-10-14 05:19:39
7886,1,46,receive,1,2024-06-15 12:56:32
7887,6,54,shrinkage,-35,2024-05-27 02:10:45
7888,11,117,adjustment,16,2024-07-21 15:57:59
7889,11,18,sale,-25,2024-05-09 09:52:56
7890,6,117,shrinkage,-39,2024-11-06 19:40:12
7891,11,92,shrinkage,-14,2024-03-22 15:32:57
7892,2,108,sale,-40,2024-09-08 06:49:09
7893,10,109,sale,-8,2024-12-11 14:22:47
7894,12,46,sale,-16,2024-12-24 23:25:40
7895,1,85,receive,22,2024-12-19 09:15:15
7896,2,55,adjustment,41,2024-05-17 12:02:45
7897,3,105,sale,-19,2024-11-09 18:19:00
7898,4,9,shrinkage,-18,2024-05-26 11:00:07
7899,6,96,adjustment,19,2024-12-15 19:25:51
7900,10,79,shrinkage,-5,2024-06-11 21:36:25
7901,5,88,shrinkage,-20,2024-11-17 02:32:59
7902,7,119,sale,-18,2024-10-16 05:34:05
7903,4,90,receive,19,2024-12-07 21:13:44
7904,4,43,adjustment,1,2024-04-03 06:14:03
7905,5,10,receive,18,2024-06-15 20:46:09
7906,3,46,shrinkage,-22,2024-10-18 20:18:44
7907,5,14,sale,-33,2024-01-11 08:43:53
7908,11,78,return,40,2024-03-17 09:10:33
7909,1,44,return,14,2024-04-17 07:44:34
7910,1,84,receive,38,2024-04-28 14:04:06
7911,7,59,return,34,2024-01-07 03:43:15
7912,5,14,receive,20,2024-05-03 16:19:23
7913,8,48,sale,-15,2024-08-18 01:53:10
7914,6,87,receive,23,2024-09-05 21:45:54
7915,8,35,adjustment,2,2024-06-10 11:40:00
7916,8,114,shrinkage,-2,2024-11-26 14:58:12
7917,9,25,receive,12,2024-04-09 15:43:14
7918,7,119,return,13,2024-10-14 01:53:04
7919,1,63,sale,-48,2024-11-16 01:25:59
7920,3,76,shrinkage,-24,2024-05-10 08:05:26
7921,3,9,return,29,2024-03-07 16:34:55
7922,12,30,receive,17,2024-08-04 16:45:28
7923,9,75,adjustment,41,2024-05-10 23:14:16
7924,6,110,return,37,2024-06-10 04:51:36
7925,9,34,receive,13,2024-08-03 04:09:41
7926,10,92,sale,-34,2024-07-31 10:04:18
7927,9,60,return,25,2024-12-16 03:36:46
7928,10,91,shrinkage,-40,2024-01-06 17:07:50
7929,9,95,return,50,2024-11-04 11:13:04
7930,12,51,shrinkage,-9,2024-01-20 15:58:27
7931,3,69,sale,-22,2024-02-21 21:14:37
7932,9,58,adjustment,43,2024-07-05 17:00:50
7933,6,49,adjustment,31,2024-03-25 03:42:17
7934,11,13,return,41,2024-11-09 02:32:24
7935,9,93,return,8,2024-06-30 00:12:33
7936,2,109,return,30,2024-08-26 12:38:02
7937,7,72,return,6,2024-08-20 04:18:56
7938,12,92,shrinkage,-1,2024-06-29 21:53:14
7939,7,92,return,8,2024-05-25 09:42:34
7940,3,4,sale,-22,2024-01-13 15:07:08
7941,9,29,adjustment,34,2024-06-08 00:11:44
7942,1,56,adjustment,34,2024-04-15 14:08:00
7943,5,76,adjustment,17,2024-02-03 06:28:23
7944,2,104,sale,-24,2024-09-13 02:16:02
7945,9,81,shrinkage,-11,2024-12-07 07:39:59
7946,11,62,receive,2,2024-09-07 15:34:01
7947,7,77,shrinkage,-10,2024-02-03 14:28:08
7948,10,20,shrinkage,-4,2024-02-29 00:47:06
7949,5,41,receive,29,2024-05-28 05:45:59
7950,3,38,shrinkage,-26,2024-04-15 02:00:44
7951,5,74,shrinkage,-35,2024-02-11 02:37:40
7952,6,76,return,7,2024-09-04 07:48:26
7953,8,62,return,16,2024-04-20 20:15:43
7954,1,19,receive,40,2024-07-10 05:30:39
7955,1,113,sale,-2,2024-06-10 03:07:44
7956,4,115,return,34,2024-03-19 22:09:43
7957,3,29,return,33,2024-06-13 14:04:56
7958,4,34,receive,24,2024-10-28 06:38:13
7959,3,13,sale,-36,2024-10-12 15:18:23
7960,7,62,return,7,2024-09-06 11:16:26
7961,8,110,receive,17,2024-04-27 20:53:41
7962,9,46,shrinkage,-1,2024-11-01 07:32:02
7963,8,9,sale,-36,2024-04-07 02:48:42
7964,6,103,adjustment,34,2024-04-19 05:21:40
7965,6,71,adjustment,6,2024-06-16 00:42:15
7966,3,119,return,33,2024-04-16 11:55:03
7967,4,102,shrinkage,-33,2024-12-11 23:15:39
7968,10,99,sale,-47,2024-03-31 02:52:37
7969,12,6,return,19,2024-08-07 09:17:31
7970,12,70,receive,47,2024-07-21 20:37:41
7971,12,79,return,34,2024-02-13 17:42:36
7972,3,28,shrinkage,-44,2024-08-30 17:25:37
7973,11,51,adjustment,15,2024-08-18 11:22:23
7974,8,77,adjustment,2,2024-01-11 07:21:37
7975,9,54,receive,42,2024-07-07 23:42:42
7976,9,5,return,37,2024-08-14 00:37:35
7977,1,28,sale,-11,2024-10-13 01:11:25
7978,12,88,adjustment,13,2024-02-09 20:24:27
7979,3,102,return,42,2024-02-10 02:27:34
7980,11,98,adjustment,29,2024-06-14 00:36:18
7981,10,68,sale,-43,2024-06-06 23:02:22
7982,8,86,receive,16,2024-08-11 21:48:06
7983,1,115,shrinkage,-36,2024-05-19 23:09:45
7984,11,8,shrinkage,-21,2024-04-10 02:15:22
7985,3,36,receive,8,2024-12-01 23:57:09
7986,3,100,shrinkage,-12,2024-07-06 03:43:12
7987,4,12,return,19,2024-02-27 22:44:51
7988,2,108,sale,-23,2024-07-19 03:11:19
7989,9,60,receive,26,2024-05-05 14:49:18
7990,8,101,receive,12,2024-09-17 23:04:09
7991,5,35,return,10,2024-01-22 20:04:51
7992,10,68,receive,19,2024-07-19 10:21:19
7993,2,71,return,19,2024-07-27 13:47:25
7994,1,84,return,44,2024-01-05 10:17:08
7995,1,116,shrinkage,-34,2024-05-10 14:23:37
7996,2,56,shrinkage,-24,2024-01-06 22:22:22
7997,6,18,shrinkage,-16,2024-05-09 02:46:43
7998,5,16,receive,30,2024-12-13 06:26:51
7999,4,58,sale,-4,2024-07-24 04:43:18
8000,9,17,sale,-23,2024-06-22 15:36:18
